id,state_id,name,normalized_name,latitude,longitude,source_type,verification_status,notes
1,1,Bamboo Flat,bamboo flat,11.7126318,92.7163855,public_dataset,reviewed,Canonical city row derived from supplied city/coordinate tables; aliases normalized conservatively.
2,1,Nicobar,nicobar,7.0000167,93.8110528,public_dataset,reviewed,Canonical city row derived from supplied city/coordinate tables; aliases normalized conservatively.
3,1,Port Blair,port blair,11.6645348,92.7390448,public_dataset,reviewed,Canonical city row derived from supplied city/coordinate tables; aliases normalized conservatively.
4,1,South Andaman,south andaman,10.7056905,92.4874679,public_dataset,reviewed,Canonical city row derived from supplied city/coordinate tables; aliases normalized conservatively.
5,2,Addanki,addanki,15.8110285,79.9737896,public_dataset,reviewed,Canonical city row derived from supplied city/coordinate tables; aliases normalized conservatively.
6,2,Adoni,adoni,15.6261417,77.2723701,public_dataset,reviewed,Canonical city row derived from supplied city/coordinate tables; aliases normalized conservatively.
7,2,Akasahebpet,akasahebpet,,,public_dataset,reviewed,Canonical city row derived from supplied city/coordinate tables; aliases normalized conservatively.
8,2,Akividu,akividu,16.5820520,81.3732748,public_dataset,reviewed,Canonical city row derived from supplied city/coordinate tables; aliases normalized conservatively.
9,2,Akkarampalle,akkarampalle,13.6434265,79.4356125,public_dataset,reviewed,Canonical city row derived from supplied city/coordinate tables; aliases normalized conservatively.
10,2,Amalapuram,amalapuram,16.5777179,82.0032621,public_dataset,reviewed,Canonical city row derived from supplied city/coordinate tables; aliases normalized conservatively.
11,2,Amudalavalasa,amudalavalasa,18.5512961,83.7216345,public_dataset,reviewed,Canonical city row derived from supplied city/coordinate tables; aliases normalized conservatively.
12,2,Anakapalle,anakapalle,17.6889700,83.0034760,public_dataset,reviewed,Canonical city row derived from supplied city/coordinate tables; aliases normalized conservatively.
13,2,Anantapur,anantapur,14.6783221,77.6065039,public_dataset,reviewed,Canonical city row derived from supplied city/coordinate tables; aliases normalized conservatively.
14,2,Atmakur,atmakur,14.6691760,79.5743613,public_dataset,reviewed,Canonical city row derived from supplied city/coordinate tables; aliases normalized conservatively.
15,2,Attili,attili,16.6716486,81.6013033,public_dataset,reviewed,Canonical city row derived from supplied city/coordinate tables; aliases normalized conservatively.
16,2,Avanigadda,avanigadda,16.0193432,80.9150772,public_dataset,reviewed,Canonical city row derived from supplied city/coordinate tables; aliases normalized conservatively.
17,2,Badvel,badvel,14.7433614,79.0610394,public_dataset,reviewed,Canonical city row derived from supplied city/coordinate tables; aliases normalized conservatively.
18,2,Banganapalle,banganapalle,15.3205734,78.2249880,public_dataset,reviewed,Canonical city row derived from supplied city/coordinate tables; aliases normalized conservatively.
19,2,Bapatla,bapatla,15.9344304,80.4505522,public_dataset,reviewed,Canonical city row derived from supplied city/coordinate tables; aliases normalized conservatively.
20,2,Betamcherla,betamcherla,15.4493677,78.1484537,public_dataset,reviewed,Canonical city row derived from supplied city/coordinate tables; aliases normalized conservatively.
21,2,Bhattiprolu,bhattiprolu,16.1058382,80.7881223,public_dataset,reviewed,Canonical city row derived from supplied city/coordinate tables; aliases normalized conservatively.
22,2,Bhimavaram,bhimavaram,16.4818104,81.5329358,public_dataset,reviewed,Canonical city row derived from supplied city/coordinate tables; aliases normalized conservatively.
23,2,Bhimunipatnam,bhimunipatnam,17.8907979,83.4557924,public_dataset,reviewed,Canonical city row derived from supplied city/coordinate tables; aliases normalized conservatively.
24,2,Bobbili,bobbili,18.5748202,83.3522594,public_dataset,reviewed,Canonical city row derived from supplied city/coordinate tables; aliases normalized conservatively.
25,2,Challapalle,challapalle,16.1167972,80.9301805,public_dataset,reviewed,Canonical city row derived from supplied city/coordinate tables; aliases normalized conservatively.
26,2,Chemmumiahpet,chemmumiahpet,,,public_dataset,reviewed,Canonical city row derived from supplied city/coordinate tables; aliases normalized conservatively.
27,2,Chilakalurupet,chilakalurupet,,,public_dataset,reviewed,Canonical city row derived from supplied city/coordinate tables; aliases normalized conservatively.
28,2,Chinnachowk,chinnachowk,14.4727602,78.8598884,public_dataset,reviewed,Canonical city row derived from supplied city/coordinate tables; aliases normalized conservatively.
29,2,Chipurupalle,chipurupalle,18.3140141,83.5679966,public_dataset,reviewed,Canonical city row derived from supplied city/coordinate tables; aliases normalized conservatively.
30,2,Chirala,chirala,15.8309139,80.3543618,public_dataset,reviewed,Canonical city row derived from supplied city/coordinate tables; aliases normalized conservatively.
31,2,Chittoor,chittoor,13.3250360,79.6480611,public_dataset,reviewed,Canonical city row derived from supplied city/coordinate tables; aliases normalized conservatively.
32,2,Chodavaram,chodavaram,17.8296788,82.9344845,public_dataset,reviewed,Canonical city row derived from supplied city/coordinate tables; aliases normalized conservatively.
33,2,Cuddapah,cuddapah,14.4956602,78.8349278,public_dataset,reviewed,Canonical city row derived from supplied city/coordinate tables; aliases normalized conservatively.
34,2,Cumbum,cumbum,9.7394057,77.2853013,public_dataset,reviewed,Canonical city row derived from supplied city/coordinate tables; aliases normalized conservatively.
35,2,Darsi,darsi,15.7694505,79.6776541,public_dataset,reviewed,Canonical city row derived from supplied city/coordinate tables; aliases normalized conservatively.
36,2,Dharmavaram,dharmavaram,14.4138405,77.7208432,public_dataset,reviewed,Canonical city row derived from supplied city/coordinate tables; aliases normalized conservatively.
37,2,Dhone,dhone,15.3969719,77.8718482,public_dataset,reviewed,Canonical city row derived from supplied city/coordinate tables; aliases normalized conservatively.
38,2,Diguvametta,diguvametta,15.3950801,78.8289266,public_dataset,reviewed,Canonical city row derived from supplied city/coordinate tables; aliases normalized conservatively.
39,2,East Godavari,east godavari,16.9956639,81.7154378,public_dataset,reviewed,Canonical city row derived from supplied city/coordinate tables; aliases normalized conservatively.
40,2,Elamanchili,elamanchili,17.5523869,82.8522034,public_dataset,reviewed,Canonical city row derived from supplied city/coordinate tables; aliases normalized conservatively.
41,2,Ellore,ellore,13.9121391,80.1111800,public_dataset,reviewed,Canonical city row derived from supplied city/coordinate tables; aliases normalized conservatively.
42,2,Emmiganur,emmiganur,15.7559839,77.4717731,public_dataset,reviewed,Canonical city row derived from supplied city/coordinate tables; aliases normalized conservatively.
43,2,Erraguntla,erraguntla,15.1943179,79.0374469,public_dataset,reviewed,Canonical city row derived from supplied city/coordinate tables; aliases normalized conservatively.
44,2,Etikoppaka,etikoppaka,,,public_dataset,reviewed,Canonical city row derived from supplied city/coordinate tables; aliases normalized conservatively.
45,2,Gajuwaka,gajuwaka,17.6813983,83.2130062,public_dataset,reviewed,Canonical city row derived from supplied city/coordinate tables; aliases normalized conservatively.
46,2,Ganguvada,ganguvada,18.7778695,84.3814705,public_dataset,reviewed,Canonical city row derived from supplied city/coordinate tables; aliases normalized conservatively.
47,2,Gannavaram,gannavaram,16.5561295,80.7961511,public_dataset,reviewed,Canonical city row derived from supplied city/coordinate tables; aliases normalized conservatively.
48,2,Giddalur,giddalur,15.3784042,78.9265231,public_dataset,reviewed,Canonical city row derived from supplied city/coordinate tables; aliases normalized conservatively.
49,2,Gokavaram,gokavaram,17.2533675,81.8850966,public_dataset,reviewed,Canonical city row derived from supplied city/coordinate tables; aliases normalized conservatively.
50,2,Gorantla,gorantla,13.9950176,77.7798757,public_dataset,reviewed,Canonical city row derived from supplied city/coordinate tables; aliases normalized conservatively.
51,2,"Govindapuram,Chilakaluripet,Guntur",govindapuram chilakaluripet guntur,,,public_dataset,reviewed,Canonical city row derived from supplied city/coordinate tables; aliases normalized conservatively.
52,2,Gudivada,gudivada,16.4330413,80.9936856,public_dataset,reviewed,Canonical city row derived from supplied city/coordinate tables; aliases normalized conservatively.
53,2,Gudlavalleru,gudlavalleru,16.3476368,81.0533583,public_dataset,reviewed,Canonical city row derived from supplied city/coordinate tables; aliases normalized conservatively.
54,2,Gudur,gudur,17.4918219,78.8235393,public_dataset,reviewed,Canonical city row derived from supplied city/coordinate tables; aliases normalized conservatively.
55,2,Guntakal Junction,guntakal junction,15.1737125,77.3698642,public_dataset,reviewed,Canonical city row derived from supplied city/coordinate tables; aliases normalized conservatively.
56,2,Guntur,guntur,16.2915189,80.4541588,public_dataset,reviewed,Canonical city row derived from supplied city/coordinate tables; aliases normalized conservatively.
57,2,Hindupur,hindupur,13.8306127,77.4926350,public_dataset,reviewed,Canonical city row derived from supplied city/coordinate tables; aliases normalized conservatively.
58,2,Ichchapuram,ichchapuram,19.1127045,84.6887188,public_dataset,reviewed,Canonical city row derived from supplied city/coordinate tables; aliases normalized conservatively.
59,2,Jaggayyapeta,jaggayyapeta,16.8930111,80.0986460,public_dataset,reviewed,Canonical city row derived from supplied city/coordinate tables; aliases normalized conservatively.
60,2,Jammalamadugu,jammalamadugu,14.8473457,78.3821720,public_dataset,reviewed,Canonical city row derived from supplied city/coordinate tables; aliases normalized conservatively.
61,2,Kadiri,kadiri,14.1082305,78.1610690,public_dataset,reviewed,Canonical city row derived from supplied city/coordinate tables; aliases normalized conservatively.
62,2,Kaikalur,kaikalur,,,public_dataset,reviewed,Canonical city row derived from supplied city/coordinate tables; aliases normalized conservatively.
63,2,Kakinada,kakinada,16.9437385,82.2350607,public_dataset,reviewed,Canonical city row derived from supplied city/coordinate tables; aliases normalized conservatively.
64,2,Kalyandurg,kalyandurg,14.5410188,77.2157886,public_dataset,reviewed,Canonical city row derived from supplied city/coordinate tables; aliases normalized conservatively.
65,2,Kamalapuram,kamalapuram,14.5962938,78.6704194,public_dataset,reviewed,Canonical city row derived from supplied city/coordinate tables; aliases normalized conservatively.
66,2,Kandukur,kandukur,15.2130000,79.9071000,public_dataset,reviewed,Canonical city row derived from supplied city/coordinate tables; aliases normalized conservatively.
67,2,Kanigiri,kanigiri,15.4066776,79.5066808,public_dataset,reviewed,Canonical city row derived from supplied city/coordinate tables; aliases normalized conservatively.
68,2,Kankipadu,kankipadu,16.4387050,80.7647019,public_dataset,reviewed,Canonical city row derived from supplied city/coordinate tables; aliases normalized conservatively.
69,2,Kanuru,kanuru,16.3034636,81.2602537,public_dataset,reviewed,Canonical city row derived from supplied city/coordinate tables; aliases normalized conservatively.
70,2,Kavali,kavali,14.9135846,79.9926902,public_dataset,reviewed,Canonical city row derived from supplied city/coordinate tables; aliases normalized conservatively.
71,2,Kolanukonda,kolanukonda,16.4484223,80.6045121,public_dataset,reviewed,Canonical city row derived from supplied city/coordinate tables; aliases normalized conservatively.
72,2,Kondapalle,kondapalle,17.6887394,81.4365891,public_dataset,reviewed,Canonical city row derived from supplied city/coordinate tables; aliases normalized conservatively.
73,2,Korukollu,korukollu,16.6230135,81.5767777,public_dataset,reviewed,Canonical city row derived from supplied city/coordinate tables; aliases normalized conservatively.
74,2,Kosigi,kosigi,15.8839604,77.2372940,public_dataset,reviewed,Canonical city row derived from supplied city/coordinate tables; aliases normalized conservatively.
75,2,Kovvur,kovvur,17.0159320,81.7109188,public_dataset,reviewed,Canonical city row derived from supplied city/coordinate tables; aliases normalized conservatively.
76,2,Krishna,krishna,16.2135466,81.0277844,public_dataset,reviewed,Canonical city row derived from supplied city/coordinate tables; aliases normalized conservatively.
77,2,Kuppam,kuppam,12.7452259,78.3443310,public_dataset,reviewed,Canonical city row derived from supplied city/coordinate tables; aliases normalized conservatively.
78,2,Kurnool,kurnool,15.8309251,78.0425373,public_dataset,reviewed,Canonical city row derived from supplied city/coordinate tables; aliases normalized conservatively.
79,2,Macherla,macherla,16.4764279,79.4366404,public_dataset,reviewed,Canonical city row derived from supplied city/coordinate tables; aliases normalized conservatively.
80,2,Machilipatnam,machilipatnam,16.1817369,81.1348181,public_dataset,reviewed,Canonical city row derived from supplied city/coordinate tables; aliases normalized conservatively.
81,2,Madanapalle,madanapalle,13.5558240,78.5014943,public_dataset,reviewed,Canonical city row derived from supplied city/coordinate tables; aliases normalized conservatively.
82,2,Madugula,madugula,17.9155283,82.8145453,public_dataset,reviewed,Canonical city row derived from supplied city/coordinate tables; aliases normalized conservatively.
83,2,Mandapeta,mandapeta,16.8634704,81.9300945,public_dataset,reviewed,Canonical city row derived from supplied city/coordinate tables; aliases normalized conservatively.
84,2,Mandasa,mandasa,18.8689665,84.4632615,public_dataset,reviewed,Canonical city row derived from supplied city/coordinate tables; aliases normalized conservatively.
85,2,Mangalagiri,mangalagiri,16.4318209,80.5688069,public_dataset,reviewed,Canonical city row derived from supplied city/coordinate tables; aliases normalized conservatively.
86,2,Markapur,markapur,15.7406698,79.2698502,public_dataset,reviewed,Canonical city row derived from supplied city/coordinate tables; aliases normalized conservatively.
87,2,Nagari,nagari,13.3206306,79.5852938,public_dataset,reviewed,Canonical city row derived from supplied city/coordinate tables; aliases normalized conservatively.
88,2,Nagireddipalli,nagireddipalli,13.3597047,79.1042232,public_dataset,reviewed,Canonical city row derived from supplied city/coordinate tables; aliases normalized conservatively.
89,2,Nandigama,nandigama,16.7734733,80.2855279,public_dataset,reviewed,Canonical city row derived from supplied city/coordinate tables; aliases normalized conservatively.
90,2,Nandikotkur,nandikotkur,15.8562000,78.2700000,public_dataset,reviewed,Canonical city row derived from supplied city/coordinate tables; aliases normalized conservatively.
91,2,Nandyal,nandyal,15.4736293,78.4806592,public_dataset,reviewed,Canonical city row derived from supplied city/coordinate tables; aliases normalized conservatively.
92,2,Narasannapeta,narasannapeta,18.4150974,84.0446974,public_dataset,reviewed,Canonical city row derived from supplied city/coordinate tables; aliases normalized conservatively.
93,2,Narasapur,narasapur,16.4386399,81.7014603,public_dataset,reviewed,Canonical city row derived from supplied city/coordinate tables; aliases normalized conservatively.
94,2,Narasaraopet,narasaraopet,16.2389242,80.0472879,public_dataset,reviewed,Canonical city row derived from supplied city/coordinate tables; aliases normalized conservatively.
95,2,Narasingapuram,narasingapuram,13.6040507,79.3664093,public_dataset,reviewed,Canonical city row derived from supplied city/coordinate tables; aliases normalized conservatively.
96,2,Narayanavanam,narayanavanam,13.4626898,79.6269153,public_dataset,reviewed,Canonical city row derived from supplied city/coordinate tables; aliases normalized conservatively.
97,2,Narsipatnam,narsipatnam,17.6711811,82.6124371,public_dataset,reviewed,Canonical city row derived from supplied city/coordinate tables; aliases normalized conservatively.
98,2,Nayudupet,nayudupet,15.5247591,79.4103572,public_dataset,reviewed,Canonical city row derived from supplied city/coordinate tables; aliases normalized conservatively.
99,2,Nellore,nellore,14.4493717,79.9873763,public_dataset,reviewed,Canonical city row derived from supplied city/coordinate tables; aliases normalized conservatively.
100,2,Nidadavole,nidadavole,16.9051311,81.6540622,public_dataset,reviewed,Canonical city row derived from supplied city/coordinate tables; aliases normalized conservatively.
101,2,Nuzvid,nuzvid,16.7907012,80.8476103,public_dataset,reviewed,Canonical city row derived from supplied city/coordinate tables; aliases normalized conservatively.
102,2,Ongole,ongole,15.5058714,80.0499454,public_dataset,reviewed,Canonical city row derived from supplied city/coordinate tables; aliases normalized conservatively.
103,2,Pakala,pakala,13.4490487,79.1148903,public_dataset,reviewed,Canonical city row derived from supplied city/coordinate tables; aliases normalized conservatively.
104,2,Palakollu,palakollu,16.5179946,81.7253264,public_dataset,reviewed,Canonical city row derived from supplied city/coordinate tables; aliases normalized conservatively.
105,2,Palasa,palasa,18.7719133,84.4096945,public_dataset,reviewed,Canonical city row derived from supplied city/coordinate tables; aliases normalized conservatively.
106,2,Palkonda,palkonda,,,public_dataset,reviewed,Canonical city row derived from supplied city/coordinate tables; aliases normalized conservatively.
107,2,Pallevada,pallevada,16.5786166,81.2951052,public_dataset,reviewed,Canonical city row derived from supplied city/coordinate tables; aliases normalized conservatively.
108,2,Palmaner,palmaner,,,public_dataset,reviewed,Canonical city row derived from supplied city/coordinate tables; aliases normalized conservatively.
109,2,Parlakimidi,parlakimidi,,,public_dataset,reviewed,Canonical city row derived from supplied city/coordinate tables; aliases normalized conservatively.
110,2,Parvatipuram,parvatipuram,18.7699030,83.4271570,public_dataset,reviewed,Canonical city row derived from supplied city/coordinate tables; aliases normalized conservatively.
111,2,Pavuluru,pavuluru,15.8512845,80.1647413,public_dataset,reviewed,Canonical city row derived from supplied city/coordinate tables; aliases normalized conservatively.
112,2,Pedana,pedana,16.2608449,81.1522283,public_dataset,reviewed,Canonical city row derived from supplied city/coordinate tables; aliases normalized conservatively.
113,2,Peddapuram,peddapuram,17.0756736,82.1433164,public_dataset,reviewed,Canonical city row derived from supplied city/coordinate tables; aliases normalized conservatively.
114,2,Penugonda,penugonda,16.6539593,81.7446020,public_dataset,reviewed,Canonical city row derived from supplied city/coordinate tables; aliases normalized conservatively.
115,2,Penukonda,penukonda,14.0846808,77.5966537,public_dataset,reviewed,Canonical city row derived from supplied city/coordinate tables; aliases normalized conservatively.
116,2,Phirangipuram,phirangipuram,16.2923128,80.2618841,public_dataset,reviewed,Canonical city row derived from supplied city/coordinate tables; aliases normalized conservatively.
117,2,Pippara,pippara,16.7132465,81.5464974,public_dataset,reviewed,Canonical city row derived from supplied city/coordinate tables; aliases normalized conservatively.
118,2,Pithapuram,pithapuram,17.1133426,82.2543331,public_dataset,reviewed,Canonical city row derived from supplied city/coordinate tables; aliases normalized conservatively.
119,2,Polavaram,polavaram,17.6184957,81.6331211,public_dataset,reviewed,Canonical city row derived from supplied city/coordinate tables; aliases normalized conservatively.
120,2,Ponnur,ponnur,16.0811457,80.5369917,public_dataset,reviewed,Canonical city row derived from supplied city/coordinate tables; aliases normalized conservatively.
121,2,Ponnuru,ponnuru,16.0683776,80.5522462,public_dataset,reviewed,Canonical city row derived from supplied city/coordinate tables; aliases normalized conservatively.
122,2,Prakasam,prakasam,15.5641955,80.0066786,public_dataset,reviewed,Canonical city row derived from supplied city/coordinate tables; aliases normalized conservatively.
123,2,Proddatur,proddatur,14.7555953,78.5501531,public_dataset,reviewed,Canonical city row derived from supplied city/coordinate tables; aliases normalized conservatively.
124,2,Pulivendla,pulivendla,14.4080591,78.1979321,public_dataset,reviewed,Canonical city row derived from supplied city/coordinate tables; aliases normalized conservatively.
125,2,Punganuru,punganuru,13.3640531,78.5730478,public_dataset,reviewed,Canonical city row derived from supplied city/coordinate tables; aliases normalized conservatively.
126,2,Puttaparthi,puttaparthi,14.1636778,77.8124982,public_dataset,reviewed,Canonical city row derived from supplied city/coordinate tables; aliases normalized conservatively.
127,2,Puttur,puttur,12.7632858,75.2018421,public_dataset,reviewed,Canonical city row derived from supplied city/coordinate tables; aliases normalized conservatively.
128,2,Rajahmundry,rajahmundry,17.0050454,81.7804732,public_dataset,reviewed,Canonical city row derived from supplied city/coordinate tables; aliases normalized conservatively.
129,2,Ramachandrapuram,ramachandrapuram,16.8185549,82.0641497,public_dataset,reviewed,Canonical city row derived from supplied city/coordinate tables; aliases normalized conservatively.
130,2,Ramanayyapeta,ramanayyapeta,17.3201351,82.1009338,public_dataset,reviewed,Canonical city row derived from supplied city/coordinate tables; aliases normalized conservatively.
131,2,Ramapuram,ramapuram,14.2008733,78.7754531,public_dataset,reviewed,Canonical city row derived from supplied city/coordinate tables; aliases normalized conservatively.
132,2,Rampachodavaram,rampachodavaram,17.4398280,81.7752354,public_dataset,reviewed,Canonical city row derived from supplied city/coordinate tables; aliases normalized conservatively.
133,2,Rayachoti,rayachoti,15.9046534,77.6199009,public_dataset,reviewed,Canonical city row derived from supplied city/coordinate tables; aliases normalized conservatively.
134,2,Rayadrug,rayadrug,,,public_dataset,reviewed,Canonical city row derived from supplied city/coordinate tables; aliases normalized conservatively.
135,2,Razam,razam,18.4490674,83.6594204,public_dataset,reviewed,Canonical city row derived from supplied city/coordinate tables; aliases normalized conservatively.
136,2,Razampeta,razampeta,14.1856468,79.1523043,public_dataset,reviewed,Canonical city row derived from supplied city/coordinate tables; aliases normalized conservatively.
137,2,Razole,razole,16.4763891,81.8390689,public_dataset,reviewed,Canonical city row derived from supplied city/coordinate tables; aliases normalized conservatively.
138,2,Renigunta,renigunta,13.6384508,79.5105191,public_dataset,reviewed,Canonical city row derived from supplied city/coordinate tables; aliases normalized conservatively.
139,2,Repalle,repalle,16.0192816,80.8314567,public_dataset,reviewed,Canonical city row derived from supplied city/coordinate tables; aliases normalized conservatively.
140,2,Salur,salur,18.5175530,83.2050385,public_dataset,reviewed,Canonical city row derived from supplied city/coordinate tables; aliases normalized conservatively.
141,2,Samalkot,samalkot,17.0453164,82.1689895,public_dataset,reviewed,Canonical city row derived from supplied city/coordinate tables; aliases normalized conservatively.
142,2,Sattenapalle,sattenapalle,16.3925393,80.1489341,public_dataset,reviewed,Canonical city row derived from supplied city/coordinate tables; aliases normalized conservatively.
143,2,Singarayakonda,singarayakonda,15.2507433,80.0212811,public_dataset,reviewed,Canonical city row derived from supplied city/coordinate tables; aliases normalized conservatively.
144,2,Sompeta,sompeta,18.9424871,84.5839641,public_dataset,reviewed,Canonical city row derived from supplied city/coordinate tables; aliases normalized conservatively.
145,2,Srikakulam,srikakulam,18.2949307,83.8938844,public_dataset,reviewed,Canonical city row derived from supplied city/coordinate tables; aliases normalized conservatively.
146,2,Srisailain,srisailain,,,public_dataset,reviewed,Canonical city row derived from supplied city/coordinate tables; aliases normalized conservatively.
147,2,Suluru,suluru,,,public_dataset,reviewed,Canonical city row derived from supplied city/coordinate tables; aliases normalized conservatively.
148,2,Tadepalle,tadepalle,16.4791081,80.6183400,public_dataset,reviewed,Canonical city row derived from supplied city/coordinate tables; aliases normalized conservatively.
149,2,Tadepallegudem,tadepallegudem,16.8165294,81.5296984,public_dataset,reviewed,Canonical city row derived from supplied city/coordinate tables; aliases normalized conservatively.
150,2,Tadpatri,tadpatri,14.9393455,78.0280871,public_dataset,reviewed,Canonical city row derived from supplied city/coordinate tables; aliases normalized conservatively.
151,2,Tanuku,tanuku,16.7529179,81.6760463,public_dataset,reviewed,Canonical city row derived from supplied city/coordinate tables; aliases normalized conservatively.
152,2,Tekkali,tekkali,18.6084345,84.2310948,public_dataset,reviewed,Canonical city row derived from supplied city/coordinate tables; aliases normalized conservatively.
153,2,Tirumala,tirumala,13.6868214,79.3524064,public_dataset,reviewed,Canonical city row derived from supplied city/coordinate tables; aliases normalized conservatively.
154,2,Tirupati,tirupati,13.6316368,79.4231711,public_dataset,reviewed,Canonical city row derived from supplied city/coordinate tables; aliases normalized conservatively.
155,2,Tuni,tuni,17.3614675,82.5467956,public_dataset,reviewed,Canonical city row derived from supplied city/coordinate tables; aliases normalized conservatively.
156,2,Uravakonda,uravakonda,14.9467802,77.2577907,public_dataset,reviewed,Canonical city row derived from supplied city/coordinate tables; aliases normalized conservatively.
157,2,Vadlapudi,vadlapudi,17.6933158,83.1876013,public_dataset,reviewed,Canonical city row derived from supplied city/coordinate tables; aliases normalized conservatively.
158,2,Venkatagiri,venkatagiri,13.9575820,79.5809332,public_dataset,reviewed,Canonical city row derived from supplied city/coordinate tables; aliases normalized conservatively.
159,2,Vepagunta,vepagunta,17.7744273,83.2153678,public_dataset,reviewed,Canonical city row derived from supplied city/coordinate tables; aliases normalized conservatively.
160,2,Vetapalem,vetapalem,15.7831479,80.3006751,public_dataset,reviewed,Canonical city row derived from supplied city/coordinate tables; aliases normalized conservatively.
161,2,Vijayawada,vijayawada,16.5115306,80.6160469,public_dataset,reviewed,Canonical city row derived from supplied city/coordinate tables; aliases normalized conservatively.
162,2,Vinukonda,vinukonda,16.0522252,79.7421271,public_dataset,reviewed,Canonical city row derived from supplied city/coordinate tables; aliases normalized conservatively.
163,2,Visakhapatnam,visakhapatnam,17.6935526,83.2921297,public_dataset,reviewed,Canonical city row derived from supplied city/coordinate tables; aliases normalized conservatively.
164,2,Vizianagaram,vizianagaram,18.1141255,83.4114389,public_dataset,reviewed,Canonical city row derived from supplied city/coordinate tables; aliases normalized conservatively.
165,2,Vizianagaram District,vizianagaram district,18.2760018,83.4662692,public_dataset,reviewed,Canonical city row derived from supplied city/coordinate tables; aliases normalized conservatively.
166,2,Vuyyuru,vuyyuru,16.3649657,80.8426132,public_dataset,reviewed,Canonical city row derived from supplied city/coordinate tables; aliases normalized conservatively.
167,2,West Godavari,west godavari,16.6443029,81.5885247,public_dataset,reviewed,Canonical city row derived from supplied city/coordinate tables; aliases normalized conservatively.
168,2,Yanam,yanam,16.7385032,82.2106199,public_dataset,reviewed,Canonical city row derived from supplied city/coordinate tables; aliases normalized conservatively.
169,2,Yanamalakuduru,yanamalakuduru,16.4781672,80.6726933,public_dataset,reviewed,Canonical city row derived from supplied city/coordinate tables; aliases normalized conservatively.
170,2,Yarada,yarada,17.6594956,83.2759809,public_dataset,reviewed,Canonical city row derived from supplied city/coordinate tables; aliases normalized conservatively.
171,2,pedda nakkalapalem,pedda nakkalapalem,,,public_dataset,reviewed,Canonical city row derived from supplied city/coordinate tables; aliases normalized conservatively.
172,2,vadlamuru,vadlamuru,17.0971184,82.1629421,public_dataset,reviewed,Canonical city row derived from supplied city/coordinate tables; aliases normalized conservatively.
173,3,Along,along,28.1698002,94.7985400,public_dataset,reviewed,Canonical city row derived from supplied city/coordinate tables; aliases normalized conservatively.
174,3,Anjaw,anjaw,28.1553856,96.8407212,public_dataset,reviewed,Canonical city row derived from supplied city/coordinate tables; aliases normalized conservatively.
175,3,Basar,basar,27.9831179,94.6879423,public_dataset,reviewed,Canonical city row derived from supplied city/coordinate tables; aliases normalized conservatively.
176,3,Bomdila,bomdila,27.2644450,92.4206519,public_dataset,reviewed,Canonical city row derived from supplied city/coordinate tables; aliases normalized conservatively.
177,3,Changlang,changlang,27.2698797,96.0602442,public_dataset,reviewed,Canonical city row derived from supplied city/coordinate tables; aliases normalized conservatively.
178,3,Dibang Valley,dibang valley,28.8291044,95.9554096,public_dataset,reviewed,Canonical city row derived from supplied city/coordinate tables; aliases normalized conservatively.
179,3,East Kameng,east kameng,27.5577810,93.0753012,public_dataset,reviewed,Canonical city row derived from supplied city/coordinate tables; aliases normalized conservatively.
180,3,East Siang,east siang,28.0742219,95.4178149,public_dataset,reviewed,Canonical city row derived from supplied city/coordinate tables; aliases normalized conservatively.
181,3,Hayuliang,hayuliang,28.0759322,96.5429569,public_dataset,reviewed,Canonical city row derived from supplied city/coordinate tables; aliases normalized conservatively.
182,3,Itanagar,itanagar,27.0979659,93.6237291,public_dataset,reviewed,Canonical city row derived from supplied city/coordinate tables; aliases normalized conservatively.
183,3,Khonsa,khonsa,26.9910099,95.5061065,public_dataset,reviewed,Canonical city row derived from supplied city/coordinate tables; aliases normalized conservatively.
184,3,Kurung Kumey,kurung kumey,27.9863677,93.1578347,public_dataset,reviewed,Canonical city row derived from supplied city/coordinate tables; aliases normalized conservatively.
185,3,Lohit District,lohit district,28.0350162,96.1713515,public_dataset,reviewed,Canonical city row derived from supplied city/coordinate tables; aliases normalized conservatively.
186,3,Lower Dibang Valley,lower dibang valley,28.2149563,95.8787740,public_dataset,reviewed,Canonical city row derived from supplied city/coordinate tables; aliases normalized conservatively.
187,3,Lower Subansiri,lower subansiri,27.6059753,93.8669707,public_dataset,reviewed,Canonical city row derived from supplied city/coordinate tables; aliases normalized conservatively.
188,3,Margherita,margherita,,,public_dataset,reviewed,Canonical city row derived from supplied city/coordinate tables; aliases normalized conservatively.
189,3,Naharlagun,naharlagun,27.1308555,93.7097120,public_dataset,reviewed,Canonical city row derived from supplied city/coordinate tables; aliases normalized conservatively.
190,3,Pasighat,pasighat,28.0589676,95.3324944,public_dataset,reviewed,Canonical city row derived from supplied city/coordinate tables; aliases normalized conservatively.
191,3,Tawang,tawang,27.5879186,91.8637330,public_dataset,reviewed,Canonical city row derived from supplied city/coordinate tables; aliases normalized conservatively.
192,3,Tezu,tezu,27.9426344,96.1348731,public_dataset,reviewed,Canonical city row derived from supplied city/coordinate tables; aliases normalized conservatively.
193,3,Tirap,tirap,27.0301690,95.4979175,public_dataset,reviewed,Canonical city row derived from supplied city/coordinate tables; aliases normalized conservatively.
194,3,Upper Siang,upper siang,28.7312046,95.0377315,public_dataset,reviewed,Canonical city row derived from supplied city/coordinate tables; aliases normalized conservatively.
195,3,Upper Subansiri,upper subansiri,28.2596054,94.0938106,public_dataset,reviewed,Canonical city row derived from supplied city/coordinate tables; aliases normalized conservatively.
196,3,West Kameng,west kameng,27.2986936,92.4741211,public_dataset,reviewed,Canonical city row derived from supplied city/coordinate tables; aliases normalized conservatively.
197,3,West Siang,west siang,28.1970922,94.4840700,public_dataset,reviewed,Canonical city row derived from supplied city/coordinate tables; aliases normalized conservatively.
198,3,Ziro,ziro,27.5386680,93.8153550,public_dataset,reviewed,Canonical city row derived from supplied city/coordinate tables; aliases normalized conservatively.
199,4,Abhayapuri,abhayapuri,26.3343070,90.6669044,public_dataset,reviewed,Canonical city row derived from supplied city/coordinate tables; aliases normalized conservatively.
200,4,Amguri,amguri,26.8357988,94.5581879,public_dataset,reviewed,Canonical city row derived from supplied city/coordinate tables; aliases normalized conservatively.
201,4,Badarpur,badarpur,24.8199645,92.4916764,public_dataset,reviewed,Canonical city row derived from supplied city/coordinate tables; aliases normalized conservatively.
202,4,Baksa,baksa,26.6275689,91.3388551,public_dataset,reviewed,Canonical city row derived from supplied city/coordinate tables; aliases normalized conservatively.
203,4,Barpathar,barpathar,26.2765594,93.9021107,public_dataset,reviewed,Canonical city row derived from supplied city/coordinate tables; aliases normalized conservatively.
204,4,Barpeta,barpeta,26.3459410,91.0397080,public_dataset,reviewed,Canonical city row derived from supplied city/coordinate tables; aliases normalized conservatively.
205,4,Barpeta Road,barpeta road,26.5021259,90.9645713,public_dataset,reviewed,Canonical city row derived from supplied city/coordinate tables; aliases normalized conservatively.
206,4,Basugaon,basugaon,26.4636003,90.4203129,public_dataset,reviewed,Canonical city row derived from supplied city/coordinate tables; aliases normalized conservatively.
207,4,Bihpuriagaon,bihpuriagaon,,,public_dataset,reviewed,Canonical city row derived from supplied city/coordinate tables; aliases normalized conservatively.
208,4,Bijni,bijni,26.6166923,90.7237439,public_dataset,reviewed,Canonical city row derived from supplied city/coordinate tables; aliases normalized conservatively.
209,4,Bilasipara,bilasipara,26.2316753,90.2324363,public_dataset,reviewed,Canonical city row derived from supplied city/coordinate tables; aliases normalized conservatively.
210,4,Bokajan,bokajan,26.0235087,93.7707012,public_dataset,reviewed,Canonical city row derived from supplied city/coordinate tables; aliases normalized conservatively.
211,4,Bokakhat,bokakhat,26.6935737,93.5453657,public_dataset,reviewed,Canonical city row derived from supplied city/coordinate tables; aliases normalized conservatively.
212,4,Bongaigaon,bongaigaon,26.4800126,90.5580387,public_dataset,reviewed,Canonical city row derived from supplied city/coordinate tables; aliases normalized conservatively.
213,4,Cachar,cachar,24.7586400,92.8816648,public_dataset,reviewed,Canonical city row derived from supplied city/coordinate tables; aliases normalized conservatively.
214,4,Chabua,chabua,27.5595691,95.1467934,public_dataset,reviewed,Canonical city row derived from supplied city/coordinate tables; aliases normalized conservatively.
215,4,Chapar,chapar,26.3279798,90.3240477,public_dataset,reviewed,Canonical city row derived from supplied city/coordinate tables; aliases normalized conservatively.
216,4,Chirang,chirang,26.6464231,90.6241570,public_dataset,reviewed,Canonical city row derived from supplied city/coordinate tables; aliases normalized conservatively.
217,4,Darrang,darrang,26.4373481,92.0047145,public_dataset,reviewed,Canonical city row derived from supplied city/coordinate tables; aliases normalized conservatively.
218,4,Dergaon,dergaon,26.6912061,93.9494079,public_dataset,reviewed,Canonical city row derived from supplied city/coordinate tables; aliases normalized conservatively.
219,4,Dhekiajuli,dhekiajuli,26.7301754,92.4785068,public_dataset,reviewed,Canonical city row derived from supplied city/coordinate tables; aliases normalized conservatively.
220,4,Dhemaji,dhemaji,27.5945155,94.7192098,public_dataset,reviewed,Canonical city row derived from supplied city/coordinate tables; aliases normalized conservatively.
221,4,Dhing,dhing,26.4449658,92.5268228,public_dataset,reviewed,Canonical city row derived from supplied city/coordinate tables; aliases normalized conservatively.
222,4,Dhubri,dhubri,26.1322750,90.1249962,public_dataset,reviewed,Canonical city row derived from supplied city/coordinate tables; aliases normalized conservatively.
223,4,Dibrugarh,dibrugarh,27.4844597,94.9019447,public_dataset,reviewed,Canonical city row derived from supplied city/coordinate tables; aliases normalized conservatively.
224,4,Digboi,digboi,27.3956145,95.6148680,public_dataset,reviewed,Canonical city row derived from supplied city/coordinate tables; aliases normalized conservatively.
225,4,Dima Hasao District,dima hasao district,25.4003625,93.0752292,public_dataset,reviewed,Canonical city row derived from supplied city/coordinate tables; aliases normalized conservatively.
226,4,Diphu,diphu,25.8371941,93.4383663,public_dataset,reviewed,Canonical city row derived from supplied city/coordinate tables; aliases normalized conservatively.
227,4,Dispur,dispur,26.1409355,91.7910265,public_dataset,reviewed,Canonical city row derived from supplied city/coordinate tables; aliases normalized conservatively.
228,4,Duliagaon,duliagaon,,,public_dataset,reviewed,Canonical city row derived from supplied city/coordinate tables; aliases normalized conservatively.
229,4,Dum Duma,dum duma,27.5699757,95.5539549,public_dataset,reviewed,Canonical city row derived from supplied city/coordinate tables; aliases normalized conservatively.
230,4,Gauripur,gauripur,26.0865358,89.9646620,public_dataset,reviewed,Canonical city row derived from supplied city/coordinate tables; aliases normalized conservatively.
231,4,Goalpara,goalpara,26.0491877,90.6001859,public_dataset,reviewed,Canonical city row derived from supplied city/coordinate tables; aliases normalized conservatively.
232,4,Gohpur,gohpur,26.8844499,93.6971129,public_dataset,reviewed,Canonical city row derived from supplied city/coordinate tables; aliases normalized conservatively.
233,4,Golaghat,golaghat,26.5108262,93.9743686,public_dataset,reviewed,Canonical city row derived from supplied city/coordinate tables; aliases normalized conservatively.
234,4,Golakganj,golakganj,26.1047528,89.8252916,public_dataset,reviewed,Canonical city row derived from supplied city/coordinate tables; aliases normalized conservatively.
235,4,Goshaingaon,goshaingaon,,,public_dataset,reviewed,Canonical city row derived from supplied city/coordinate tables; aliases normalized conservatively.
236,4,Guwahati,guwahati,26.1805978,91.7539430,public_dataset,reviewed,Canonical city row derived from supplied city/coordinate tables; aliases normalized conservatively.
237,4,Haflong,haflong,25.1825103,92.8984045,public_dataset,reviewed,Canonical city row derived from supplied city/coordinate tables; aliases normalized conservatively.
238,4,Hailakandi,hailakandi,24.6846916,92.5645836,public_dataset,reviewed,Canonical city row derived from supplied city/coordinate tables; aliases normalized conservatively.
239,4,Hajo,hajo,26.2359766,91.5423480,public_dataset,reviewed,Canonical city row derived from supplied city/coordinate tables; aliases normalized conservatively.
240,4,Hojai,hojai,25.9629402,92.9818290,public_dataset,reviewed,Canonical city row derived from supplied city/coordinate tables; aliases normalized conservatively.
241,4,Howli,howli,26.6902954,91.5732886,public_dataset,reviewed,Canonical city row derived from supplied city/coordinate tables; aliases normalized conservatively.
242,4,Jogighopa,jogighopa,26.2222913,90.5731185,public_dataset,reviewed,Canonical city row derived from supplied city/coordinate tables; aliases normalized conservatively.
243,4,Jorhat,jorhat,26.7577925,94.2079645,public_dataset,reviewed,Canonical city row derived from supplied city/coordinate tables; aliases normalized conservatively.
244,4,Kamrup,kamrup,26.1468861,91.2227397,public_dataset,reviewed,Canonical city row derived from supplied city/coordinate tables; aliases normalized conservatively.
245,4,Kamrup Metropolitan,kamrup metropolitan,26.1352638,91.8616706,public_dataset,reviewed,Canonical city row derived from supplied city/coordinate tables; aliases normalized conservatively.
246,4,Karbi Anglong,karbi anglong,26.0712781,93.4552969,public_dataset,reviewed,Canonical city row derived from supplied city/coordinate tables; aliases normalized conservatively.
247,4,Karimganj,karimganj,24.5828196,92.3725487,public_dataset,reviewed,Canonical city row derived from supplied city/coordinate tables; aliases normalized conservatively.
248,4,Kharupatia,kharupatia,,,public_dataset,reviewed,Canonical city row derived from supplied city/coordinate tables; aliases normalized conservatively.
249,4,Kokrajhar,kokrajhar,26.4912104,90.1215209,public_dataset,reviewed,Canonical city row derived from supplied city/coordinate tables; aliases normalized conservatively.
250,4,Lakhimpur,lakhimpur,27.9850602,80.7538454,public_dataset,reviewed,Canonical city row derived from supplied city/coordinate tables; aliases normalized conservatively.
251,4,Lakhipur,lakhipur,24.7928227,93.0090947,public_dataset,reviewed,Canonical city row derived from supplied city/coordinate tables; aliases normalized conservatively.
252,4,Lala,lala,24.5831294,92.5950584,public_dataset,reviewed,Canonical city row derived from supplied city/coordinate tables; aliases normalized conservatively.
253,4,Lumding Railway Colony,lumding railway colony,,,public_dataset,reviewed,Canonical city row derived from supplied city/coordinate tables; aliases normalized conservatively.
254,4,Mahur,mahur,25.1406664,93.2481682,public_dataset,reviewed,Canonical city row derived from supplied city/coordinate tables; aliases normalized conservatively.
255,4,Maibong,maibong,25.4944202,93.2045342,public_dataset,reviewed,Canonical city row derived from supplied city/coordinate tables; aliases normalized conservatively.
256,4,Makum,makum,27.4869637,95.4393434,public_dataset,reviewed,Canonical city row derived from supplied city/coordinate tables; aliases normalized conservatively.
257,4,Mangaldai,mangaldai,26.4436882,92.0373057,public_dataset,reviewed,Canonical city row derived from supplied city/coordinate tables; aliases normalized conservatively.
258,4,Mariani,mariani,26.6009318,94.3386241,public_dataset,reviewed,Canonical city row derived from supplied city/coordinate tables; aliases normalized conservatively.
259,4,Moranha,moranha,,,public_dataset,reviewed,Canonical city row derived from supplied city/coordinate tables; aliases normalized conservatively.
260,4,Morigaon,morigaon,26.2545556,92.3572669,public_dataset,reviewed,Canonical city row derived from supplied city/coordinate tables; aliases normalized conservatively.
261,4,Nagaon,nagaon,26.3313646,92.7524763,public_dataset,reviewed,Canonical city row derived from supplied city/coordinate tables; aliases normalized conservatively.
262,4,Nahorkatiya,nahorkatiya,,,public_dataset,reviewed,Canonical city row derived from supplied city/coordinate tables; aliases normalized conservatively.
263,4,Nalbari,nalbari,26.3533632,91.3983662,public_dataset,reviewed,Canonical city row derived from supplied city/coordinate tables; aliases normalized conservatively.
264,4,Namrup,namrup,27.1932851,95.3567576,public_dataset,reviewed,Canonical city row derived from supplied city/coordinate tables; aliases normalized conservatively.
265,4,Nazira,nazira,26.8622087,94.7183167,public_dataset,reviewed,Canonical city row derived from supplied city/coordinate tables; aliases normalized conservatively.
266,4,North Guwahati,north guwahati,26.2469085,91.7144048,public_dataset,reviewed,Canonical city row derived from supplied city/coordinate tables; aliases normalized conservatively.
267,4,North Lakhimpur,north lakhimpur,27.2544310,94.1120339,public_dataset,reviewed,Canonical city row derived from supplied city/coordinate tables; aliases normalized conservatively.
268,4,Numaligarh,numaligarh,26.6304927,93.7267655,public_dataset,reviewed,Canonical city row derived from supplied city/coordinate tables; aliases normalized conservatively.
269,4,Palasbari,palasbari,26.0037118,91.4960900,public_dataset,reviewed,Canonical city row derived from supplied city/coordinate tables; aliases normalized conservatively.
270,4,Raha,raha,26.2006913,92.5145923,public_dataset,reviewed,Canonical city row derived from supplied city/coordinate tables; aliases normalized conservatively.
271,4,Rangapara,rangapara,26.8177808,92.6862372,public_dataset,reviewed,Canonical city row derived from supplied city/coordinate tables; aliases normalized conservatively.
272,4,Rangia,rangia,26.5405270,91.5988401,public_dataset,reviewed,Canonical city row derived from supplied city/coordinate tables; aliases normalized conservatively.
273,4,Sapatgram,sapatgram,26.3309065,90.1078152,public_dataset,reviewed,Canonical city row derived from supplied city/coordinate tables; aliases normalized conservatively.
274,4,Sarupathar,sarupathar,26.1275841,93.9126822,public_dataset,reviewed,Canonical city row derived from supplied city/coordinate tables; aliases normalized conservatively.
275,4,Sibsagar,sibsagar,26.9834936,94.6394226,public_dataset,reviewed,Canonical city row derived from supplied city/coordinate tables; aliases normalized conservatively.
276,4,Silapathar,silapathar,27.5893833,94.7255857,public_dataset,reviewed,Canonical city row derived from supplied city/coordinate tables; aliases normalized conservatively.
277,4,Silchar,silchar,24.8303020,92.7875689,public_dataset,reviewed,Canonical city row derived from supplied city/coordinate tables; aliases normalized conservatively.
278,4,Soalkuchi,soalkuchi,,,public_dataset,reviewed,Canonical city row derived from supplied city/coordinate tables; aliases normalized conservatively.
279,4,Sonari,sonari,27.0557101,95.1202990,public_dataset,reviewed,Canonical city row derived from supplied city/coordinate tables; aliases normalized conservatively.
280,4,Sonitpur,sonitpur,26.7677707,92.7014089,public_dataset,reviewed,Canonical city row derived from supplied city/coordinate tables; aliases normalized conservatively.
281,4,Sorbhog,sorbhog,26.4909609,90.8892792,public_dataset,reviewed,Canonical city row derived from supplied city/coordinate tables; aliases normalized conservatively.
282,4,Tezpur,tezpur,26.6229928,92.7976082,public_dataset,reviewed,Canonical city row derived from supplied city/coordinate tables; aliases normalized conservatively.
283,4,Tinsukia,tinsukia,27.4879722,95.3601855,public_dataset,reviewed,Canonical city row derived from supplied city/coordinate tables; aliases normalized conservatively.
284,4,Titabar,titabar,26.6025309,94.2012161,public_dataset,reviewed,Canonical city row derived from supplied city/coordinate tables; aliases normalized conservatively.
285,4,Udalguri,udalguri,26.7047238,92.0421507,public_dataset,reviewed,Canonical city row derived from supplied city/coordinate tables; aliases normalized conservatively.
286,5,Amarpur,amarpur,23.5155013,91.6548554,public_dataset,reviewed,Canonical city row derived from supplied city/coordinate tables; aliases normalized conservatively.
287,5,Araria,araria,26.1346459,87.4654062,public_dataset,reviewed,Canonical city row derived from supplied city/coordinate tables; aliases normalized conservatively.
288,5,Arrah,arrah,25.5603170,84.6632139,public_dataset,reviewed,Canonical city row derived from supplied city/coordinate tables; aliases normalized conservatively.
289,5,Arwal,arwal,25.1812832,84.6596648,public_dataset,reviewed,Canonical city row derived from supplied city/coordinate tables; aliases normalized conservatively.
290,5,Asarganj,asarganj,25.1759044,86.6785566,public_dataset,reviewed,Canonical city row derived from supplied city/coordinate tables; aliases normalized conservatively.
291,5,Aurangabad,aurangabad,19.8772630,75.3390241,public_dataset,reviewed,Canonical city row derived from supplied city/coordinate tables; aliases normalized conservatively.
292,5,Bagaha,bagaha,27.0590112,84.2064638,public_dataset,reviewed,Canonical city row derived from supplied city/coordinate tables; aliases normalized conservatively.
293,5,Bahadurganj,bahadurganj,26.2702242,87.8372763,public_dataset,reviewed,Canonical city row derived from supplied city/coordinate tables; aliases normalized conservatively.
294,5,Bairagnia,bairagnia,26.7373907,85.2758680,public_dataset,reviewed,Canonical city row derived from supplied city/coordinate tables; aliases normalized conservatively.
295,5,Baisi,baisi,25.8395717,87.7508891,public_dataset,reviewed,Canonical city row derived from supplied city/coordinate tables; aliases normalized conservatively.
296,5,Bakhtiyarpur,bakhtiyarpur,25.4586233,85.5369022,public_dataset,reviewed,Canonical city row derived from supplied city/coordinate tables; aliases normalized conservatively.
297,5,Bangaon,bangaon,23.0434655,88.8317765,public_dataset,reviewed,Canonical city row derived from supplied city/coordinate tables; aliases normalized conservatively.
298,5,Banka,banka,24.8328273,86.8161114,public_dataset,reviewed,Canonical city row derived from supplied city/coordinate tables; aliases normalized conservatively.
299,5,Banmankhi,banmankhi,25.8975575,87.1659497,public_dataset,reviewed,Canonical city row derived from supplied city/coordinate tables; aliases normalized conservatively.
300,5,Bar Bigha,bar bigha,,,public_dataset,reviewed,Canonical city row derived from supplied city/coordinate tables; aliases normalized conservatively.
301,5,Barauli,barauli,26.3965789,84.6004513,public_dataset,reviewed,Canonical city row derived from supplied city/coordinate tables; aliases normalized conservatively.
302,5,Barh,barh,25.4509766,85.7002486,public_dataset,reviewed,Canonical city row derived from supplied city/coordinate tables; aliases normalized conservatively.
303,5,Barhiya,barhiya,25.2824883,86.0154682,public_dataset,reviewed,Canonical city row derived from supplied city/coordinate tables; aliases normalized conservatively.
304,5,Bariarpur,bariarpur,25.3119182,86.6092417,public_dataset,reviewed,Canonical city row derived from supplied city/coordinate tables; aliases normalized conservatively.
305,5,Baruni,baruni,,,public_dataset,reviewed,Canonical city row derived from supplied city/coordinate tables; aliases normalized conservatively.
306,5,Begusarai,begusarai,25.5125411,86.0883392,public_dataset,reviewed,Canonical city row derived from supplied city/coordinate tables; aliases normalized conservatively.
307,5,Belsand,belsand,26.4322849,85.3945620,public_dataset,reviewed,Canonical city row derived from supplied city/coordinate tables; aliases normalized conservatively.
308,5,Bettiah,bettiah,26.8023000,84.5074000,public_dataset,reviewed,Canonical city row derived from supplied city/coordinate tables; aliases normalized conservatively.
309,5,Bhabhua,bhabhua,,,public_dataset,reviewed,Canonical city row derived from supplied city/coordinate tables; aliases normalized conservatively.
310,5,Bhagalpur,bhagalpur,25.2861354,87.1304229,public_dataset,reviewed,Canonical city row derived from supplied city/coordinate tables; aliases normalized conservatively.
311,5,Bhagirathpur,bhagirathpur,,,public_dataset,reviewed,Canonical city row derived from supplied city/coordinate tables; aliases normalized conservatively.
312,5,Bhawanipur,bhawanipur,25.6162208,87.1967528,public_dataset,reviewed,Canonical city row derived from supplied city/coordinate tables; aliases normalized conservatively.
313,5,Bhojpur,bhojpur,25.4501182,84.5635193,public_dataset,reviewed,Canonical city row derived from supplied city/coordinate tables; aliases normalized conservatively.
314,5,Bihar Sharif,bihar sharif,25.1938590,85.5208617,public_dataset,reviewed,Canonical city row derived from supplied city/coordinate tables; aliases normalized conservatively.
315,5,Bihariganj,bihariganj,25.7409879,86.9757854,public_dataset,reviewed,Canonical city row derived from supplied city/coordinate tables; aliases normalized conservatively.
316,5,Bikramganj,bikramganj,25.2183925,84.2324476,public_dataset,reviewed,Canonical city row derived from supplied city/coordinate tables; aliases normalized conservatively.
317,5,Birpur,birpur,25.5303308,83.8564552,public_dataset,reviewed,Canonical city row derived from supplied city/coordinate tables; aliases normalized conservatively.
318,5,Buddh Gaya,buddh gaya,,,public_dataset,reviewed,Canonical city row derived from supplied city/coordinate tables; aliases normalized conservatively.
319,5,Buxar,buxar,25.5044834,84.1097525,public_dataset,reviewed,Canonical city row derived from supplied city/coordinate tables; aliases normalized conservatively.
320,5,Chakia,chakia,24.9411431,83.2131103,public_dataset,reviewed,Canonical city row derived from supplied city/coordinate tables; aliases normalized conservatively.
321,5,Chapra,chapra,25.7733443,84.7849772,public_dataset,reviewed,Canonical city row derived from supplied city/coordinate tables; aliases normalized conservatively.
322,5,Chhatapur,chhatapur,26.2564650,87.0237281,public_dataset,reviewed,Canonical city row derived from supplied city/coordinate tables; aliases normalized conservatively.
323,5,Colgong,colgong,,,public_dataset,reviewed,Canonical city row derived from supplied city/coordinate tables; aliases normalized conservatively.
324,5,Dalsingh Sarai,dalsingh sarai,25.6650421,85.8413690,public_dataset,reviewed,Canonical city row derived from supplied city/coordinate tables; aliases normalized conservatively.
325,5,Darbhanga,darbhanga,26.0829899,86.0324951,public_dataset,reviewed,Canonical city row derived from supplied city/coordinate tables; aliases normalized conservatively.
326,5,Daudnagar,daudnagar,25.0439844,84.4322897,public_dataset,reviewed,Canonical city row derived from supplied city/coordinate tables; aliases normalized conservatively.
327,5,Dehri,dehri,24.9258862,84.1728723,public_dataset,reviewed,Canonical city row derived from supplied city/coordinate tables; aliases normalized conservatively.
328,5,Dhaka,dhaka,26.6923775,85.1986362,public_dataset,reviewed,Canonical city row derived from supplied city/coordinate tables; aliases normalized conservatively.
329,5,Dighwara,dighwara,25.7496132,84.9944160,public_dataset,reviewed,Canonical city row derived from supplied city/coordinate tables; aliases normalized conservatively.
330,5,Dinapore,dinapore,,,public_dataset,reviewed,Canonical city row derived from supplied city/coordinate tables; aliases normalized conservatively.
331,5,Dumra,dumra,26.5665736,85.5171692,public_dataset,reviewed,Canonical city row derived from supplied city/coordinate tables; aliases normalized conservatively.
332,5,Dumraon,dumraon,25.5238346,84.1599531,public_dataset,reviewed,Canonical city row derived from supplied city/coordinate tables; aliases normalized conservatively.
333,5,Fatwa,fatwa,,,public_dataset,reviewed,Canonical city row derived from supplied city/coordinate tables; aliases normalized conservatively.
334,5,Forbesganj,forbesganj,26.3049106,87.2632847,public_dataset,reviewed,Canonical city row derived from supplied city/coordinate tables; aliases normalized conservatively.
335,5,Gaya,gaya,24.7964355,85.0079563,public_dataset,reviewed,Canonical city row derived from supplied city/coordinate tables; aliases normalized conservatively.
336,5,Ghoga,ghoga,,,public_dataset,reviewed,Canonical city row derived from supplied city/coordinate tables; aliases normalized conservatively.
337,5,Gopalganj,gopalganj,26.4211166,84.3739133,public_dataset,reviewed,Canonical city row derived from supplied city/coordinate tables; aliases normalized conservatively.
338,5,Hajipur,hajipur,31.2669635,76.1499542,public_dataset,reviewed,Canonical city row derived from supplied city/coordinate tables; aliases normalized conservatively.
339,5,Hilsa,hilsa,25.3006835,85.2493829,public_dataset,reviewed,Canonical city row derived from supplied city/coordinate tables; aliases normalized conservatively.
340,5,Hisua,hisua,24.8457361,85.3953945,public_dataset,reviewed,Canonical city row derived from supplied city/coordinate tables; aliases normalized conservatively.
341,5,Islampur,islampur,26.2563651,88.1860517,public_dataset,reviewed,Canonical city row derived from supplied city/coordinate tables; aliases normalized conservatively.
342,5,Jagdispur,jagdispur,25.4668347,84.4179931,public_dataset,reviewed,Canonical city row derived from supplied city/coordinate tables; aliases normalized conservatively.
343,5,Jahanabad,jahanabad,26.1036218,80.3531549,public_dataset,reviewed,Canonical city row derived from supplied city/coordinate tables; aliases normalized conservatively.
344,5,Jamalpur,jamalpur,25.3138767,86.4897172,public_dataset,reviewed,Canonical city row derived from supplied city/coordinate tables; aliases normalized conservatively.
345,5,Jamui,jamui,24.7562514,86.3011128,public_dataset,reviewed,Canonical city row derived from supplied city/coordinate tables; aliases normalized conservatively.
346,5,Jaynagar,jaynagar,26.5902775,86.1356516,public_dataset,reviewed,Canonical city row derived from supplied city/coordinate tables; aliases normalized conservatively.
347,5,Jehanabad,jehanabad,25.1529579,85.0065043,public_dataset,reviewed,Canonical city row derived from supplied city/coordinate tables; aliases normalized conservatively.
348,5,Jha-Jha,jha jha,26.5976485,85.4897758,public_dataset,reviewed,Canonical city row derived from supplied city/coordinate tables; aliases normalized conservatively.
349,5,Jhanjharpur,jhanjharpur,26.2871530,86.3403925,public_dataset,reviewed,Canonical city row derived from supplied city/coordinate tables; aliases normalized conservatively.
350,5,Jogbani,jogbani,26.4027880,87.2637198,public_dataset,reviewed,Canonical city row derived from supplied city/coordinate tables; aliases normalized conservatively.
351,5,Kaimur District,kaimur district,24.9754660,83.5768379,public_dataset,reviewed,Canonical city row derived from supplied city/coordinate tables; aliases normalized conservatively.
352,5,Kasba,kasba,25.8779519,87.5469272,public_dataset,reviewed,Canonical city row derived from supplied city/coordinate tables; aliases normalized conservatively.
353,5,Katihar,katihar,25.5586421,87.6457196,public_dataset,reviewed,Canonical city row derived from supplied city/coordinate tables; aliases normalized conservatively.
354,5,Khagaria,khagaria,25.4930513,86.6982264,public_dataset,reviewed,Canonical city row derived from supplied city/coordinate tables; aliases normalized conservatively.
355,5,Khagaul,khagaul,25.5796787,85.0424411,public_dataset,reviewed,Canonical city row derived from supplied city/coordinate tables; aliases normalized conservatively.
356,5,Kharagpur,kharagpur,22.3430900,87.3012875,public_dataset,reviewed,Canonical city row derived from supplied city/coordinate tables; aliases normalized conservatively.
357,5,Khusropur,khusropur,25.4854063,85.3875446,public_dataset,reviewed,Canonical city row derived from supplied city/coordinate tables; aliases normalized conservatively.
358,5,Kishanganj,kishanganj,26.2984144,87.9466715,public_dataset,reviewed,Canonical city row derived from supplied city/coordinate tables; aliases normalized conservatively.
359,5,Koath,koath,,,public_dataset,reviewed,Canonical city row derived from supplied city/coordinate tables; aliases normalized conservatively.
360,5,Koelwar,koelwar,25.5693726,84.7927554,public_dataset,reviewed,Canonical city row derived from supplied city/coordinate tables; aliases normalized conservatively.
361,5,Lakhisarai,lakhisarai,25.1543938,86.1744959,public_dataset,reviewed,Canonical city row derived from supplied city/coordinate tables; aliases normalized conservatively.
362,5,Lalganj,lalganj,25.9929388,81.6604115,public_dataset,reviewed,Canonical city row derived from supplied city/coordinate tables; aliases normalized conservatively.
363,5,Luckeesarai,luckeesarai,25.1719353,86.0944367,public_dataset,reviewed,Canonical city row derived from supplied city/coordinate tables; aliases normalized conservatively.
364,5,Madhepura,madhepura,25.7806118,86.9364753,public_dataset,reviewed,Canonical city row derived from supplied city/coordinate tables; aliases normalized conservatively.
365,5,Madhipura,madhipura,25.9061203,86.7797044,public_dataset,reviewed,Canonical city row derived from supplied city/coordinate tables; aliases normalized conservatively.
366,5,Madhubani,madhubani,26.3503076,86.2296424,public_dataset,reviewed,Canonical city row derived from supplied city/coordinate tables; aliases normalized conservatively.
367,5,Maharajgani,maharajgani,,,public_dataset,reviewed,Canonical city row derived from supplied city/coordinate tables; aliases normalized conservatively.
368,5,Mairwa,mairwa,26.2386392,84.1627066,public_dataset,reviewed,Canonical city row derived from supplied city/coordinate tables; aliases normalized conservatively.
369,5,Maner,maner,25.6595984,84.9104699,public_dataset,reviewed,Canonical city row derived from supplied city/coordinate tables; aliases normalized conservatively.
370,5,Manihari,manihari,25.3413879,87.6195074,public_dataset,reviewed,Canonical city row derived from supplied city/coordinate tables; aliases normalized conservatively.
371,5,Marhaura,marhaura,25.9302403,84.7949671,public_dataset,reviewed,Canonical city row derived from supplied city/coordinate tables; aliases normalized conservatively.
372,5,Masaurhi Buzurg,masaurhi buzurg,,,public_dataset,reviewed,Canonical city row derived from supplied city/coordinate tables; aliases normalized conservatively.
373,5,Mohiuddinnagar,mohiuddinnagar,25.6065300,85.7036896,public_dataset,reviewed,Canonical city row derived from supplied city/coordinate tables; aliases normalized conservatively.
374,5,Mokameh,mokameh,25.4043541,85.8916644,public_dataset,reviewed,Canonical city row derived from supplied city/coordinate tables; aliases normalized conservatively.
375,5,Monghyr,monghyr,25.3773519,86.4731039,public_dataset,reviewed,Canonical city row derived from supplied city/coordinate tables; aliases normalized conservatively.
376,5,Mothihari,mothihari,,,public_dataset,reviewed,Canonical city row derived from supplied city/coordinate tables; aliases normalized conservatively.
377,5,Munger,munger,25.2202864,86.5161484,public_dataset,reviewed,Canonical city row derived from supplied city/coordinate tables; aliases normalized conservatively.
378,5,Murliganj,murliganj,25.8764452,86.9369340,public_dataset,reviewed,Canonical city row derived from supplied city/coordinate tables; aliases normalized conservatively.
379,5,Muzaffarpur,muzaffarpur,26.1482548,85.3316097,public_dataset,reviewed,Canonical city row derived from supplied city/coordinate tables; aliases normalized conservatively.
380,5,Nabinagar,nabinagar,24.6427850,84.0968212,public_dataset,reviewed,Canonical city row derived from supplied city/coordinate tables; aliases normalized conservatively.
381,5,Nalanda,nalanda,25.1364914,85.4436546,public_dataset,reviewed,Canonical city row derived from supplied city/coordinate tables; aliases normalized conservatively.
382,5,Nasriganj,nasriganj,25.0703835,84.2891171,public_dataset,reviewed,Canonical city row derived from supplied city/coordinate tables; aliases normalized conservatively.
383,5,Naugachhia,naugachhia,25.4204083,87.0899587,public_dataset,reviewed,Canonical city row derived from supplied city/coordinate tables; aliases normalized conservatively.
384,5,Nawada,nawada,24.8173249,85.5179085,public_dataset,reviewed,Canonical city row derived from supplied city/coordinate tables; aliases normalized conservatively.
385,5,Nirmali,nirmali,26.3789228,86.7324221,public_dataset,reviewed,Canonical city row derived from supplied city/coordinate tables; aliases normalized conservatively.
386,5,Pashchim Champaran,pashchim champaran,27.0000000,84.5000000,public_dataset,reviewed,Canonical city row derived from supplied city/coordinate tables; aliases normalized conservatively.
387,5,Patna,patna,25.6093239,85.1235252,public_dataset,reviewed,Canonical city row derived from supplied city/coordinate tables; aliases normalized conservatively.
388,5,Piro,piro,25.3383191,84.3540878,public_dataset,reviewed,Canonical city row derived from supplied city/coordinate tables; aliases normalized conservatively.
389,5,Pupri,pupri,26.4971667,85.7060359,public_dataset,reviewed,Canonical city row derived from supplied city/coordinate tables; aliases normalized conservatively.
390,5,Purba Champaran,purba champaran,26.5833330,84.8333330,public_dataset,reviewed,Canonical city row derived from supplied city/coordinate tables; aliases normalized conservatively.
391,5,Purnia,purnia,25.7758723,87.4087667,public_dataset,reviewed,Canonical city row derived from supplied city/coordinate tables; aliases normalized conservatively.
392,5,Rafiganj,rafiganj,24.8186239,84.6333022,public_dataset,reviewed,Canonical city row derived from supplied city/coordinate tables; aliases normalized conservatively.
393,5,Raghunathpur,raghunathpur,23.5381361,86.6739117,public_dataset,reviewed,Canonical city row derived from supplied city/coordinate tables; aliases normalized conservatively.
394,5,Rajgir,rajgir,25.0299973,85.4207368,public_dataset,reviewed,Canonical city row derived from supplied city/coordinate tables; aliases normalized conservatively.
395,5,Ramnagar,ramnagar,21.6768840,87.5539271,public_dataset,reviewed,Canonical city row derived from supplied city/coordinate tables; aliases normalized conservatively.
396,5,Raxaul,raxaul,26.9868738,84.8447219,public_dataset,reviewed,Canonical city row derived from supplied city/coordinate tables; aliases normalized conservatively.
397,5,Revelganj,revelganj,25.7769093,84.6823486,public_dataset,reviewed,Canonical city row derived from supplied city/coordinate tables; aliases normalized conservatively.
398,5,Rohtas,rohtas,24.9394143,84.0197031,public_dataset,reviewed,Canonical city row derived from supplied city/coordinate tables; aliases normalized conservatively.
399,5,Rusera,rusera,25.7538320,86.0246736,public_dataset,reviewed,Canonical city row derived from supplied city/coordinate tables; aliases normalized conservatively.
400,5,Sagauli,sagauli,26.7695492,84.7416781,public_dataset,reviewed,Canonical city row derived from supplied city/coordinate tables; aliases normalized conservatively.
401,5,Saharsa,saharsa,25.8330757,86.6143751,public_dataset,reviewed,Canonical city row derived from supplied city/coordinate tables; aliases normalized conservatively.
402,5,Samastipur,samastipur,25.7747885,85.8672314,public_dataset,reviewed,Canonical city row derived from supplied city/coordinate tables; aliases normalized conservatively.
403,5,Saran,saran,25.9214451,84.7759731,public_dataset,reviewed,Canonical city row derived from supplied city/coordinate tables; aliases normalized conservatively.
404,5,Shahbazpur,shahbazpur,26.1642268,85.3208913,public_dataset,reviewed,Canonical city row derived from supplied city/coordinate tables; aliases normalized conservatively.
405,5,Shahpur,shahpur,29.7577461,77.6593494,public_dataset,reviewed,Canonical city row derived from supplied city/coordinate tables; aliases normalized conservatively.
406,5,Sheikhpura,sheikhpura,25.1250741,85.8160771,public_dataset,reviewed,Canonical city row derived from supplied city/coordinate tables; aliases normalized conservatively.
407,5,Sheohar,sheohar,26.4934234,85.2717561,public_dataset,reviewed,Canonical city row derived from supplied city/coordinate tables; aliases normalized conservatively.
408,5,Sherghati,sherghati,24.5939390,84.8478903,public_dataset,reviewed,Canonical city row derived from supplied city/coordinate tables; aliases normalized conservatively.
409,5,Silao,silao,25.0841223,85.4373092,public_dataset,reviewed,Canonical city row derived from supplied city/coordinate tables; aliases normalized conservatively.
410,5,Sitamarhi,sitamarhi,26.5942841,85.5004280,public_dataset,reviewed,Canonical city row derived from supplied city/coordinate tables; aliases normalized conservatively.
411,5,Siwan,siwan,26.1310080,84.3910745,public_dataset,reviewed,Canonical city row derived from supplied city/coordinate tables; aliases normalized conservatively.
412,5,Supaul,supaul,26.2768089,86.7959614,public_dataset,reviewed,Canonical city row derived from supplied city/coordinate tables; aliases normalized conservatively.
413,5,Teghra,teghra,25.4727460,85.9368466,public_dataset,reviewed,Canonical city row derived from supplied city/coordinate tables; aliases normalized conservatively.
414,5,Tekari,tekari,24.9410997,84.8430124,public_dataset,reviewed,Canonical city row derived from supplied city/coordinate tables; aliases normalized conservatively.
415,5,Thakurganj,thakurganj,26.4274675,88.1289535,public_dataset,reviewed,Canonical city row derived from supplied city/coordinate tables; aliases normalized conservatively.
416,5,Vaishali,vaishali,25.7491703,85.3972164,public_dataset,reviewed,Canonical city row derived from supplied city/coordinate tables; aliases normalized conservatively.
417,5,Waris Aliganj,waris aliganj,,,public_dataset,reviewed,Canonical city row derived from supplied city/coordinate tables; aliases normalized conservatively.
418,6,Chandigarh,chandigarh,30.7334421,76.7797143,public_dataset,reviewed,Canonical city row derived from supplied city/coordinate tables; aliases normalized conservatively.
419,7,Akaltara,akaltara,22.0291459,82.4224750,public_dataset,reviewed,Canonical city row derived from supplied city/coordinate tables; aliases normalized conservatively.
420,7,Ambagarh Chauki,ambagarh chauki,20.7754435,80.7464396,public_dataset,reviewed,Canonical city row derived from supplied city/coordinate tables; aliases normalized conservatively.
421,7,Ambikapur,ambikapur,23.1226343,83.1981886,public_dataset,reviewed,Canonical city row derived from supplied city/coordinate tables; aliases normalized conservatively.
422,7,Arang,arang,21.1986343,81.9659898,public_dataset,reviewed,Canonical city row derived from supplied city/coordinate tables; aliases normalized conservatively.
423,7,Baikunthpur,baikunthpur,24.7319806,81.4070688,public_dataset,reviewed,Canonical city row derived from supplied city/coordinate tables; aliases normalized conservatively.
424,7,Balod,balod,20.7277192,81.1446948,public_dataset,reviewed,Canonical city row derived from supplied city/coordinate tables; aliases normalized conservatively.
425,7,Baloda,baloda,22.1386782,82.4806416,public_dataset,reviewed,Canonical city row derived from supplied city/coordinate tables; aliases normalized conservatively.
426,7,Baloda Bazar,baloda bazar,21.5731848,82.2994821,public_dataset,reviewed,Canonical city row derived from supplied city/coordinate tables; aliases normalized conservatively.
427,7,Basna,basna,21.2776975,82.8276732,public_dataset,reviewed,Canonical city row derived from supplied city/coordinate tables; aliases normalized conservatively.
428,7,Bastar,bastar,19.1191283,81.8291865,public_dataset,reviewed,Canonical city row derived from supplied city/coordinate tables; aliases normalized conservatively.
429,7,Bemetara,bemetara,21.6783867,81.4412578,public_dataset,reviewed,Canonical city row derived from supplied city/coordinate tables; aliases normalized conservatively.
430,7,Bhanpuri,bhanpuri,19.7686327,81.6215483,public_dataset,reviewed,Canonical city row derived from supplied city/coordinate tables; aliases normalized conservatively.
431,7,Bhatapara,bhatapara,21.7353478,81.9444592,public_dataset,reviewed,Canonical city row derived from supplied city/coordinate tables; aliases normalized conservatively.
432,7,Bhatgaon,bhatgaon,21.1596253,81.7157614,public_dataset,reviewed,Canonical city row derived from supplied city/coordinate tables; aliases normalized conservatively.
433,7,Bhilai,bhilai,21.2120677,81.3732849,public_dataset,reviewed,Canonical city row derived from supplied city/coordinate tables; aliases normalized conservatively.
434,7,Bijapur,bijapur,18.7935679,80.8159390,public_dataset,reviewed,Canonical city row derived from supplied city/coordinate tables; aliases normalized conservatively.
435,7,Bilaspur,bilaspur,28.8683110,79.2980750,public_dataset,reviewed,Canonical city row derived from supplied city/coordinate tables; aliases normalized conservatively.
436,7,Champa,champa,22.0308423,82.6460412,public_dataset,reviewed,Canonical city row derived from supplied city/coordinate tables; aliases normalized conservatively.
437,7,Chhuikhadan,chhuikhadan,21.5238450,80.9986208,public_dataset,reviewed,Canonical city row derived from supplied city/coordinate tables; aliases normalized conservatively.
438,7,Deori,deori,20.3053696,81.6327953,public_dataset,reviewed,Canonical city row derived from supplied city/coordinate tables; aliases normalized conservatively.
439,7,Dhamtari,dhamtari,20.5326259,81.7155987,public_dataset,reviewed,Canonical city row derived from supplied city/coordinate tables; aliases normalized conservatively.
440,7,Dongargaon,dongargaon,20.3038031,81.2667356,public_dataset,reviewed,Canonical city row derived from supplied city/coordinate tables; aliases normalized conservatively.
441,7,Dongargarh,dongargarh,21.1851921,80.7612115,public_dataset,reviewed,Canonical city row derived from supplied city/coordinate tables; aliases normalized conservatively.
442,7,Durg,durg,21.1982964,81.4007922,public_dataset,reviewed,Canonical city row derived from supplied city/coordinate tables; aliases normalized conservatively.
443,7,Gandai,gandai,21.6688285,81.1006134,public_dataset,reviewed,Canonical city row derived from supplied city/coordinate tables; aliases normalized conservatively.
444,7,Gariaband,gariaband,20.4292147,82.2525584,public_dataset,reviewed,Canonical city row derived from supplied city/coordinate tables; aliases normalized conservatively.
445,7,Gaurela,gaurela,22.8313186,81.9589660,public_dataset,reviewed,Canonical city row derived from supplied city/coordinate tables; aliases normalized conservatively.
446,7,Gharghoda,gharghoda,22.1674127,83.3485457,public_dataset,reviewed,Canonical city row derived from supplied city/coordinate tables; aliases normalized conservatively.
447,7,Gidam,gidam,18.9754038,81.3971470,public_dataset,reviewed,Canonical city row derived from supplied city/coordinate tables; aliases normalized conservatively.
448,7,Jagdalpur,jagdalpur,19.0870758,82.0235715,public_dataset,reviewed,Canonical city row derived from supplied city/coordinate tables; aliases normalized conservatively.
449,7,Janjgir,janjgir,22.0090841,82.5788960,public_dataset,reviewed,Canonical city row derived from supplied city/coordinate tables; aliases normalized conservatively.
450,7,Janjgir-Champa,janjgir champa,21.9864030,82.5536606,public_dataset,reviewed,Canonical city row derived from supplied city/coordinate tables; aliases normalized conservatively.
451,7,Jashpur,jashpur,22.7702510,83.9708013,public_dataset,reviewed,Canonical city row derived from supplied city/coordinate tables; aliases normalized conservatively.
452,7,Jashpurnagar,jashpurnagar,,,public_dataset,reviewed,Canonical city row derived from supplied city/coordinate tables; aliases normalized conservatively.
453,7,Junagarh,junagarh,,,public_dataset,reviewed,Canonical city row derived from supplied city/coordinate tables; aliases normalized conservatively.
454,7,Kabeerdham,kabeerdham,,,public_dataset,reviewed,Canonical city row derived from supplied city/coordinate tables; aliases normalized conservatively.
455,7,Kanker,kanker,20.2692747,81.4932111,public_dataset,reviewed,Canonical city row derived from supplied city/coordinate tables; aliases normalized conservatively.
456,7,Katghora,katghora,22.5096189,82.5507586,public_dataset,reviewed,Canonical city row derived from supplied city/coordinate tables; aliases normalized conservatively.
457,7,Kawardha,kawardha,22.0059254,81.2332055,public_dataset,reviewed,Canonical city row derived from supplied city/coordinate tables; aliases normalized conservatively.
458,7,Khairagarh,khairagarh,21.4166145,80.9818486,public_dataset,reviewed,Canonical city row derived from supplied city/coordinate tables; aliases normalized conservatively.
459,7,Khamharia,khamharia,,,public_dataset,reviewed,Canonical city row derived from supplied city/coordinate tables; aliases normalized conservatively.
460,7,Kharod,kharod,21.7434761,82.5793361,public_dataset,reviewed,Canonical city row derived from supplied city/coordinate tables; aliases normalized conservatively.
461,7,Kharsia,kharsia,21.9905525,83.1042482,public_dataset,reviewed,Canonical city row derived from supplied city/coordinate tables; aliases normalized conservatively.
462,7,Kirandul,kirandul,18.6389296,81.2598722,public_dataset,reviewed,Canonical city row derived from supplied city/coordinate tables; aliases normalized conservatively.
463,7,Kondagaon,kondagaon,19.5885769,81.6628742,public_dataset,reviewed,Canonical city row derived from supplied city/coordinate tables; aliases normalized conservatively.
464,7,Korba,korba,22.5198217,82.6350029,public_dataset,reviewed,Canonical city row derived from supplied city/coordinate tables; aliases normalized conservatively.
465,7,Koriya,koriya,23.4762540,82.4776374,public_dataset,reviewed,Canonical city row derived from supplied city/coordinate tables; aliases normalized conservatively.
466,7,Kota,kota,29.8923125,77.6403496,public_dataset,reviewed,Canonical city row derived from supplied city/coordinate tables; aliases normalized conservatively.
467,7,Kotaparh,kotaparh,,,public_dataset,reviewed,Canonical city row derived from supplied city/coordinate tables; aliases normalized conservatively.
468,7,Kumhari,kumhari,21.2546406,81.5218991,public_dataset,reviewed,Canonical city row derived from supplied city/coordinate tables; aliases normalized conservatively.
469,7,Kurud,kurud,20.8593975,81.7099784,public_dataset,reviewed,Canonical city row derived from supplied city/coordinate tables; aliases normalized conservatively.
470,7,Lormi,lormi,22.2715391,81.7022592,public_dataset,reviewed,Canonical city row derived from supplied city/coordinate tables; aliases normalized conservatively.
471,7,Mahasamund,mahasamund,21.1922846,82.4890263,public_dataset,reviewed,Canonical city row derived from supplied city/coordinate tables; aliases normalized conservatively.
472,7,Mungeli,mungeli,22.0661098,81.6874282,public_dataset,reviewed,Canonical city row derived from supplied city/coordinate tables; aliases normalized conservatively.
473,7,Narayanpur,narayanpur,19.5842032,81.1136986,public_dataset,reviewed,Canonical city row derived from supplied city/coordinate tables; aliases normalized conservatively.
474,7,Narharpur,narharpur,20.4486211,81.6205016,public_dataset,reviewed,Canonical city row derived from supplied city/coordinate tables; aliases normalized conservatively.
475,7,Pandaria,pandaria,22.2199760,81.4105925,public_dataset,reviewed,Canonical city row derived from supplied city/coordinate tables; aliases normalized conservatively.
476,7,Pandatarai,pandatarai,,,public_dataset,reviewed,Canonical city row derived from supplied city/coordinate tables; aliases normalized conservatively.
477,7,Pasan,pasan,22.8440999,82.1982942,public_dataset,reviewed,Canonical city row derived from supplied city/coordinate tables; aliases normalized conservatively.
478,7,Patan,patan,17.3565267,73.8634207,public_dataset,reviewed,Canonical city row derived from supplied city/coordinate tables; aliases normalized conservatively.
479,7,Pathalgaon,pathalgaon,22.5565847,83.4586397,public_dataset,reviewed,Canonical city row derived from supplied city/coordinate tables; aliases normalized conservatively.
480,7,Pendra,pendra,22.7742782,81.9601789,public_dataset,reviewed,Canonical city row derived from supplied city/coordinate tables; aliases normalized conservatively.
481,7,Pithora,pithora,21.2530999,82.5156818,public_dataset,reviewed,Canonical city row derived from supplied city/coordinate tables; aliases normalized conservatively.
482,7,Raigarh,raigarh,18.9818971,73.1141545,public_dataset,reviewed,Canonical city row derived from supplied city/coordinate tables; aliases normalized conservatively.
483,7,Raipur,raipur,30.3099468,78.0949147,public_dataset,reviewed,Canonical city row derived from supplied city/coordinate tables; aliases normalized conservatively.
484,7,Raj Nandgaon,raj nandgaon,,,public_dataset,reviewed,Canonical city row derived from supplied city/coordinate tables; aliases normalized conservatively.
485,7,Ramanuj Ganj,ramanuj ganj,23.8063780,83.6998108,public_dataset,reviewed,Canonical city row derived from supplied city/coordinate tables; aliases normalized conservatively.
486,7,Ratanpur,ratanpur,22.2868330,82.1677780,public_dataset,reviewed,Canonical city row derived from supplied city/coordinate tables; aliases normalized conservatively.
487,7,Sakti,sakti,21.9243353,82.9650923,public_dataset,reviewed,Canonical city row derived from supplied city/coordinate tables; aliases normalized conservatively.
488,7,Saraipali,saraipali,21.3152106,83.0047891,public_dataset,reviewed,Canonical city row derived from supplied city/coordinate tables; aliases normalized conservatively.
489,7,Sarangarh,sarangarh,21.5856358,83.0782699,public_dataset,reviewed,Canonical city row derived from supplied city/coordinate tables; aliases normalized conservatively.
490,7,Seorinarayan,seorinarayan,21.7211969,82.5947365,public_dataset,reviewed,Canonical city row derived from supplied city/coordinate tables; aliases normalized conservatively.
491,7,Simga,simga,21.6275707,81.7031289,public_dataset,reviewed,Canonical city row derived from supplied city/coordinate tables; aliases normalized conservatively.
492,7,Surguja,surguja,22.9470108,83.1656868,public_dataset,reviewed,Canonical city row derived from supplied city/coordinate tables; aliases normalized conservatively.
493,7,Takhatpur,takhatpur,22.1305461,81.8690378,public_dataset,reviewed,Canonical city row derived from supplied city/coordinate tables; aliases normalized conservatively.
494,7,Umarkot,umarkot,,,public_dataset,reviewed,Canonical city row derived from supplied city/coordinate tables; aliases normalized conservatively.
495,7,Uttar Bastar Kanker,uttar bastar kanker,20.1286893,80.9845300,public_dataset,reviewed,Canonical city row derived from supplied city/coordinate tables; aliases normalized conservatively.
496,8,Amli,amli,20.2971763,73.0135368,public_dataset,reviewed,Canonical city row derived from supplied city/coordinate tables; aliases normalized conservatively.
497,8,Dadra,dadra,20.3345288,72.9684764,public_dataset,reviewed,Canonical city row derived from supplied city/coordinate tables; aliases normalized conservatively.
498,8,Dadra & Nagar Haveli,dadra and nagar haveli,20.7182902,70.9853917,public_dataset,reviewed,Canonical city row derived from supplied city/coordinate tables; aliases normalized conservatively.
499,8,Daman,daman,20.4169701,72.8331730,public_dataset,reviewed,Canonical city row derived from supplied city/coordinate tables; aliases normalized conservatively.
500,8,Daman District,daman district,20.4166670,72.8833330,public_dataset,reviewed,Canonical city row derived from supplied city/coordinate tables; aliases normalized conservatively.
501,8,Diu,diu,20.7137783,70.9853635,public_dataset,reviewed,Canonical city row derived from supplied city/coordinate tables; aliases normalized conservatively.
502,8,Silvassa,silvassa,20.2736768,73.0045787,public_dataset,reviewed,Canonical city row derived from supplied city/coordinate tables; aliases normalized conservatively.
503,9,Alipur,alipur,28.7973118,77.1386670,public_dataset,reviewed,Canonical city row derived from supplied city/coordinate tables; aliases normalized conservatively.
504,9,Bawana,bawana,28.7996600,77.0328847,public_dataset,reviewed,Canonical city row derived from supplied city/coordinate tables; aliases normalized conservatively.
505,9,Central Delhi,central delhi,28.6388694,77.1616692,public_dataset,reviewed,Canonical city row derived from supplied city/coordinate tables; aliases normalized conservatively.
506,9,Delhi,delhi,28.6664535,77.2169781,public_dataset,reviewed,Canonical city row derived from supplied city/coordinate tables; aliases normalized conservatively.
507,9,Deoli,deoli,25.7600492,75.3755879,public_dataset,reviewed,Canonical city row derived from supplied city/coordinate tables; aliases normalized conservatively.
508,9,East Delhi,east delhi,28.6252148,77.2960034,public_dataset,reviewed,Canonical city row derived from supplied city/coordinate tables; aliases normalized conservatively.
509,9,Karol Bagh,karol bagh,28.6529982,77.1890227,public_dataset,reviewed,Canonical city row derived from supplied city/coordinate tables; aliases normalized conservatively.
510,9,Najafgarh,najafgarh,28.6124504,76.9865067,public_dataset,reviewed,Canonical city row derived from supplied city/coordinate tables; aliases normalized conservatively.
511,9,Nangloi Jat,nangloi jat,,,public_dataset,reviewed,Canonical city row derived from supplied city/coordinate tables; aliases normalized conservatively.
512,9,Narela,narela,28.8464766,77.0856631,public_dataset,reviewed,Canonical city row derived from supplied city/coordinate tables; aliases normalized conservatively.
513,9,New Delhi,new delhi,28.6664535,77.2169781,public_dataset,reviewed,Canonical city row derived from supplied city/coordinate tables; aliases normalized conservatively.
514,9,North Delhi,north delhi,28.7320192,77.1853448,public_dataset,reviewed,Canonical city row derived from supplied city/coordinate tables; aliases normalized conservatively.
515,9,North East Delhi,north east delhi,28.7185203,77.2645076,public_dataset,reviewed,Canonical city row derived from supplied city/coordinate tables; aliases normalized conservatively.
516,9,North West Delhi,north west delhi,28.7063083,77.1087892,public_dataset,reviewed,Canonical city row derived from supplied city/coordinate tables; aliases normalized conservatively.
517,9,Pitampura,pitampura,28.7032676,77.1322497,public_dataset,reviewed,Canonical city row derived from supplied city/coordinate tables; aliases normalized conservatively.
518,9,Rohini,rohini,28.7063083,77.1087892,public_dataset,reviewed,Canonical city row derived from supplied city/coordinate tables; aliases normalized conservatively.
519,9,South Delhi,south delhi,28.4992605,77.1743624,public_dataset,reviewed,Canonical city row derived from supplied city/coordinate tables; aliases normalized conservatively.
520,9,South West Delhi,south west delhi,28.5864481,76.9793527,public_dataset,reviewed,Canonical city row derived from supplied city/coordinate tables; aliases normalized conservatively.
521,9,West Delhi,west delhi,28.6409705,77.0949778,public_dataset,reviewed,Canonical city row derived from supplied city/coordinate tables; aliases normalized conservatively.
522,10,Aldona,aldona,15.5896313,73.8710503,public_dataset,reviewed,Canonical city row derived from supplied city/coordinate tables; aliases normalized conservatively.
523,10,Arambol,arambol,15.6878815,73.7055986,public_dataset,reviewed,Canonical city row derived from supplied city/coordinate tables; aliases normalized conservatively.
524,10,Baga,baga,15.5592836,73.7539656,public_dataset,reviewed,Canonical city row derived from supplied city/coordinate tables; aliases normalized conservatively.
525,10,Bambolim,bambolim,15.4581062,73.8514475,public_dataset,reviewed,Canonical city row derived from supplied city/coordinate tables; aliases normalized conservatively.
526,10,Bandora,bandora,15.4007176,73.9755070,public_dataset,reviewed,Canonical city row derived from supplied city/coordinate tables; aliases normalized conservatively.
527,10,Benaulim,benaulim,15.2601367,73.9275675,public_dataset,reviewed,Canonical city row derived from supplied city/coordinate tables; aliases normalized conservatively.
528,10,Calangute,calangute,15.5455940,73.7646182,public_dataset,reviewed,Canonical city row derived from supplied city/coordinate tables; aliases normalized conservatively.
529,10,Candolim,candolim,15.5201532,73.7659422,public_dataset,reviewed,Canonical city row derived from supplied city/coordinate tables; aliases normalized conservatively.
530,10,Carapur,carapur,,,public_dataset,reviewed,Canonical city row derived from supplied city/coordinate tables; aliases normalized conservatively.
531,10,Cavelossim,cavelossim,15.1845618,73.9456314,public_dataset,reviewed,Canonical city row derived from supplied city/coordinate tables; aliases normalized conservatively.
532,10,Chicalim,chicalim,15.3918926,73.8344664,public_dataset,reviewed,Canonical city row derived from supplied city/coordinate tables; aliases normalized conservatively.
533,10,Chinchinim,chinchinim,15.2113807,73.9772002,public_dataset,reviewed,Canonical city row derived from supplied city/coordinate tables; aliases normalized conservatively.
534,10,Colovale,colovale,,,public_dataset,reviewed,Canonical city row derived from supplied city/coordinate tables; aliases normalized conservatively.
535,10,Colva,colva,15.2773035,73.9202034,public_dataset,reviewed,Canonical city row derived from supplied city/coordinate tables; aliases normalized conservatively.
536,10,Cortalim,cortalim,15.3969664,73.9168370,public_dataset,reviewed,Canonical city row derived from supplied city/coordinate tables; aliases normalized conservatively.
537,10,Cuncolim,cuncolim,15.1801323,73.9978596,public_dataset,reviewed,Canonical city row derived from supplied city/coordinate tables; aliases normalized conservatively.
538,10,Curchorem,curchorem,15.2617381,74.1082756,public_dataset,reviewed,Canonical city row derived from supplied city/coordinate tables; aliases normalized conservatively.
539,10,Curti,curti,15.4174425,74.0229606,public_dataset,reviewed,Canonical city row derived from supplied city/coordinate tables; aliases normalized conservatively.
540,10,Davorlim,davorlim,,,public_dataset,reviewed,Canonical city row derived from supplied city/coordinate tables; aliases normalized conservatively.
541,10,Dicholi,dicholi,15.5901839,73.9457801,public_dataset,reviewed,Canonical city row derived from supplied city/coordinate tables; aliases normalized conservatively.
542,10,Goa Velha,goa velha,15.5023329,73.9117432,public_dataset,reviewed,Canonical city row derived from supplied city/coordinate tables; aliases normalized conservatively.
543,10,Guirim,guirim,15.5670553,73.8036817,public_dataset,reviewed,Canonical city row derived from supplied city/coordinate tables; aliases normalized conservatively.
544,10,Jua,jua,,,public_dataset,reviewed,Canonical city row derived from supplied city/coordinate tables; aliases normalized conservatively.
545,10,Kankon,kankon,15.0410142,74.0338816,public_dataset,reviewed,Canonical city row derived from supplied city/coordinate tables; aliases normalized conservatively.
546,10,Madgaon,madgaon,15.2673269,73.9703441,public_dataset,reviewed,Canonical city row derived from supplied city/coordinate tables; aliases normalized conservatively.
547,10,Mapuca,mapuca,15.5908530,73.8102146,public_dataset,reviewed,Canonical city row derived from supplied city/coordinate tables; aliases normalized conservatively.
548,10,Morjim,morjim,15.6294635,73.7358315,public_dataset,reviewed,Canonical city row derived from supplied city/coordinate tables; aliases normalized conservatively.
549,10,Mormugao,mormugao,15.4102428,73.7936048,public_dataset,reviewed,Canonical city row derived from supplied city/coordinate tables; aliases normalized conservatively.
550,10,Navelim,navelim,15.2565946,73.9664212,public_dataset,reviewed,Canonical city row derived from supplied city/coordinate tables; aliases normalized conservatively.
551,10,North Goa,north goa,15.6038925,73.9967006,public_dataset,reviewed,Canonical city row derived from supplied city/coordinate tables; aliases normalized conservatively.
552,10,Palle,palle,,,public_dataset,reviewed,Canonical city row derived from supplied city/coordinate tables; aliases normalized conservatively.
553,10,Panaji,panaji,15.4989946,73.8282141,public_dataset,reviewed,Canonical city row derived from supplied city/coordinate tables; aliases normalized conservatively.
554,10,Pernem,pernem,15.7089964,73.8167602,public_dataset,reviewed,Canonical city row derived from supplied city/coordinate tables; aliases normalized conservatively.
555,10,Ponda,ponda,15.4035516,74.0101676,public_dataset,reviewed,Canonical city row derived from supplied city/coordinate tables; aliases normalized conservatively.
556,10,Quepem,quepem,15.2142541,74.0707793,public_dataset,reviewed,Canonical city row derived from supplied city/coordinate tables; aliases normalized conservatively.
557,10,Queula,queula,,,public_dataset,reviewed,Canonical city row derived from supplied city/coordinate tables; aliases normalized conservatively.
558,10,Raia,raia,15.3136400,73.9840684,public_dataset,reviewed,Canonical city row derived from supplied city/coordinate tables; aliases normalized conservatively.
559,10,Saligao,saligao,15.5462074,73.7891386,public_dataset,reviewed,Canonical city row derived from supplied city/coordinate tables; aliases normalized conservatively.
560,10,Sancoale,sancoale,15.3886307,73.8893336,public_dataset,reviewed,Canonical city row derived from supplied city/coordinate tables; aliases normalized conservatively.
561,10,Sanguem,sanguem,15.2282657,74.1512667,public_dataset,reviewed,Canonical city row derived from supplied city/coordinate tables; aliases normalized conservatively.
562,10,Sanquelim,sanquelim,15.5626483,74.0114543,public_dataset,reviewed,Canonical city row derived from supplied city/coordinate tables; aliases normalized conservatively.
563,10,Sanvordem,sanvordem,15.2714033,74.1069244,public_dataset,reviewed,Canonical city row derived from supplied city/coordinate tables; aliases normalized conservatively.
564,10,Serula,serula,,,public_dataset,reviewed,Canonical city row derived from supplied city/coordinate tables; aliases normalized conservatively.
565,10,Solim,solim,,,public_dataset,reviewed,Canonical city row derived from supplied city/coordinate tables; aliases normalized conservatively.
566,10,South Goa,south goa,15.3376121,73.9937035,public_dataset,reviewed,Canonical city row derived from supplied city/coordinate tables; aliases normalized conservatively.
567,10,Taleigao,taleigao,15.4702665,73.8225674,public_dataset,reviewed,Canonical city row derived from supplied city/coordinate tables; aliases normalized conservatively.
568,10,Vagator,vagator,15.5985735,73.7408126,public_dataset,reviewed,Canonical city row derived from supplied city/coordinate tables; aliases normalized conservatively.
569,10,Valpoy,valpoy,,,public_dataset,reviewed,Canonical city row derived from supplied city/coordinate tables; aliases normalized conservatively.
570,10,Varca,varca,15.2314189,73.9432651,public_dataset,reviewed,Canonical city row derived from supplied city/coordinate tables; aliases normalized conservatively.
571,10,Vasco da Gama,vasco da gama,15.3984159,73.8128829,public_dataset,reviewed,Canonical city row derived from supplied city/coordinate tables; aliases normalized conservatively.
572,11,Abrama,abrama,21.2491175,72.9042168,public_dataset,reviewed,Canonical city row derived from supplied city/coordinate tables; aliases normalized conservatively.
573,11,Adalaj,adalaj,23.1646919,72.5821046,public_dataset,reviewed,Canonical city row derived from supplied city/coordinate tables; aliases normalized conservatively.
574,11,Agol,agol,23.1425327,72.2734173,public_dataset,reviewed,Canonical city row derived from supplied city/coordinate tables; aliases normalized conservatively.
575,11,Ahmedabad,ahmedabad,23.0215374,72.5800568,public_dataset,reviewed,Canonical city row derived from supplied city/coordinate tables; aliases normalized conservatively.
576,11,Ahwa,ahwa,20.7587262,73.6873533,public_dataset,reviewed,Canonical city row derived from supplied city/coordinate tables; aliases normalized conservatively.
577,11,Akrund,akrund,23.2857312,73.1286496,public_dataset,reviewed,Canonical city row derived from supplied city/coordinate tables; aliases normalized conservatively.
578,11,Amod,amod,21.9907832,72.8706259,public_dataset,reviewed,Canonical city row derived from supplied city/coordinate tables; aliases normalized conservatively.
579,11,Amreli,amreli,21.4176122,71.2496090,public_dataset,reviewed,Canonical city row derived from supplied city/coordinate tables; aliases normalized conservatively.
580,11,Amroli,amroli,21.2375488,72.8505771,public_dataset,reviewed,Canonical city row derived from supplied city/coordinate tables; aliases normalized conservatively.
581,11,Anand,anand,22.4739858,72.7361779,public_dataset,reviewed,Canonical city row derived from supplied city/coordinate tables; aliases normalized conservatively.
582,11,Anjar,anjar,23.1194278,70.0363797,public_dataset,reviewed,Canonical city row derived from supplied city/coordinate tables; aliases normalized conservatively.
583,11,Ankleshwar,ankleshwar,21.6293206,72.9945103,public_dataset,reviewed,Canonical city row derived from supplied city/coordinate tables; aliases normalized conservatively.
584,11,Babra,babra,21.8485451,71.3036656,public_dataset,reviewed,Canonical city row derived from supplied city/coordinate tables; aliases normalized conservatively.
585,11,Bagasara,bagasara,21.4857835,70.9559406,public_dataset,reviewed,Canonical city row derived from supplied city/coordinate tables; aliases normalized conservatively.
586,11,Bagasra,bagasra,,,public_dataset,reviewed,Canonical city row derived from supplied city/coordinate tables; aliases normalized conservatively.
587,11,Bakharla,bakharla,21.7286328,69.6378600,public_dataset,reviewed,Canonical city row derived from supplied city/coordinate tables; aliases normalized conservatively.
588,11,Balagam,balagam,,,public_dataset,reviewed,Canonical city row derived from supplied city/coordinate tables; aliases normalized conservatively.
589,11,Balasinor,balasinor,22.9561711,73.3370129,public_dataset,reviewed,Canonical city row derived from supplied city/coordinate tables; aliases normalized conservatively.
590,11,Balisana,balisana,23.8176638,72.2568538,public_dataset,reviewed,Canonical city row derived from supplied city/coordinate tables; aliases normalized conservatively.
591,11,Bamanbore,bamanbore,22.4017445,71.0248088,public_dataset,reviewed,Canonical city row derived from supplied city/coordinate tables; aliases normalized conservatively.
592,11,Banas Kantha,banas kantha,24.2693869,72.5367513,public_dataset,reviewed,Canonical city row derived from supplied city/coordinate tables; aliases normalized conservatively.
593,11,Bandia,bandia,,,public_dataset,reviewed,Canonical city row derived from supplied city/coordinate tables; aliases normalized conservatively.
594,11,Bantva,bantva,21.4885427,70.0765339,public_dataset,reviewed,Canonical city row derived from supplied city/coordinate tables; aliases normalized conservatively.
595,11,Bardoli,bardoli,21.1338291,73.1053896,public_dataset,reviewed,Canonical city row derived from supplied city/coordinate tables; aliases normalized conservatively.
596,11,Bedi,bedi,22.4610659,70.7503925,public_dataset,reviewed,Canonical city row derived from supplied city/coordinate tables; aliases normalized conservatively.
597,11,Bhachau,bhachau,23.3040626,70.3507333,public_dataset,reviewed,Canonical city row derived from supplied city/coordinate tables; aliases normalized conservatively.
598,11,Bhadran,bhadran,22.3609417,72.8993471,public_dataset,reviewed,Canonical city row derived from supplied city/coordinate tables; aliases normalized conservatively.
599,11,Bhandu,bhandu,23.6917752,72.3907384,public_dataset,reviewed,Canonical city row derived from supplied city/coordinate tables; aliases normalized conservatively.
600,11,Bhanvad,bhanvad,21.9333303,69.7984765,public_dataset,reviewed,Canonical city row derived from supplied city/coordinate tables; aliases normalized conservatively.
601,11,Bharuch,bharuch,21.7080427,72.9956936,public_dataset,reviewed,Canonical city row derived from supplied city/coordinate tables; aliases normalized conservatively.
602,11,Bhatha,bhatha,20.7806400,72.9537610,public_dataset,reviewed,Canonical city row derived from supplied city/coordinate tables; aliases normalized conservatively.
603,11,Bhavnagar,bhavnagar,21.7718836,72.1416449,public_dataset,reviewed,Canonical city row derived from supplied city/coordinate tables; aliases normalized conservatively.
604,11,Bhayavadar,bhayavadar,21.8479044,70.2362621,public_dataset,reviewed,Canonical city row derived from supplied city/coordinate tables; aliases normalized conservatively.
605,11,Bhildi,bhildi,24.1900667,72.0083387,public_dataset,reviewed,Canonical city row derived from supplied city/coordinate tables; aliases normalized conservatively.
606,11,Bhojpur Dharampur,bhojpur dharampur,,,public_dataset,reviewed,Canonical city row derived from supplied city/coordinate tables; aliases normalized conservatively.
607,11,Bhuj,bhuj,23.2472446,69.6683390,public_dataset,reviewed,Canonical city row derived from supplied city/coordinate tables; aliases normalized conservatively.
608,11,Bilimora,bilimora,20.7671693,72.9693451,public_dataset,reviewed,Canonical city row derived from supplied city/coordinate tables; aliases normalized conservatively.
609,11,Bilkha,bilkha,21.4398373,70.6000077,public_dataset,reviewed,Canonical city row derived from supplied city/coordinate tables; aliases normalized conservatively.
610,11,Borsad,borsad,22.4094019,72.9052520,public_dataset,reviewed,Canonical city row derived from supplied city/coordinate tables; aliases normalized conservatively.
611,11,Botad,botad,22.0467097,71.6689617,public_dataset,reviewed,Canonical city row derived from supplied city/coordinate tables; aliases normalized conservatively.
612,11,Chaklasi,chaklasi,22.6513989,72.9442452,public_dataset,reviewed,Canonical city row derived from supplied city/coordinate tables; aliases normalized conservatively.
613,11,Chalala,chalala,21.4103193,71.1654783,public_dataset,reviewed,Canonical city row derived from supplied city/coordinate tables; aliases normalized conservatively.
614,11,Chaloda,chaloda,22.8032995,72.4481750,public_dataset,reviewed,Canonical city row derived from supplied city/coordinate tables; aliases normalized conservatively.
615,11,Champaner,champaner,22.4848056,73.5343679,public_dataset,reviewed,Canonical city row derived from supplied city/coordinate tables; aliases normalized conservatively.
616,11,Chanasma,chanasma,23.7150529,72.1150247,public_dataset,reviewed,Canonical city row derived from supplied city/coordinate tables; aliases normalized conservatively.
617,11,Chhala,chhala,21.4928781,71.8057102,public_dataset,reviewed,Canonical city row derived from supplied city/coordinate tables; aliases normalized conservatively.
618,11,Chhota Udepur,chhota udepur,22.3148736,74.0141067,public_dataset,reviewed,Canonical city row derived from supplied city/coordinate tables; aliases normalized conservatively.
619,11,Chikhli,chikhli,20.7581399,73.0598983,public_dataset,reviewed,Canonical city row derived from supplied city/coordinate tables; aliases normalized conservatively.
620,11,Chotila,chotila,22.4243903,71.1992399,public_dataset,reviewed,Canonical city row derived from supplied city/coordinate tables; aliases normalized conservatively.
621,11,Chuda,chuda,22.4815114,71.6881728,public_dataset,reviewed,Canonical city row derived from supplied city/coordinate tables; aliases normalized conservatively.
622,11,Dabhoda,dabhoda,23.1647156,72.7435768,public_dataset,reviewed,Canonical city row derived from supplied city/coordinate tables; aliases normalized conservatively.
623,11,Dabhoi,dabhoi,22.1336175,73.4201004,public_dataset,reviewed,Canonical city row derived from supplied city/coordinate tables; aliases normalized conservatively.
624,11,Dahegam,dahegam,23.1681910,72.8223276,public_dataset,reviewed,Canonical city row derived from supplied city/coordinate tables; aliases normalized conservatively.
625,11,Dahod,dahod,22.9194099,74.1342725,public_dataset,reviewed,Canonical city row derived from supplied city/coordinate tables; aliases normalized conservatively.
626,11,Dakor,dakor,22.7466127,73.1578516,public_dataset,reviewed,Canonical city row derived from supplied city/coordinate tables; aliases normalized conservatively.
627,11,Damnagar,damnagar,22.1453429,69.3467448,public_dataset,reviewed,Canonical city row derived from supplied city/coordinate tables; aliases normalized conservatively.
628,11,Dandi,dandi,20.8905713,72.8059080,public_dataset,reviewed,Canonical city row derived from supplied city/coordinate tables; aliases normalized conservatively.
629,11,Dangs (India),dangs india,,,public_dataset,reviewed,Canonical city row derived from supplied city/coordinate tables; aliases normalized conservatively.
630,11,Danta,danta,24.1875570,72.7649516,public_dataset,reviewed,Canonical city row derived from supplied city/coordinate tables; aliases normalized conservatively.
631,11,Dayapar,dayapar,23.6348031,68.9011899,public_dataset,reviewed,Canonical city row derived from supplied city/coordinate tables; aliases normalized conservatively.
632,11,Delvada,delvada,20.7735574,71.0418496,public_dataset,reviewed,Canonical city row derived from supplied city/coordinate tables; aliases normalized conservatively.
633,11,Delwada,delwada,,,public_dataset,reviewed,Canonical city row derived from supplied city/coordinate tables; aliases normalized conservatively.
634,11,Detroj,detroj,23.3400361,72.1844358,public_dataset,reviewed,Canonical city row derived from supplied city/coordinate tables; aliases normalized conservatively.
635,11,Devbhumi Dwarka,devbhumi dwarka,22.2473679,68.9682073,public_dataset,reviewed,Canonical city row derived from supplied city/coordinate tables; aliases normalized conservatively.
636,11,Devgadh Bariya,devgadh bariya,,,public_dataset,reviewed,Canonical city row derived from supplied city/coordinate tables; aliases normalized conservatively.
637,11,Dhandhuka,dhandhuka,22.3816365,71.9791414,public_dataset,reviewed,Canonical city row derived from supplied city/coordinate tables; aliases normalized conservatively.
638,11,Dhanera,dhanera,24.5036694,72.0325116,public_dataset,reviewed,Canonical city row derived from supplied city/coordinate tables; aliases normalized conservatively.
639,11,Dhansura,dhansura,23.3467000,73.2054000,public_dataset,reviewed,Canonical city row derived from supplied city/coordinate tables; aliases normalized conservatively.
640,11,Dharampur,dharampur,22.5416518,70.5378926,public_dataset,reviewed,Canonical city row derived from supplied city/coordinate tables; aliases normalized conservatively.
641,11,Dharasana,dharasana,20.6957722,72.9188367,public_dataset,reviewed,Canonical city row derived from supplied city/coordinate tables; aliases normalized conservatively.
642,11,Dhari,dhari,21.3280712,71.0262213,public_dataset,reviewed,Canonical city row derived from supplied city/coordinate tables; aliases normalized conservatively.
643,11,Dhasa,dhasa,21.8051725,71.5153423,public_dataset,reviewed,Canonical city row derived from supplied city/coordinate tables; aliases normalized conservatively.
644,11,Dhola,dhola,21.8226487,71.7396251,public_dataset,reviewed,Canonical city row derived from supplied city/coordinate tables; aliases normalized conservatively.
645,11,Dholera,dholera,22.2495856,72.1959892,public_dataset,reviewed,Canonical city row derived from supplied city/coordinate tables; aliases normalized conservatively.
646,11,Dholka,dholka,22.7266070,72.4411863,public_dataset,reviewed,Canonical city row derived from supplied city/coordinate tables; aliases normalized conservatively.
647,11,Dhoraji,dhoraji,21.7220402,70.4443401,public_dataset,reviewed,Canonical city row derived from supplied city/coordinate tables; aliases normalized conservatively.
648,11,Dhrangadhra,dhrangadhra,22.9914292,71.4663753,public_dataset,reviewed,Canonical city row derived from supplied city/coordinate tables; aliases normalized conservatively.
649,11,Dhrol,dhrol,22.5675674,70.4164394,public_dataset,reviewed,Canonical city row derived from supplied city/coordinate tables; aliases normalized conservatively.
650,11,Dhuwaran,dhuwaran,,,public_dataset,reviewed,Canonical city row derived from supplied city/coordinate tables; aliases normalized conservatively.
651,11,Disa,disa,24.2373511,72.1794023,public_dataset,reviewed,Canonical city row derived from supplied city/coordinate tables; aliases normalized conservatively.
652,11,Dohad,dohad,,,public_dataset,reviewed,Canonical city row derived from supplied city/coordinate tables; aliases normalized conservatively.
653,11,Dumkhal,dumkhal,21.7305403,73.6980173,public_dataset,reviewed,Canonical city row derived from supplied city/coordinate tables; aliases normalized conservatively.
654,11,Dungarpur,dungarpur,23.8538893,73.7087177,public_dataset,reviewed,Canonical city row derived from supplied city/coordinate tables; aliases normalized conservatively.
655,11,Dwarka,dwarka,22.2424747,68.9671448,public_dataset,reviewed,Canonical city row derived from supplied city/coordinate tables; aliases normalized conservatively.
656,11,Gadhada,gadhada,21.9682625,71.5769241,public_dataset,reviewed,Canonical city row derived from supplied city/coordinate tables; aliases normalized conservatively.
657,11,Gandevi,gandevi,20.8029715,72.9966726,public_dataset,reviewed,Canonical city row derived from supplied city/coordinate tables; aliases normalized conservatively.
658,11,Gandhidham,gandhidham,23.0718743,70.1317150,public_dataset,reviewed,Canonical city row derived from supplied city/coordinate tables; aliases normalized conservatively.
659,11,Gandhinagar,gandhinagar,23.2232877,72.6492267,public_dataset,reviewed,Canonical city row derived from supplied city/coordinate tables; aliases normalized conservatively.
660,11,Gariadhar,gariadhar,21.5385705,71.5792958,public_dataset,reviewed,Canonical city row derived from supplied city/coordinate tables; aliases normalized conservatively.
661,11,Ghodasar,ghodasar,22.9785228,72.6101796,public_dataset,reviewed,Canonical city row derived from supplied city/coordinate tables; aliases normalized conservatively.
662,11,Ghogha,ghogha,21.6874043,72.2761717,public_dataset,reviewed,Canonical city row derived from supplied city/coordinate tables; aliases normalized conservatively.
663,11,Gir Somnath,gir somnath,20.9298181,70.7627578,public_dataset,reviewed,Canonical city row derived from supplied city/coordinate tables; aliases normalized conservatively.
664,11,Godhra,godhra,22.7785001,73.6245157,public_dataset,reviewed,Canonical city row derived from supplied city/coordinate tables; aliases normalized conservatively.
665,11,Gondal,gondal,21.9721823,70.7955235,public_dataset,reviewed,Canonical city row derived from supplied city/coordinate tables; aliases normalized conservatively.
666,11,Gorwa,gorwa,22.3354934,73.1485820,public_dataset,reviewed,Canonical city row derived from supplied city/coordinate tables; aliases normalized conservatively.
667,11,Halenda,halenda,,,public_dataset,reviewed,Canonical city row derived from supplied city/coordinate tables; aliases normalized conservatively.
668,11,Halol,halol,22.5058547,73.4715851,public_dataset,reviewed,Canonical city row derived from supplied city/coordinate tables; aliases normalized conservatively.
669,11,Halvad,halvad,23.0182418,71.1833818,public_dataset,reviewed,Canonical city row derived from supplied city/coordinate tables; aliases normalized conservatively.
670,11,Hansot,hansot,21.5858279,72.8101435,public_dataset,reviewed,Canonical city row derived from supplied city/coordinate tables; aliases normalized conservatively.
671,11,Harij,harij,23.6931596,71.9008666,public_dataset,reviewed,Canonical city row derived from supplied city/coordinate tables; aliases normalized conservatively.
672,11,Harsol,harsol,23.3625336,73.0177635,public_dataset,reviewed,Canonical city row derived from supplied city/coordinate tables; aliases normalized conservatively.
673,11,Hathuran,hathuran,21.5006775,72.9669109,public_dataset,reviewed,Canonical city row derived from supplied city/coordinate tables; aliases normalized conservatively.
674,11,Himatnagar,himatnagar,23.5971246,72.9588273,public_dataset,reviewed,Canonical city row derived from supplied city/coordinate tables; aliases normalized conservatively.
675,11,Idar,idar,23.8362255,73.0114616,public_dataset,reviewed,Canonical city row derived from supplied city/coordinate tables; aliases normalized conservatively.
676,11,Jakhau,jakhau,23.2197985,68.7142064,public_dataset,reviewed,Canonical city row derived from supplied city/coordinate tables; aliases normalized conservatively.
677,11,Jalalpore,jalalpore,20.9484948,72.8978920,public_dataset,reviewed,Canonical city row derived from supplied city/coordinate tables; aliases normalized conservatively.
678,11,Jalalpur,jalalpur,26.3001288,82.7283725,public_dataset,reviewed,Canonical city row derived from supplied city/coordinate tables; aliases normalized conservatively.
679,11,Jalia,jalia,22.4332498,70.4013631,public_dataset,reviewed,Canonical city row derived from supplied city/coordinate tables; aliases normalized conservatively.
680,11,Jambuda,jambuda,22.5199156,70.2065787,public_dataset,reviewed,Canonical city row derived from supplied city/coordinate tables; aliases normalized conservatively.
681,11,Jambusar,jambusar,22.0514367,72.8069758,public_dataset,reviewed,Canonical city row derived from supplied city/coordinate tables; aliases normalized conservatively.
682,11,Jamnagar,jamnagar,22.4732415,70.0552102,public_dataset,reviewed,Canonical city row derived from supplied city/coordinate tables; aliases normalized conservatively.
683,11,"Jarod,",jarod,22.4413467,73.3380845,public_dataset,reviewed,Canonical city row derived from supplied city/coordinate tables; aliases normalized conservatively.
684,11,Jasdan,jasdan,22.0399000,71.2046000,public_dataset,reviewed,Canonical city row derived from supplied city/coordinate tables; aliases normalized conservatively.
685,11,Jetalpur,jetalpur,22.3075318,73.1764810,public_dataset,reviewed,Canonical city row derived from supplied city/coordinate tables; aliases normalized conservatively.
686,11,Jetalsar,jetalsar,21.7092774,70.5761993,public_dataset,reviewed,Canonical city row derived from supplied city/coordinate tables; aliases normalized conservatively.
687,11,Jetpur,jetpur,21.7543725,70.6189391,public_dataset,reviewed,Canonical city row derived from supplied city/coordinate tables; aliases normalized conservatively.
688,11,Jetpur (Navagadh),jetpur navagadh,,,public_dataset,reviewed,Canonical city row derived from supplied city/coordinate tables; aliases normalized conservatively.
689,11,Jhalod,jhalod,23.1006273,74.1560018,public_dataset,reviewed,Canonical city row derived from supplied city/coordinate tables; aliases normalized conservatively.
690,11,Jhulasan,jhulasan,23.3257178,72.4722149,public_dataset,reviewed,Canonical city row derived from supplied city/coordinate tables; aliases normalized conservatively.
691,11,Jodhpur,jodhpur,26.2967719,73.0351433,public_dataset,reviewed,Canonical city row derived from supplied city/coordinate tables; aliases normalized conservatively.
692,11,Jodhpur (Ahmedabad),jodhpur ahmedabad,23.0169268,72.5204317,public_dataset,reviewed,Canonical city row derived from supplied city/coordinate tables; aliases normalized conservatively.
693,11,Jodia,jodia,,,public_dataset,reviewed,Canonical city row derived from supplied city/coordinate tables; aliases normalized conservatively.
694,11,Jodiya Bandar,jodiya bandar,,,public_dataset,reviewed,Canonical city row derived from supplied city/coordinate tables; aliases normalized conservatively.
695,11,Junagadh,junagadh,21.5220416,70.4582458,public_dataset,reviewed,Canonical city row derived from supplied city/coordinate tables; aliases normalized conservatively.
696,11,Kachchh,kachchh,23.5833330,70.0000000,public_dataset,reviewed,Canonical city row derived from supplied city/coordinate tables; aliases normalized conservatively.
697,11,Kachholi,kachholi,20.8413030,72.9702070,public_dataset,reviewed,Canonical city row derived from supplied city/coordinate tables; aliases normalized conservatively.
698,11,Kadi,kadi,23.2969449,72.3306381,public_dataset,reviewed,Canonical city row derived from supplied city/coordinate tables; aliases normalized conservatively.
699,11,Kadod,kadod,21.2171420,73.2188071,public_dataset,reviewed,Canonical city row derived from supplied city/coordinate tables; aliases normalized conservatively.
700,11,Kalavad,kalavad,22.2143736,70.3834253,public_dataset,reviewed,Canonical city row derived from supplied city/coordinate tables; aliases normalized conservatively.
701,11,Kalol,kalol,23.2452165,72.4966223,public_dataset,reviewed,Canonical city row derived from supplied city/coordinate tables; aliases normalized conservatively.
702,11,Kandla,kandla,23.0177525,70.2096164,public_dataset,reviewed,Canonical city row derived from supplied city/coordinate tables; aliases normalized conservatively.
703,11,Kandla port,kandla port,23.0046565,70.2162863,public_dataset,reviewed,Canonical city row derived from supplied city/coordinate tables; aliases normalized conservatively.
704,11,Kanodar,kanodar,24.0893660,72.3946712,public_dataset,reviewed,Canonical city row derived from supplied city/coordinate tables; aliases normalized conservatively.
705,11,Kapadvanj,kapadvanj,23.0232402,73.0727531,public_dataset,reviewed,Canonical city row derived from supplied city/coordinate tables; aliases normalized conservatively.
706,11,Karamsad,karamsad,22.5415450,72.9048945,public_dataset,reviewed,Canonical city row derived from supplied city/coordinate tables; aliases normalized conservatively.
707,11,Kariana,kariana,,,public_dataset,reviewed,Canonical city row derived from supplied city/coordinate tables; aliases normalized conservatively.
708,11,Karjan,karjan,22.0523055,73.1216703,public_dataset,reviewed,Canonical city row derived from supplied city/coordinate tables; aliases normalized conservatively.
709,11,Kathor,kathor,21.2884575,72.9403700,public_dataset,reviewed,Canonical city row derived from supplied city/coordinate tables; aliases normalized conservatively.
710,11,Katpur,katpur,23.8097332,72.1205205,public_dataset,reviewed,Canonical city row derived from supplied city/coordinate tables; aliases normalized conservatively.
711,11,Kavant,kavant,22.0905806,74.0343690,public_dataset,reviewed,Canonical city row derived from supplied city/coordinate tables; aliases normalized conservatively.
712,11,Kawant,kawant,22.0931741,74.0504514,public_dataset,reviewed,Canonical city row derived from supplied city/coordinate tables; aliases normalized conservatively.
713,11,Kayavarohan,kayavarohan,22.0778966,73.2496764,public_dataset,reviewed,Canonical city row derived from supplied city/coordinate tables; aliases normalized conservatively.
714,11,Kerwada,kerwada,,,public_dataset,reviewed,Canonical city row derived from supplied city/coordinate tables; aliases normalized conservatively.
715,11,Keshod,keshod,21.3148629,70.2678937,public_dataset,reviewed,Canonical city row derived from supplied city/coordinate tables; aliases normalized conservatively.
716,11,Khambhalia,khambhalia,22.2289794,69.5708940,public_dataset,reviewed,Canonical city row derived from supplied city/coordinate tables; aliases normalized conservatively.
717,11,Khambhat,khambhat,22.3166806,72.6243126,public_dataset,reviewed,Canonical city row derived from supplied city/coordinate tables; aliases normalized conservatively.
718,11,Khavda,khavda,23.8244987,69.7298378,public_dataset,reviewed,Canonical city row derived from supplied city/coordinate tables; aliases normalized conservatively.
719,11,Kheda,kheda,22.8532503,72.9953586,public_dataset,reviewed,Canonical city row derived from supplied city/coordinate tables; aliases normalized conservatively.
720,11,Khedbrahma,khedbrahma,24.0310837,73.0484016,public_dataset,reviewed,Canonical city row derived from supplied city/coordinate tables; aliases normalized conservatively.
721,11,Khedoi,khedoi,23.0625963,69.9185585,public_dataset,reviewed,Canonical city row derived from supplied city/coordinate tables; aliases normalized conservatively.
722,11,Kherali,kherali,22.6896190,71.6006046,public_dataset,reviewed,Canonical city row derived from supplied city/coordinate tables; aliases normalized conservatively.
723,11,Kheralu,kheralu,23.8851474,72.6172316,public_dataset,reviewed,Canonical city row derived from supplied city/coordinate tables; aliases normalized conservatively.
724,11,Kodinar,kodinar,20.7971703,70.6957211,public_dataset,reviewed,Canonical city row derived from supplied city/coordinate tables; aliases normalized conservatively.
725,11,Kosamba,kosamba,21.4666151,72.9518617,public_dataset,reviewed,Canonical city row derived from supplied city/coordinate tables; aliases normalized conservatively.
726,11,Kothara,kothara,23.1263951,68.9440198,public_dataset,reviewed,Canonical city row derived from supplied city/coordinate tables; aliases normalized conservatively.
727,11,Kotharia,kotharia,22.6568441,70.8189034,public_dataset,reviewed,Canonical city row derived from supplied city/coordinate tables; aliases normalized conservatively.
728,11,Kukarmunda,kukarmunda,21.5470826,74.1262241,public_dataset,reviewed,Canonical city row derived from supplied city/coordinate tables; aliases normalized conservatively.
729,11,Kukma,kukma,23.2169109,69.7784204,public_dataset,reviewed,Canonical city row derived from supplied city/coordinate tables; aliases normalized conservatively.
730,11,Kundla,kundla,21.3394692,71.3016986,public_dataset,reviewed,Canonical city row derived from supplied city/coordinate tables; aliases normalized conservatively.
731,11,Kutch district,kutch district,23.5833330,70.0000000,public_dataset,reviewed,Canonical city row derived from supplied city/coordinate tables; aliases normalized conservatively.
732,11,Kutiyana,kutiyana,21.6228345,69.9852088,public_dataset,reviewed,Canonical city row derived from supplied city/coordinate tables; aliases normalized conservatively.
733,11,Ladol,ladol,23.6219787,72.7345911,public_dataset,reviewed,Canonical city row derived from supplied city/coordinate tables; aliases normalized conservatively.
734,11,Lakhpat,lakhpat,23.8268882,68.7751578,public_dataset,reviewed,Canonical city row derived from supplied city/coordinate tables; aliases normalized conservatively.
735,11,Lakhtar,lakhtar,22.8724876,71.7763542,public_dataset,reviewed,Canonical city row derived from supplied city/coordinate tables; aliases normalized conservatively.
736,11,Lalpur,lalpur,22.1915377,69.9639630,public_dataset,reviewed,Canonical city row derived from supplied city/coordinate tables; aliases normalized conservatively.
737,11,Langhnaj,langhnaj,23.4573944,72.4933867,public_dataset,reviewed,Canonical city row derived from supplied city/coordinate tables; aliases normalized conservatively.
738,11,Lathi,lathi,21.7247180,71.3899959,public_dataset,reviewed,Canonical city row derived from supplied city/coordinate tables; aliases normalized conservatively.
739,11,Limbdi,limbdi,22.5660006,71.7899425,public_dataset,reviewed,Canonical city row derived from supplied city/coordinate tables; aliases normalized conservatively.
740,11,Limkheda,limkheda,22.8348780,73.9846526,public_dataset,reviewed,Canonical city row derived from supplied city/coordinate tables; aliases normalized conservatively.
741,11,Lunavada,lunavada,23.1290668,73.6111140,public_dataset,reviewed,Canonical city row derived from supplied city/coordinate tables; aliases normalized conservatively.
742,11,Madhavpur Ghed,madhavpur ghed,,,public_dataset,reviewed,Canonical city row derived from supplied city/coordinate tables; aliases normalized conservatively.
743,11,Madhi,madhi,21.1457123,73.2424025,public_dataset,reviewed,Canonical city row derived from supplied city/coordinate tables; aliases normalized conservatively.
744,11,Mahemdavad,mahemdavad,22.8245152,72.7533562,public_dataset,reviewed,Canonical city row derived from supplied city/coordinate tables; aliases normalized conservatively.
745,11,Mahesana,mahesana,23.6015557,72.3867981,public_dataset,reviewed,Canonical city row derived from supplied city/coordinate tables; aliases normalized conservatively.
746,11,Mahisa,mahisa,22.8499725,73.0586582,public_dataset,reviewed,Canonical city row derived from supplied city/coordinate tables; aliases normalized conservatively.
747,11,Mahudha,mahudha,22.8201982,72.9386868,public_dataset,reviewed,Canonical city row derived from supplied city/coordinate tables; aliases normalized conservatively.
748,11,Mahuva,mahuva,21.0914409,71.7621979,public_dataset,reviewed,Canonical city row derived from supplied city/coordinate tables; aliases normalized conservatively.
749,11,Mahuva (Surat),mahuva surat,21.0180294,73.1388718,public_dataset,reviewed,Canonical city row derived from supplied city/coordinate tables; aliases normalized conservatively.
750,11,Malpur,malpur,23.3594332,73.4649753,public_dataset,reviewed,Canonical city row derived from supplied city/coordinate tables; aliases normalized conservatively.
751,11,Manavadar,manavadar,21.4979645,70.1406499,public_dataset,reviewed,Canonical city row derived from supplied city/coordinate tables; aliases normalized conservatively.
752,11,Mandal,mandal,25.4418507,74.5673975,public_dataset,reviewed,Canonical city row derived from supplied city/coordinate tables; aliases normalized conservatively.
753,11,Mandvi,mandvi,22.8314482,69.3508100,public_dataset,reviewed,Canonical city row derived from supplied city/coordinate tables; aliases normalized conservatively.
754,11,Mandvi (Surat),mandvi surat,21.2549260,73.3046407,public_dataset,reviewed,Canonical city row derived from supplied city/coordinate tables; aliases normalized conservatively.
755,11,Mangrol,mangrol,25.3307117,76.5120394,public_dataset,reviewed,Canonical city row derived from supplied city/coordinate tables; aliases normalized conservatively.
756,11,Mangrol (Junagadh),mangrol junagadh,21.1241507,70.1199203,public_dataset,reviewed,Canonical city row derived from supplied city/coordinate tables; aliases normalized conservatively.
757,11,Mansa,mansa,29.8764133,75.4889564,public_dataset,reviewed,Canonical city row derived from supplied city/coordinate tables; aliases normalized conservatively.
758,11,Meghraj,meghraj,23.5219981,73.5486403,public_dataset,reviewed,Canonical city row derived from supplied city/coordinate tables; aliases normalized conservatively.
759,11,Mehsana,mehsana,23.6012628,72.3741516,public_dataset,reviewed,Canonical city row derived from supplied city/coordinate tables; aliases normalized conservatively.
760,11,Mendarda,mendarda,21.3232985,70.4425757,public_dataset,reviewed,Canonical city row derived from supplied city/coordinate tables; aliases normalized conservatively.
761,11,Mithapur,mithapur,22.4117955,69.0089392,public_dataset,reviewed,Canonical city row derived from supplied city/coordinate tables; aliases normalized conservatively.
762,11,Modasa,modasa,23.4634245,73.2990631,public_dataset,reviewed,Canonical city row derived from supplied city/coordinate tables; aliases normalized conservatively.
763,11,Morbi,morbi,22.8003959,70.8862320,public_dataset,reviewed,Canonical city row derived from supplied city/coordinate tables; aliases normalized conservatively.
764,11,Morva (Hadaf),morva hadaf,22.9474014,73.8348390,public_dataset,reviewed,Canonical city row derived from supplied city/coordinate tables; aliases normalized conservatively.
765,11,Morwa,morwa,22.9184516,73.8426033,public_dataset,reviewed,Canonical city row derived from supplied city/coordinate tables; aliases normalized conservatively.
766,11,Mundra,mundra,22.8393153,69.7249477,public_dataset,reviewed,Canonical city row derived from supplied city/coordinate tables; aliases normalized conservatively.
767,11,Nadiad,nadiad,22.6895535,72.8713603,public_dataset,reviewed,Canonical city row derived from supplied city/coordinate tables; aliases normalized conservatively.
768,11,Nagwa,nagwa,,,public_dataset,reviewed,Canonical city row derived from supplied city/coordinate tables; aliases normalized conservatively.
769,11,Naldhara,naldhara,,,public_dataset,reviewed,Canonical city row derived from supplied city/coordinate tables; aliases normalized conservatively.
770,11,Naliya,naliya,23.2435087,68.8252367,public_dataset,reviewed,Canonical city row derived from supplied city/coordinate tables; aliases normalized conservatively.
771,11,Nargol,nargol,20.2278636,72.7511725,public_dataset,reviewed,Canonical city row derived from supplied city/coordinate tables; aliases normalized conservatively.
772,11,Narmada,narmada,21.7392624,73.6262458,public_dataset,reviewed,Canonical city row derived from supplied city/coordinate tables; aliases normalized conservatively.
773,11,Naroda,naroda,23.0854097,72.6580946,public_dataset,reviewed,Canonical city row derived from supplied city/coordinate tables; aliases normalized conservatively.
774,11,Navsari,navsari,20.9524070,72.9323831,public_dataset,reviewed,Canonical city row derived from supplied city/coordinate tables; aliases normalized conservatively.
775,11,Nikora,nikora,,,public_dataset,reviewed,Canonical city row derived from supplied city/coordinate tables; aliases normalized conservatively.
776,11,Nizar,nizar,21.4769980,74.1958106,public_dataset,reviewed,Canonical city row derived from supplied city/coordinate tables; aliases normalized conservatively.
777,11,Odadar,odadar,,,public_dataset,reviewed,Canonical city row derived from supplied city/coordinate tables; aliases normalized conservatively.
778,11,Okha,okha,22.4716083,69.0765418,public_dataset,reviewed,Canonical city row derived from supplied city/coordinate tables; aliases normalized conservatively.
779,11,Olpad,olpad,21.3360054,72.7516479,public_dataset,reviewed,Canonical city row derived from supplied city/coordinate tables; aliases normalized conservatively.
780,11,Paddhari,paddhari,22.4297959,70.6057564,public_dataset,reviewed,Canonical city row derived from supplied city/coordinate tables; aliases normalized conservatively.
781,11,Padra,padra,22.2412214,73.0855259,public_dataset,reviewed,Canonical city row derived from supplied city/coordinate tables; aliases normalized conservatively.
782,11,Palanpur,palanpur,24.1709794,72.4366375,public_dataset,reviewed,Canonical city row derived from supplied city/coordinate tables; aliases normalized conservatively.
783,11,Palanswa,palanswa,,,public_dataset,reviewed,Canonical city row derived from supplied city/coordinate tables; aliases normalized conservatively.
784,11,Palitana,palitana,21.5236104,71.8219597,public_dataset,reviewed,Canonical city row derived from supplied city/coordinate tables; aliases normalized conservatively.
785,11,Paliyad,paliyad,22.2587180,71.5619822,public_dataset,reviewed,Canonical city row derived from supplied city/coordinate tables; aliases normalized conservatively.
786,11,Paliyad (Bhavnagar),paliyad bhavnagar,,,public_dataset,reviewed,Canonical city row derived from supplied city/coordinate tables; aliases normalized conservatively.
787,11,Palsana,palsana,21.0859408,72.9780460,public_dataset,reviewed,Canonical city row derived from supplied city/coordinate tables; aliases normalized conservatively.
788,11,Panch Mahals,panch mahals,23.0000000,74.0000000,public_dataset,reviewed,Canonical city row derived from supplied city/coordinate tables; aliases normalized conservatively.
789,11,Panchmahal district,panchmahal district,22.6978099,73.5980682,public_dataset,reviewed,Canonical city row derived from supplied city/coordinate tables; aliases normalized conservatively.
790,11,Pardi,pardi,20.5137936,72.9242196,public_dataset,reviewed,Canonical city row derived from supplied city/coordinate tables; aliases normalized conservatively.
791,11,Parnera,parnera,20.5498176,72.9484275,public_dataset,reviewed,Canonical city row derived from supplied city/coordinate tables; aliases normalized conservatively.
792,11,Patan,patan,17.3565267,73.8634207,public_dataset,reviewed,Canonical city row derived from supplied city/coordinate tables; aliases normalized conservatively.
793,11,Pavi Jetpur,pavi jetpur,22.3396348,73.8134473,public_dataset,reviewed,Canonical city row derived from supplied city/coordinate tables; aliases normalized conservatively.
794,11,Petlad,petlad,22.4770467,72.8003365,public_dataset,reviewed,Canonical city row derived from supplied city/coordinate tables; aliases normalized conservatively.
795,11,Pipavav,pipavav,20.9388589,71.4770408,public_dataset,reviewed,Canonical city row derived from supplied city/coordinate tables; aliases normalized conservatively.
796,11,Piplod,piplod,22.8176195,73.9096627,public_dataset,reviewed,Canonical city row derived from supplied city/coordinate tables; aliases normalized conservatively.
797,11,Porbandar,porbandar,21.6505229,69.6565371,public_dataset,reviewed,Canonical city row derived from supplied city/coordinate tables; aliases normalized conservatively.
798,11,Prabhas Patan,prabhas patan,20.8905242,70.4019528,public_dataset,reviewed,Canonical city row derived from supplied city/coordinate tables; aliases normalized conservatively.
799,11,Prantij,prantij,23.4372086,72.8518061,public_dataset,reviewed,Canonical city row derived from supplied city/coordinate tables; aliases normalized conservatively.
800,11,Radhanpur,radhanpur,23.8472862,71.5858439,public_dataset,reviewed,Canonical city row derived from supplied city/coordinate tables; aliases normalized conservatively.
801,11,Rajkot,rajkot,22.3053263,70.8028377,public_dataset,reviewed,Canonical city row derived from supplied city/coordinate tables; aliases normalized conservatively.
802,11,Rajpipla,rajpipla,21.8780690,73.5039695,public_dataset,reviewed,Canonical city row derived from supplied city/coordinate tables; aliases normalized conservatively.
803,11,Rajula,rajula,21.0386170,71.4438845,public_dataset,reviewed,Canonical city row derived from supplied city/coordinate tables; aliases normalized conservatively.
804,11,Ranavav,ranavav,21.6986198,69.7268474,public_dataset,reviewed,Canonical city row derived from supplied city/coordinate tables; aliases normalized conservatively.
805,11,Ranpur,ranpur,22.3598858,71.7169084,public_dataset,reviewed,Canonical city row derived from supplied city/coordinate tables; aliases normalized conservatively.
806,11,Rapar,rapar,23.5707460,70.6450466,public_dataset,reviewed,Canonical city row derived from supplied city/coordinate tables; aliases normalized conservatively.
807,11,Reha,reha,23.1372030,69.7475838,public_dataset,reviewed,Canonical city row derived from supplied city/coordinate tables; aliases normalized conservatively.
808,11,Roha,roha,18.4465800,73.1238722,public_dataset,reviewed,Canonical city row derived from supplied city/coordinate tables; aliases normalized conservatively.
809,11,Sabar Kantha,sabar kantha,23.5000000,73.2500000,public_dataset,reviewed,Canonical city row derived from supplied city/coordinate tables; aliases normalized conservatively.
810,11,Sachin,sachin,21.0778781,72.8744643,public_dataset,reviewed,Canonical city row derived from supplied city/coordinate tables; aliases normalized conservatively.
811,11,Salaya,salaya,22.3110040,69.6025978,public_dataset,reviewed,Canonical city row derived from supplied city/coordinate tables; aliases normalized conservatively.
812,11,Samakhiali,samakhiali,23.3030966,70.5069387,public_dataset,reviewed,Canonical city row derived from supplied city/coordinate tables; aliases normalized conservatively.
813,11,Sanand,sanand,23.0238876,72.3851475,public_dataset,reviewed,Canonical city row derived from supplied city/coordinate tables; aliases normalized conservatively.
814,11,Sankheda,sankheda,22.1716283,73.5797953,public_dataset,reviewed,Canonical city row derived from supplied city/coordinate tables; aliases normalized conservatively.
815,11,Sarbhon,sarbhon,,,public_dataset,reviewed,Canonical city row derived from supplied city/coordinate tables; aliases normalized conservatively.
816,11,Sardoi,sardoi,,,public_dataset,reviewed,Canonical city row derived from supplied city/coordinate tables; aliases normalized conservatively.
817,11,Sarkhej,sarkhej,22.9834830,72.5007203,public_dataset,reviewed,Canonical city row derived from supplied city/coordinate tables; aliases normalized conservatively.
818,11,Sathamba,sathamba,,,public_dataset,reviewed,Canonical city row derived from supplied city/coordinate tables; aliases normalized conservatively.
819,11,Savarkundla,savarkundla,21.3355059,71.3130864,public_dataset,reviewed,Canonical city row derived from supplied city/coordinate tables; aliases normalized conservatively.
820,11,Savli,savli,22.5625110,73.2230996,public_dataset,reviewed,Canonical city row derived from supplied city/coordinate tables; aliases normalized conservatively.
821,11,Sayla,sayla,22.5494312,71.4820838,public_dataset,reviewed,Canonical city row derived from supplied city/coordinate tables; aliases normalized conservatively.
822,11,Shahpur,shahpur,29.7577461,77.6593494,public_dataset,reviewed,Canonical city row derived from supplied city/coordinate tables; aliases normalized conservatively.
823,11,Shivrajpur,shivrajpur,22.3273369,68.9558947,public_dataset,reviewed,Canonical city row derived from supplied city/coordinate tables; aliases normalized conservatively.
824,11,Siddhpur,siddhpur,23.9182790,72.3681846,public_dataset,reviewed,Canonical city row derived from supplied city/coordinate tables; aliases normalized conservatively.
825,11,Sihor,sihor,21.7204940,71.9605587,public_dataset,reviewed,Canonical city row derived from supplied city/coordinate tables; aliases normalized conservatively.
826,11,Sikka,sikka,22.4290087,69.8432372,public_dataset,reviewed,Canonical city row derived from supplied city/coordinate tables; aliases normalized conservatively.
827,11,Sinor,sinor,21.9111503,73.3384024,public_dataset,reviewed,Canonical city row derived from supplied city/coordinate tables; aliases normalized conservatively.
828,11,Sojitra,sojitra,22.5391166,72.7192782,public_dataset,reviewed,Canonical city row derived from supplied city/coordinate tables; aliases normalized conservatively.
829,11,Songadh,songadh,21.1702124,73.5622874,public_dataset,reviewed,Canonical city row derived from supplied city/coordinate tables; aliases normalized conservatively.
830,11,Supedi,supedi,21.7585393,70.3758429,public_dataset,reviewed,Canonical city row derived from supplied city/coordinate tables; aliases normalized conservatively.
831,11,Surat,surat,21.2094892,72.8317058,public_dataset,reviewed,Canonical city row derived from supplied city/coordinate tables; aliases normalized conservatively.
832,11,Surendranagar,surendranagar,22.8251395,71.6209736,public_dataset,reviewed,Canonical city row derived from supplied city/coordinate tables; aliases normalized conservatively.
833,11,Sutrapada,sutrapada,20.8428692,70.4799081,public_dataset,reviewed,Canonical city row derived from supplied city/coordinate tables; aliases normalized conservatively.
834,11,Talaja,talaja,21.3538931,72.0338421,public_dataset,reviewed,Canonical city row derived from supplied city/coordinate tables; aliases normalized conservatively.
835,11,Tankara,tankara,22.6562177,70.7486911,public_dataset,reviewed,Canonical city row derived from supplied city/coordinate tables; aliases normalized conservatively.
836,11,Tapi,tapi,21.1916567,73.5560631,public_dataset,reviewed,Canonical city row derived from supplied city/coordinate tables; aliases normalized conservatively.
837,11,Than,than,22.5783770,71.2063060,public_dataset,reviewed,Canonical city row derived from supplied city/coordinate tables; aliases normalized conservatively.
838,11,Thangadh,thangadh,22.5743355,71.2000239,public_dataset,reviewed,Canonical city row derived from supplied city/coordinate tables; aliases normalized conservatively.
839,11,Tharad,tharad,24.3897272,71.6292685,public_dataset,reviewed,Canonical city row derived from supplied city/coordinate tables; aliases normalized conservatively.
840,11,Thasra,thasra,22.7977449,73.2207334,public_dataset,reviewed,Canonical city row derived from supplied city/coordinate tables; aliases normalized conservatively.
841,11,The Dangs,the dangs,20.7500000,73.7500000,public_dataset,reviewed,Canonical city row derived from supplied city/coordinate tables; aliases normalized conservatively.
842,11,Umarpada,umarpada,21.4563995,73.4757224,public_dataset,reviewed,Canonical city row derived from supplied city/coordinate tables; aliases normalized conservatively.
843,11,Umrala,umrala,21.8437449,71.8049299,public_dataset,reviewed,Canonical city row derived from supplied city/coordinate tables; aliases normalized conservatively.
844,11,Umreth,umreth,22.6990518,73.1150450,public_dataset,reviewed,Canonical city row derived from supplied city/coordinate tables; aliases normalized conservatively.
845,11,Un,un,28.1597724,79.8356273,public_dataset,reviewed,Canonical city row derived from supplied city/coordinate tables; aliases normalized conservatively.
846,11,Una,una,31.5834642,76.2351452,public_dataset,reviewed,Canonical city row derived from supplied city/coordinate tables; aliases normalized conservatively.
847,11,Unjha,unjha,23.7968484,72.3818955,public_dataset,reviewed,Canonical city row derived from supplied city/coordinate tables; aliases normalized conservatively.
848,11,Upleta,upleta,21.7466811,70.2821426,public_dataset,reviewed,Canonical city row derived from supplied city/coordinate tables; aliases normalized conservatively.
849,11,Utran,utran,21.2335705,72.8551871,public_dataset,reviewed,Canonical city row derived from supplied city/coordinate tables; aliases normalized conservatively.
850,11,Vadgam,vadgam,24.0782271,72.4891682,public_dataset,reviewed,Canonical city row derived from supplied city/coordinate tables; aliases normalized conservatively.
851,11,Vadnagar,vadnagar,23.7853622,72.6332132,public_dataset,reviewed,Canonical city row derived from supplied city/coordinate tables; aliases normalized conservatively.
852,11,Vadodara,vadodara,22.2973142,73.1942567,public_dataset,reviewed,Canonical city row derived from supplied city/coordinate tables; aliases normalized conservatively.
853,11,Vaghodia,vaghodia,22.3003935,73.3760638,public_dataset,reviewed,Canonical city row derived from supplied city/coordinate tables; aliases normalized conservatively.
854,11,Vaghodia INA,vaghodia ina,,,public_dataset,reviewed,Canonical city row derived from supplied city/coordinate tables; aliases normalized conservatively.
855,11,Vallabh Vidyanagar,vallabh vidyanagar,22.5516264,72.9300516,public_dataset,reviewed,Canonical city row derived from supplied city/coordinate tables; aliases normalized conservatively.
856,11,Vallabhipur,vallabhipur,21.8885909,71.8781618,public_dataset,reviewed,Canonical city row derived from supplied city/coordinate tables; aliases normalized conservatively.
857,11,Valsad,valsad,20.4321957,73.1409893,public_dataset,reviewed,Canonical city row derived from supplied city/coordinate tables; aliases normalized conservatively.
858,11,Vanala,vanala,22.4365323,71.9210299,public_dataset,reviewed,Canonical city row derived from supplied city/coordinate tables; aliases normalized conservatively.
859,11,Vansda,vansda,20.7610628,73.3636561,public_dataset,reviewed,Canonical city row derived from supplied city/coordinate tables; aliases normalized conservatively.
860,11,Vanthli,vanthli,21.4760090,70.3336080,public_dataset,reviewed,Canonical city row derived from supplied city/coordinate tables; aliases normalized conservatively.
861,11,Vapi,vapi,20.3735482,72.9084376,public_dataset,reviewed,Canonical city row derived from supplied city/coordinate tables; aliases normalized conservatively.
862,11,Vartej,vartej,21.7397432,72.0644938,public_dataset,reviewed,Canonical city row derived from supplied city/coordinate tables; aliases normalized conservatively.
863,11,Vasa,vasa,23.8398349,71.9301999,public_dataset,reviewed,Canonical city row derived from supplied city/coordinate tables; aliases normalized conservatively.
864,11,Vasavad,vasavad,,,public_dataset,reviewed,Canonical city row derived from supplied city/coordinate tables; aliases normalized conservatively.
865,11,Vaso,vaso,22.6609576,72.7553379,public_dataset,reviewed,Canonical city row derived from supplied city/coordinate tables; aliases normalized conservatively.
866,11,Vataman,vataman,22.5247039,72.4137278,public_dataset,reviewed,Canonical city row derived from supplied city/coordinate tables; aliases normalized conservatively.
867,11,Vejalpur,vejalpur,23.0069372,72.5208415,public_dataset,reviewed,Canonical city row derived from supplied city/coordinate tables; aliases normalized conservatively.
868,11,Veraval,veraval,20.9101099,70.3652790,public_dataset,reviewed,Canonical city row derived from supplied city/coordinate tables; aliases normalized conservatively.
869,11,Vijapur,vijapur,23.5590941,72.7449399,public_dataset,reviewed,Canonical city row derived from supplied city/coordinate tables; aliases normalized conservatively.
870,11,Vinchhiya,vinchhiya,22.2102309,71.3796336,public_dataset,reviewed,Canonical city row derived from supplied city/coordinate tables; aliases normalized conservatively.
871,11,Vinchia,vinchia,,,public_dataset,reviewed,Canonical city row derived from supplied city/coordinate tables; aliases normalized conservatively.
872,11,Viramgam,viramgam,23.1224522,72.0483946,public_dataset,reviewed,Canonical city row derived from supplied city/coordinate tables; aliases normalized conservatively.
873,11,Virpur,virpur,21.8490419,70.7078340,public_dataset,reviewed,Canonical city row derived from supplied city/coordinate tables; aliases normalized conservatively.
874,11,Visavadar,visavadar,21.3417058,70.7534299,public_dataset,reviewed,Canonical city row derived from supplied city/coordinate tables; aliases normalized conservatively.
875,11,Visnagar,visnagar,23.6978037,72.5507598,public_dataset,reviewed,Canonical city row derived from supplied city/coordinate tables; aliases normalized conservatively.
876,11,Vyara,vyara,21.1176744,73.3857702,public_dataset,reviewed,Canonical city row derived from supplied city/coordinate tables; aliases normalized conservatively.
877,11,Wadhai,wadhai,,,public_dataset,reviewed,Canonical city row derived from supplied city/coordinate tables; aliases normalized conservatively.
878,11,Wadhwan,wadhwan,22.7028011,71.6723933,public_dataset,reviewed,Canonical city row derived from supplied city/coordinate tables; aliases normalized conservatively.
879,11,Waghai,waghai,20.7725583,73.5003524,public_dataset,reviewed,Canonical city row derived from supplied city/coordinate tables; aliases normalized conservatively.
880,11,Wankaner,wankaner,22.6153934,70.9495617,public_dataset,reviewed,Canonical city row derived from supplied city/coordinate tables; aliases normalized conservatively.
881,12,Ambala,ambala,30.3843674,76.7704210,public_dataset,reviewed,Canonical city row derived from supplied city/coordinate tables; aliases normalized conservatively.
882,12,Asandh,asandh,29.5212674,76.6034570,public_dataset,reviewed,Canonical city row derived from supplied city/coordinate tables; aliases normalized conservatively.
883,12,Ateli Mandi,ateli mandi,28.1036988,76.2581823,public_dataset,reviewed,Canonical city row derived from supplied city/coordinate tables; aliases normalized conservatively.
884,12,Bahadurgarh,bahadurgarh,28.6933239,76.9332373,public_dataset,reviewed,Canonical city row derived from supplied city/coordinate tables; aliases normalized conservatively.
885,12,Bara Uchana,bara uchana,,,public_dataset,reviewed,Canonical city row derived from supplied city/coordinate tables; aliases normalized conservatively.
886,12,Barwala,barwala,30.6179342,76.9787382,public_dataset,reviewed,Canonical city row derived from supplied city/coordinate tables; aliases normalized conservatively.
887,12,Bawal,bawal,28.0596936,76.5766168,public_dataset,reviewed,Canonical city row derived from supplied city/coordinate tables; aliases normalized conservatively.
888,12,Beri Khas,beri khas,,,public_dataset,reviewed,Canonical city row derived from supplied city/coordinate tables; aliases normalized conservatively.
889,12,Bhiwani,bhiwani,28.7931703,76.1391283,public_dataset,reviewed,Canonical city row derived from supplied city/coordinate tables; aliases normalized conservatively.
890,12,Bilaspur,bilaspur,28.8683110,79.2980750,public_dataset,reviewed,Canonical city row derived from supplied city/coordinate tables; aliases normalized conservatively.
891,12,Buriya,buriya,,,public_dataset,reviewed,Canonical city row derived from supplied city/coordinate tables; aliases normalized conservatively.
892,12,Charkhi Dadri,charkhi dadri,28.6000997,76.1123707,public_dataset,reviewed,Canonical city row derived from supplied city/coordinate tables; aliases normalized conservatively.
893,12,Chhachhrauli,chhachhrauli,30.2948425,77.4641519,public_dataset,reviewed,Canonical city row derived from supplied city/coordinate tables; aliases normalized conservatively.
894,12,Dabwali,dabwali,29.8327537,74.6367292,public_dataset,reviewed,Canonical city row derived from supplied city/coordinate tables; aliases normalized conservatively.
895,12,Dharuhera,dharuhera,28.2055216,76.7953099,public_dataset,reviewed,Canonical city row derived from supplied city/coordinate tables; aliases normalized conservatively.
896,12,Ellenabad,ellenabad,29.4441080,74.6579499,public_dataset,reviewed,Canonical city row derived from supplied city/coordinate tables; aliases normalized conservatively.
897,12,Faridabad,faridabad,28.4031478,77.3105561,public_dataset,reviewed,Canonical city row derived from supplied city/coordinate tables; aliases normalized conservatively.
898,12,Faridabad District,faridabad district,28.3568524,77.3264937,public_dataset,reviewed,Canonical city row derived from supplied city/coordinate tables; aliases normalized conservatively.
899,12,Farrukhnagar,farrukhnagar,28.4672250,76.8253658,public_dataset,reviewed,Canonical city row derived from supplied city/coordinate tables; aliases normalized conservatively.
900,12,Fatehabad,fatehabad,27.0276683,78.2074341,public_dataset,reviewed,Canonical city row derived from supplied city/coordinate tables; aliases normalized conservatively.
901,12,Fatehabad District,fatehabad district,29.5359209,75.5752901,public_dataset,reviewed,Canonical city row derived from supplied city/coordinate tables; aliases normalized conservatively.
902,12,Firozpur Jhirka,firozpur jhirka,27.7876802,76.9464927,public_dataset,reviewed,Canonical city row derived from supplied city/coordinate tables; aliases normalized conservatively.
903,12,Gharaunda,gharaunda,29.5394114,76.9388937,public_dataset,reviewed,Canonical city row derived from supplied city/coordinate tables; aliases normalized conservatively.
904,12,Gohana,gohana,29.1189406,76.6705443,public_dataset,reviewed,Canonical city row derived from supplied city/coordinate tables; aliases normalized conservatively.
905,12,Gorakhpur,gorakhpur,26.6677977,83.3642334,public_dataset,reviewed,Canonical city row derived from supplied city/coordinate tables; aliases normalized conservatively.
906,12,Gurugram,gurugram,28.4646148,77.0299194,public_dataset,reviewed,Canonical city row derived from supplied city/coordinate tables; aliases normalized conservatively.
907,12,Hansi,hansi,29.1409920,75.9787139,public_dataset,reviewed,Canonical city row derived from supplied city/coordinate tables; aliases normalized conservatively.
908,12,Hasanpur,hasanpur,28.7227817,78.2826224,public_dataset,reviewed,Canonical city row derived from supplied city/coordinate tables; aliases normalized conservatively.
909,12,Hisar,hisar,29.2396596,75.8174505,public_dataset,reviewed,Canonical city row derived from supplied city/coordinate tables; aliases normalized conservatively.
910,12,Hodal,hodal,27.8999168,77.3739284,public_dataset,reviewed,Canonical city row derived from supplied city/coordinate tables; aliases normalized conservatively.
911,12,Inda Chhoi,inda chhoi,29.6401648,75.7887562,public_dataset,reviewed,Canonical city row derived from supplied city/coordinate tables; aliases normalized conservatively.
912,12,Indri,indri,29.8920575,77.0910015,public_dataset,reviewed,Canonical city row derived from supplied city/coordinate tables; aliases normalized conservatively.
913,12,Jagadhri,jagadhri,30.1532045,77.3011957,public_dataset,reviewed,Canonical city row derived from supplied city/coordinate tables; aliases normalized conservatively.
914,12,Jakhal,jakhal,29.8019302,75.8223255,public_dataset,reviewed,Canonical city row derived from supplied city/coordinate tables; aliases normalized conservatively.
915,12,Jhajjar,jhajjar,28.5964461,76.6505366,public_dataset,reviewed,Canonical city row derived from supplied city/coordinate tables; aliases normalized conservatively.
916,12,Jind,jind,29.3152073,76.3140820,public_dataset,reviewed,Canonical city row derived from supplied city/coordinate tables; aliases normalized conservatively.
917,12,Kaithal,kaithal,29.7996588,76.3989903,public_dataset,reviewed,Canonical city row derived from supplied city/coordinate tables; aliases normalized conservatively.
918,12,Kalanaur,kalanaur,32.0127340,75.1495742,public_dataset,reviewed,Canonical city row derived from supplied city/coordinate tables; aliases normalized conservatively.
919,12,Kalanwali,kalanwali,29.8223648,74.9343591,public_dataset,reviewed,Canonical city row derived from supplied city/coordinate tables; aliases normalized conservatively.
920,12,Kanina Khas,kanina khas,28.3302472,76.3091414,public_dataset,reviewed,Canonical city row derived from supplied city/coordinate tables; aliases normalized conservatively.
921,12,Karnal,karnal,29.7255766,76.9106924,public_dataset,reviewed,Canonical city row derived from supplied city/coordinate tables; aliases normalized conservatively.
922,12,Kharkhauda,kharkhauda,28.8367041,77.7407598,public_dataset,reviewed,Canonical city row derived from supplied city/coordinate tables; aliases normalized conservatively.
923,12,Kheri Sampla,kheri sampla,28.8587755,76.6674587,public_dataset,reviewed,Canonical city row derived from supplied city/coordinate tables; aliases normalized conservatively.
924,12,Kurukshetra,kurukshetra,29.9693747,76.8482787,public_dataset,reviewed,Canonical city row derived from supplied city/coordinate tables; aliases normalized conservatively.
925,12,Ladwa,ladwa,30.0346232,77.0485926,public_dataset,reviewed,Canonical city row derived from supplied city/coordinate tables; aliases normalized conservatively.
926,12,Loharu,loharu,28.4279477,75.8054759,public_dataset,reviewed,Canonical city row derived from supplied city/coordinate tables; aliases normalized conservatively.
927,12,Maham,maham,28.9699094,76.3507401,public_dataset,reviewed,Canonical city row derived from supplied city/coordinate tables; aliases normalized conservatively.
928,12,Mahendragarh,mahendragarh,28.1326971,76.1697448,public_dataset,reviewed,Canonical city row derived from supplied city/coordinate tables; aliases normalized conservatively.
929,12,Mandholi Kalan,mandholi kalan,,,public_dataset,reviewed,Canonical city row derived from supplied city/coordinate tables; aliases normalized conservatively.
930,12,Mustafabad,mustafabad,29.6436099,77.1079093,public_dataset,reviewed,Canonical city row derived from supplied city/coordinate tables; aliases normalized conservatively.
931,12,Narayangarh,narayangarh,22.8711453,76.0045439,public_dataset,reviewed,Canonical city row derived from supplied city/coordinate tables; aliases normalized conservatively.
932,12,Narnaul,narnaul,28.0438456,76.1062015,public_dataset,reviewed,Canonical city row derived from supplied city/coordinate tables; aliases normalized conservatively.
933,12,Narnaund,narnaund,29.2772721,76.1159442,public_dataset,reviewed,Canonical city row derived from supplied city/coordinate tables; aliases normalized conservatively.
934,12,Narwana,narwana,29.5830598,76.0754066,public_dataset,reviewed,Canonical city row derived from supplied city/coordinate tables; aliases normalized conservatively.
935,12,Nilokheri,nilokheri,29.8321793,76.8390988,public_dataset,reviewed,Canonical city row derived from supplied city/coordinate tables; aliases normalized conservatively.
936,12,Nuh,nuh,27.9935177,77.0419634,public_dataset,reviewed,Canonical city row derived from supplied city/coordinate tables; aliases normalized conservatively.
937,12,Palwal,palwal,28.0599426,77.3223422,public_dataset,reviewed,Canonical city row derived from supplied city/coordinate tables; aliases normalized conservatively.
938,12,Panchkula,panchkula,30.6975401,76.8551066,public_dataset,reviewed,Canonical city row derived from supplied city/coordinate tables; aliases normalized conservatively.
939,12,Panipat,panipat,29.3912753,76.9771675,public_dataset,reviewed,Canonical city row derived from supplied city/coordinate tables; aliases normalized conservatively.
940,12,Pataudi,pataudi,28.3014799,76.7500701,public_dataset,reviewed,Canonical city row derived from supplied city/coordinate tables; aliases normalized conservatively.
941,12,Pehowa,pehowa,29.9988844,76.5582773,public_dataset,reviewed,Canonical city row derived from supplied city/coordinate tables; aliases normalized conservatively.
942,12,Pinjaur,pinjaur,,,public_dataset,reviewed,Canonical city row derived from supplied city/coordinate tables; aliases normalized conservatively.
943,12,Punahana,punahana,27.8736871,77.1984186,public_dataset,reviewed,Canonical city row derived from supplied city/coordinate tables; aliases normalized conservatively.
944,12,Pundri,pundri,29.7607616,76.5590514,public_dataset,reviewed,Canonical city row derived from supplied city/coordinate tables; aliases normalized conservatively.
945,12,Radaur,radaur,30.0434068,77.1854441,public_dataset,reviewed,Canonical city row derived from supplied city/coordinate tables; aliases normalized conservatively.
946,12,Rania,rania,29.5696836,74.7337535,public_dataset,reviewed,Canonical city row derived from supplied city/coordinate tables; aliases normalized conservatively.
947,12,Ratia,ratia,29.6930173,75.5183068,public_dataset,reviewed,Canonical city row derived from supplied city/coordinate tables; aliases normalized conservatively.
948,12,Rewari,rewari,28.1956468,76.6165179,public_dataset,reviewed,Canonical city row derived from supplied city/coordinate tables; aliases normalized conservatively.
949,12,Rewari District,rewari district,28.2180521,76.5816859,public_dataset,reviewed,Canonical city row derived from supplied city/coordinate tables; aliases normalized conservatively.
950,12,Rohtak,rohtak,28.9010899,76.5801935,public_dataset,reviewed,Canonical city row derived from supplied city/coordinate tables; aliases normalized conservatively.
951,12,Safidon,safidon,29.3783150,76.6272830,public_dataset,reviewed,Canonical city row derived from supplied city/coordinate tables; aliases normalized conservatively.
952,12,Samalkha,samalkha,29.2307360,77.0019919,public_dataset,reviewed,Canonical city row derived from supplied city/coordinate tables; aliases normalized conservatively.
953,12,Shadipur Julana,shadipur julana,29.1310124,76.3996849,public_dataset,reviewed,Canonical city row derived from supplied city/coordinate tables; aliases normalized conservatively.
954,12,Shahabad,shahabad,27.6446688,79.9394235,public_dataset,reviewed,Canonical city row derived from supplied city/coordinate tables; aliases normalized conservatively.
955,12,Sirsa,sirsa,28.1554817,77.5498724,public_dataset,reviewed,Canonical city row derived from supplied city/coordinate tables; aliases normalized conservatively.
956,12,Sohna,sohna,28.3241636,77.0848644,public_dataset,reviewed,Canonical city row derived from supplied city/coordinate tables; aliases normalized conservatively.
957,12,Sonipat,sonipat,28.9953758,77.0233627,public_dataset,reviewed,Canonical city row derived from supplied city/coordinate tables; aliases normalized conservatively.
958,12,Taoru,taoru,28.2362972,76.9579287,public_dataset,reviewed,Canonical city row derived from supplied city/coordinate tables; aliases normalized conservatively.
959,12,Thanesar,thanesar,29.9930395,76.8292228,public_dataset,reviewed,Canonical city row derived from supplied city/coordinate tables; aliases normalized conservatively.
960,12,Tohana,tohana,29.7107922,75.9042326,public_dataset,reviewed,Canonical city row derived from supplied city/coordinate tables; aliases normalized conservatively.
961,12,Tosham,tosham,28.7799405,75.8282639,public_dataset,reviewed,Canonical city row derived from supplied city/coordinate tables; aliases normalized conservatively.
962,12,Uklana,uklana,29.4712681,75.8545236,public_dataset,reviewed,Canonical city row derived from supplied city/coordinate tables; aliases normalized conservatively.
963,12,Yamunanagar,yamunanagar,30.1231349,77.2863290,public_dataset,reviewed,Canonical city row derived from supplied city/coordinate tables; aliases normalized conservatively.
964,13,Arki,arki,31.1524854,76.9428892,public_dataset,reviewed,Canonical city row derived from supplied city/coordinate tables; aliases normalized conservatively.
965,13,Baddi,baddi,30.9763026,76.7674001,public_dataset,reviewed,Canonical city row derived from supplied city/coordinate tables; aliases normalized conservatively.
966,13,Banjar,banjar,31.6351336,77.4352861,public_dataset,reviewed,Canonical city row derived from supplied city/coordinate tables; aliases normalized conservatively.
967,13,Bilaspur,bilaspur,28.8683110,79.2980750,public_dataset,reviewed,Canonical city row derived from supplied city/coordinate tables; aliases normalized conservatively.
968,13,Chamba,chamba,32.6923316,76.1631552,public_dataset,reviewed,Canonical city row derived from supplied city/coordinate tables; aliases normalized conservatively.
969,13,Chaupal,chaupal,30.9704580,77.5256301,public_dataset,reviewed,Canonical city row derived from supplied city/coordinate tables; aliases normalized conservatively.
970,13,Chowari,chowari,32.4323195,76.0107708,public_dataset,reviewed,Canonical city row derived from supplied city/coordinate tables; aliases normalized conservatively.
971,13,Chuari Khas,chuari khas,,,public_dataset,reviewed,Canonical city row derived from supplied city/coordinate tables; aliases normalized conservatively.
972,13,Dagshai,dagshai,30.8684273,77.0651484,public_dataset,reviewed,Canonical city row derived from supplied city/coordinate tables; aliases normalized conservatively.
973,13,Dalhousie,dalhousie,32.5435755,75.9448409,public_dataset,reviewed,Canonical city row derived from supplied city/coordinate tables; aliases normalized conservatively.
974,13,Daulatpur,daulatpur,22.4352191,88.3069220,public_dataset,reviewed,Canonical city row derived from supplied city/coordinate tables; aliases normalized conservatively.
975,13,Dera Gopipur,dera gopipur,,,public_dataset,reviewed,Canonical city row derived from supplied city/coordinate tables; aliases normalized conservatively.
976,13,Dharamsala,dharamsala,32.2143039,76.3196717,public_dataset,reviewed,Canonical city row derived from supplied city/coordinate tables; aliases normalized conservatively.
977,13,Gagret,gagret,31.6620976,76.0624707,public_dataset,reviewed,Canonical city row derived from supplied city/coordinate tables; aliases normalized conservatively.
978,13,Ghumarwin,ghumarwin,31.4668061,76.7039214,public_dataset,reviewed,Canonical city row derived from supplied city/coordinate tables; aliases normalized conservatively.
979,13,Hamirpur,hamirpur,25.7500000,80.0000000,public_dataset,reviewed,Canonical city row derived from supplied city/coordinate tables; aliases normalized conservatively.
980,13,Jawala Mukhi,jawala mukhi,,,public_dataset,reviewed,Canonical city row derived from supplied city/coordinate tables; aliases normalized conservatively.
981,13,Jogindarnagar,jogindarnagar,,,public_dataset,reviewed,Canonical city row derived from supplied city/coordinate tables; aliases normalized conservatively.
982,13,Jubbal,jubbal,31.0631082,77.7403263,public_dataset,reviewed,Canonical city row derived from supplied city/coordinate tables; aliases normalized conservatively.
983,13,Jutogh,jutogh,31.1006520,77.1219253,public_dataset,reviewed,Canonical city row derived from supplied city/coordinate tables; aliases normalized conservatively.
984,13,Kalka,kalka,30.8367381,76.9758155,public_dataset,reviewed,Canonical city row derived from supplied city/coordinate tables; aliases normalized conservatively.
985,13,Kangar,kangar,30.8225025,77.2339909,public_dataset,reviewed,Canonical city row derived from supplied city/coordinate tables; aliases normalized conservatively.
986,13,Kangra,kangra,32.0768665,76.2985872,public_dataset,reviewed,Canonical city row derived from supplied city/coordinate tables; aliases normalized conservatively.
987,13,Kasauli,kasauli,30.8999479,76.9619744,public_dataset,reviewed,Canonical city row derived from supplied city/coordinate tables; aliases normalized conservatively.
988,13,Kinnaur,kinnaur,31.5930130,78.3281417,public_dataset,reviewed,Canonical city row derived from supplied city/coordinate tables; aliases normalized conservatively.
989,13,Kotkhai,kotkhai,31.1569042,77.5310257,public_dataset,reviewed,Canonical city row derived from supplied city/coordinate tables; aliases normalized conservatively.
990,13,Kotla,kotla,31.8259129,76.7758512,public_dataset,reviewed,Canonical city row derived from supplied city/coordinate tables; aliases normalized conservatively.
991,13,Kulu,kulu,31.4176401,77.5741410,public_dataset,reviewed,Canonical city row derived from supplied city/coordinate tables; aliases normalized conservatively.
992,13,Kyelang,kyelang,,,public_dataset,reviewed,Canonical city row derived from supplied city/coordinate tables; aliases normalized conservatively.
993,13,Lahul and Spiti,lahul and spiti,,,public_dataset,reviewed,Canonical city row derived from supplied city/coordinate tables; aliases normalized conservatively.
994,13,Manali,manali,13.1810602,80.2694192,public_dataset,reviewed,Canonical city row derived from supplied city/coordinate tables; aliases normalized conservatively.
995,13,Mandi,mandi,31.6516617,77.0092542,public_dataset,reviewed,Canonical city row derived from supplied city/coordinate tables; aliases normalized conservatively.
996,13,Nadaun,nadaun,31.7209338,76.3906974,public_dataset,reviewed,Canonical city row derived from supplied city/coordinate tables; aliases normalized conservatively.
997,13,Nagar,nagar,27.4216563,77.1004110,public_dataset,reviewed,Canonical city row derived from supplied city/coordinate tables; aliases normalized conservatively.
998,13,Nagrota,nagrota,32.0571988,76.0899795,public_dataset,reviewed,Canonical city row derived from supplied city/coordinate tables; aliases normalized conservatively.
999,13,Nahan,nahan,30.5601803,77.2923596,public_dataset,reviewed,Canonical city row derived from supplied city/coordinate tables; aliases normalized conservatively.
1000,13,Nalagarh,nalagarh,31.1059814,76.6567018,public_dataset,reviewed,Canonical city row derived from supplied city/coordinate tables; aliases normalized conservatively.
1001,13,Palampur,palampur,32.1095492,76.5359534,public_dataset,reviewed,Canonical city row derived from supplied city/coordinate tables; aliases normalized conservatively.
1002,13,Pandoh,pandoh,31.6687091,77.0556492,public_dataset,reviewed,Canonical city row derived from supplied city/coordinate tables; aliases normalized conservatively.
1003,13,Paonta Sahib,paonta sahib,30.4384439,77.6211774,public_dataset,reviewed,Canonical city row derived from supplied city/coordinate tables; aliases normalized conservatively.
1004,13,Parwanoo,parwanoo,30.8378870,76.9601747,public_dataset,reviewed,Canonical city row derived from supplied city/coordinate tables; aliases normalized conservatively.
1005,13,Rajgarh,rajgarh,27.2422285,76.6068271,public_dataset,reviewed,Canonical city row derived from supplied city/coordinate tables; aliases normalized conservatively.
1006,13,Rampur,rampur,28.7934728,79.1845806,public_dataset,reviewed,Canonical city row derived from supplied city/coordinate tables; aliases normalized conservatively.
1007,13,Rohru,rohru,31.2258578,77.7340762,public_dataset,reviewed,Canonical city row derived from supplied city/coordinate tables; aliases normalized conservatively.
1008,13,Sabathu,sabathu,,,public_dataset,reviewed,Canonical city row derived from supplied city/coordinate tables; aliases normalized conservatively.
1009,13,Santokhgarh,santokhgarh,31.3527424,76.3175624,public_dataset,reviewed,Canonical city row derived from supplied city/coordinate tables; aliases normalized conservatively.
1010,13,Sarahan,sarahan,31.5093363,77.7930108,public_dataset,reviewed,Canonical city row derived from supplied city/coordinate tables; aliases normalized conservatively.
1011,13,Sarka Ghat,sarka ghat,,,public_dataset,reviewed,Canonical city row derived from supplied city/coordinate tables; aliases normalized conservatively.
1012,13,Seoni,seoni,22.2748109,79.7202522,public_dataset,reviewed,Canonical city row derived from supplied city/coordinate tables; aliases normalized conservatively.
1013,13,Shimla,shimla,31.1040393,77.1707923,public_dataset,reviewed,Canonical city row derived from supplied city/coordinate tables; aliases normalized conservatively.
1014,13,Sirmaur,sirmaur,24.8394298,81.3597560,public_dataset,reviewed,Canonical city row derived from supplied city/coordinate tables; aliases normalized conservatively.
1015,13,Solan,solan,30.9077569,77.1023645,public_dataset,reviewed,Canonical city row derived from supplied city/coordinate tables; aliases normalized conservatively.
1016,13,Sundarnagar,sundarnagar,31.4713531,76.9004003,public_dataset,reviewed,Canonical city row derived from supplied city/coordinate tables; aliases normalized conservatively.
1017,13,Theog,theog,31.1198874,77.3636183,public_dataset,reviewed,Canonical city row derived from supplied city/coordinate tables; aliases normalized conservatively.
1018,13,Tira Sujanpur,tira sujanpur,31.8103509,76.5241402,public_dataset,reviewed,Canonical city row derived from supplied city/coordinate tables; aliases normalized conservatively.
1019,13,Una,una,31.5834642,76.2351452,public_dataset,reviewed,Canonical city row derived from supplied city/coordinate tables; aliases normalized conservatively.
1020,13,Yol,yol,32.1815419,76.3733706,public_dataset,reviewed,Canonical city row derived from supplied city/coordinate tables; aliases normalized conservatively.
1021,14,Akhnur,akhnur,32.9019451,74.7347398,public_dataset,reviewed,Canonical city row derived from supplied city/coordinate tables; aliases normalized conservatively.
1022,14,Anantnag,anantnag,33.7461100,75.1854475,public_dataset,reviewed,Canonical city row derived from supplied city/coordinate tables; aliases normalized conservatively.
1023,14,Awantipur,awantipur,,,public_dataset,reviewed,Canonical city row derived from supplied city/coordinate tables; aliases normalized conservatively.
1024,14,Badgam,badgam,34.0385248,74.7360163,public_dataset,reviewed,Canonical city row derived from supplied city/coordinate tables; aliases normalized conservatively.
1025,14,Bandipore,bandipore,34.4563234,74.6825000,public_dataset,reviewed,Canonical city row derived from supplied city/coordinate tables; aliases normalized conservatively.
1026,14,Bandipura,bandipura,34.4232433,74.6359650,public_dataset,reviewed,Canonical city row derived from supplied city/coordinate tables; aliases normalized conservatively.
1027,14,Banihal,banihal,33.4507590,75.1891375,public_dataset,reviewed,Canonical city row derived from supplied city/coordinate tables; aliases normalized conservatively.
1028,14,Baramula,baramula,34.2086903,74.3434980,public_dataset,reviewed,Canonical city row derived from supplied city/coordinate tables; aliases normalized conservatively.
1029,14,Batoti,batoti,,,public_dataset,reviewed,Canonical city row derived from supplied city/coordinate tables; aliases normalized conservatively.
1030,14,Bhadarwah,bhadarwah,,,public_dataset,reviewed,Canonical city row derived from supplied city/coordinate tables; aliases normalized conservatively.
1031,14,Bijbehara,bijbehara,33.7961250,75.1039063,public_dataset,reviewed,Canonical city row derived from supplied city/coordinate tables; aliases normalized conservatively.
1032,14,Bishnah,bishnah,32.5614179,74.8712818,public_dataset,reviewed,Canonical city row derived from supplied city/coordinate tables; aliases normalized conservatively.
1033,14,Doda,doda,33.1341373,75.5879150,public_dataset,reviewed,Canonical city row derived from supplied city/coordinate tables; aliases normalized conservatively.
1034,14,Gandarbal,gandarbal,34.1763835,74.8068053,public_dataset,reviewed,Canonical city row derived from supplied city/coordinate tables; aliases normalized conservatively.
1035,14,Ganderbal,ganderbal,34.2889322,75.0407983,public_dataset,reviewed,Canonical city row derived from supplied city/coordinate tables; aliases normalized conservatively.
1036,14,Gho Brahmanan de,gho brahmanan de,,,public_dataset,reviewed,Canonical city row derived from supplied city/coordinate tables; aliases normalized conservatively.
1037,14,Hajan,hajan,33.8601171,74.6498819,public_dataset,reviewed,Canonical city row derived from supplied city/coordinate tables; aliases normalized conservatively.
1038,14,Hiranagar,hiranagar,32.4636161,75.3206057,public_dataset,reviewed,Canonical city row derived from supplied city/coordinate tables; aliases normalized conservatively.
1039,14,Jammu,jammu,32.7185614,74.8580917,public_dataset,reviewed,Canonical city row derived from supplied city/coordinate tables; aliases normalized conservatively.
1040,14,Jaurian,jaurian,,,public_dataset,reviewed,Canonical city row derived from supplied city/coordinate tables; aliases normalized conservatively.
1041,14,Kathua,kathua,32.3765524,75.5243044,public_dataset,reviewed,Canonical city row derived from supplied city/coordinate tables; aliases normalized conservatively.
1042,14,Katra,katra,25.4656097,81.8520114,public_dataset,reviewed,Canonical city row derived from supplied city/coordinate tables; aliases normalized conservatively.
1043,14,Khaur,khaur,33.4008501,74.9491381,public_dataset,reviewed,Canonical city row derived from supplied city/coordinate tables; aliases normalized conservatively.
1044,14,Kishtwar,kishtwar,33.6156200,75.8793972,public_dataset,reviewed,Canonical city row derived from supplied city/coordinate tables; aliases normalized conservatively.
1045,14,Kud,kud,33.0774900,75.2928077,public_dataset,reviewed,Canonical city row derived from supplied city/coordinate tables; aliases normalized conservatively.
1046,14,Kulgam,kulgam,33.6446899,75.0188432,public_dataset,reviewed,Canonical city row derived from supplied city/coordinate tables; aliases normalized conservatively.
1047,14,Kupwara,kupwara,34.5140696,74.1913670,public_dataset,reviewed,Canonical city row derived from supplied city/coordinate tables; aliases normalized conservatively.
1048,14,Ladakh,ladakh,34.2299904,74.6791673,public_dataset,reviewed,Canonical city row derived from supplied city/coordinate tables; aliases normalized conservatively.
1049,14,Magam,magam,34.0932933,74.5916244,public_dataset,reviewed,Canonical city row derived from supplied city/coordinate tables; aliases normalized conservatively.
1050,14,Nawanshahr,nawanshahr,31.1269690,76.1598988,public_dataset,reviewed,Canonical city row derived from supplied city/coordinate tables; aliases normalized conservatively.
1051,14,Noria,noria,,,public_dataset,reviewed,Canonical city row derived from supplied city/coordinate tables; aliases normalized conservatively.
1052,14,Padam,padam,,,public_dataset,reviewed,Canonical city row derived from supplied city/coordinate tables; aliases normalized conservatively.
1053,14,Pahlgam,pahlgam,34.0322048,75.3226479,public_dataset,reviewed,Canonical city row derived from supplied city/coordinate tables; aliases normalized conservatively.
1054,14,Parol,parol,32.7052012,75.5128877,public_dataset,reviewed,Canonical city row derived from supplied city/coordinate tables; aliases normalized conservatively.
1055,14,Pattan,pattan,34.1603622,74.5559907,public_dataset,reviewed,Canonical city row derived from supplied city/coordinate tables; aliases normalized conservatively.
1056,14,Pulwama,pulwama,33.9490472,75.0418335,public_dataset,reviewed,Canonical city row derived from supplied city/coordinate tables; aliases normalized conservatively.
1057,14,Punch,punch,33.7670004,74.0957143,public_dataset,reviewed,Canonical city row derived from supplied city/coordinate tables; aliases normalized conservatively.
1058,14,Qazigund,qazigund,33.5886714,75.1580264,public_dataset,reviewed,Canonical city row derived from supplied city/coordinate tables; aliases normalized conservatively.
1059,14,Rajaori,rajaori,,,public_dataset,reviewed,Canonical city row derived from supplied city/coordinate tables; aliases normalized conservatively.
1060,14,Rajauri,rajauri,33.3772495,74.3132332,public_dataset,reviewed,Canonical city row derived from supplied city/coordinate tables; aliases normalized conservatively.
1061,14,Ramban,ramban,33.2116371,75.2050989,public_dataset,reviewed,Canonical city row derived from supplied city/coordinate tables; aliases normalized conservatively.
1062,14,Ramgarh,ramgarh,28.1707047,74.9776868,public_dataset,reviewed,Canonical city row derived from supplied city/coordinate tables; aliases normalized conservatively.
1063,14,Ramnagar,ramnagar,21.6768840,87.5539271,public_dataset,reviewed,Canonical city row derived from supplied city/coordinate tables; aliases normalized conservatively.
1064,14,Riasi,riasi,,,public_dataset,reviewed,Canonical city row derived from supplied city/coordinate tables; aliases normalized conservatively.
1065,14,Samba,samba,32.5759118,75.1203446,public_dataset,reviewed,Canonical city row derived from supplied city/coordinate tables; aliases normalized conservatively.
1066,14,Shupiyan,shupiyan,,,public_dataset,reviewed,Canonical city row derived from supplied city/coordinate tables; aliases normalized conservatively.
1067,14,Sopur,sopur,34.2580062,74.4511792,public_dataset,reviewed,Canonical city row derived from supplied city/coordinate tables; aliases normalized conservatively.
1068,14,Soyibug,soyibug,,,public_dataset,reviewed,Canonical city row derived from supplied city/coordinate tables; aliases normalized conservatively.
1069,14,Srinagar,srinagar,30.2238064,78.7879045,public_dataset,reviewed,Canonical city row derived from supplied city/coordinate tables; aliases normalized conservatively.
1070,14,Sumbal,sumbal,34.2310358,74.6447745,public_dataset,reviewed,Canonical city row derived from supplied city/coordinate tables; aliases normalized conservatively.
1071,14,Thang,thang,,,public_dataset,reviewed,Canonical city row derived from supplied city/coordinate tables; aliases normalized conservatively.
1072,14,Thanna Mandi,thanna mandi,33.9004486,74.2948079,public_dataset,reviewed,Canonical city row derived from supplied city/coordinate tables; aliases normalized conservatively.
1073,14,Tral,tral,33.9853957,75.1471095,public_dataset,reviewed,Canonical city row derived from supplied city/coordinate tables; aliases normalized conservatively.
1074,14,Tsrar Sharif,tsrar sharif,,,public_dataset,reviewed,Canonical city row derived from supplied city/coordinate tables; aliases normalized conservatively.
1075,14,Udhampur,udhampur,32.9219726,75.1331482,public_dataset,reviewed,Canonical city row derived from supplied city/coordinate tables; aliases normalized conservatively.
1076,14,Uri,uri,34.0878536,74.0305568,public_dataset,reviewed,Canonical city row derived from supplied city/coordinate tables; aliases normalized conservatively.
1077,15,Bagra,bagra,23.7333308,86.3166833,public_dataset,reviewed,Canonical city row derived from supplied city/coordinate tables; aliases normalized conservatively.
1078,15,Barka Kana,barka kana,,,public_dataset,reviewed,Canonical city row derived from supplied city/coordinate tables; aliases normalized conservatively.
1079,15,Barki Saria,barki saria,24.1760046,85.8893597,public_dataset,reviewed,Canonical city row derived from supplied city/coordinate tables; aliases normalized conservatively.
1080,15,Barwadih,barwadih,23.8019944,84.1661694,public_dataset,reviewed,Canonical city row derived from supplied city/coordinate tables; aliases normalized conservatively.
1081,15,Bhojudih,bhojudih,23.6397059,86.4410685,public_dataset,reviewed,Canonical city row derived from supplied city/coordinate tables; aliases normalized conservatively.
1082,15,Bokaro,bokaro,23.6991279,85.9910689,public_dataset,reviewed,Canonical city row derived from supplied city/coordinate tables; aliases normalized conservatively.
1083,15,Bundu,bundu,23.1778838,85.5615325,public_dataset,reviewed,Canonical city row derived from supplied city/coordinate tables; aliases normalized conservatively.
1084,15,Chaibasa,chaibasa,22.5483518,85.8188876,public_dataset,reviewed,Canonical city row derived from supplied city/coordinate tables; aliases normalized conservatively.
1085,15,Chakradharpur,chakradharpur,22.6783014,85.6270604,public_dataset,reviewed,Canonical city row derived from supplied city/coordinate tables; aliases normalized conservatively.
1086,15,Chakulia,chakulia,22.4728207,86.6763429,public_dataset,reviewed,Canonical city row derived from supplied city/coordinate tables; aliases normalized conservatively.
1087,15,Chandil,chandil,22.9158478,86.0153432,public_dataset,reviewed,Canonical city row derived from supplied city/coordinate tables; aliases normalized conservatively.
1088,15,Chas,chas,23.5975274,86.1679581,public_dataset,reviewed,Canonical city row derived from supplied city/coordinate tables; aliases normalized conservatively.
1089,15,Chatra,chatra,24.1062316,84.8623379,public_dataset,reviewed,Canonical city row derived from supplied city/coordinate tables; aliases normalized conservatively.
1090,15,Chiria,chiria,22.3109445,85.2760077,public_dataset,reviewed,Canonical city row derived from supplied city/coordinate tables; aliases normalized conservatively.
1091,15,Daltonganj,daltonganj,24.0397192,84.0658109,public_dataset,reviewed,Canonical city row derived from supplied city/coordinate tables; aliases normalized conservatively.
1092,15,Deogarh,deogarh,24.5241285,78.2357454,public_dataset,reviewed,Canonical city row derived from supplied city/coordinate tables; aliases normalized conservatively.
1093,15,Dhanbad,dhanbad,23.7952809,86.4309638,public_dataset,reviewed,Canonical city row derived from supplied city/coordinate tables; aliases normalized conservatively.
1094,15,Dhanwar,dhanwar,24.4071281,85.9430586,public_dataset,reviewed,Canonical city row derived from supplied city/coordinate tables; aliases normalized conservatively.
1095,15,Dugda,dugda,23.7494100,86.1570463,public_dataset,reviewed,Canonical city row derived from supplied city/coordinate tables; aliases normalized conservatively.
1096,15,Dumka,dumka,24.2677937,87.2485495,public_dataset,reviewed,Canonical city row derived from supplied city/coordinate tables; aliases normalized conservatively.
1097,15,Garhwa,garhwa,26.0178333,80.3591202,public_dataset,reviewed,Canonical city row derived from supplied city/coordinate tables; aliases normalized conservatively.
1098,15,Ghatsila,ghatsila,22.5859699,86.4791554,public_dataset,reviewed,Canonical city row derived from supplied city/coordinate tables; aliases normalized conservatively.
1099,15,Giridih,giridih,24.3314546,86.1548117,public_dataset,reviewed,Canonical city row derived from supplied city/coordinate tables; aliases normalized conservatively.
1100,15,Gobindpur,gobindpur,23.8736925,86.4673961,public_dataset,reviewed,Canonical city row derived from supplied city/coordinate tables; aliases normalized conservatively.
1101,15,Godda,godda,24.8645886,87.2984838,public_dataset,reviewed,Canonical city row derived from supplied city/coordinate tables; aliases normalized conservatively.
1102,15,Gomoh,gomoh,23.8735307,86.1515870,public_dataset,reviewed,Canonical city row derived from supplied city/coordinate tables; aliases normalized conservatively.
1103,15,Gopinathpur,gopinathpur,23.0879928,87.8476453,public_dataset,reviewed,Canonical city row derived from supplied city/coordinate tables; aliases normalized conservatively.
1104,15,Gua,gua,22.2137585,85.3878021,public_dataset,reviewed,Canonical city row derived from supplied city/coordinate tables; aliases normalized conservatively.
1105,15,Gumia,gumia,23.7978518,85.7564703,public_dataset,reviewed,Canonical city row derived from supplied city/coordinate tables; aliases normalized conservatively.
1106,15,Gumla,gumla,23.1603759,84.4599565,public_dataset,reviewed,Canonical city row derived from supplied city/coordinate tables; aliases normalized conservatively.
1107,15,Hazaribag,hazaribag,23.9924352,85.3616252,public_dataset,reviewed,Canonical city row derived from supplied city/coordinate tables; aliases normalized conservatively.
1108,15,Hazaribagh,hazaribagh,24.0866962,85.4912231,public_dataset,reviewed,Canonical city row derived from supplied city/coordinate tables; aliases normalized conservatively.
1109,15,Hesla,hesla,23.6507527,85.4823473,public_dataset,reviewed,Canonical city row derived from supplied city/coordinate tables; aliases normalized conservatively.
1110,15,Husainabad,husainabad,,,public_dataset,reviewed,Canonical city row derived from supplied city/coordinate tables; aliases normalized conservatively.
1111,15,Jagannathpur,jagannathpur,22.1695220,85.6439080,public_dataset,reviewed,Canonical city row derived from supplied city/coordinate tables; aliases normalized conservatively.
1112,15,Jamadoba,jamadoba,23.7068396,86.4027715,public_dataset,reviewed,Canonical city row derived from supplied city/coordinate tables; aliases normalized conservatively.
1113,15,Jamshedpur,jamshedpur,22.8015194,86.2029579,public_dataset,reviewed,Canonical city row derived from supplied city/coordinate tables; aliases normalized conservatively.
1114,15,Jamtara,jamtara,23.9801639,86.9243637,public_dataset,reviewed,Canonical city row derived from supplied city/coordinate tables; aliases normalized conservatively.
1115,15,Jasidih,jasidih,24.5137863,86.6457528,public_dataset,reviewed,Canonical city row derived from supplied city/coordinate tables; aliases normalized conservatively.
1116,15,Jharia,jharia,23.7407998,86.4145678,public_dataset,reviewed,Canonical city row derived from supplied city/coordinate tables; aliases normalized conservatively.
1117,15,Jugsalai,jugsalai,22.7666472,86.3096368,public_dataset,reviewed,Canonical city row derived from supplied city/coordinate tables; aliases normalized conservatively.
1118,15,Jumri Tilaiya,jumri tilaiya,24.4348984,85.5295130,public_dataset,reviewed,Canonical city row derived from supplied city/coordinate tables; aliases normalized conservatively.
1119,15,Kalikapur,kalikapur,24.6370947,87.8653425,public_dataset,reviewed,Canonical city row derived from supplied city/coordinate tables; aliases normalized conservatively.
1120,15,Kandra,kandra,22.8517176,86.0518983,public_dataset,reviewed,Canonical city row derived from supplied city/coordinate tables; aliases normalized conservatively.
1121,15,Kanke,kanke,23.4613962,85.3274961,public_dataset,reviewed,Canonical city row derived from supplied city/coordinate tables; aliases normalized conservatively.
1122,15,Katras,katras,23.7975156,86.2983397,public_dataset,reviewed,Canonical city row derived from supplied city/coordinate tables; aliases normalized conservatively.
1123,15,Kenduadih,kenduadih,23.7757355,86.3760862,public_dataset,reviewed,Canonical city row derived from supplied city/coordinate tables; aliases normalized conservatively.
1124,15,Kharsawan,kharsawan,22.7884078,85.8538631,public_dataset,reviewed,Canonical city row derived from supplied city/coordinate tables; aliases normalized conservatively.
1125,15,Khunti,khunti,22.9281801,85.2814475,public_dataset,reviewed,Canonical city row derived from supplied city/coordinate tables; aliases normalized conservatively.
1126,15,Kodarma,kodarma,24.5423802,85.6930100,public_dataset,reviewed,Canonical city row derived from supplied city/coordinate tables; aliases normalized conservatively.
1127,15,Kuju,kuju,23.7189151,85.5115085,public_dataset,reviewed,Canonical city row derived from supplied city/coordinate tables; aliases normalized conservatively.
1128,15,Latehar,latehar,23.6880057,84.4969551,public_dataset,reviewed,Canonical city row derived from supplied city/coordinate tables; aliases normalized conservatively.
1129,15,Lohardaga,lohardaga,23.4770044,84.6986684,public_dataset,reviewed,Canonical city row derived from supplied city/coordinate tables; aliases normalized conservatively.
1130,15,Madhupur,madhupur,24.2878679,86.6105095,public_dataset,reviewed,Canonical city row derived from supplied city/coordinate tables; aliases normalized conservatively.
1131,15,Malkera,malkera,23.7821246,86.2876671,public_dataset,reviewed,Canonical city row derived from supplied city/coordinate tables; aliases normalized conservatively.
1132,15,Manoharpur,manoharpur,27.2984347,75.9517562,public_dataset,reviewed,Canonical city row derived from supplied city/coordinate tables; aliases normalized conservatively.
1133,15,Mugma,mugma,23.7701464,86.7274046,public_dataset,reviewed,Canonical city row derived from supplied city/coordinate tables; aliases normalized conservatively.
1134,15,Mushabani,mushabani,22.5113584,86.4571303,public_dataset,reviewed,Canonical city row derived from supplied city/coordinate tables; aliases normalized conservatively.
1135,15,Neturhat,neturhat,23.4745963,84.2677594,public_dataset,reviewed,Canonical city row derived from supplied city/coordinate tables; aliases normalized conservatively.
1136,15,Nirsa,nirsa,23.7844370,86.7068534,public_dataset,reviewed,Canonical city row derived from supplied city/coordinate tables; aliases normalized conservatively.
1137,15,Noamundi,noamundi,22.1839479,85.4278636,public_dataset,reviewed,Canonical city row derived from supplied city/coordinate tables; aliases normalized conservatively.
1138,15,Pakur,pakur,24.5325908,87.5932320,public_dataset,reviewed,Canonical city row derived from supplied city/coordinate tables; aliases normalized conservatively.
1139,15,Palamu,palamu,24.2212983,84.1725565,public_dataset,reviewed,Canonical city row derived from supplied city/coordinate tables; aliases normalized conservatively.
1140,15,Pashchim Singhbhum,pashchim singhbhum,,,public_dataset,reviewed,Canonical city row derived from supplied city/coordinate tables; aliases normalized conservatively.
1141,15,Pathardih,pathardih,23.6753417,86.4282846,public_dataset,reviewed,Canonical city row derived from supplied city/coordinate tables; aliases normalized conservatively.
1142,15,Purba Singhbhum,purba singhbhum,,,public_dataset,reviewed,Canonical city row derived from supplied city/coordinate tables; aliases normalized conservatively.
1143,15,Ramgarh,ramgarh,28.1707047,74.9776868,public_dataset,reviewed,Canonical city row derived from supplied city/coordinate tables; aliases normalized conservatively.
1144,15,Ranchi,ranchi,23.3700501,85.3250387,public_dataset,reviewed,Canonical city row derived from supplied city/coordinate tables; aliases normalized conservatively.
1145,15,Ray,ray,23.6789588,85.0597885,public_dataset,reviewed,Canonical city row derived from supplied city/coordinate tables; aliases normalized conservatively.
1146,15,Sahibganj,sahibganj,25.0320437,87.6917640,public_dataset,reviewed,Canonical city row derived from supplied city/coordinate tables; aliases normalized conservatively.
1147,15,Saraikela,saraikela,22.7464225,85.9168929,public_dataset,reviewed,Canonical city row derived from supplied city/coordinate tables; aliases normalized conservatively.
1148,15,Sarubera,sarubera,,,public_dataset,reviewed,Canonical city row derived from supplied city/coordinate tables; aliases normalized conservatively.
1149,15,Sijua,sijua,23.7761945,86.3302660,public_dataset,reviewed,Canonical city row derived from supplied city/coordinate tables; aliases normalized conservatively.
1150,15,Simdega,simdega,22.5904573,84.5464805,public_dataset,reviewed,Canonical city row derived from supplied city/coordinate tables; aliases normalized conservatively.
1151,15,Sini,sini,22.7932599,85.9454015,public_dataset,reviewed,Canonical city row derived from supplied city/coordinate tables; aliases normalized conservatively.
1152,15,Topchanchi,topchanchi,23.8849058,86.2078046,public_dataset,reviewed,Canonical city row derived from supplied city/coordinate tables; aliases normalized conservatively.
1153,15,patamda,patamda,22.8951218,86.3864397,public_dataset,reviewed,Canonical city row derived from supplied city/coordinate tables; aliases normalized conservatively.
1154,16,Afzalpur,afzalpur,17.2005764,76.3605783,public_dataset,reviewed,Canonical city row derived from supplied city/coordinate tables; aliases normalized conservatively.
1155,16,Ajjampur,ajjampur,,,public_dataset,reviewed,Canonical city row derived from supplied city/coordinate tables; aliases normalized conservatively.
1156,16,Aland,aland,17.5632704,76.5678524,public_dataset,reviewed,Canonical city row derived from supplied city/coordinate tables; aliases normalized conservatively.
1157,16,Alnavar,alnavar,15.4271868,74.7383896,public_dataset,reviewed,Canonical city row derived from supplied city/coordinate tables; aliases normalized conservatively.
1158,16,Alur,alur,12.9788319,75.9935776,public_dataset,reviewed,Canonical city row derived from supplied city/coordinate tables; aliases normalized conservatively.
1159,16,Anekal,anekal,12.7103145,77.6886188,public_dataset,reviewed,Canonical city row derived from supplied city/coordinate tables; aliases normalized conservatively.
1160,16,Ankola,ankola,14.6453588,74.3319253,public_dataset,reviewed,Canonical city row derived from supplied city/coordinate tables; aliases normalized conservatively.
1161,16,Annigeri,annigeri,15.4260116,75.4333351,public_dataset,reviewed,Canonical city row derived from supplied city/coordinate tables; aliases normalized conservatively.
1162,16,Arkalgud,arkalgud,12.7627771,76.0623411,public_dataset,reviewed,Canonical city row derived from supplied city/coordinate tables; aliases normalized conservatively.
1163,16,Arsikere,arsikere,13.3137821,76.2531990,public_dataset,reviewed,Canonical city row derived from supplied city/coordinate tables; aliases normalized conservatively.
1164,16,Athni,athni,,,public_dataset,reviewed,Canonical city row derived from supplied city/coordinate tables; aliases normalized conservatively.
1165,16,Aurad,aurad,18.2501660,77.4067389,public_dataset,reviewed,Canonical city row derived from supplied city/coordinate tables; aliases normalized conservatively.
1166,16,Badami,badami,15.9203874,75.6807865,public_dataset,reviewed,Canonical city row derived from supplied city/coordinate tables; aliases normalized conservatively.
1167,16,Bagalkot,bagalkot,16.1793224,75.6999315,public_dataset,reviewed,Canonical city row derived from supplied city/coordinate tables; aliases normalized conservatively.
1168,16,Bagepalli,bagepalli,13.7836611,77.7972379,public_dataset,reviewed,Canonical city row derived from supplied city/coordinate tables; aliases normalized conservatively.
1169,16,Bail-Hongal,bail hongal,,,public_dataset,reviewed,Canonical city row derived from supplied city/coordinate tables; aliases normalized conservatively.
1170,16,Ballari,ballari,15.3483166,76.8054883,public_dataset,reviewed,Canonical city row derived from supplied city/coordinate tables; aliases normalized conservatively.
1171,16,Ballary,ballary,15.1159959,76.9280593,public_dataset,reviewed,Canonical city row derived from supplied city/coordinate tables; aliases normalized conservatively.
1172,16,Banavar,banavar,13.3958245,76.1404810,public_dataset,reviewed,Canonical city row derived from supplied city/coordinate tables; aliases normalized conservatively.
1173,16,Bangalore Rural,bangalore rural,13.0010872,77.3361225,public_dataset,reviewed,Canonical city row derived from supplied city/coordinate tables; aliases normalized conservatively.
1174,16,Bangalore Urban,bangalore urban,13.0000000,77.5833330,public_dataset,reviewed,Canonical city row derived from supplied city/coordinate tables; aliases normalized conservatively.
1175,16,Bangarapet,bangarapet,13.0260090,77.6016293,public_dataset,reviewed,Canonical city row derived from supplied city/coordinate tables; aliases normalized conservatively.
1176,16,Bannur,bannur,12.3307313,76.8613730,public_dataset,reviewed,Canonical city row derived from supplied city/coordinate tables; aliases normalized conservatively.
1177,16,Bantval,bantval,,,public_dataset,reviewed,Canonical city row derived from supplied city/coordinate tables; aliases normalized conservatively.
1178,16,Basavakalyan,basavakalyan,17.8697666,76.9509533,public_dataset,reviewed,Canonical city row derived from supplied city/coordinate tables; aliases normalized conservatively.
1179,16,Basavana Bagevadi,basavana bagevadi,16.5738547,75.9747123,public_dataset,reviewed,Canonical city row derived from supplied city/coordinate tables; aliases normalized conservatively.
1180,16,Belagavi,belagavi,16.1587846,74.8888620,public_dataset,reviewed,Canonical city row derived from supplied city/coordinate tables; aliases normalized conservatively.
1181,16,Belluru,belluru,12.9809100,76.7362403,public_dataset,reviewed,Canonical city row derived from supplied city/coordinate tables; aliases normalized conservatively.
1182,16,Beltangadi,beltangadi,12.9903521,75.2825052,public_dataset,reviewed,Canonical city row derived from supplied city/coordinate tables; aliases normalized conservatively.
1183,16,Belur,belur,11.7069634,78.4131128,public_dataset,reviewed,Canonical city row derived from supplied city/coordinate tables; aliases normalized conservatively.
1184,16,Bengaluru,bengaluru,12.9767936,77.5900820,public_dataset,reviewed,Canonical city row derived from supplied city/coordinate tables; aliases normalized conservatively.
1185,16,Bhadravati,bhadravati,13.8502075,75.7037863,public_dataset,reviewed,Canonical city row derived from supplied city/coordinate tables; aliases normalized conservatively.
1186,16,Bhalki,bhalki,18.0109437,77.1940619,public_dataset,reviewed,Canonical city row derived from supplied city/coordinate tables; aliases normalized conservatively.
1187,16,Bhatkal,bhatkal,13.9893566,74.5656301,public_dataset,reviewed,Canonical city row derived from supplied city/coordinate tables; aliases normalized conservatively.
1188,16,Bidar,bidar,18.0207297,77.2487204,public_dataset,reviewed,Canonical city row derived from supplied city/coordinate tables; aliases normalized conservatively.
1189,16,Bilgi,bilgi,14.3605539,74.7978301,public_dataset,reviewed,Canonical city row derived from supplied city/coordinate tables; aliases normalized conservatively.
1190,16,Birur,birur,13.5932294,75.9730150,public_dataset,reviewed,Canonical city row derived from supplied city/coordinate tables; aliases normalized conservatively.
1191,16,Byadgi,byadgi,14.6991545,75.4896220,public_dataset,reviewed,Canonical city row derived from supplied city/coordinate tables; aliases normalized conservatively.
1192,16,Byndoor,byndoor,13.8718003,74.6327162,public_dataset,reviewed,Canonical city row derived from supplied city/coordinate tables; aliases normalized conservatively.
1193,16,Canacona,canacona,,,public_dataset,reviewed,Canonical city row derived from supplied city/coordinate tables; aliases normalized conservatively.
1194,16,Challakere,challakere,14.3167885,76.6521533,public_dataset,reviewed,Canonical city row derived from supplied city/coordinate tables; aliases normalized conservatively.
1195,16,Chamrajnagar,chamrajnagar,11.9269937,76.9424311,public_dataset,reviewed,Canonical city row derived from supplied city/coordinate tables; aliases normalized conservatively.
1196,16,Channagiri,channagiri,14.0252000,75.9250000,public_dataset,reviewed,Canonical city row derived from supplied city/coordinate tables; aliases normalized conservatively.
1197,16,Channapatna,channapatna,12.6593727,77.2038931,public_dataset,reviewed,Canonical city row derived from supplied city/coordinate tables; aliases normalized conservatively.
1198,16,Channarayapatna,channarayapatna,13.2455918,77.7970840,public_dataset,reviewed,Canonical city row derived from supplied city/coordinate tables; aliases normalized conservatively.
1199,16,Chik Ballapur,chik ballapur,,,public_dataset,reviewed,Canonical city row derived from supplied city/coordinate tables; aliases normalized conservatively.
1200,16,Chikkaballapur,chikkaballapur,13.0993764,77.3887290,public_dataset,reviewed,Canonical city row derived from supplied city/coordinate tables; aliases normalized conservatively.
1201,16,Chikkamagaluru,chikkamagaluru,13.4058699,75.6387580,public_dataset,reviewed,Canonical city row derived from supplied city/coordinate tables; aliases normalized conservatively.
1202,16,Chiknayakanhalli,chiknayakanhalli,,,public_dataset,reviewed,Canonical city row derived from supplied city/coordinate tables; aliases normalized conservatively.
1203,16,Chikodi,chikodi,16.3694409,74.7689365,public_dataset,reviewed,Canonical city row derived from supplied city/coordinate tables; aliases normalized conservatively.
1204,16,Chincholi,chincholi,17.4651990,77.4189669,public_dataset,reviewed,Canonical city row derived from supplied city/coordinate tables; aliases normalized conservatively.
1205,16,Chintamani,chintamani,13.3986587,78.0533058,public_dataset,reviewed,Canonical city row derived from supplied city/coordinate tables; aliases normalized conservatively.
1206,16,Chitapur,chitapur,17.1253512,77.0835502,public_dataset,reviewed,Canonical city row derived from supplied city/coordinate tables; aliases normalized conservatively.
1207,16,Chitradurga,chitradurga,14.3049174,76.5296667,public_dataset,reviewed,Canonical city row derived from supplied city/coordinate tables; aliases normalized conservatively.
1208,16,Closepet,closepet,,,public_dataset,reviewed,Canonical city row derived from supplied city/coordinate tables; aliases normalized conservatively.
1209,16,Coondapoor,coondapoor,,,public_dataset,reviewed,Canonical city row derived from supplied city/coordinate tables; aliases normalized conservatively.
1210,16,Dakshina Kannada,dakshina kannada,12.8226434,75.2265036,public_dataset,reviewed,Canonical city row derived from supplied city/coordinate tables; aliases normalized conservatively.
1211,16,Dandeli,dandeli,15.2490284,74.6236037,public_dataset,reviewed,Canonical city row derived from supplied city/coordinate tables; aliases normalized conservatively.
1212,16,Davanagere,davanagere,14.2558835,75.8303421,public_dataset,reviewed,Canonical city row derived from supplied city/coordinate tables; aliases normalized conservatively.
1213,16,Devanhalli,devanhalli,13.2483502,77.7134377,public_dataset,reviewed,Canonical city row derived from supplied city/coordinate tables; aliases normalized conservatively.
1214,16,Dharwad,dharwad,15.3707296,75.1332867,public_dataset,reviewed,Canonical city row derived from supplied city/coordinate tables; aliases normalized conservatively.
1215,16,Dod Ballapur,dod ballapur,,,public_dataset,reviewed,Canonical city row derived from supplied city/coordinate tables; aliases normalized conservatively.
1216,16,French Rocks,french rocks,12.5011414,76.6731501,public_dataset,reviewed,Canonical city row derived from supplied city/coordinate tables; aliases normalized conservatively.
1217,16,Gadag,gadag,15.4166920,75.6815801,public_dataset,reviewed,Canonical city row derived from supplied city/coordinate tables; aliases normalized conservatively.
1218,16,Gadag-Betageri,gadag betageri,15.4221812,75.6376639,public_dataset,reviewed,Canonical city row derived from supplied city/coordinate tables; aliases normalized conservatively.
1219,16,Gajendragarh,gajendragarh,15.7322026,75.9644618,public_dataset,reviewed,Canonical city row derived from supplied city/coordinate tables; aliases normalized conservatively.
1220,16,Gangawati,gangawati,15.7212791,76.7392516,public_dataset,reviewed,Canonical city row derived from supplied city/coordinate tables; aliases normalized conservatively.
1221,16,Gangolli,gangolli,13.6528405,74.6703777,public_dataset,reviewed,Canonical city row derived from supplied city/coordinate tables; aliases normalized conservatively.
1222,16,Gokak,gokak,16.1693033,74.8224338,public_dataset,reviewed,Canonical city row derived from supplied city/coordinate tables; aliases normalized conservatively.
1223,16,Gokarna,gokarna,14.5439629,74.3184418,public_dataset,reviewed,Canonical city row derived from supplied city/coordinate tables; aliases normalized conservatively.
1224,16,Goribidnur,goribidnur,,,public_dataset,reviewed,Canonical city row derived from supplied city/coordinate tables; aliases normalized conservatively.
1225,16,Gorur,gorur,12.8238999,76.0644435,public_dataset,reviewed,Canonical city row derived from supplied city/coordinate tables; aliases normalized conservatively.
1226,16,Gubbi,gubbi,13.3095743,76.9400698,public_dataset,reviewed,Canonical city row derived from supplied city/coordinate tables; aliases normalized conservatively.
1227,16,Gudibanda,gudibanda,13.6470552,77.5556918,public_dataset,reviewed,Canonical city row derived from supplied city/coordinate tables; aliases normalized conservatively.
1228,16,Guledagudda,guledagudda,16.0504473,75.7776714,public_dataset,reviewed,Canonical city row derived from supplied city/coordinate tables; aliases normalized conservatively.
1229,16,Gundlupēt,gundlup t,11.8084960,76.6916141,public_dataset,reviewed,Canonical city row derived from supplied city/coordinate tables; aliases normalized conservatively.
1230,16,Gurmatkal,gurmatkal,16.8679694,77.3929333,public_dataset,reviewed,Canonical city row derived from supplied city/coordinate tables; aliases normalized conservatively.
1231,16,Hadagalli,hadagalli,,,public_dataset,reviewed,Canonical city row derived from supplied city/coordinate tables; aliases normalized conservatively.
1232,16,Haliyal,haliyal,15.3299733,74.7646665,public_dataset,reviewed,Canonical city row derived from supplied city/coordinate tables; aliases normalized conservatively.
1233,16,Hampi,hampi,15.3358000,76.4610201,public_dataset,reviewed,Canonical city row derived from supplied city/coordinate tables; aliases normalized conservatively.
1234,16,Hangal,hangal,14.7821772,75.1356858,public_dataset,reviewed,Canonical city row derived from supplied city/coordinate tables; aliases normalized conservatively.
1235,16,Harihar,harihar,14.5116874,75.8092880,public_dataset,reviewed,Canonical city row derived from supplied city/coordinate tables; aliases normalized conservatively.
1236,16,Harpanahalli,harpanahalli,,,public_dataset,reviewed,Canonical city row derived from supplied city/coordinate tables; aliases normalized conservatively.
1237,16,Hassan,hassan,13.0301852,76.1744968,public_dataset,reviewed,Canonical city row derived from supplied city/coordinate tables; aliases normalized conservatively.
1238,16,Haveri,haveri,14.7180268,75.3656423,public_dataset,reviewed,Canonical city row derived from supplied city/coordinate tables; aliases normalized conservatively.
1239,16,Heggadadevankote,heggadadevankote,12.0824558,76.3351884,public_dataset,reviewed,Canonical city row derived from supplied city/coordinate tables; aliases normalized conservatively.
1240,16,Hirekerur,hirekerur,14.4562395,75.3952205,public_dataset,reviewed,Canonical city row derived from supplied city/coordinate tables; aliases normalized conservatively.
1241,16,Hiriyur,hiriyur,13.9443237,76.6167407,public_dataset,reviewed,Canonical city row derived from supplied city/coordinate tables; aliases normalized conservatively.
1242,16,Holalkere,holalkere,14.0428326,76.1844875,public_dataset,reviewed,Canonical city row derived from supplied city/coordinate tables; aliases normalized conservatively.
1243,16,Hole Narsipur,hole narsipur,12.7853649,76.2466335,public_dataset,reviewed,Canonical city row derived from supplied city/coordinate tables; aliases normalized conservatively.
1244,16,Homnabad,homnabad,,,public_dataset,reviewed,Canonical city row derived from supplied city/coordinate tables; aliases normalized conservatively.
1245,16,Honavar,honavar,,,public_dataset,reviewed,Canonical city row derived from supplied city/coordinate tables; aliases normalized conservatively.
1246,16,Honnali,honnali,14.2389785,75.6457434,public_dataset,reviewed,Canonical city row derived from supplied city/coordinate tables; aliases normalized conservatively.
1247,16,Hosanagara,hosanagara,13.9167890,75.0657952,public_dataset,reviewed,Canonical city row derived from supplied city/coordinate tables; aliases normalized conservatively.
1248,16,Hosangadi,hosangadi,13.6820250,74.9543759,public_dataset,reviewed,Canonical city row derived from supplied city/coordinate tables; aliases normalized conservatively.
1249,16,Hosdurga,hosdurga,12.4225124,77.5689013,public_dataset,reviewed,Canonical city row derived from supplied city/coordinate tables; aliases normalized conservatively.
1250,16,Hoskote,hoskote,13.0730140,77.7921381,public_dataset,reviewed,Canonical city row derived from supplied city/coordinate tables; aliases normalized conservatively.
1251,16,Hospet,hospet,15.2664930,76.3872297,public_dataset,reviewed,Canonical city row derived from supplied city/coordinate tables; aliases normalized conservatively.
1252,16,Hubballi,hubballi,15.3518378,75.1379848,public_dataset,reviewed,Canonical city row derived from supplied city/coordinate tables; aliases normalized conservatively.
1253,16,Hukeri,hukeri,,,public_dataset,reviewed,Canonical city row derived from supplied city/coordinate tables; aliases normalized conservatively.
1254,16,Hungund,hungund,16.0483549,76.0666623,public_dataset,reviewed,Canonical city row derived from supplied city/coordinate tables; aliases normalized conservatively.
1255,16,Hunsur,hunsur,12.3035086,76.2928095,public_dataset,reviewed,Canonical city row derived from supplied city/coordinate tables; aliases normalized conservatively.
1256,16,Ilkal,ilkal,15.9598085,76.1156400,public_dataset,reviewed,Canonical city row derived from supplied city/coordinate tables; aliases normalized conservatively.
1257,16,Indi,indi,17.1744599,75.9553764,public_dataset,reviewed,Canonical city row derived from supplied city/coordinate tables; aliases normalized conservatively.
1258,16,Jagalur,jagalur,14.4696366,76.3538237,public_dataset,reviewed,Canonical city row derived from supplied city/coordinate tables; aliases normalized conservatively.
1259,16,Jamkhandi,jamkhandi,16.5548104,75.2340542,public_dataset,reviewed,Canonical city row derived from supplied city/coordinate tables; aliases normalized conservatively.
1260,16,Jevargi,jevargi,17.0015018,76.6845020,public_dataset,reviewed,Canonical city row derived from supplied city/coordinate tables; aliases normalized conservatively.
1261,16,Kadur,kadur,13.5502511,76.0087022,public_dataset,reviewed,Canonical city row derived from supplied city/coordinate tables; aliases normalized conservatively.
1262,16,Kalaburgi,kalaburgi,16.8999182,77.0567566,public_dataset,reviewed,Canonical city row derived from supplied city/coordinate tables; aliases normalized conservatively.
1263,16,Kalghatgi,kalghatgi,15.1831203,74.9945639,public_dataset,reviewed,Canonical city row derived from supplied city/coordinate tables; aliases normalized conservatively.
1264,16,Kampli,kampli,15.4061695,76.6044510,public_dataset,reviewed,Canonical city row derived from supplied city/coordinate tables; aliases normalized conservatively.
1265,16,Kankanhalli,kankanhalli,,,public_dataset,reviewed,Canonical city row derived from supplied city/coordinate tables; aliases normalized conservatively.
1266,16,Karkala,karkala,13.2145414,74.9951861,public_dataset,reviewed,Canonical city row derived from supplied city/coordinate tables; aliases normalized conservatively.
1267,16,Karwar,karwar,14.8121890,74.1323413,public_dataset,reviewed,Canonical city row derived from supplied city/coordinate tables; aliases normalized conservatively.
1268,16,Kavalur,kavalur,,,public_dataset,reviewed,Canonical city row derived from supplied city/coordinate tables; aliases normalized conservatively.
1269,16,Kerur,kerur,18.0484352,77.3244809,public_dataset,reviewed,Canonical city row derived from supplied city/coordinate tables; aliases normalized conservatively.
1270,16,Khanapur,khanapur,17.2912945,74.6152022,public_dataset,reviewed,Canonical city row derived from supplied city/coordinate tables; aliases normalized conservatively.
1271,16,Kodagu,kodagu,12.3827332,75.6640715,public_dataset,reviewed,Canonical city row derived from supplied city/coordinate tables; aliases normalized conservatively.
1272,16,Kodigenahalli,kodigenahalli,13.7203304,77.3859542,public_dataset,reviewed,Canonical city row derived from supplied city/coordinate tables; aliases normalized conservatively.
1273,16,Kodlipet,kodlipet,12.7955742,75.8890750,public_dataset,reviewed,Canonical city row derived from supplied city/coordinate tables; aliases normalized conservatively.
1274,16,Kolar,kolar,13.1805066,78.2669329,public_dataset,reviewed,Canonical city row derived from supplied city/coordinate tables; aliases normalized conservatively.
1275,16,Kollegal,kollegal,12.1560966,77.1071726,public_dataset,reviewed,Canonical city row derived from supplied city/coordinate tables; aliases normalized conservatively.
1276,16,Konanur,konanur,12.0143199,76.8345798,public_dataset,reviewed,Canonical city row derived from supplied city/coordinate tables; aliases normalized conservatively.
1277,16,Konnur,konnur,16.2017714,74.7489756,public_dataset,reviewed,Canonical city row derived from supplied city/coordinate tables; aliases normalized conservatively.
1278,16,Koppa,koppa,13.5332070,75.3633986,public_dataset,reviewed,Canonical city row derived from supplied city/coordinate tables; aliases normalized conservatively.
1279,16,Koppal,koppal,15.5748238,76.3118494,public_dataset,reviewed,Canonical city row derived from supplied city/coordinate tables; aliases normalized conservatively.
1280,16,Koratagere,koratagere,13.5215422,77.2358911,public_dataset,reviewed,Canonical city row derived from supplied city/coordinate tables; aliases normalized conservatively.
1281,16,Kotturu,kotturu,14.8243692,76.2252832,public_dataset,reviewed,Canonical city row derived from supplied city/coordinate tables; aliases normalized conservatively.
1282,16,Krishnarajpet,krishnarajpet,12.6543220,76.4850680,public_dataset,reviewed,Canonical city row derived from supplied city/coordinate tables; aliases normalized conservatively.
1283,16,Kudachi,kudachi,16.6280220,74.8532627,public_dataset,reviewed,Canonical city row derived from supplied city/coordinate tables; aliases normalized conservatively.
1284,16,Kudligi,kudligi,14.9050763,76.3844473,public_dataset,reviewed,Canonical city row derived from supplied city/coordinate tables; aliases normalized conservatively.
1285,16,Kumsi,kumsi,14.0546834,75.4001340,public_dataset,reviewed,Canonical city row derived from supplied city/coordinate tables; aliases normalized conservatively.
1286,16,Kumta,kumta,14.4372403,74.4212440,public_dataset,reviewed,Canonical city row derived from supplied city/coordinate tables; aliases normalized conservatively.
1287,16,Kundgol,kundgol,15.2588827,75.2500447,public_dataset,reviewed,Canonical city row derived from supplied city/coordinate tables; aliases normalized conservatively.
1288,16,Kunigal,kunigal,13.0260158,77.0222704,public_dataset,reviewed,Canonical city row derived from supplied city/coordinate tables; aliases normalized conservatively.
1289,16,Kurgunta,kurgunta,17.1919786,77.3603407,public_dataset,reviewed,Canonical city row derived from supplied city/coordinate tables; aliases normalized conservatively.
1290,16,Kushalnagar,kushalnagar,12.4585525,75.9614370,public_dataset,reviewed,Canonical city row derived from supplied city/coordinate tables; aliases normalized conservatively.
1291,16,Kushtagi,kushtagi,15.7571579,76.1906820,public_dataset,reviewed,Canonical city row derived from supplied city/coordinate tables; aliases normalized conservatively.
1292,16,Lakshmeshwar,lakshmeshwar,15.1237300,75.4741167,public_dataset,reviewed,Canonical city row derived from supplied city/coordinate tables; aliases normalized conservatively.
1293,16,Lingsugur,lingsugur,16.1563000,76.5242000,public_dataset,reviewed,Canonical city row derived from supplied city/coordinate tables; aliases normalized conservatively.
1294,16,Londa,londa,15.4524311,74.4932422,public_dataset,reviewed,Canonical city row derived from supplied city/coordinate tables; aliases normalized conservatively.
1295,16,Maddagiri,maddagiri,,,public_dataset,reviewed,Canonical city row derived from supplied city/coordinate tables; aliases normalized conservatively.
1296,16,Maddur,maddur,12.5848984,77.0448679,public_dataset,reviewed,Canonical city row derived from supplied city/coordinate tables; aliases normalized conservatively.
1297,16,Madikeri,madikeri,12.4214900,75.7387543,public_dataset,reviewed,Canonical city row derived from supplied city/coordinate tables; aliases normalized conservatively.
1298,16,Magadi,magadi,12.9567353,77.2242281,public_dataset,reviewed,Canonical city row derived from supplied city/coordinate tables; aliases normalized conservatively.
1299,16,Mahalingpur,mahalingpur,16.3925467,75.1065181,public_dataset,reviewed,Canonical city row derived from supplied city/coordinate tables; aliases normalized conservatively.
1300,16,Malavalli,malavalli,12.3864073,77.0589464,public_dataset,reviewed,Canonical city row derived from supplied city/coordinate tables; aliases normalized conservatively.
1301,16,Malpe,malpe,13.3507423,74.7036914,public_dataset,reviewed,Canonical city row derived from supplied city/coordinate tables; aliases normalized conservatively.
1302,16,Malur,malur,13.0058697,77.9393648,public_dataset,reviewed,Canonical city row derived from supplied city/coordinate tables; aliases normalized conservatively.
1303,16,Mandya,mandya,12.6368939,76.7275477,public_dataset,reviewed,Canonical city row derived from supplied city/coordinate tables; aliases normalized conservatively.
1304,16,Mangaluru,mangaluru,12.8698101,74.8430082,public_dataset,reviewed,Canonical city row derived from supplied city/coordinate tables; aliases normalized conservatively.
1305,16,Manipal,manipal,13.3519723,74.7870308,public_dataset,reviewed,Canonical city row derived from supplied city/coordinate tables; aliases normalized conservatively.
1306,16,Manvi,manvi,15.9967483,77.0481181,public_dataset,reviewed,Canonical city row derived from supplied city/coordinate tables; aliases normalized conservatively.
1307,16,Mayakonda,mayakonda,14.2888342,76.0823986,public_dataset,reviewed,Canonical city row derived from supplied city/coordinate tables; aliases normalized conservatively.
1308,16,Melukote,melukote,12.6624052,76.6496490,public_dataset,reviewed,Canonical city row derived from supplied city/coordinate tables; aliases normalized conservatively.
1309,16,Mudbidri,mudbidri,13.0662337,74.9956362,public_dataset,reviewed,Canonical city row derived from supplied city/coordinate tables; aliases normalized conservatively.
1310,16,Muddebihal,muddebihal,16.2553798,76.1624124,public_dataset,reviewed,Canonical city row derived from supplied city/coordinate tables; aliases normalized conservatively.
1311,16,Mudgal,mudgal,16.0143902,76.4464485,public_dataset,reviewed,Canonical city row derived from supplied city/coordinate tables; aliases normalized conservatively.
1312,16,Mudgere,mudgere,,,public_dataset,reviewed,Canonical city row derived from supplied city/coordinate tables; aliases normalized conservatively.
1313,16,Mudhol,mudhol,16.3338591,75.2870794,public_dataset,reviewed,Canonical city row derived from supplied city/coordinate tables; aliases normalized conservatively.
1314,16,Mulbagal,mulbagal,13.1660479,78.3927241,public_dataset,reviewed,Canonical city row derived from supplied city/coordinate tables; aliases normalized conservatively.
1315,16,Mulgund,mulgund,15.2817244,75.5225438,public_dataset,reviewed,Canonical city row derived from supplied city/coordinate tables; aliases normalized conservatively.
1316,16,Mulki,mulki,13.0689580,74.8052727,public_dataset,reviewed,Canonical city row derived from supplied city/coordinate tables; aliases normalized conservatively.
1317,16,Mundargi,mundargi,16.7700414,77.1777795,public_dataset,reviewed,Canonical city row derived from supplied city/coordinate tables; aliases normalized conservatively.
1318,16,Mundgod,mundgod,14.9715262,75.0413079,public_dataset,reviewed,Canonical city row derived from supplied city/coordinate tables; aliases normalized conservatively.
1319,16,Munirabad,munirabad,15.2785018,76.3274884,public_dataset,reviewed,Canonical city row derived from supplied city/coordinate tables; aliases normalized conservatively.
1320,16,Murudeshwara,murudeshwara,14.1008191,74.5054230,public_dataset,reviewed,Canonical city row derived from supplied city/coordinate tables; aliases normalized conservatively.
1321,16,Mysuru,mysuru,12.3041464,76.6529521,public_dataset,reviewed,Canonical city row derived from supplied city/coordinate tables; aliases normalized conservatively.
1322,16,Nagamangala,nagamangala,12.8196077,76.7542189,public_dataset,reviewed,Canonical city row derived from supplied city/coordinate tables; aliases normalized conservatively.
1323,16,Nanjangud,nanjangud,12.1220681,76.6843409,public_dataset,reviewed,Canonical city row derived from supplied city/coordinate tables; aliases normalized conservatively.
1324,16,Narasimharajapura,narasimharajapura,13.6107959,75.5117301,public_dataset,reviewed,Canonical city row derived from supplied city/coordinate tables; aliases normalized conservatively.
1325,16,Naregal,naregal,15.5736978,75.8078454,public_dataset,reviewed,Canonical city row derived from supplied city/coordinate tables; aliases normalized conservatively.
1326,16,Nargund,nargund,15.7220381,75.3846247,public_dataset,reviewed,Canonical city row derived from supplied city/coordinate tables; aliases normalized conservatively.
1327,16,Navalgund,navalgund,15.5582208,75.3538481,public_dataset,reviewed,Canonical city row derived from supplied city/coordinate tables; aliases normalized conservatively.
1328,16,Nelamangala,nelamangala,13.0979667,77.3945591,public_dataset,reviewed,Canonical city row derived from supplied city/coordinate tables; aliases normalized conservatively.
1329,16,Nyamti,nyamti,,,public_dataset,reviewed,Canonical city row derived from supplied city/coordinate tables; aliases normalized conservatively.
1330,16,Pangala,pangala,13.2593837,74.7458067,public_dataset,reviewed,Canonical city row derived from supplied city/coordinate tables; aliases normalized conservatively.
1331,16,Pavugada,pavugada,,,public_dataset,reviewed,Canonical city row derived from supplied city/coordinate tables; aliases normalized conservatively.
1332,16,Piriyapatna,piriyapatna,,,public_dataset,reviewed,Canonical city row derived from supplied city/coordinate tables; aliases normalized conservatively.
1333,16,Ponnampet,ponnampet,,,public_dataset,reviewed,Canonical city row derived from supplied city/coordinate tables; aliases normalized conservatively.
1334,16,Puttur,puttur,12.7632858,75.2018421,public_dataset,reviewed,Canonical city row derived from supplied city/coordinate tables; aliases normalized conservatively.
1335,16,Rabkavi,rabkavi,,,public_dataset,reviewed,Canonical city row derived from supplied city/coordinate tables; aliases normalized conservatively.
1336,16,Raichur,raichur,16.0547194,76.9003647,public_dataset,reviewed,Canonical city row derived from supplied city/coordinate tables; aliases normalized conservatively.
1337,16,Ramanagara,ramanagara,12.7200060,77.3184199,public_dataset,reviewed,Canonical city row derived from supplied city/coordinate tables; aliases normalized conservatively.
1338,16,Ranibennur,ranibennur,14.6258880,75.6357245,public_dataset,reviewed,Canonical city row derived from supplied city/coordinate tables; aliases normalized conservatively.
1339,16,Raybag,raybag,16.4837048,74.8071115,public_dataset,reviewed,Canonical city row derived from supplied city/coordinate tables; aliases normalized conservatively.
1340,16,Robertsonpet,robertsonpet,12.9581302,78.2743674,public_dataset,reviewed,Canonical city row derived from supplied city/coordinate tables; aliases normalized conservatively.
1341,16,Ron,ron,15.6996944,75.7349912,public_dataset,reviewed,Canonical city row derived from supplied city/coordinate tables; aliases normalized conservatively.
1342,16,Sadalgi,sadalgi,,,public_dataset,reviewed,Canonical city row derived from supplied city/coordinate tables; aliases normalized conservatively.
1343,16,Sagar,sagar,23.8083076,78.7582540,public_dataset,reviewed,Canonical city row derived from supplied city/coordinate tables; aliases normalized conservatively.
1344,16,Sakleshpur,sakleshpur,12.9434349,75.7862318,public_dataset,reviewed,Canonical city row derived from supplied city/coordinate tables; aliases normalized conservatively.
1345,16,Sandur,sandur,15.0832754,76.5434110,public_dataset,reviewed,Canonical city row derived from supplied city/coordinate tables; aliases normalized conservatively.
1346,16,Sanivarsante,sanivarsante,,,public_dataset,reviewed,Canonical city row derived from supplied city/coordinate tables; aliases normalized conservatively.
1347,16,Sankeshwar,sankeshwar,12.9484838,77.5697866,public_dataset,reviewed,Canonical city row derived from supplied city/coordinate tables; aliases normalized conservatively.
1348,16,Sargur,sargur,,,public_dataset,reviewed,Canonical city row derived from supplied city/coordinate tables; aliases normalized conservatively.
1349,16,Saundatti,saundatti,15.7671818,75.1174834,public_dataset,reviewed,Canonical city row derived from supplied city/coordinate tables; aliases normalized conservatively.
1350,16,Savanur,savanur,14.9742418,75.3360801,public_dataset,reviewed,Canonical city row derived from supplied city/coordinate tables; aliases normalized conservatively.
1351,16,Seram,seram,,,public_dataset,reviewed,Canonical city row derived from supplied city/coordinate tables; aliases normalized conservatively.
1352,16,Shahabad,shahabad,27.6446688,79.9394235,public_dataset,reviewed,Canonical city row derived from supplied city/coordinate tables; aliases normalized conservatively.
1353,16,Shahpur,shahpur,29.7577461,77.6593494,public_dataset,reviewed,Canonical city row derived from supplied city/coordinate tables; aliases normalized conservatively.
1354,16,Shiggaon,shiggaon,14.9899007,75.2234815,public_dataset,reviewed,Canonical city row derived from supplied city/coordinate tables; aliases normalized conservatively.
1355,16,Shikarpur,shikarpur,28.2325472,78.0636983,public_dataset,reviewed,Canonical city row derived from supplied city/coordinate tables; aliases normalized conservatively.
1356,16,Shimoga,shimoga,14.0556503,75.2380553,public_dataset,reviewed,Canonical city row derived from supplied city/coordinate tables; aliases normalized conservatively.
1357,16,Shirhatti,shirhatti,,,public_dataset,reviewed,Canonical city row derived from supplied city/coordinate tables; aliases normalized conservatively.
1358,16,Shorapur,shorapur,16.5476954,76.7379578,public_dataset,reviewed,Canonical city row derived from supplied city/coordinate tables; aliases normalized conservatively.
1359,16,Shrirangapattana,shrirangapattana,12.4241441,76.6778732,public_dataset,reviewed,Canonical city row derived from supplied city/coordinate tables; aliases normalized conservatively.
1360,16,Siddapur,siddapur,15.5223623,76.6396374,public_dataset,reviewed,Canonical city row derived from supplied city/coordinate tables; aliases normalized conservatively.
1361,16,Sidlaghatta,sidlaghatta,13.3885218,77.8641332,public_dataset,reviewed,Canonical city row derived from supplied city/coordinate tables; aliases normalized conservatively.
1362,16,Sindgi,sindgi,,,public_dataset,reviewed,Canonical city row derived from supplied city/coordinate tables; aliases normalized conservatively.
1363,16,Sindhnur,sindhnur,15.7620985,76.5950148,public_dataset,reviewed,Canonical city row derived from supplied city/coordinate tables; aliases normalized conservatively.
1364,16,Sira,sira,13.7409467,76.9057380,public_dataset,reviewed,Canonical city row derived from supplied city/coordinate tables; aliases normalized conservatively.
1365,16,Sirsi,sirsi,24.8446585,82.4916853,public_dataset,reviewed,Canonical city row derived from supplied city/coordinate tables; aliases normalized conservatively.
1366,16,Siruguppa,siruguppa,15.6345569,76.8937407,public_dataset,reviewed,Canonical city row derived from supplied city/coordinate tables; aliases normalized conservatively.
1367,16,Someshwar,someshwar,15.1259613,75.4730642,public_dataset,reviewed,Canonical city row derived from supplied city/coordinate tables; aliases normalized conservatively.
1368,16,Somvarpet,somvarpet,12.5971883,75.8466865,public_dataset,reviewed,Canonical city row derived from supplied city/coordinate tables; aliases normalized conservatively.
1369,16,Sorab,sorab,14.1748195,75.0292929,public_dataset,reviewed,Canonical city row derived from supplied city/coordinate tables; aliases normalized conservatively.
1370,16,Sravana Belgola,sravana belgola,,,public_dataset,reviewed,Canonical city row derived from supplied city/coordinate tables; aliases normalized conservatively.
1371,16,Sringeri,sringeri,13.4261724,75.2553690,public_dataset,reviewed,Canonical city row derived from supplied city/coordinate tables; aliases normalized conservatively.
1372,16,Srinivaspur,srinivaspur,13.3400850,78.2117487,public_dataset,reviewed,Canonical city row derived from supplied city/coordinate tables; aliases normalized conservatively.
1373,16,Sulya,sulya,12.5576644,75.3907575,public_dataset,reviewed,Canonical city row derived from supplied city/coordinate tables; aliases normalized conservatively.
1374,16,Suntikoppa,suntikoppa,12.4528955,75.8319972,public_dataset,reviewed,Canonical city row derived from supplied city/coordinate tables; aliases normalized conservatively.
1375,16,Talikota,talikota,16.4744680,76.3117060,public_dataset,reviewed,Canonical city row derived from supplied city/coordinate tables; aliases normalized conservatively.
1376,16,Tarikere,tarikere,13.7062309,75.8183561,public_dataset,reviewed,Canonical city row derived from supplied city/coordinate tables; aliases normalized conservatively.
1377,16,Tekkalakote,tekkalakote,15.5337852,76.8772225,public_dataset,reviewed,Canonical city row derived from supplied city/coordinate tables; aliases normalized conservatively.
1378,16,Terdal,terdal,16.4936178,75.0468551,public_dataset,reviewed,Canonical city row derived from supplied city/coordinate tables; aliases normalized conservatively.
1379,16,Tiptur,tiptur,13.2585750,76.4737675,public_dataset,reviewed,Canonical city row derived from supplied city/coordinate tables; aliases normalized conservatively.
1380,16,Tirthahalli,tirthahalli,13.6901992,75.2463699,public_dataset,reviewed,Canonical city row derived from supplied city/coordinate tables; aliases normalized conservatively.
1381,16,Tirumakudal Narsipur,tirumakudal narsipur,,,public_dataset,reviewed,Canonical city row derived from supplied city/coordinate tables; aliases normalized conservatively.
1382,16,Tumakuru,tumakuru,13.4192512,76.8810004,public_dataset,reviewed,Canonical city row derived from supplied city/coordinate tables; aliases normalized conservatively.
1383,16,Turuvekere,turuvekere,13.1627196,76.6680675,public_dataset,reviewed,Canonical city row derived from supplied city/coordinate tables; aliases normalized conservatively.
1384,16,Udupi,udupi,13.5269784,74.8731879,public_dataset,reviewed,Canonical city row derived from supplied city/coordinate tables; aliases normalized conservatively.
1385,16,Ullal,ullal,12.8181202,74.8459375,public_dataset,reviewed,Canonical city row derived from supplied city/coordinate tables; aliases normalized conservatively.
1386,16,Uttar Kannada,uttar kannada,,,public_dataset,reviewed,Canonical city row derived from supplied city/coordinate tables; aliases normalized conservatively.
1387,16,Vadigenhalli,vadigenhalli,,,public_dataset,reviewed,Canonical city row derived from supplied city/coordinate tables; aliases normalized conservatively.
1388,16,Vijayapura,vijayapura,16.8144150,75.8933856,public_dataset,reviewed,Canonical city row derived from supplied city/coordinate tables; aliases normalized conservatively.
1389,16,Virarajendrapet,virarajendrapet,,,public_dataset,reviewed,Canonical city row derived from supplied city/coordinate tables; aliases normalized conservatively.
1390,16,Wadi,wadi,17.0522945,76.9918953,public_dataset,reviewed,Canonical city row derived from supplied city/coordinate tables; aliases normalized conservatively.
1391,16,Yadgir,yadgir,16.5744123,76.9254434,public_dataset,reviewed,Canonical city row derived from supplied city/coordinate tables; aliases normalized conservatively.
1392,16,Yelahanka,yelahanka,13.1006982,77.5963454,public_dataset,reviewed,Canonical city row derived from supplied city/coordinate tables; aliases normalized conservatively.
1393,16,Yelandur,yelandur,12.0463301,77.0306546,public_dataset,reviewed,Canonical city row derived from supplied city/coordinate tables; aliases normalized conservatively.
1394,16,Yelbarga,yelbarga,,,public_dataset,reviewed,Canonical city row derived from supplied city/coordinate tables; aliases normalized conservatively.
1395,16,Yellapur,yellapur,14.9634438,74.7120788,public_dataset,reviewed,Canonical city row derived from supplied city/coordinate tables; aliases normalized conservatively.
1396,17,Adur,adur,9.1529656,76.7355742,public_dataset,reviewed,Canonical city row derived from supplied city/coordinate tables; aliases normalized conservatively.
1397,17,Alappuzha,alappuzha,9.5003416,76.4123364,public_dataset,reviewed,Canonical city row derived from supplied city/coordinate tables; aliases normalized conservatively.
1398,17,Aluva,aluva,10.1077682,76.3568532,public_dataset,reviewed,Canonical city row derived from supplied city/coordinate tables; aliases normalized conservatively.
1399,17,Alwaye,alwaye,10.1082525,76.3566989,public_dataset,reviewed,Canonical city row derived from supplied city/coordinate tables; aliases normalized conservatively.
1400,17,Angamali,angamali,10.1837793,76.3780765,public_dataset,reviewed,Canonical city row derived from supplied city/coordinate tables; aliases normalized conservatively.
1401,17,Aroor,aroor,9.8783108,76.3038826,public_dataset,reviewed,Canonical city row derived from supplied city/coordinate tables; aliases normalized conservatively.
1402,17,Arukutti,arukutti,9.8647402,76.3239849,public_dataset,reviewed,Canonical city row derived from supplied city/coordinate tables; aliases normalized conservatively.
1403,17,Attingal,attingal,8.6985965,76.8134401,public_dataset,reviewed,Canonical city row derived from supplied city/coordinate tables; aliases normalized conservatively.
1404,17,Avanoor,avanoor,10.6083857,76.1761002,public_dataset,reviewed,Canonical city row derived from supplied city/coordinate tables; aliases normalized conservatively.
1405,17,Azhikkal,azhikkal,11.9465260,75.3038436,public_dataset,reviewed,Canonical city row derived from supplied city/coordinate tables; aliases normalized conservatively.
1406,17,Badagara,badagara,11.5985451,75.5897432,public_dataset,reviewed,Canonical city row derived from supplied city/coordinate tables; aliases normalized conservatively.
1407,17,Beypore,beypore,11.1790668,75.8101768,public_dataset,reviewed,Canonical city row derived from supplied city/coordinate tables; aliases normalized conservatively.
1408,17,Changanacheri,changanacheri,,,public_dataset,reviewed,Canonical city row derived from supplied city/coordinate tables; aliases normalized conservatively.
1409,17,Chengannur,chengannur,9.3182808,76.6085318,public_dataset,reviewed,Canonical city row derived from supplied city/coordinate tables; aliases normalized conservatively.
1410,17,Cherpulassery,cherpulassery,10.8774908,76.3138677,public_dataset,reviewed,Canonical city row derived from supplied city/coordinate tables; aliases normalized conservatively.
1411,17,Cherthala,cherthala,9.6912036,76.3257168,public_dataset,reviewed,Canonical city row derived from supplied city/coordinate tables; aliases normalized conservatively.
1412,17,Chetwayi,chetwayi,,,public_dataset,reviewed,Canonical city row derived from supplied city/coordinate tables; aliases normalized conservatively.
1413,17,Chittur,chittur,10.5773214,76.6957249,public_dataset,reviewed,Canonical city row derived from supplied city/coordinate tables; aliases normalized conservatively.
1414,17,Chēlakara,ch lakara,10.7254725,76.3173167,public_dataset,reviewed,Canonical city row derived from supplied city/coordinate tables; aliases normalized conservatively.
1415,17,Kochi,kochi,9.9679032,76.2444378,public_dataset,reviewed,Canonical city row derived from supplied city/coordinate tables; aliases normalized conservatively.
1416,17,Dharmadam,dharmadam,11.7787174,75.4632527,public_dataset,reviewed,Canonical city row derived from supplied city/coordinate tables; aliases normalized conservatively.
1417,17,Edakkulam,edakkulam,10.6074374,76.5140621,public_dataset,reviewed,Canonical city row derived from supplied city/coordinate tables; aliases normalized conservatively.
1418,17,Elur,elur,10.0669964,76.2989276,public_dataset,reviewed,Canonical city row derived from supplied city/coordinate tables; aliases normalized conservatively.
1419,17,Erattupetta,erattupetta,9.6879884,76.7797651,public_dataset,reviewed,Canonical city row derived from supplied city/coordinate tables; aliases normalized conservatively.
1420,17,Ernakulam,ernakulam,9.9837257,76.2740001,public_dataset,reviewed,Canonical city row derived from supplied city/coordinate tables; aliases normalized conservatively.
1421,17,Ferokh,ferokh,,,public_dataset,reviewed,Canonical city row derived from supplied city/coordinate tables; aliases normalized conservatively.
1422,17,Guruvayur,guruvayur,10.5972429,76.0459148,public_dataset,reviewed,Canonical city row derived from supplied city/coordinate tables; aliases normalized conservatively.
1423,17,Idukki,idukki,9.8154785,76.9991599,public_dataset,reviewed,Canonical city row derived from supplied city/coordinate tables; aliases normalized conservatively.
1424,17,Iringal,iringal,11.5486481,75.6096009,public_dataset,reviewed,Canonical city row derived from supplied city/coordinate tables; aliases normalized conservatively.
1425,17,Irinjalakuda,irinjalakuda,10.3406466,76.2807861,public_dataset,reviewed,Canonical city row derived from supplied city/coordinate tables; aliases normalized conservatively.
1426,17,Kadakkavoor,kadakkavoor,8.6838747,76.7709099,public_dataset,reviewed,Canonical city row derived from supplied city/coordinate tables; aliases normalized conservatively.
1427,17,Kalamassery,kalamassery,10.0521676,76.3199033,public_dataset,reviewed,Canonical city row derived from supplied city/coordinate tables; aliases normalized conservatively.
1428,17,Kalavoor,kalavoor,9.5705238,76.3286125,public_dataset,reviewed,Canonical city row derived from supplied city/coordinate tables; aliases normalized conservatively.
1429,17,Kalpatta,kalpatta,11.0378205,76.0075004,public_dataset,reviewed,Canonical city row derived from supplied city/coordinate tables; aliases normalized conservatively.
1430,17,Kannangad,kannangad,12.1988917,75.2429645,public_dataset,reviewed,Canonical city row derived from supplied city/coordinate tables; aliases normalized conservatively.
1431,17,Kannavam,kannavam,11.8274597,75.7366492,public_dataset,reviewed,Canonical city row derived from supplied city/coordinate tables; aliases normalized conservatively.
1432,17,Kannur,kannur,11.8763836,75.3737973,public_dataset,reviewed,Canonical city row derived from supplied city/coordinate tables; aliases normalized conservatively.
1433,17,Kasaragod,kasaragod,12.4221964,75.1904446,public_dataset,reviewed,Canonical city row derived from supplied city/coordinate tables; aliases normalized conservatively.
1434,17,Kasaragod District,kasaragod district,12.4221964,75.1904446,public_dataset,reviewed,Canonical city row derived from supplied city/coordinate tables; aliases normalized conservatively.
1435,17,Kattanam,kattanam,9.1768788,76.5633262,public_dataset,reviewed,Canonical city row derived from supplied city/coordinate tables; aliases normalized conservatively.
1436,17,Kayankulam,kayankulam,9.1723603,76.5000610,public_dataset,reviewed,Canonical city row derived from supplied city/coordinate tables; aliases normalized conservatively.
1437,17,Kizhake Chalakudi,kizhake chalakudi,10.3000300,76.3500200,public_dataset,reviewed,Canonical city row derived from supplied city/coordinate tables; aliases normalized conservatively.
1438,17,Kodungallur,kodungallur,10.2276837,76.1971531,public_dataset,reviewed,Canonical city row derived from supplied city/coordinate tables; aliases normalized conservatively.
1439,17,Kollam,kollam,8.8870533,76.5906696,public_dataset,reviewed,Canonical city row derived from supplied city/coordinate tables; aliases normalized conservatively.
1440,17,Kotamangalam,kotamangalam,,,public_dataset,reviewed,Canonical city row derived from supplied city/coordinate tables; aliases normalized conservatively.
1441,17,Kottayam,kottayam,9.6287383,76.6455326,public_dataset,reviewed,Canonical city row derived from supplied city/coordinate tables; aliases normalized conservatively.
1442,17,Kovalam,kovalam,8.3902593,76.9785152,public_dataset,reviewed,Canonical city row derived from supplied city/coordinate tables; aliases normalized conservatively.
1443,17,Kozhikode,kozhikode,11.2450558,75.7754716,public_dataset,reviewed,Canonical city row derived from supplied city/coordinate tables; aliases normalized conservatively.
1444,17,Kumbalam,kumbalam,9.8906366,76.3123749,public_dataset,reviewed,Canonical city row derived from supplied city/coordinate tables; aliases normalized conservatively.
1445,17,Kunnamangalam,kunnamangalam,11.3046779,75.8785617,public_dataset,reviewed,Canonical city row derived from supplied city/coordinate tables; aliases normalized conservatively.
1446,17,Kunnamkulam,kunnamkulam,10.6548692,76.0958782,public_dataset,reviewed,Canonical city row derived from supplied city/coordinate tables; aliases normalized conservatively.
1447,17,Kunnumma,kunnumma,9.4753093,76.4498928,public_dataset,reviewed,Canonical city row derived from supplied city/coordinate tables; aliases normalized conservatively.
1448,17,Kutiatodu,kutiatodu,,,public_dataset,reviewed,Canonical city row derived from supplied city/coordinate tables; aliases normalized conservatively.
1449,17,Kuttampuzha,kuttampuzha,10.1511635,76.7338887,public_dataset,reviewed,Canonical city row derived from supplied city/coordinate tables; aliases normalized conservatively.
1450,17,Lalam,lalam,9.7165500,76.7000200,public_dataset,reviewed,Canonical city row derived from supplied city/coordinate tables; aliases normalized conservatively.
1451,17,Mahē,mah,11.6989900,75.5465396,public_dataset,reviewed,Canonical city row derived from supplied city/coordinate tables; aliases normalized conservatively.
1452,17,Malappuram,malappuram,11.1065685,76.1101742,public_dataset,reviewed,Canonical city row derived from supplied city/coordinate tables; aliases normalized conservatively.
1453,17,Manjeri,manjeri,11.1202289,76.1198109,public_dataset,reviewed,Canonical city row derived from supplied city/coordinate tables; aliases normalized conservatively.
1454,17,Manjēshvar,manj shvar,,,public_dataset,reviewed,Canonical city row derived from supplied city/coordinate tables; aliases normalized conservatively.
1455,17,Mannarakkat,mannarakkat,,,public_dataset,reviewed,Canonical city row derived from supplied city/coordinate tables; aliases normalized conservatively.
1456,17,Marayur,marayur,10.2750818,77.1606658,public_dataset,reviewed,Canonical city row derived from supplied city/coordinate tables; aliases normalized conservatively.
1457,17,Mattanur,mattanur,11.9017132,75.4341802,public_dataset,reviewed,Canonical city row derived from supplied city/coordinate tables; aliases normalized conservatively.
1458,17,Mavelikara,mavelikara,9.2504893,76.5402433,public_dataset,reviewed,Canonical city row derived from supplied city/coordinate tables; aliases normalized conservatively.
1459,17,Mavoor,mavoor,11.2607979,75.9529912,public_dataset,reviewed,Canonical city row derived from supplied city/coordinate tables; aliases normalized conservatively.
1460,17,Muluppilagadu,muluppilagadu,,,public_dataset,reviewed,Canonical city row derived from supplied city/coordinate tables; aliases normalized conservatively.
1461,17,Munnar,munnar,10.0869959,77.0600915,public_dataset,reviewed,Canonical city row derived from supplied city/coordinate tables; aliases normalized conservatively.
1462,17,Muvattupula,muvattupula,,,public_dataset,reviewed,Canonical city row derived from supplied city/coordinate tables; aliases normalized conservatively.
1463,17,Muvattupuzha,muvattupuzha,9.9831493,76.5781613,public_dataset,reviewed,Canonical city row derived from supplied city/coordinate tables; aliases normalized conservatively.
1464,17,Nadapuram,nadapuram,11.6851867,75.6543660,public_dataset,reviewed,Canonical city row derived from supplied city/coordinate tables; aliases normalized conservatively.
1465,17,Naduvannur,naduvannur,11.4875132,75.7758865,public_dataset,reviewed,Canonical city row derived from supplied city/coordinate tables; aliases normalized conservatively.
1466,17,Nedumangad,nedumangad,8.6970387,77.0424541,public_dataset,reviewed,Canonical city row derived from supplied city/coordinate tables; aliases normalized conservatively.
1467,17,Neyyattinkara,neyyattinkara,8.3858430,77.0650429,public_dataset,reviewed,Canonical city row derived from supplied city/coordinate tables; aliases normalized conservatively.
1468,17,Nilēshwar,nil shwar,12.2508170,75.1281569,public_dataset,reviewed,Canonical city row derived from supplied city/coordinate tables; aliases normalized conservatively.
1469,17,Ottappalam,ottappalam,10.7732226,76.3772453,public_dataset,reviewed,Canonical city row derived from supplied city/coordinate tables; aliases normalized conservatively.
1470,17,Palackattumala,palackattumala,9.7449855,76.6292978,public_dataset,reviewed,Canonical city row derived from supplied city/coordinate tables; aliases normalized conservatively.
1471,17,Palakkad district,palakkad district,10.7873692,76.4742172,public_dataset,reviewed,Canonical city row derived from supplied city/coordinate tables; aliases normalized conservatively.
1472,17,Palghat,palghat,10.7681928,76.6521319,public_dataset,reviewed,Canonical city row derived from supplied city/coordinate tables; aliases normalized conservatively.
1473,17,Panamaram,panamaram,11.7390969,76.0731104,public_dataset,reviewed,Canonical city row derived from supplied city/coordinate tables; aliases normalized conservatively.
1474,17,Pappinisshēri,pappinissh ri,,,public_dataset,reviewed,Canonical city row derived from supplied city/coordinate tables; aliases normalized conservatively.
1475,17,Paravur Tekkumbhagam,paravur tekkumbhagam,,,public_dataset,reviewed,Canonical city row derived from supplied city/coordinate tables; aliases normalized conservatively.
1476,17,Pariyapuram,pariyapuram,10.8909534,75.9095306,public_dataset,reviewed,Canonical city row derived from supplied city/coordinate tables; aliases normalized conservatively.
1477,17,Pathanamthitta,pathanamthitta,9.2780841,76.9737443,public_dataset,reviewed,Canonical city row derived from supplied city/coordinate tables; aliases normalized conservatively.
1478,17,Pattanamtitta,pattanamtitta,,,public_dataset,reviewed,Canonical city row derived from supplied city/coordinate tables; aliases normalized conservatively.
1479,17,Payyannur,payyannur,12.1511877,75.2560290,public_dataset,reviewed,Canonical city row derived from supplied city/coordinate tables; aliases normalized conservatively.
1480,17,Perumbavoor,perumbavoor,10.1147548,76.4778152,public_dataset,reviewed,Canonical city row derived from supplied city/coordinate tables; aliases normalized conservatively.
1481,17,Perumpavur,perumpavur,,,public_dataset,reviewed,Canonical city row derived from supplied city/coordinate tables; aliases normalized conservatively.
1482,17,Perya,perya,12.4669269,75.1790230,public_dataset,reviewed,Canonical city row derived from supplied city/coordinate tables; aliases normalized conservatively.
1483,17,Piravam,piravam,9.8290255,76.4555856,public_dataset,reviewed,Canonical city row derived from supplied city/coordinate tables; aliases normalized conservatively.
1484,17,Ponmana,ponmana,,,public_dataset,reviewed,Canonical city row derived from supplied city/coordinate tables; aliases normalized conservatively.
1485,17,Ponnani,ponnani,10.7800691,75.9189338,public_dataset,reviewed,Canonical city row derived from supplied city/coordinate tables; aliases normalized conservatively.
1486,17,Punalur,punalur,9.0174612,76.9264764,public_dataset,reviewed,Canonical city row derived from supplied city/coordinate tables; aliases normalized conservatively.
1487,17,Ramamangalam,ramamangalam,9.9333600,76.5000300,public_dataset,reviewed,Canonical city row derived from supplied city/coordinate tables; aliases normalized conservatively.
1488,17,Shertallai,shertallai,,,public_dataset,reviewed,Canonical city row derived from supplied city/coordinate tables; aliases normalized conservatively.
1489,17,Shōranur,sh ranur,10.7637196,76.2723550,public_dataset,reviewed,Canonical city row derived from supplied city/coordinate tables; aliases normalized conservatively.
1490,17,Talipparamba,talipparamba,,,public_dataset,reviewed,Canonical city row derived from supplied city/coordinate tables; aliases normalized conservatively.
1491,17,Tellicherry,tellicherry,11.7481123,75.4866396,public_dataset,reviewed,Canonical city row derived from supplied city/coordinate tables; aliases normalized conservatively.
1492,17,Thanniyam,thanniyam,10.4324638,76.1265214,public_dataset,reviewed,Canonical city row derived from supplied city/coordinate tables; aliases normalized conservatively.
1493,17,Thiruvananthapuram,thiruvananthapuram,8.4882267,76.9475510,public_dataset,reviewed,Canonical city row derived from supplied city/coordinate tables; aliases normalized conservatively.
1494,17,Thrissur,thrissur,10.5270099,76.2146210,public_dataset,reviewed,Canonical city row derived from supplied city/coordinate tables; aliases normalized conservatively.
1495,17,Thrissur District,thrissur district,10.4786969,76.2736512,public_dataset,reviewed,Canonical city row derived from supplied city/coordinate tables; aliases normalized conservatively.
1496,17,Tirur,tirur,10.9166828,75.9239860,public_dataset,reviewed,Canonical city row derived from supplied city/coordinate tables; aliases normalized conservatively.
1497,17,Tiruvalla,tiruvalla,9.3811277,76.7640012,public_dataset,reviewed,Canonical city row derived from supplied city/coordinate tables; aliases normalized conservatively.
1498,17,Vaikam,vaikam,9.7778824,76.4744489,public_dataset,reviewed,Canonical city row derived from supplied city/coordinate tables; aliases normalized conservatively.
1499,17,Varkala,varkala,8.7340434,76.7252855,public_dataset,reviewed,Canonical city row derived from supplied city/coordinate tables; aliases normalized conservatively.
1500,17,Vayalar,vayalar,9.7185185,76.3374560,public_dataset,reviewed,Canonical city row derived from supplied city/coordinate tables; aliases normalized conservatively.
1501,17,Vettur,vettur,9.2425549,76.8485756,public_dataset,reviewed,Canonical city row derived from supplied city/coordinate tables; aliases normalized conservatively.
1502,17,Wayanad,wayanad,11.7151291,76.1271185,public_dataset,reviewed,Canonical city row derived from supplied city/coordinate tables; aliases normalized conservatively.
1503,18,Kargil,kargil,34.5593048,76.1255767,public_dataset,reviewed,Canonical city row derived from supplied city/coordinate tables; aliases normalized conservatively.
1504,18,Leh,leh,34.1642029,77.5848133,public_dataset,reviewed,Canonical city row derived from supplied city/coordinate tables; aliases normalized conservatively.
1505,19,Kavaratti,kavaratti,10.5672203,72.6394636,public_dataset,reviewed,Canonical city row derived from supplied city/coordinate tables; aliases normalized conservatively.
1506,19,Lakshadweep,lakshadweep,10.8132489,73.6804621,public_dataset,reviewed,Canonical city row derived from supplied city/coordinate tables; aliases normalized conservatively.
1507,20,Agar,agar,23.7913656,77.0768305,public_dataset,reviewed,Canonical city row derived from supplied city/coordinate tables; aliases normalized conservatively.
1508,20,Ajaigarh,ajaigarh,24.9029127,80.2578736,public_dataset,reviewed,Canonical city row derived from supplied city/coordinate tables; aliases normalized conservatively.
1509,20,Akodia,akodia,23.3786554,76.5993567,public_dataset,reviewed,Canonical city row derived from supplied city/coordinate tables; aliases normalized conservatively.
1510,20,Alampur,alampur,15.8799583,78.1350753,public_dataset,reviewed,Canonical city row derived from supplied city/coordinate tables; aliases normalized conservatively.
1511,20,Alirajpur,alirajpur,22.2859525,74.3545628,public_dataset,reviewed,Canonical city row derived from supplied city/coordinate tables; aliases normalized conservatively.
1512,20,Alot,alot,23.7642192,75.5608869,public_dataset,reviewed,Canonical city row derived from supplied city/coordinate tables; aliases normalized conservatively.
1513,20,Amanganj,amanganj,24.4307164,80.0507979,public_dataset,reviewed,Canonical city row derived from supplied city/coordinate tables; aliases normalized conservatively.
1514,20,Amarkantak,amarkantak,22.6704650,81.7588417,public_dataset,reviewed,Canonical city row derived from supplied city/coordinate tables; aliases normalized conservatively.
1515,20,Amarpatan,amarpatan,24.3218284,80.9550095,public_dataset,reviewed,Canonical city row derived from supplied city/coordinate tables; aliases normalized conservatively.
1516,20,Amarwara,amarwara,22.2963769,79.1789319,public_dataset,reviewed,Canonical city row derived from supplied city/coordinate tables; aliases normalized conservatively.
1517,20,Ambah,ambah,22.7914805,77.2006607,public_dataset,reviewed,Canonical city row derived from supplied city/coordinate tables; aliases normalized conservatively.
1518,20,Amla,amla,21.9195099,78.1227559,public_dataset,reviewed,Canonical city row derived from supplied city/coordinate tables; aliases normalized conservatively.
1519,20,Anjad,anjad,22.0490610,75.0565446,public_dataset,reviewed,Canonical city row derived from supplied city/coordinate tables; aliases normalized conservatively.
1520,20,Antri,antri,26.0466251,78.2208616,public_dataset,reviewed,Canonical city row derived from supplied city/coordinate tables; aliases normalized conservatively.
1521,20,Anuppur,anuppur,23.0346179,81.7510255,public_dataset,reviewed,Canonical city row derived from supplied city/coordinate tables; aliases normalized conservatively.
1522,20,Aron,aron,24.5912159,78.0955320,public_dataset,reviewed,Canonical city row derived from supplied city/coordinate tables; aliases normalized conservatively.
1523,20,Ashoknagar,ashoknagar,24.6186095,77.8786983,public_dataset,reviewed,Canonical city row derived from supplied city/coordinate tables; aliases normalized conservatively.
1524,20,Ashta,ashta,20.7792170,78.2848464,public_dataset,reviewed,Canonical city row derived from supplied city/coordinate tables; aliases normalized conservatively.
1525,20,Babai,babai,22.7048792,77.9330027,public_dataset,reviewed,Canonical city row derived from supplied city/coordinate tables; aliases normalized conservatively.
1526,20,Badarwas,badarwas,24.9717284,77.5696602,public_dataset,reviewed,Canonical city row derived from supplied city/coordinate tables; aliases normalized conservatively.
1527,20,Badnawar,badnawar,23.0231263,75.2065000,public_dataset,reviewed,Canonical city row derived from supplied city/coordinate tables; aliases normalized conservatively.
1528,20,Bag,bag,23.7432403,77.0034098,public_dataset,reviewed,Canonical city row derived from supplied city/coordinate tables; aliases normalized conservatively.
1529,20,Bagli,bagli,23.1641275,77.4953427,public_dataset,reviewed,Canonical city row derived from supplied city/coordinate tables; aliases normalized conservatively.
1530,20,Baihar,baihar,23.2677756,79.9559559,public_dataset,reviewed,Canonical city row derived from supplied city/coordinate tables; aliases normalized conservatively.
1531,20,Baikunthpur,baikunthpur,24.7319806,81.4070688,public_dataset,reviewed,Canonical city row derived from supplied city/coordinate tables; aliases normalized conservatively.
1532,20,Bakshwaho,bakshwaho,,,public_dataset,reviewed,Canonical city row derived from supplied city/coordinate tables; aliases normalized conservatively.
1533,20,Balaghat,balaghat,21.8611589,80.3237105,public_dataset,reviewed,Canonical city row derived from supplied city/coordinate tables; aliases normalized conservatively.
1534,20,Baldeogarh,baldeogarh,24.7553247,79.0689046,public_dataset,reviewed,Canonical city row derived from supplied city/coordinate tables; aliases normalized conservatively.
1535,20,Bamna,bamna,25.2105732,78.1762328,public_dataset,reviewed,Canonical city row derived from supplied city/coordinate tables; aliases normalized conservatively.
1536,20,Bamor Kalan,bamor kalan,24.8940778,78.1392297,public_dataset,reviewed,Canonical city row derived from supplied city/coordinate tables; aliases normalized conservatively.
1537,20,Bamora,bamora,23.1319500,75.6849753,public_dataset,reviewed,Canonical city row derived from supplied city/coordinate tables; aliases normalized conservatively.
1538,20,Banda,banda,25.4438537,80.5595237,public_dataset,reviewed,Canonical city row derived from supplied city/coordinate tables; aliases normalized conservatively.
1539,20,Barela,barela,22.7458856,79.9034088,public_dataset,reviewed,Canonical city row derived from supplied city/coordinate tables; aliases normalized conservatively.
1540,20,Barghat,barghat,22.0288467,79.7438467,public_dataset,reviewed,Canonical city row derived from supplied city/coordinate tables; aliases normalized conservatively.
1541,20,Bargi,bargi,23.1787384,79.6367334,public_dataset,reviewed,Canonical city row derived from supplied city/coordinate tables; aliases normalized conservatively.
1542,20,Barhi,barhi,24.6792719,82.1862719,public_dataset,reviewed,Canonical city row derived from supplied city/coordinate tables; aliases normalized conservatively.
1543,20,Barwani,barwani,21.7514248,74.8915957,public_dataset,reviewed,Canonical city row derived from supplied city/coordinate tables; aliases normalized conservatively.
1544,20,Basoda,basoda,23.8793783,78.2871532,public_dataset,reviewed,Canonical city row derived from supplied city/coordinate tables; aliases normalized conservatively.
1545,20,Begamganj,begamganj,23.6127559,78.3500548,public_dataset,reviewed,Canonical city row derived from supplied city/coordinate tables; aliases normalized conservatively.
1546,20,Beohari,beohari,24.0005338,81.3800132,public_dataset,reviewed,Canonical city row derived from supplied city/coordinate tables; aliases normalized conservatively.
1547,20,Berasia,berasia,23.6299232,77.4251686,public_dataset,reviewed,Canonical city row derived from supplied city/coordinate tables; aliases normalized conservatively.
1548,20,Betma,betma,22.6875139,75.6116714,public_dataset,reviewed,Canonical city row derived from supplied city/coordinate tables; aliases normalized conservatively.
1549,20,Betul,betul,21.8797472,77.8753651,public_dataset,reviewed,Canonical city row derived from supplied city/coordinate tables; aliases normalized conservatively.
1550,20,Betul Bazar,betul bazar,21.8587540,77.9224414,public_dataset,reviewed,Canonical city row derived from supplied city/coordinate tables; aliases normalized conservatively.
1551,20,Bhabhra,bhabhra,22.5299534,74.3312033,public_dataset,reviewed,Canonical city row derived from supplied city/coordinate tables; aliases normalized conservatively.
1552,20,Bhainsdehi,bhainsdehi,21.9095969,77.9583776,public_dataset,reviewed,Canonical city row derived from supplied city/coordinate tables; aliases normalized conservatively.
1553,20,Bhander,bhander,25.7287600,78.7489202,public_dataset,reviewed,Canonical city row derived from supplied city/coordinate tables; aliases normalized conservatively.
1554,20,Bhanpura,bhanpura,23.7019250,80.4087748,public_dataset,reviewed,Canonical city row derived from supplied city/coordinate tables; aliases normalized conservatively.
1555,20,Bhawaniganj,bhawaniganj,,,public_dataset,reviewed,Canonical city row derived from supplied city/coordinate tables; aliases normalized conservatively.
1556,20,Bhikangaon,bhikangaon,22.0189892,76.1170825,public_dataset,reviewed,Canonical city row derived from supplied city/coordinate tables; aliases normalized conservatively.
1557,20,Bhind,bhind,26.3518828,78.6863189,public_dataset,reviewed,Canonical city row derived from supplied city/coordinate tables; aliases normalized conservatively.
1558,20,Bhitarwar,bhitarwar,25.7926629,78.0889124,public_dataset,reviewed,Canonical city row derived from supplied city/coordinate tables; aliases normalized conservatively.
1559,20,Bhopal,bhopal,23.2584857,77.4019890,public_dataset,reviewed,Canonical city row derived from supplied city/coordinate tables; aliases normalized conservatively.
1560,20,Biaora,biaora,23.1892675,75.9227749,public_dataset,reviewed,Canonical city row derived from supplied city/coordinate tables; aliases normalized conservatively.
1561,20,Bijawar,bijawar,24.6324342,79.4881839,public_dataset,reviewed,Canonical city row derived from supplied city/coordinate tables; aliases normalized conservatively.
1562,20,Bijrauni,bijrauni,24.9335248,77.6469930,public_dataset,reviewed,Canonical city row derived from supplied city/coordinate tables; aliases normalized conservatively.
1563,20,Bodri,bodri,23.1761349,81.4346584,public_dataset,reviewed,Canonical city row derived from supplied city/coordinate tables; aliases normalized conservatively.
1564,20,Burhanpur,burhanpur,21.3348670,76.3708803,public_dataset,reviewed,Canonical city row derived from supplied city/coordinate tables; aliases normalized conservatively.
1565,20,Burhar,burhar,23.2134508,81.5433300,public_dataset,reviewed,Canonical city row derived from supplied city/coordinate tables; aliases normalized conservatively.
1566,20,Chanderi,chanderi,24.7119436,78.1372743,public_dataset,reviewed,Canonical city row derived from supplied city/coordinate tables; aliases normalized conservatively.
1567,20,Chandia,chandia,23.6538137,80.7092647,public_dataset,reviewed,Canonical city row derived from supplied city/coordinate tables; aliases normalized conservatively.
1568,20,Chandla,chandla,22.8200220,77.7998160,public_dataset,reviewed,Canonical city row derived from supplied city/coordinate tables; aliases normalized conservatively.
1569,20,Chhatarpur,chhatarpur,24.7606089,79.6781776,public_dataset,reviewed,Canonical city row derived from supplied city/coordinate tables; aliases normalized conservatively.
1570,20,Chhindwara,chhindwara,22.2071897,78.7988330,public_dataset,reviewed,Canonical city row derived from supplied city/coordinate tables; aliases normalized conservatively.
1571,20,Chichli,chichli,23.1635303,77.3919089,public_dataset,reviewed,Canonical city row derived from supplied city/coordinate tables; aliases normalized conservatively.
1572,20,Chorhat,chorhat,24.4824099,81.7554527,public_dataset,reviewed,Canonical city row derived from supplied city/coordinate tables; aliases normalized conservatively.
1573,20,Daboh,daboh,26.0083888,78.8808723,public_dataset,reviewed,Canonical city row derived from supplied city/coordinate tables; aliases normalized conservatively.
1574,20,Dabra,dabra,25.8818881,78.3305079,public_dataset,reviewed,Canonical city row derived from supplied city/coordinate tables; aliases normalized conservatively.
1575,20,Damoh,damoh,23.7981005,79.5419356,public_dataset,reviewed,Canonical city row derived from supplied city/coordinate tables; aliases normalized conservatively.
1576,20,Datia,datia,25.9182947,78.6644962,public_dataset,reviewed,Canonical city row derived from supplied city/coordinate tables; aliases normalized conservatively.
1577,20,Deori Khas,deori khas,23.3901704,79.0161133,public_dataset,reviewed,Canonical city row derived from supplied city/coordinate tables; aliases normalized conservatively.
1578,20,Depalpur,depalpur,22.8494212,75.5437738,public_dataset,reviewed,Canonical city row derived from supplied city/coordinate tables; aliases normalized conservatively.
1579,20,Dewas,dewas,22.8057498,76.2940408,public_dataset,reviewed,Canonical city row derived from supplied city/coordinate tables; aliases normalized conservatively.
1580,20,Dhamnod,dhamnod,23.4363144,74.9702228,public_dataset,reviewed,Canonical city row derived from supplied city/coordinate tables; aliases normalized conservatively.
1581,20,Dhana,dhana,23.7462285,78.8692989,public_dataset,reviewed,Canonical city row derived from supplied city/coordinate tables; aliases normalized conservatively.
1582,20,Dhar,dhar,22.5786572,75.2258637,public_dataset,reviewed,Canonical city row derived from supplied city/coordinate tables; aliases normalized conservatively.
1583,20,Dharampuri,dharampuri,22.7368920,74.6107036,public_dataset,reviewed,Canonical city row derived from supplied city/coordinate tables; aliases normalized conservatively.
1584,20,Dindori,dindori,22.9070871,80.8846924,public_dataset,reviewed,Canonical city row derived from supplied city/coordinate tables; aliases normalized conservatively.
1585,20,Etawa,etawa,24.1868735,78.2035782,public_dataset,reviewed,Canonical city row derived from supplied city/coordinate tables; aliases normalized conservatively.
1586,20,Gadarwara,gadarwara,22.9003732,78.7926881,public_dataset,reviewed,Canonical city row derived from supplied city/coordinate tables; aliases normalized conservatively.
1587,20,Garha Brahman,garha brahman,23.8728132,77.3522992,public_dataset,reviewed,Canonical city row derived from supplied city/coordinate tables; aliases normalized conservatively.
1588,20,Garhakota,garhakota,23.7789982,79.1530257,public_dataset,reviewed,Canonical city row derived from supplied city/coordinate tables; aliases normalized conservatively.
1589,20,Gautampura,gautampura,23.3120423,74.6209272,public_dataset,reviewed,Canonical city row derived from supplied city/coordinate tables; aliases normalized conservatively.
1590,20,Ghansor,ghansor,22.6647677,79.9433581,public_dataset,reviewed,Canonical city row derived from supplied city/coordinate tables; aliases normalized conservatively.
1591,20,Gogapur,gogapur,,,public_dataset,reviewed,Canonical city row derived from supplied city/coordinate tables; aliases normalized conservatively.
1592,20,Gohadi,gohadi,26.4395635,78.4382240,public_dataset,reviewed,Canonical city row derived from supplied city/coordinate tables; aliases normalized conservatively.
1593,20,Govindgarh,govindgarh,27.5047288,76.9988322,public_dataset,reviewed,Canonical city row derived from supplied city/coordinate tables; aliases normalized conservatively.
1594,20,Guna,guna,24.5001772,77.2600959,public_dataset,reviewed,Canonical city row derived from supplied city/coordinate tables; aliases normalized conservatively.
1595,20,Gurh,gurh,24.4998684,81.6124030,public_dataset,reviewed,Canonical city row derived from supplied city/coordinate tables; aliases normalized conservatively.
1596,20,Gwalior,gwalior,26.2037247,78.1573628,public_dataset,reviewed,Canonical city row derived from supplied city/coordinate tables; aliases normalized conservatively.
1597,20,Harda,harda,22.2427973,77.1179173,public_dataset,reviewed,Canonical city row derived from supplied city/coordinate tables; aliases normalized conservatively.
1598,20,Harda Khas,harda khas,22.3435118,77.0977052,public_dataset,reviewed,Canonical city row derived from supplied city/coordinate tables; aliases normalized conservatively.
1599,20,Harpalpur,harpalpur,25.3025548,79.2918314,public_dataset,reviewed,Canonical city row derived from supplied city/coordinate tables; aliases normalized conservatively.
1600,20,Harrai,harrai,24.0805112,81.2905044,public_dataset,reviewed,Canonical city row derived from supplied city/coordinate tables; aliases normalized conservatively.
1601,20,Harsud,harsud,22.5046283,77.4972211,public_dataset,reviewed,Canonical city row derived from supplied city/coordinate tables; aliases normalized conservatively.
1602,20,Hatod,hatod,22.7946123,75.7361381,public_dataset,reviewed,Canonical city row derived from supplied city/coordinate tables; aliases normalized conservatively.
1603,20,Hatta,hatta,22.3570135,80.8440314,public_dataset,reviewed,Canonical city row derived from supplied city/coordinate tables; aliases normalized conservatively.
1604,20,Hindoria,hindoria,23.9110223,79.5546775,public_dataset,reviewed,Canonical city row derived from supplied city/coordinate tables; aliases normalized conservatively.
1605,20,Hoshangabad,hoshangabad,22.7545538,77.7198249,public_dataset,reviewed,Canonical city row derived from supplied city/coordinate tables; aliases normalized conservatively.
1606,20,Iawar,iawar,,,public_dataset,reviewed,Canonical city row derived from supplied city/coordinate tables; aliases normalized conservatively.
1607,20,Ichhawar,ichhawar,23.0337159,77.0252424,public_dataset,reviewed,Canonical city row derived from supplied city/coordinate tables; aliases normalized conservatively.
1608,20,Iklehra,iklehra,23.1499370,76.3958583,public_dataset,reviewed,Canonical city row derived from supplied city/coordinate tables; aliases normalized conservatively.
1609,20,Indore,indore,22.7203616,75.8681996,public_dataset,reviewed,Canonical city row derived from supplied city/coordinate tables; aliases normalized conservatively.
1610,20,Isagarh,isagarh,24.8366075,77.8899032,public_dataset,reviewed,Canonical city row derived from supplied city/coordinate tables; aliases normalized conservatively.
1611,20,Itarsi,itarsi,22.6122527,77.7782601,public_dataset,reviewed,Canonical city row derived from supplied city/coordinate tables; aliases normalized conservatively.
1612,20,Jabalpur,jabalpur,23.1701522,79.9324505,public_dataset,reviewed,Canonical city row derived from supplied city/coordinate tables; aliases normalized conservatively.
1613,20,Jaisinghnagar,jaisinghnagar,23.6892770,81.3831028,public_dataset,reviewed,Canonical city row derived from supplied city/coordinate tables; aliases normalized conservatively.
1614,20,Jaithari,jaithari,23.3796783,78.8876597,public_dataset,reviewed,Canonical city row derived from supplied city/coordinate tables; aliases normalized conservatively.
1615,20,Jamai,jamai,22.1922482,78.6036971,public_dataset,reviewed,Canonical city row derived from supplied city/coordinate tables; aliases normalized conservatively.
1616,20,Jaora,jaora,23.6379392,75.1281756,public_dataset,reviewed,Canonical city row derived from supplied city/coordinate tables; aliases normalized conservatively.
1617,20,Jatara,jatara,25.0111321,79.0616250,public_dataset,reviewed,Canonical city row derived from supplied city/coordinate tables; aliases normalized conservatively.
1618,20,Jawad,jawad,24.5959111,74.8660432,public_dataset,reviewed,Canonical city row derived from supplied city/coordinate tables; aliases normalized conservatively.
1619,20,Jhabua,jhabua,22.8869652,74.7243249,public_dataset,reviewed,Canonical city row derived from supplied city/coordinate tables; aliases normalized conservatively.
1620,20,Jiran,jiran,24.3126824,74.8940930,public_dataset,reviewed,Canonical city row derived from supplied city/coordinate tables; aliases normalized conservatively.
1621,20,Jobat,jobat,22.4133257,74.5648578,public_dataset,reviewed,Canonical city row derived from supplied city/coordinate tables; aliases normalized conservatively.
1622,20,Kailaras,kailaras,26.2962054,77.6200944,public_dataset,reviewed,Canonical city row derived from supplied city/coordinate tables; aliases normalized conservatively.
1623,20,Kaimori,kaimori,23.3848644,79.7445398,public_dataset,reviewed,Canonical city row derived from supplied city/coordinate tables; aliases normalized conservatively.
1624,20,Kannod,kannod,22.9083513,76.6944530,public_dataset,reviewed,Canonical city row derived from supplied city/coordinate tables; aliases normalized conservatively.
1625,20,Kareli,kareli,22.9322525,79.0666841,public_dataset,reviewed,Canonical city row derived from supplied city/coordinate tables; aliases normalized conservatively.
1626,20,Karera,karera,25.4515560,78.1411242,public_dataset,reviewed,Canonical city row derived from supplied city/coordinate tables; aliases normalized conservatively.
1627,20,Karrapur,karrapur,23.9389957,78.8701426,public_dataset,reviewed,Canonical city row derived from supplied city/coordinate tables; aliases normalized conservatively.
1628,20,Kasrawad,kasrawad,22.1191199,75.6105985,public_dataset,reviewed,Canonical city row derived from supplied city/coordinate tables; aliases normalized conservatively.
1629,20,Katangi,katangi,22.6492579,80.3959979,public_dataset,reviewed,Canonical city row derived from supplied city/coordinate tables; aliases normalized conservatively.
1630,20,Katni,katni,23.7176393,80.2610181,public_dataset,reviewed,Canonical city row derived from supplied city/coordinate tables; aliases normalized conservatively.
1631,20,Khachrod,khachrod,23.4425475,75.2863777,public_dataset,reviewed,Canonical city row derived from supplied city/coordinate tables; aliases normalized conservatively.
1632,20,Khailar,khailar,25.3465204,78.5366785,public_dataset,reviewed,Canonical city row derived from supplied city/coordinate tables; aliases normalized conservatively.
1633,20,Khajuraho Group of Monuments,khajuraho group of monuments,,,public_dataset,reviewed,Canonical city row derived from supplied city/coordinate tables; aliases normalized conservatively.
1634,20,Khamaria,khamaria,23.4564107,81.8828954,public_dataset,reviewed,Canonical city row derived from supplied city/coordinate tables; aliases normalized conservatively.
1635,20,Khandwa,khandwa,21.9769779,76.5675344,public_dataset,reviewed,Canonical city row derived from supplied city/coordinate tables; aliases normalized conservatively.
1636,20,Khandwa district,khandwa district,21.9769779,76.5675344,public_dataset,reviewed,Canonical city row derived from supplied city/coordinate tables; aliases normalized conservatively.
1637,20,Khargapur,khargapur,24.8461370,79.1845286,public_dataset,reviewed,Canonical city row derived from supplied city/coordinate tables; aliases normalized conservatively.
1638,20,Khargone,khargone,21.9544729,75.7521248,public_dataset,reviewed,Canonical city row derived from supplied city/coordinate tables; aliases normalized conservatively.
1639,20,Khategaon,khategaon,22.5975170,76.9166482,public_dataset,reviewed,Canonical city row derived from supplied city/coordinate tables; aliases normalized conservatively.
1640,20,Khilchipur,khilchipur,24.0344775,76.5768551,public_dataset,reviewed,Canonical city row derived from supplied city/coordinate tables; aliases normalized conservatively.
1641,20,Khirkiyan,khirkiyan,,,public_dataset,reviewed,Canonical city row derived from supplied city/coordinate tables; aliases normalized conservatively.
1642,20,Khujner,khujner,23.7974438,76.6110490,public_dataset,reviewed,Canonical city row derived from supplied city/coordinate tables; aliases normalized conservatively.
1643,20,Khurai,khurai,24.0521941,78.3309666,public_dataset,reviewed,Canonical city row derived from supplied city/coordinate tables; aliases normalized conservatively.
1644,20,Kolaras,kolaras,25.2232473,77.6181948,public_dataset,reviewed,Canonical city row derived from supplied city/coordinate tables; aliases normalized conservatively.
1645,20,Korwai,korwai,24.1217301,78.0391988,public_dataset,reviewed,Canonical city row derived from supplied city/coordinate tables; aliases normalized conservatively.
1646,20,Kotar,kotar,24.6894113,80.9706061,public_dataset,reviewed,Canonical city row derived from supplied city/coordinate tables; aliases normalized conservatively.
1647,20,Kothi,kothi,24.4906753,81.3298876,public_dataset,reviewed,Canonical city row derived from supplied city/coordinate tables; aliases normalized conservatively.
1648,20,Kotma,kotma,23.3213033,81.3836596,public_dataset,reviewed,Canonical city row derived from supplied city/coordinate tables; aliases normalized conservatively.
1649,20,Kotwa,kotwa,25.0448130,81.3061658,public_dataset,reviewed,Canonical city row derived from supplied city/coordinate tables; aliases normalized conservatively.
1650,20,Kukshi,kukshi,22.5099558,74.3156754,public_dataset,reviewed,Canonical city row derived from supplied city/coordinate tables; aliases normalized conservatively.
1651,20,Kumbhraj,kumbhraj,24.3671971,77.0499285,public_dataset,reviewed,Canonical city row derived from supplied city/coordinate tables; aliases normalized conservatively.
1652,20,Lahar,lahar,26.2048461,78.9453521,public_dataset,reviewed,Canonical city row derived from supplied city/coordinate tables; aliases normalized conservatively.
1653,20,Lakhnadon,lakhnadon,22.6011662,79.6091250,public_dataset,reviewed,Canonical city row derived from supplied city/coordinate tables; aliases normalized conservatively.
1654,20,Leteri,leteri,24.0719077,77.4189518,public_dataset,reviewed,Canonical city row derived from supplied city/coordinate tables; aliases normalized conservatively.
1655,20,Lodhikheda,lodhikheda,21.5825647,78.8602381,public_dataset,reviewed,Canonical city row derived from supplied city/coordinate tables; aliases normalized conservatively.
1656,20,Machalpur,machalpur,24.1295077,76.3121525,public_dataset,reviewed,Canonical city row derived from supplied city/coordinate tables; aliases normalized conservatively.
1657,20,Madhogarh,madhogarh,26.2856090,79.2131817,public_dataset,reviewed,Canonical city row derived from supplied city/coordinate tables; aliases normalized conservatively.
1658,20,Maheshwar,maheshwar,22.1774350,75.5873514,public_dataset,reviewed,Canonical city row derived from supplied city/coordinate tables; aliases normalized conservatively.
1659,20,Mahgawan,mahgawan,23.5348604,78.3928191,public_dataset,reviewed,Canonical city row derived from supplied city/coordinate tables; aliases normalized conservatively.
1660,20,Maihar,maihar,24.2437541,81.0446912,public_dataset,reviewed,Canonical city row derived from supplied city/coordinate tables; aliases normalized conservatively.
1661,20,Majholi,majholi,23.5024562,79.9269522,public_dataset,reviewed,Canonical city row derived from supplied city/coordinate tables; aliases normalized conservatively.
1662,20,Maksi,maksi,23.1495482,77.4819248,public_dataset,reviewed,Canonical city row derived from supplied city/coordinate tables; aliases normalized conservatively.
1663,20,Malhargarh,malhargarh,24.2691838,78.0724042,public_dataset,reviewed,Canonical city row derived from supplied city/coordinate tables; aliases normalized conservatively.
1664,20,Manasa,manasa,24.4728129,75.1508670,public_dataset,reviewed,Canonical city row derived from supplied city/coordinate tables; aliases normalized conservatively.
1665,20,Manawar,manawar,21.8111264,75.5479447,public_dataset,reviewed,Canonical city row derived from supplied city/coordinate tables; aliases normalized conservatively.
1666,20,Mandideep,mandideep,23.0938380,77.5114296,public_dataset,reviewed,Canonical city row derived from supplied city/coordinate tables; aliases normalized conservatively.
1667,20,Mandla,mandla,22.6871074,80.5816341,public_dataset,reviewed,Canonical city row derived from supplied city/coordinate tables; aliases normalized conservatively.
1668,20,Mandleshwar,mandleshwar,22.1782812,75.6565001,public_dataset,reviewed,Canonical city row derived from supplied city/coordinate tables; aliases normalized conservatively.
1669,20,Mandsaur,mandsaur,24.2628148,75.3856920,public_dataset,reviewed,Canonical city row derived from supplied city/coordinate tables; aliases normalized conservatively.
1670,20,Mangawan,mangawan,24.6643066,81.5411779,public_dataset,reviewed,Canonical city row derived from supplied city/coordinate tables; aliases normalized conservatively.
1671,20,Manpur,manpur,23.2158997,81.4368433,public_dataset,reviewed,Canonical city row derived from supplied city/coordinate tables; aliases normalized conservatively.
1672,20,Mau,mau,26.0390905,83.4985846,public_dataset,reviewed,Canonical city row derived from supplied city/coordinate tables; aliases normalized conservatively.
1673,20,Mauganj,mauganj,24.7144477,81.9393159,public_dataset,reviewed,Canonical city row derived from supplied city/coordinate tables; aliases normalized conservatively.
1674,20,Mihona,mihona,26.2854254,78.9765748,public_dataset,reviewed,Canonical city row derived from supplied city/coordinate tables; aliases normalized conservatively.
1675,20,Mohgaon,mohgaon,21.9407677,79.0562863,public_dataset,reviewed,Canonical city row derived from supplied city/coordinate tables; aliases normalized conservatively.
1676,20,Morar,morar,22.2843531,75.1052174,public_dataset,reviewed,Canonical city row derived from supplied city/coordinate tables; aliases normalized conservatively.
1677,20,Morena,morena,26.3849794,77.8612721,public_dataset,reviewed,Canonical city row derived from supplied city/coordinate tables; aliases normalized conservatively.
1678,20,Multai,multai,21.7828449,78.2635080,public_dataset,reviewed,Canonical city row derived from supplied city/coordinate tables; aliases normalized conservatively.
1679,20,Mundi,mundi,23.7120598,79.4855185,public_dataset,reviewed,Canonical city row derived from supplied city/coordinate tables; aliases normalized conservatively.
1680,20,Mungaoli,mungaoli,24.4023238,78.1118902,public_dataset,reviewed,Canonical city row derived from supplied city/coordinate tables; aliases normalized conservatively.
1681,20,Murwara,murwara,23.8339621,80.3924560,public_dataset,reviewed,Canonical city row derived from supplied city/coordinate tables; aliases normalized conservatively.
1682,20,Nagda,nagda,23.4578957,75.4191114,public_dataset,reviewed,Canonical city row derived from supplied city/coordinate tables; aliases normalized conservatively.
1683,20,Nagod,nagod,24.5705157,80.5867584,public_dataset,reviewed,Canonical city row derived from supplied city/coordinate tables; aliases normalized conservatively.
1684,20,Naigarhi,naigarhi,24.4653453,78.2473507,public_dataset,reviewed,Canonical city row derived from supplied city/coordinate tables; aliases normalized conservatively.
1685,20,Nainpur,nainpur,22.4257867,80.1044938,public_dataset,reviewed,Canonical city row derived from supplied city/coordinate tables; aliases normalized conservatively.
1686,20,Namli,namli,23.4602247,75.0575513,public_dataset,reviewed,Canonical city row derived from supplied city/coordinate tables; aliases normalized conservatively.
1687,20,Naraini,naraini,24.6186458,81.8434901,public_dataset,reviewed,Canonical city row derived from supplied city/coordinate tables; aliases normalized conservatively.
1688,20,Narayangarh,narayangarh,22.8711453,76.0045439,public_dataset,reviewed,Canonical city row derived from supplied city/coordinate tables; aliases normalized conservatively.
1689,20,Narsimhapur,narsimhapur,22.9166670,79.1666670,public_dataset,reviewed,Canonical city row derived from supplied city/coordinate tables; aliases normalized conservatively.
1690,20,Narsinghgarh,narsinghgarh,23.7090990,77.0887470,public_dataset,reviewed,Canonical city row derived from supplied city/coordinate tables; aliases normalized conservatively.
1691,20,Narwar,narwar,23.4252509,81.3499967,public_dataset,reviewed,Canonical city row derived from supplied city/coordinate tables; aliases normalized conservatively.
1692,20,Nasrullahganj,nasrullahganj,22.6861284,77.2649497,public_dataset,reviewed,Canonical city row derived from supplied city/coordinate tables; aliases normalized conservatively.
1693,20,Neemuch,neemuch,24.6305517,75.1829000,public_dataset,reviewed,Canonical city row derived from supplied city/coordinate tables; aliases normalized conservatively.
1694,20,Nepanagar,nepanagar,21.4641072,76.3968819,public_dataset,reviewed,Canonical city row derived from supplied city/coordinate tables; aliases normalized conservatively.
1695,20,Orchha,orchha,25.3528706,78.6402465,public_dataset,reviewed,Canonical city row derived from supplied city/coordinate tables; aliases normalized conservatively.
1696,20,Pachmarhi,pachmarhi,22.4736824,78.4360537,public_dataset,reviewed,Canonical city row derived from supplied city/coordinate tables; aliases normalized conservatively.
1697,20,Palera,palera,22.7987928,78.7295775,public_dataset,reviewed,Canonical city row derived from supplied city/coordinate tables; aliases normalized conservatively.
1698,20,Pali,pali,27.5672921,77.4590206,public_dataset,reviewed,Canonical city row derived from supplied city/coordinate tables; aliases normalized conservatively.
1699,20,Panagar,panagar,24.6971116,79.4862967,public_dataset,reviewed,Canonical city row derived from supplied city/coordinate tables; aliases normalized conservatively.
1700,20,Panara,panara,22.2175890,78.5512246,public_dataset,reviewed,Canonical city row derived from supplied city/coordinate tables; aliases normalized conservatively.
1701,20,Pandhana,pandhana,21.6908945,76.2237916,public_dataset,reviewed,Canonical city row derived from supplied city/coordinate tables; aliases normalized conservatively.
1702,20,Pandhurna,pandhurna,21.6877050,78.6619762,public_dataset,reviewed,Canonical city row derived from supplied city/coordinate tables; aliases normalized conservatively.
1703,20,Panna,panna,24.4498931,80.1462723,public_dataset,reviewed,Canonical city row derived from supplied city/coordinate tables; aliases normalized conservatively.
1704,20,Pansemal,pansemal,21.6855567,74.7089781,public_dataset,reviewed,Canonical city row derived from supplied city/coordinate tables; aliases normalized conservatively.
1705,20,Parasia,parasia,24.3925049,81.2839251,public_dataset,reviewed,Canonical city row derived from supplied city/coordinate tables; aliases normalized conservatively.
1706,20,Patan,patan,17.3565267,73.8634207,public_dataset,reviewed,Canonical city row derived from supplied city/coordinate tables; aliases normalized conservatively.
1707,20,Patharia,patharia,23.9056806,79.1923956,public_dataset,reviewed,Canonical city row derived from supplied city/coordinate tables; aliases normalized conservatively.
1708,20,Pawai,pawai,24.0088306,77.8614437,public_dataset,reviewed,Canonical city row derived from supplied city/coordinate tables; aliases normalized conservatively.
1709,20,Petlawad,petlawad,23.0209586,74.8071354,public_dataset,reviewed,Canonical city row derived from supplied city/coordinate tables; aliases normalized conservatively.
1710,20,Piploda,piploda,23.0654095,75.9445548,public_dataset,reviewed,Canonical city row derived from supplied city/coordinate tables; aliases normalized conservatively.
1711,20,Pithampur,pithampur,22.6105576,75.6790283,public_dataset,reviewed,Canonical city row derived from supplied city/coordinate tables; aliases normalized conservatively.
1712,20,Porsa,porsa,26.6831456,78.3880545,public_dataset,reviewed,Canonical city row derived from supplied city/coordinate tables; aliases normalized conservatively.
1713,20,Punasa,punasa,22.2388965,76.3947140,public_dataset,reviewed,Canonical city row derived from supplied city/coordinate tables; aliases normalized conservatively.
1714,20,Raghogarh,raghogarh,23.5855970,75.8731129,public_dataset,reviewed,Canonical city row derived from supplied city/coordinate tables; aliases normalized conservatively.
1715,20,Rahatgarh,rahatgarh,23.7926876,78.3986974,public_dataset,reviewed,Canonical city row derived from supplied city/coordinate tables; aliases normalized conservatively.
1716,20,Raisen,raisen,23.2675909,78.1727134,public_dataset,reviewed,Canonical city row derived from supplied city/coordinate tables; aliases normalized conservatively.
1717,20,Rajgarh,rajgarh,27.2422285,76.6068271,public_dataset,reviewed,Canonical city row derived from supplied city/coordinate tables; aliases normalized conservatively.
1718,20,Rajnagar,rajnagar,23.9574984,75.3558810,public_dataset,reviewed,Canonical city row derived from supplied city/coordinate tables; aliases normalized conservatively.
1719,20,Rajpur,rajpur,25.6477360,78.1471941,public_dataset,reviewed,Canonical city row derived from supplied city/coordinate tables; aliases normalized conservatively.
1720,20,Rampura,rampura,26.3492002,79.1828970,public_dataset,reviewed,Canonical city row derived from supplied city/coordinate tables; aliases normalized conservatively.
1721,20,Ranapur,ranapur,22.6468771,74.5203298,public_dataset,reviewed,Canonical city row derived from supplied city/coordinate tables; aliases normalized conservatively.
1722,20,Ratangarh,ratangarh,28.0749601,74.6243533,public_dataset,reviewed,Canonical city row derived from supplied city/coordinate tables; aliases normalized conservatively.
1723,20,Ratlam,ratlam,23.5022200,74.9551534,public_dataset,reviewed,Canonical city row derived from supplied city/coordinate tables; aliases normalized conservatively.
1724,20,Rehli,rehli,22.9180990,79.1370619,public_dataset,reviewed,Canonical city row derived from supplied city/coordinate tables; aliases normalized conservatively.
1725,20,Rehti,rehti,23.0622205,79.4200610,public_dataset,reviewed,Canonical city row derived from supplied city/coordinate tables; aliases normalized conservatively.
1726,20,Rewa,rewa,24.7560846,81.3810574,public_dataset,reviewed,Canonical city row derived from supplied city/coordinate tables; aliases normalized conservatively.
1727,20,Sabalgarh,sabalgarh,26.2485682,77.4097285,public_dataset,reviewed,Canonical city row derived from supplied city/coordinate tables; aliases normalized conservatively.
1728,20,Sagar,sagar,23.8083076,78.7582540,public_dataset,reviewed,Canonical city row derived from supplied city/coordinate tables; aliases normalized conservatively.
1729,20,Sailana,sailana,23.4559437,74.9273527,public_dataset,reviewed,Canonical city row derived from supplied city/coordinate tables; aliases normalized conservatively.
1730,20,Sanawad,sanawad,22.1777783,76.0737911,public_dataset,reviewed,Canonical city row derived from supplied city/coordinate tables; aliases normalized conservatively.
1731,20,Sanchi,sanchi,23.4876339,77.7360676,public_dataset,reviewed,Canonical city row derived from supplied city/coordinate tables; aliases normalized conservatively.
1732,20,Sanwer,sanwer,22.9778614,75.8466312,public_dataset,reviewed,Canonical city row derived from supplied city/coordinate tables; aliases normalized conservatively.
1733,20,Sarangpur,sarangpur,23.1166281,81.4585459,public_dataset,reviewed,Canonical city row derived from supplied city/coordinate tables; aliases normalized conservatively.
1734,20,Satna,satna,24.6954445,80.7770348,public_dataset,reviewed,Canonical city row derived from supplied city/coordinate tables; aliases normalized conservatively.
1735,20,Satwas,satwas,22.5400634,76.6818154,public_dataset,reviewed,Canonical city row derived from supplied city/coordinate tables; aliases normalized conservatively.
1736,20,Saugor,saugor,23.8477612,78.7433318,public_dataset,reviewed,Canonical city row derived from supplied city/coordinate tables; aliases normalized conservatively.
1737,20,Sausar,sausar,21.6589072,78.7904428,public_dataset,reviewed,Canonical city row derived from supplied city/coordinate tables; aliases normalized conservatively.
1738,20,Sehore,sehore,23.1150041,77.0665356,public_dataset,reviewed,Canonical city row derived from supplied city/coordinate tables; aliases normalized conservatively.
1739,20,Sendhwa,sendhwa,21.6926813,75.0978792,public_dataset,reviewed,Canonical city row derived from supplied city/coordinate tables; aliases normalized conservatively.
1740,20,Seondha,seondha,26.1433579,78.7786679,public_dataset,reviewed,Canonical city row derived from supplied city/coordinate tables; aliases normalized conservatively.
1741,20,Seoni,seoni,22.2748109,79.7202522,public_dataset,reviewed,Canonical city row derived from supplied city/coordinate tables; aliases normalized conservatively.
1742,20,Seoni Malwa,seoni malwa,22.4491661,77.4664364,public_dataset,reviewed,Canonical city row derived from supplied city/coordinate tables; aliases normalized conservatively.
1743,20,Shahdol,shahdol,23.3002343,81.3647710,public_dataset,reviewed,Canonical city row derived from supplied city/coordinate tables; aliases normalized conservatively.
1744,20,Shahgarh,shahgarh,24.3241604,79.1037073,public_dataset,reviewed,Canonical city row derived from supplied city/coordinate tables; aliases normalized conservatively.
1745,20,Shahpur,shahpur,29.7577461,77.6593494,public_dataset,reviewed,Canonical city row derived from supplied city/coordinate tables; aliases normalized conservatively.
1746,20,Shahpura,shahpura,25.6301339,74.9264383,public_dataset,reviewed,Canonical city row derived from supplied city/coordinate tables; aliases normalized conservatively.
1747,20,Shajapur,shajapur,23.4171002,76.6074794,public_dataset,reviewed,Canonical city row derived from supplied city/coordinate tables; aliases normalized conservatively.
1748,20,Shamgarh,shamgarh,24.1920321,75.6429568,public_dataset,reviewed,Canonical city row derived from supplied city/coordinate tables; aliases normalized conservatively.
1749,20,Sheopur,sheopur,25.7499267,76.9212945,public_dataset,reviewed,Canonical city row derived from supplied city/coordinate tables; aliases normalized conservatively.
1750,20,Shivpuri,shivpuri,25.3741215,77.8278866,public_dataset,reviewed,Canonical city row derived from supplied city/coordinate tables; aliases normalized conservatively.
1751,20,Shujalpur,shujalpur,23.3805757,76.7232104,public_dataset,reviewed,Canonical city row derived from supplied city/coordinate tables; aliases normalized conservatively.
1752,20,Sidhi,sidhi,24.2112687,81.7000415,public_dataset,reviewed,Canonical city row derived from supplied city/coordinate tables; aliases normalized conservatively.
1753,20,Sihora,sihora,23.8023088,79.3492361,public_dataset,reviewed,Canonical city row derived from supplied city/coordinate tables; aliases normalized conservatively.
1754,20,Simaria,simaria,23.1836484,81.3737848,public_dataset,reviewed,Canonical city row derived from supplied city/coordinate tables; aliases normalized conservatively.
1755,20,Singoli,singoli,24.9658608,75.3104796,public_dataset,reviewed,Canonical city row derived from supplied city/coordinate tables; aliases normalized conservatively.
1756,20,Singrauli,singrauli,24.2431343,82.3827672,public_dataset,reviewed,Canonical city row derived from supplied city/coordinate tables; aliases normalized conservatively.
1757,20,Sirmaur,sirmaur,24.8394298,81.3597560,public_dataset,reviewed,Canonical city row derived from supplied city/coordinate tables; aliases normalized conservatively.
1758,20,Sironj,sironj,22.9775538,75.9400406,public_dataset,reviewed,Canonical city row derived from supplied city/coordinate tables; aliases normalized conservatively.
1759,20,Sitamau,sitamau,24.0139320,75.3436620,public_dataset,reviewed,Canonical city row derived from supplied city/coordinate tables; aliases normalized conservatively.
1760,20,Sohagi,sohagi,24.9703899,81.6928278,public_dataset,reviewed,Canonical city row derived from supplied city/coordinate tables; aliases normalized conservatively.
1761,20,Sohagpur,sohagpur,22.6937948,78.1948721,public_dataset,reviewed,Canonical city row derived from supplied city/coordinate tables; aliases normalized conservatively.
1762,20,Sultanpur,sultanpur,29.1574926,79.0565711,public_dataset,reviewed,Canonical city row derived from supplied city/coordinate tables; aliases normalized conservatively.
1763,20,Susner,susner,23.9430948,76.0906655,public_dataset,reviewed,Canonical city row derived from supplied city/coordinate tables; aliases normalized conservatively.
1764,20,Tal,tal,23.9456499,82.2344045,public_dataset,reviewed,Canonical city row derived from supplied city/coordinate tables; aliases normalized conservatively.
1765,20,Talen,talen,23.5587601,76.7269539,public_dataset,reviewed,Canonical city row derived from supplied city/coordinate tables; aliases normalized conservatively.
1766,20,Tarana,tarana,23.3346118,76.0447336,public_dataset,reviewed,Canonical city row derived from supplied city/coordinate tables; aliases normalized conservatively.
1767,20,Tekanpur,tekanpur,25.9936600,78.2832769,public_dataset,reviewed,Canonical city row derived from supplied city/coordinate tables; aliases normalized conservatively.
1768,20,Tendukheda,tendukheda,23.3966310,79.5408078,public_dataset,reviewed,Canonical city row derived from supplied city/coordinate tables; aliases normalized conservatively.
1769,20,Teonthar,teonthar,24.9610631,81.4641824,public_dataset,reviewed,Canonical city row derived from supplied city/coordinate tables; aliases normalized conservatively.
1770,20,Thandla,thandla,22.4942574,74.5503812,public_dataset,reviewed,Canonical city row derived from supplied city/coordinate tables; aliases normalized conservatively.
1771,20,Tikamgarh,tikamgarh,24.8552105,79.0472546,public_dataset,reviewed,Canonical city row derived from supplied city/coordinate tables; aliases normalized conservatively.
1772,20,Tirodi,tirodi,21.6800861,79.7166802,public_dataset,reviewed,Canonical city row derived from supplied city/coordinate tables; aliases normalized conservatively.
1773,20,Udaipura,udaipura,26.2073028,78.2850175,public_dataset,reviewed,Canonical city row derived from supplied city/coordinate tables; aliases normalized conservatively.
1774,20,Ujjain,ujjain,23.1885131,75.7716562,public_dataset,reviewed,Canonical city row derived from supplied city/coordinate tables; aliases normalized conservatively.
1775,20,Ukwa,ukwa,21.9707879,80.4665708,public_dataset,reviewed,Canonical city row derived from supplied city/coordinate tables; aliases normalized conservatively.
1776,20,Umaria,umaria,23.6431837,80.9419078,public_dataset,reviewed,Canonical city row derived from supplied city/coordinate tables; aliases normalized conservatively.
1777,20,Umaria District,umaria district,23.6431837,80.9419078,public_dataset,reviewed,Canonical city row derived from supplied city/coordinate tables; aliases normalized conservatively.
1778,20,Umri,umri,26.3387107,79.2537403,public_dataset,reviewed,Canonical city row derived from supplied city/coordinate tables; aliases normalized conservatively.
1779,20,Unhel,unhel,23.3376034,75.5601011,public_dataset,reviewed,Canonical city row derived from supplied city/coordinate tables; aliases normalized conservatively.
1780,20,Vidisha,vidisha,23.8463004,77.8370209,public_dataset,reviewed,Canonical city row derived from supplied city/coordinate tables; aliases normalized conservatively.
1781,20,Waraseoni,waraseoni,21.7589317,80.0445646,public_dataset,reviewed,Canonical city row derived from supplied city/coordinate tables; aliases normalized conservatively.
1782,21,Achalpur,achalpur,21.2407925,77.4277970,public_dataset,reviewed,Canonical city row derived from supplied city/coordinate tables; aliases normalized conservatively.
1783,21,Adawad,adawad,21.2211803,75.4408836,public_dataset,reviewed,Canonical city row derived from supplied city/coordinate tables; aliases normalized conservatively.
1784,21,Agar Panchaitan,agar panchaitan,,,public_dataset,reviewed,Canonical city row derived from supplied city/coordinate tables; aliases normalized conservatively.
1785,21,Aheri,aheri,19.4131755,80.0039973,public_dataset,reviewed,Canonical city row derived from supplied city/coordinate tables; aliases normalized conservatively.
1786,21,Ahiri,ahiri,,,public_dataset,reviewed,Canonical city row derived from supplied city/coordinate tables; aliases normalized conservatively.
1787,21,Ahmadnagar,ahmadnagar,19.0743520,74.7219979,public_dataset,reviewed,Canonical city row derived from supplied city/coordinate tables; aliases normalized conservatively.
1788,21,Ahmadpur,ahmadpur,18.7061242,76.9377313,public_dataset,reviewed,Canonical city row derived from supplied city/coordinate tables; aliases normalized conservatively.
1789,21,Ahmednagar,ahmednagar,19.0929520,74.7493451,public_dataset,reviewed,Canonical city row derived from supplied city/coordinate tables; aliases normalized conservatively.
1790,21,Airoli,airoli,19.1585147,72.9994019,public_dataset,reviewed,Canonical city row derived from supplied city/coordinate tables; aliases normalized conservatively.
1791,21,Ajra,ajra,16.1577168,74.1881418,public_dataset,reviewed,Canonical city row derived from supplied city/coordinate tables; aliases normalized conservatively.
1792,21,Akalkot,akalkot,17.4507852,76.1385307,public_dataset,reviewed,Canonical city row derived from supplied city/coordinate tables; aliases normalized conservatively.
1793,21,Akkalkot,akkalkot,17.5151930,76.2122780,public_dataset,reviewed,Canonical city row derived from supplied city/coordinate tables; aliases normalized conservatively.
1794,21,Akluj,akluj,17.8930069,75.0204482,public_dataset,reviewed,Canonical city row derived from supplied city/coordinate tables; aliases normalized conservatively.
1795,21,Akola,akola,27.0655004,77.8806166,public_dataset,reviewed,Canonical city row derived from supplied city/coordinate tables; aliases normalized conservatively.
1796,21,Akolner,akolner,18.9839331,74.6683185,public_dataset,reviewed,Canonical city row derived from supplied city/coordinate tables; aliases normalized conservatively.
1797,21,Akot,akot,21.0474610,77.0552761,public_dataset,reviewed,Canonical city row derived from supplied city/coordinate tables; aliases normalized conservatively.
1798,21,Akrani,akrani,21.8498494,74.2809951,public_dataset,reviewed,Canonical city row derived from supplied city/coordinate tables; aliases normalized conservatively.
1799,21,Alandi,alandi,20.0682631,73.6975659,public_dataset,reviewed,Canonical city row derived from supplied city/coordinate tables; aliases normalized conservatively.
1800,21,Ale,ale,19.1896448,74.0916401,public_dataset,reviewed,Canonical city row derived from supplied city/coordinate tables; aliases normalized conservatively.
1801,21,Alibag,alibag,18.6498427,72.8765469,public_dataset,reviewed,Canonical city row derived from supplied city/coordinate tables; aliases normalized conservatively.
1802,21,Alkuti,alkuti,19.0588470,74.2354939,public_dataset,reviewed,Canonical city row derived from supplied city/coordinate tables; aliases normalized conservatively.
1803,21,Allapalli,allapalli,19.4297618,80.0610841,public_dataset,reviewed,Canonical city row derived from supplied city/coordinate tables; aliases normalized conservatively.
1804,21,Amalner,amalner,21.0493189,75.0573385,public_dataset,reviewed,Canonical city row derived from supplied city/coordinate tables; aliases normalized conservatively.
1805,21,Amarnath,amarnath,19.2514325,72.8573069,public_dataset,reviewed,Canonical city row derived from supplied city/coordinate tables; aliases normalized conservatively.
1806,21,Ambad,ambad,19.5654086,75.7757012,public_dataset,reviewed,Canonical city row derived from supplied city/coordinate tables; aliases normalized conservatively.
1807,21,Ambajogai,ambajogai,18.7318232,76.3854836,public_dataset,reviewed,Canonical city row derived from supplied city/coordinate tables; aliases normalized conservatively.
1808,21,Ambarnath,ambarnath,19.2015607,73.2004771,public_dataset,reviewed,Canonical city row derived from supplied city/coordinate tables; aliases normalized conservatively.
1809,21,Ambegaon,ambegaon,19.0316936,73.9500301,public_dataset,reviewed,Canonical city row derived from supplied city/coordinate tables; aliases normalized conservatively.
1810,21,Amgaon,amgaon,20.7408080,79.5582356,public_dataset,reviewed,Canonical city row derived from supplied city/coordinate tables; aliases normalized conservatively.
1811,21,Amravati,amravati,21.1545412,77.6442962,public_dataset,reviewed,Canonical city row derived from supplied city/coordinate tables; aliases normalized conservatively.
1812,21,Amravati Division,amravati division,20.9339991,77.7841771,public_dataset,reviewed,Canonical city row derived from supplied city/coordinate tables; aliases normalized conservatively.
1813,21,Andheri,andheri,19.1196976,72.8464205,public_dataset,reviewed,Canonical city row derived from supplied city/coordinate tables; aliases normalized conservatively.
1814,21,Andura,andura,20.8748746,76.8646535,public_dataset,reviewed,Canonical city row derived from supplied city/coordinate tables; aliases normalized conservatively.
1815,21,Anjangaon,anjangaon,21.1638392,77.3110843,public_dataset,reviewed,Canonical city row derived from supplied city/coordinate tables; aliases normalized conservatively.
1816,21,Anjarle,anjarle,17.8475802,73.0902775,public_dataset,reviewed,Canonical city row derived from supplied city/coordinate tables; aliases normalized conservatively.
1817,21,Anshing,anshing,,,public_dataset,reviewed,Canonical city row derived from supplied city/coordinate tables; aliases normalized conservatively.
1818,21,Arag,arag,16.7905902,74.8054526,public_dataset,reviewed,Canonical city row derived from supplied city/coordinate tables; aliases normalized conservatively.
1819,21,Arangaon,arangaon,19.0245357,74.7175531,public_dataset,reviewed,Canonical city row derived from supplied city/coordinate tables; aliases normalized conservatively.
1820,21,Ardhapur,ardhapur,19.2693210,77.4149956,public_dataset,reviewed,Canonical city row derived from supplied city/coordinate tables; aliases normalized conservatively.
1821,21,Argaon,argaon,21.1650165,76.9835866,public_dataset,reviewed,Canonical city row derived from supplied city/coordinate tables; aliases normalized conservatively.
1822,21,Artist Village,artist village,,,public_dataset,reviewed,Canonical city row derived from supplied city/coordinate tables; aliases normalized conservatively.
1823,21,Arvi,arvi,20.9361501,78.2892169,public_dataset,reviewed,Canonical city row derived from supplied city/coordinate tables; aliases normalized conservatively.
1824,21,Ashta,ashta,20.7792170,78.2848464,public_dataset,reviewed,Canonical city row derived from supplied city/coordinate tables; aliases normalized conservatively.
1825,21,Ashti,ashti,18.8874877,75.0655018,public_dataset,reviewed,Canonical city row derived from supplied city/coordinate tables; aliases normalized conservatively.
1826,21,Asoda,asoda,21.0411811,75.6067341,public_dataset,reviewed,Canonical city row derived from supplied city/coordinate tables; aliases normalized conservatively.
1827,21,Assaye,assaye,20.2468877,75.8884156,public_dataset,reviewed,Canonical city row derived from supplied city/coordinate tables; aliases normalized conservatively.
1828,21,Astagaon,astagaon,19.6710275,74.5025272,public_dataset,reviewed,Canonical city row derived from supplied city/coordinate tables; aliases normalized conservatively.
1829,21,"Aundh, Satara",aundh satara,17.5400537,74.3344082,public_dataset,reviewed,Canonical city row derived from supplied city/coordinate tables; aliases normalized conservatively.
1830,21,Aurangabad,aurangabad,19.8772630,75.3390241,public_dataset,reviewed,Canonical city row derived from supplied city/coordinate tables; aliases normalized conservatively.
1831,21,Ausa,ausa,18.2510243,76.5009580,public_dataset,reviewed,Canonical city row derived from supplied city/coordinate tables; aliases normalized conservatively.
1832,21,Badlapur,badlapur,19.1666237,73.2389064,public_dataset,reviewed,Canonical city row derived from supplied city/coordinate tables; aliases normalized conservatively.
1833,21,Badnapur,badnapur,19.9003575,75.7441404,public_dataset,reviewed,Canonical city row derived from supplied city/coordinate tables; aliases normalized conservatively.
1834,21,Badnera,badnera,20.8558157,77.7327045,public_dataset,reviewed,Canonical city row derived from supplied city/coordinate tables; aliases normalized conservatively.
1835,21,Bagewadi,bagewadi,17.0733078,75.1236427,public_dataset,reviewed,Canonical city row derived from supplied city/coordinate tables; aliases normalized conservatively.
1836,21,Balapur,balapur,17.3096061,78.4999427,public_dataset,reviewed,Canonical city row derived from supplied city/coordinate tables; aliases normalized conservatively.
1837,21,"Balapur, Akola district",balapur akola district,20.7326962,76.8363281,public_dataset,reviewed,Canonical city row derived from supplied city/coordinate tables; aliases normalized conservatively.
1838,21,Ballalpur,ballalpur,,,public_dataset,reviewed,Canonical city row derived from supplied city/coordinate tables; aliases normalized conservatively.
1839,21,Ballard Estate,ballard estate,18.9366512,72.8391325,public_dataset,reviewed,Canonical city row derived from supplied city/coordinate tables; aliases normalized conservatively.
1840,21,Ballarpur,ballarpur,19.8568413,79.3480253,public_dataset,reviewed,Canonical city row derived from supplied city/coordinate tables; aliases normalized conservatively.
1841,21,"Banda, Maharashtra",banda maharashtra,20.1119411,76.5065173,public_dataset,reviewed,Canonical city row derived from supplied city/coordinate tables; aliases normalized conservatively.
1842,21,Bandra,bandra,19.0549792,72.8402203,public_dataset,reviewed,Canonical city row derived from supplied city/coordinate tables; aliases normalized conservatively.
1843,21,Baner,baner,18.5589937,73.7845232,public_dataset,reviewed,Canonical city row derived from supplied city/coordinate tables; aliases normalized conservatively.
1844,21,Bankot,bankot,17.9734111,73.0424511,public_dataset,reviewed,Canonical city row derived from supplied city/coordinate tables; aliases normalized conservatively.
1845,21,Baramati,baramati,18.2198538,74.4534054,public_dataset,reviewed,Canonical city row derived from supplied city/coordinate tables; aliases normalized conservatively.
1846,21,Barsi,barsi,20.5786135,77.0665703,public_dataset,reviewed,Canonical city row derived from supplied city/coordinate tables; aliases normalized conservatively.
1847,21,Basmat,basmat,19.3267094,77.1575267,public_dataset,reviewed,Canonical city row derived from supplied city/coordinate tables; aliases normalized conservatively.
1848,21,Basmath,basmath,19.3121610,77.1068813,public_dataset,reviewed,Canonical city row derived from supplied city/coordinate tables; aliases normalized conservatively.
1849,21,Bavdhan,bavdhan,18.5209541,73.7780873,public_dataset,reviewed,Canonical city row derived from supplied city/coordinate tables; aliases normalized conservatively.
1850,21,Bawanbir,bawanbir,21.0878336,76.7202918,public_dataset,reviewed,Canonical city row derived from supplied city/coordinate tables; aliases normalized conservatively.
1851,21,Beed,beed,18.9918442,75.9097840,public_dataset,reviewed,Canonical city row derived from supplied city/coordinate tables; aliases normalized conservatively.
1852,21,"Bhadgaon, Maharashtra",bhadgaon maharashtra,20.6602531,75.1304938,public_dataset,reviewed,Canonical city row derived from supplied city/coordinate tables; aliases normalized conservatively.
1853,21,Bhandara,bhandara,21.1225869,79.7945090,public_dataset,reviewed,Canonical city row derived from supplied city/coordinate tables; aliases normalized conservatively.
1854,21,Bhandardara,bhandardara,19.5551306,73.7558419,public_dataset,reviewed,Canonical city row derived from supplied city/coordinate tables; aliases normalized conservatively.
1855,21,Bhandup,bhandup,19.1427570,72.9376543,public_dataset,reviewed,Canonical city row derived from supplied city/coordinate tables; aliases normalized conservatively.
1856,21,Bhayandar,bhayandar,19.3101847,72.8526988,public_dataset,reviewed,Canonical city row derived from supplied city/coordinate tables; aliases normalized conservatively.
1857,21,Bhigvan,bhigvan,,,public_dataset,reviewed,Canonical city row derived from supplied city/coordinate tables; aliases normalized conservatively.
1858,21,Bhiwandi,bhiwandi,19.3025562,73.0588072,public_dataset,reviewed,Canonical city row derived from supplied city/coordinate tables; aliases normalized conservatively.
1859,21,Bhiwapur,bhiwapur,19.8924079,76.5739587,public_dataset,reviewed,Canonical city row derived from supplied city/coordinate tables; aliases normalized conservatively.
1860,21,Bhokar,bhokar,19.1948254,77.6833990,public_dataset,reviewed,Canonical city row derived from supplied city/coordinate tables; aliases normalized conservatively.
1861,21,Bhokardan,bhokardan,20.2928317,75.8040159,public_dataset,reviewed,Canonical city row derived from supplied city/coordinate tables; aliases normalized conservatively.
1862,21,Bhoom,bhoom,18.4596302,75.6598088,public_dataset,reviewed,Canonical city row derived from supplied city/coordinate tables; aliases normalized conservatively.
1863,21,Bhor,bhor,18.2127607,73.8163663,public_dataset,reviewed,Canonical city row derived from supplied city/coordinate tables; aliases normalized conservatively.
1864,21,Bhudgaon,bhudgaon,,,public_dataset,reviewed,Canonical city row derived from supplied city/coordinate tables; aliases normalized conservatively.
1865,21,Bhugaon,bhugaon,21.2074188,77.5584200,public_dataset,reviewed,Canonical city row derived from supplied city/coordinate tables; aliases normalized conservatively.
1866,21,Bhum,bhum,18.5493092,75.6190661,public_dataset,reviewed,Canonical city row derived from supplied city/coordinate tables; aliases normalized conservatively.
1867,21,Bhusaval,bhusaval,21.0472554,75.7880594,public_dataset,reviewed,Canonical city row derived from supplied city/coordinate tables; aliases normalized conservatively.
1868,21,Bhusawal,bhusawal,20.9946183,75.8396297,public_dataset,reviewed,Canonical city row derived from supplied city/coordinate tables; aliases normalized conservatively.
1869,21,Bid,bid,20.1478882,77.8803527,public_dataset,reviewed,Canonical city row derived from supplied city/coordinate tables; aliases normalized conservatively.
1870,21,Bijur,bijur,18.7304978,77.5843271,public_dataset,reviewed,Canonical city row derived from supplied city/coordinate tables; aliases normalized conservatively.
1871,21,Bilashi,bilashi,16.9994088,74.0119421,public_dataset,reviewed,Canonical city row derived from supplied city/coordinate tables; aliases normalized conservatively.
1872,21,Biloli,biloli,18.7652842,77.6968335,public_dataset,reviewed,Canonical city row derived from supplied city/coordinate tables; aliases normalized conservatively.
1873,21,Boisar,boisar,19.7984865,72.7614520,public_dataset,reviewed,Canonical city row derived from supplied city/coordinate tables; aliases normalized conservatively.
1874,21,Borgaon Manju,borgaon manju,20.7182327,77.1512689,public_dataset,reviewed,Canonical city row derived from supplied city/coordinate tables; aliases normalized conservatively.
1875,21,Borivali,borivali,19.2290680,72.8573628,public_dataset,reviewed,Canonical city row derived from supplied city/coordinate tables; aliases normalized conservatively.
1876,21,Borivli,borivli,19.2320101,72.8404719,public_dataset,reviewed,Canonical city row derived from supplied city/coordinate tables; aliases normalized conservatively.
1877,21,Brahmapuri,brahmapuri,20.2405611,76.5087271,public_dataset,reviewed,Canonical city row derived from supplied city/coordinate tables; aliases normalized conservatively.
1878,21,Breach Candy,breach candy,18.9714363,72.8051492,public_dataset,reviewed,Canonical city row derived from supplied city/coordinate tables; aliases normalized conservatively.
1879,21,Buldana,buldana,20.5628450,76.4086986,public_dataset,reviewed,Canonical city row derived from supplied city/coordinate tables; aliases normalized conservatively.
1880,21,Buldhana,buldhana,20.5628450,76.4086986,public_dataset,reviewed,Canonical city row derived from supplied city/coordinate tables; aliases normalized conservatively.
1881,21,Byculla,byculla,18.9766219,72.8327936,public_dataset,reviewed,Canonical city row derived from supplied city/coordinate tables; aliases normalized conservatively.
1882,21,Chakan,chakan,18.7623111,73.8625448,public_dataset,reviewed,Canonical city row derived from supplied city/coordinate tables; aliases normalized conservatively.
1883,21,Chakur,chakur,20.8798643,77.5833057,public_dataset,reviewed,Canonical city row derived from supplied city/coordinate tables; aliases normalized conservatively.
1884,21,Chalisgaon,chalisgaon,20.5023656,74.9655700,public_dataset,reviewed,Canonical city row derived from supplied city/coordinate tables; aliases normalized conservatively.
1885,21,Chanda,chanda,19.3637956,74.9332048,public_dataset,reviewed,Canonical city row derived from supplied city/coordinate tables; aliases normalized conservatively.
1886,21,Chandgad,chandgad,15.9014301,74.2405621,public_dataset,reviewed,Canonical city row derived from supplied city/coordinate tables; aliases normalized conservatively.
1887,21,Chandor,chandor,,,public_dataset,reviewed,Canonical city row derived from supplied city/coordinate tables; aliases normalized conservatively.
1888,21,Chandrapur,chandrapur,20.0967555,79.5045475,public_dataset,reviewed,Canonical city row derived from supplied city/coordinate tables; aliases normalized conservatively.
1889,21,Chandur,chandur,18.5439600,77.9834473,public_dataset,reviewed,Canonical city row derived from supplied city/coordinate tables; aliases normalized conservatively.
1890,21,Chandur Bazar,chandur bazar,21.2375703,77.7479366,public_dataset,reviewed,Canonical city row derived from supplied city/coordinate tables; aliases normalized conservatively.
1891,21,Chausala,chausala,21.1808304,77.4809441,public_dataset,reviewed,Canonical city row derived from supplied city/coordinate tables; aliases normalized conservatively.
1892,21,Chembur,chembur,19.0548180,72.8979713,public_dataset,reviewed,Canonical city row derived from supplied city/coordinate tables; aliases normalized conservatively.
1893,21,Chicholi,chicholi,21.4692237,79.7018765,public_dataset,reviewed,Canonical city row derived from supplied city/coordinate tables; aliases normalized conservatively.
1894,21,Chichondi Patil,chichondi patil,19.0008550,74.9297660,public_dataset,reviewed,Canonical city row derived from supplied city/coordinate tables; aliases normalized conservatively.
1895,21,Chikhli (Buldhana),chikhli buldhana,20.3438926,76.3228734,public_dataset,reviewed,Canonical city row derived from supplied city/coordinate tables; aliases normalized conservatively.
1896,21,Chikhli (Jalna),chikhli jalna,,,public_dataset,reviewed,Canonical city row derived from supplied city/coordinate tables; aliases normalized conservatively.
1897,21,Chimur,chimur,20.4942258,79.3738250,public_dataset,reviewed,Canonical city row derived from supplied city/coordinate tables; aliases normalized conservatively.
1898,21,Chinchani,chinchani,17.0520305,74.6454155,public_dataset,reviewed,Canonical city row derived from supplied city/coordinate tables; aliases normalized conservatively.
1899,21,Chinchpokli,chinchpokli,18.9871984,72.8326716,public_dataset,reviewed,Canonical city row derived from supplied city/coordinate tables; aliases normalized conservatively.
1900,21,Chiplun,chiplun,17.5253407,73.5155673,public_dataset,reviewed,Canonical city row derived from supplied city/coordinate tables; aliases normalized conservatively.
1901,21,Chopda,chopda,21.2471857,75.2989555,public_dataset,reviewed,Canonical city row derived from supplied city/coordinate tables; aliases normalized conservatively.
1902,21,Colaba,colaba,18.9150910,72.8259691,public_dataset,reviewed,Canonical city row derived from supplied city/coordinate tables; aliases normalized conservatively.
1903,21,Dabhol,dabhol,17.5889931,73.1824019,public_dataset,reviewed,Canonical city row derived from supplied city/coordinate tables; aliases normalized conservatively.
1904,21,Daddi,daddi,16.0677680,74.4393395,public_dataset,reviewed,Canonical city row derived from supplied city/coordinate tables; aliases normalized conservatively.
1905,21,Dahanu,dahanu,19.9887244,72.7338480,public_dataset,reviewed,Canonical city row derived from supplied city/coordinate tables; aliases normalized conservatively.
1906,21,Dahivel,dahivel,,,public_dataset,reviewed,Canonical city row derived from supplied city/coordinate tables; aliases normalized conservatively.
1907,21,Dapoli,dapoli,17.7580463,73.1887078,public_dataset,reviewed,Canonical city row derived from supplied city/coordinate tables; aliases normalized conservatively.
1908,21,Darwha,darwha,20.3248916,77.7779409,public_dataset,reviewed,Canonical city row derived from supplied city/coordinate tables; aliases normalized conservatively.
1909,21,Daryapur,daryapur,20.9644553,77.3339863,public_dataset,reviewed,Canonical city row derived from supplied city/coordinate tables; aliases normalized conservatively.
1910,21,Dattapur,dattapur,20.5265922,76.0933743,public_dataset,reviewed,Canonical city row derived from supplied city/coordinate tables; aliases normalized conservatively.
1911,21,Daulatabad,daulatabad,19.9391570,75.2195952,public_dataset,reviewed,Canonical city row derived from supplied city/coordinate tables; aliases normalized conservatively.
1912,21,Daund,daund,18.4834351,74.3621686,public_dataset,reviewed,Canonical city row derived from supplied city/coordinate tables; aliases normalized conservatively.
1913,21,Deccan Gymkhana,deccan gymkhana,18.5158926,73.8411600,public_dataset,reviewed,Canonical city row derived from supplied city/coordinate tables; aliases normalized conservatively.
1914,21,Deglur,deglur,18.4680418,77.4999325,public_dataset,reviewed,Canonical city row derived from supplied city/coordinate tables; aliases normalized conservatively.
1915,21,Dehu,dehu,18.7208189,73.7660439,public_dataset,reviewed,Canonical city row derived from supplied city/coordinate tables; aliases normalized conservatively.
1916,21,Deolali,deolali,19.9183943,73.8319469,public_dataset,reviewed,Canonical city row derived from supplied city/coordinate tables; aliases normalized conservatively.
1917,21,Deolapar,deolapar,21.5833538,79.3674933,public_dataset,reviewed,Canonical city row derived from supplied city/coordinate tables; aliases normalized conservatively.
1918,21,Deoli,deoli,25.7600492,75.3755879,public_dataset,reviewed,Canonical city row derived from supplied city/coordinate tables; aliases normalized conservatively.
1919,21,Deoni,deoni,18.2644438,77.0821345,public_dataset,reviewed,Canonical city row derived from supplied city/coordinate tables; aliases normalized conservatively.
1920,21,Deulgaon Raja,deulgaon raja,20.0716727,76.1588049,public_dataset,reviewed,Canonical city row derived from supplied city/coordinate tables; aliases normalized conservatively.
1921,21,Devrukh,devrukh,17.0638489,73.6208971,public_dataset,reviewed,Canonical city row derived from supplied city/coordinate tables; aliases normalized conservatively.
1922,21,Dharangaon,dharangaon,21.0061881,75.2863345,public_dataset,reviewed,Canonical city row derived from supplied city/coordinate tables; aliases normalized conservatively.
1923,21,Dharavi,dharavi,19.0444630,72.8586177,public_dataset,reviewed,Canonical city row derived from supplied city/coordinate tables; aliases normalized conservatively.
1924,21,Dharmabad,dharmabad,18.9216786,77.7623480,public_dataset,reviewed,Canonical city row derived from supplied city/coordinate tables; aliases normalized conservatively.
1925,21,Dharur,dharur,18.8826658,76.1366275,public_dataset,reviewed,Canonical city row derived from supplied city/coordinate tables; aliases normalized conservatively.
1926,21,Dhawalpuri,dhawalpuri,19.1766093,74.5301557,public_dataset,reviewed,Canonical city row derived from supplied city/coordinate tables; aliases normalized conservatively.
1927,21,Dhule,dhule,21.1305215,74.4900614,public_dataset,reviewed,Canonical city row derived from supplied city/coordinate tables; aliases normalized conservatively.
1928,21,Dhulia,dhulia,,,public_dataset,reviewed,Canonical city row derived from supplied city/coordinate tables; aliases normalized conservatively.
1929,21,Dighori,dighori,21.1218860,79.7188639,public_dataset,reviewed,Canonical city row derived from supplied city/coordinate tables; aliases normalized conservatively.
1930,21,Diglur,diglur,,,public_dataset,reviewed,Canonical city row derived from supplied city/coordinate tables; aliases normalized conservatively.
1931,21,Digras,digras,20.0968334,77.7628184,public_dataset,reviewed,Canonical city row derived from supplied city/coordinate tables; aliases normalized conservatively.
1932,21,"Dindori, Maharashtra",dindori maharashtra,20.2037292,73.8325882,public_dataset,reviewed,Canonical city row derived from supplied city/coordinate tables; aliases normalized conservatively.
1933,21,Diveagar,diveagar,18.1689943,72.9901817,public_dataset,reviewed,Canonical city row derived from supplied city/coordinate tables; aliases normalized conservatively.
1934,21,Dombivli,dombivli,19.2148599,73.0910271,public_dataset,reviewed,Canonical city row derived from supplied city/coordinate tables; aliases normalized conservatively.
1935,21,Dondaicha,dondaicha,21.3312641,74.5628682,public_dataset,reviewed,Canonical city row derived from supplied city/coordinate tables; aliases normalized conservatively.
1936,21,Dongri,dongri,18.9622265,72.8367950,public_dataset,reviewed,Canonical city row derived from supplied city/coordinate tables; aliases normalized conservatively.
1937,21,Dudhani,dudhani,21.4318080,76.7990387,public_dataset,reviewed,Canonical city row derived from supplied city/coordinate tables; aliases normalized conservatively.
1938,21,Durgapur,durgapur,23.5350475,87.3380425,public_dataset,reviewed,Canonical city row derived from supplied city/coordinate tables; aliases normalized conservatively.
1939,21,"Durgapur, Chandrapur",durgapur chandrapur,20.0163341,79.3207933,public_dataset,reviewed,Canonical city row derived from supplied city/coordinate tables; aliases normalized conservatively.
1940,21,Erandol,erandol,20.8673535,75.3520152,public_dataset,reviewed,Canonical city row derived from supplied city/coordinate tables; aliases normalized conservatively.
1941,21,Faizpur,faizpur,21.1637085,75.8559805,public_dataset,reviewed,Canonical city row derived from supplied city/coordinate tables; aliases normalized conservatively.
1942,21,Fort,fort,18.9332665,72.8345146,public_dataset,reviewed,Canonical city row derived from supplied city/coordinate tables; aliases normalized conservatively.
1943,21,Gadchiroli,gadchiroli,19.7590704,80.1622807,public_dataset,reviewed,Canonical city row derived from supplied city/coordinate tables; aliases normalized conservatively.
1944,21,Gadhinglaj,gadhinglaj,16.1409008,74.4036933,public_dataset,reviewed,Canonical city row derived from supplied city/coordinate tables; aliases normalized conservatively.
1945,21,Gangakher,gangakher,18.9738670,76.7556002,public_dataset,reviewed,Canonical city row derived from supplied city/coordinate tables; aliases normalized conservatively.
1946,21,Gangapur,gangapur,25.2154661,74.2639828,public_dataset,reviewed,Canonical city row derived from supplied city/coordinate tables; aliases normalized conservatively.
1947,21,Ganpatipule,ganpatipule,17.1466952,73.2697524,public_dataset,reviewed,Canonical city row derived from supplied city/coordinate tables; aliases normalized conservatively.
1948,21,Gevrai,gevrai,19.6281577,76.3786697,public_dataset,reviewed,Canonical city row derived from supplied city/coordinate tables; aliases normalized conservatively.
1949,21,Ghargaon,ghargaon,18.7458193,75.6712210,public_dataset,reviewed,Canonical city row derived from supplied city/coordinate tables; aliases normalized conservatively.
1950,21,Ghatanji,ghatanji,20.0193812,78.2746661,public_dataset,reviewed,Canonical city row derived from supplied city/coordinate tables; aliases normalized conservatively.
1951,21,Ghatkopar,ghatkopar,19.0856928,72.9083668,public_dataset,reviewed,Canonical city row derived from supplied city/coordinate tables; aliases normalized conservatively.
1952,21,Ghoti Budrukh,ghoti budrukh,,,public_dataset,reviewed,Canonical city row derived from supplied city/coordinate tables; aliases normalized conservatively.
1953,21,Ghugus,ghugus,19.9433575,79.1199701,public_dataset,reviewed,Canonical city row derived from supplied city/coordinate tables; aliases normalized conservatively.
1954,21,Girgaon,girgaon,18.9543165,72.8179082,public_dataset,reviewed,Canonical city row derived from supplied city/coordinate tables; aliases normalized conservatively.
1955,21,Gondia,gondia,21.4552280,80.1962729,public_dataset,reviewed,Canonical city row derived from supplied city/coordinate tables; aliases normalized conservatively.
1956,21,Gondiya,gondiya,21.1456285,80.2683867,public_dataset,reviewed,Canonical city row derived from supplied city/coordinate tables; aliases normalized conservatively.
1957,21,Gorai,gorai,19.2283752,72.8258655,public_dataset,reviewed,Canonical city row derived from supplied city/coordinate tables; aliases normalized conservatively.
1958,21,Goregaon,goregaon,19.1648688,72.8495492,public_dataset,reviewed,Canonical city row derived from supplied city/coordinate tables; aliases normalized conservatively.
1959,21,Guhagar,guhagar,17.4838362,73.1910610,public_dataset,reviewed,Canonical city row derived from supplied city/coordinate tables; aliases normalized conservatively.
1960,21,"Hadapsar, Pune",hadapsar pune,18.5007741,73.9379146,public_dataset,reviewed,Canonical city row derived from supplied city/coordinate tables; aliases normalized conservatively.
1961,21,Hadgaon,hadgaon,19.4786171,77.6068042,public_dataset,reviewed,Canonical city row derived from supplied city/coordinate tables; aliases normalized conservatively.
1962,21,Halkarni,halkarni,16.1683818,74.4693305,public_dataset,reviewed,Canonical city row derived from supplied city/coordinate tables; aliases normalized conservatively.
1963,21,Harangul,harangul,18.9065301,76.6504526,public_dataset,reviewed,Canonical city row derived from supplied city/coordinate tables; aliases normalized conservatively.
1964,21,Harnai,harnai,17.8125695,73.0924809,public_dataset,reviewed,Canonical city row derived from supplied city/coordinate tables; aliases normalized conservatively.
1965,21,Helwak,helwak,17.3770638,73.7281680,public_dataset,reviewed,Canonical city row derived from supplied city/coordinate tables; aliases normalized conservatively.
1966,21,Hinganghat,hinganghat,20.5426110,78.8331636,public_dataset,reviewed,Canonical city row derived from supplied city/coordinate tables; aliases normalized conservatively.
1967,21,Hingoli,hingoli,19.5431163,77.1739432,public_dataset,reviewed,Canonical city row derived from supplied city/coordinate tables; aliases normalized conservatively.
1968,21,Hirapur,hirapur,21.3368410,77.8849839,public_dataset,reviewed,Canonical city row derived from supplied city/coordinate tables; aliases normalized conservatively.
1969,21,Hirapur Hamesha,hirapur hamesha,21.5658317,79.7846328,public_dataset,reviewed,Canonical city row derived from supplied city/coordinate tables; aliases normalized conservatively.
1970,21,Hotgi,hotgi,17.5635606,75.9899694,public_dataset,reviewed,Canonical city row derived from supplied city/coordinate tables; aliases normalized conservatively.
1971,21,Ichalkaranji,ichalkaranji,16.6959348,74.4555755,public_dataset,reviewed,Canonical city row derived from supplied city/coordinate tables; aliases normalized conservatively.
1972,21,Igatpuri,igatpuri,19.6944394,73.5638878,public_dataset,reviewed,Canonical city row derived from supplied city/coordinate tables; aliases normalized conservatively.
1973,21,Indapur,indapur,18.1125305,74.9238654,public_dataset,reviewed,Canonical city row derived from supplied city/coordinate tables; aliases normalized conservatively.
1974,21,Jaisingpur,jaisingpur,,,public_dataset,reviewed,Canonical city row derived from supplied city/coordinate tables; aliases normalized conservatively.
1975,21,Jaitapur,jaitapur,21.0794147,77.7091927,public_dataset,reviewed,Canonical city row derived from supplied city/coordinate tables; aliases normalized conservatively.
1976,21,Jakhangaon,jakhangaon,19.1061954,74.6303140,public_dataset,reviewed,Canonical city row derived from supplied city/coordinate tables; aliases normalized conservatively.
1977,21,Jalgaon,jalgaon,20.8428827,75.5261246,public_dataset,reviewed,Canonical city row derived from supplied city/coordinate tables; aliases normalized conservatively.
1978,21,Jalgaon Jamod,jalgaon jamod,21.0596569,76.4954523,public_dataset,reviewed,Canonical city row derived from supplied city/coordinate tables; aliases normalized conservatively.
1979,21,Jalkot,jalkot,17.8247141,76.3331365,public_dataset,reviewed,Canonical city row derived from supplied city/coordinate tables; aliases normalized conservatively.
1980,21,Jalna,jalna,19.9188330,75.8708599,public_dataset,reviewed,Canonical city row derived from supplied city/coordinate tables; aliases normalized conservatively.
1981,21,Jamkhed,jamkhed,18.6687506,75.3523878,public_dataset,reviewed,Canonical city row derived from supplied city/coordinate tables; aliases normalized conservatively.
1982,21,Jamod,jamod,21.1299811,75.3557610,public_dataset,reviewed,Canonical city row derived from supplied city/coordinate tables; aliases normalized conservatively.
1983,21,Janephal,janephal,20.2969680,76.5738574,public_dataset,reviewed,Canonical city row derived from supplied city/coordinate tables; aliases normalized conservatively.
1984,21,Jaoli,jaoli,20.7109609,79.4063580,public_dataset,reviewed,Canonical city row derived from supplied city/coordinate tables; aliases normalized conservatively.
1985,21,"Jat, Sangli",jat sangli,17.0718617,75.3330676,public_dataset,reviewed,Canonical city row derived from supplied city/coordinate tables; aliases normalized conservatively.
1986,21,Jategaon,jategaon,19.9237054,73.6484576,public_dataset,reviewed,Canonical city row derived from supplied city/coordinate tables; aliases normalized conservatively.
1987,21,Jawhar,jawhar,19.9124768,73.2251606,public_dataset,reviewed,Canonical city row derived from supplied city/coordinate tables; aliases normalized conservatively.
1988,21,Jaysingpur,jaysingpur,16.7789886,74.5564244,public_dataset,reviewed,Canonical city row derived from supplied city/coordinate tables; aliases normalized conservatively.
1989,21,Jejuri,jejuri,18.2768994,74.1602287,public_dataset,reviewed,Canonical city row derived from supplied city/coordinate tables; aliases normalized conservatively.
1990,21,Jintur,jintur,19.6109438,76.7438258,public_dataset,reviewed,Canonical city row derived from supplied city/coordinate tables; aliases normalized conservatively.
1991,21,Jogeshwari,jogeshwari,19.1348994,72.8488199,public_dataset,reviewed,Canonical city row derived from supplied city/coordinate tables; aliases normalized conservatively.
1992,21,Juhu,juhu,19.1070215,72.8275275,public_dataset,reviewed,Canonical city row derived from supplied city/coordinate tables; aliases normalized conservatively.
1993,21,Junnar,junnar,19.2006808,73.9768190,public_dataset,reviewed,Canonical city row derived from supplied city/coordinate tables; aliases normalized conservatively.
1994,21,Kachurwahi,kachurwahi,21.3358416,79.3865633,public_dataset,reviewed,Canonical city row derived from supplied city/coordinate tables; aliases normalized conservatively.
1995,21,Kadegaon,kadegaon,17.2759689,74.3755154,public_dataset,reviewed,Canonical city row derived from supplied city/coordinate tables; aliases normalized conservatively.
1996,21,Kadus,kadus,18.8945415,73.8127002,public_dataset,reviewed,Canonical city row derived from supplied city/coordinate tables; aliases normalized conservatively.
1997,21,Kagal,kagal,16.5750891,74.3152571,public_dataset,reviewed,Canonical city row derived from supplied city/coordinate tables; aliases normalized conservatively.
1998,21,Kaij,kaij,18.7231007,76.0379033,public_dataset,reviewed,Canonical city row derived from supplied city/coordinate tables; aliases normalized conservatively.
1999,21,Kalamb,kalamb,20.3714183,78.3432616,public_dataset,reviewed,Canonical city row derived from supplied city/coordinate tables; aliases normalized conservatively.
2000,21,"Kalamb, Osmanabad",kalamb osmanabad,18.5730474,76.0224924,public_dataset,reviewed,Canonical city row derived from supplied city/coordinate tables; aliases normalized conservatively.
2001,21,Kalamboli,kalamboli,19.0344708,73.1149672,public_dataset,reviewed,Canonical city row derived from supplied city/coordinate tables; aliases normalized conservatively.
2002,21,Kalamnuri,kalamnuri,19.5723460,77.3474949,public_dataset,reviewed,Canonical city row derived from supplied city/coordinate tables; aliases normalized conservatively.
2003,21,Kalas,kalas,18.5815663,73.8726268,public_dataset,reviewed,Canonical city row derived from supplied city/coordinate tables; aliases normalized conservatively.
2004,21,Kali(DK),kali dk,,,public_dataset,reviewed,Canonical city row derived from supplied city/coordinate tables; aliases normalized conservatively.
2005,21,Kalmeshwar,kalmeshwar,21.2374393,78.9081689,public_dataset,reviewed,Canonical city row derived from supplied city/coordinate tables; aliases normalized conservatively.
2006,21,Kalundri,kalundri,,,public_dataset,reviewed,Canonical city row derived from supplied city/coordinate tables; aliases normalized conservatively.
2007,21,Kalyan,kalyan,19.2396742,73.1366482,public_dataset,reviewed,Canonical city row derived from supplied city/coordinate tables; aliases normalized conservatively.
2008,21,Kalyani Nagar,kalyani nagar,18.5481382,73.9025513,public_dataset,reviewed,Canonical city row derived from supplied city/coordinate tables; aliases normalized conservatively.
2009,21,Kamargaon,kamargaon,21.3023495,80.2325105,public_dataset,reviewed,Canonical city row derived from supplied city/coordinate tables; aliases normalized conservatively.
2010,21,Kamatgi,kamatgi,,,public_dataset,reviewed,Canonical city row derived from supplied city/coordinate tables; aliases normalized conservatively.
2011,21,Kamptee,kamptee,21.2170645,79.1964178,public_dataset,reviewed,Canonical city row derived from supplied city/coordinate tables; aliases normalized conservatively.
2012,21,Kamthi,kamthi,20.8787315,78.5241365,public_dataset,reviewed,Canonical city row derived from supplied city/coordinate tables; aliases normalized conservatively.
2013,21,Kandri,kandri,21.3886679,79.5489120,public_dataset,reviewed,Canonical city row derived from supplied city/coordinate tables; aliases normalized conservatively.
2014,21,Kankauli,kankauli,,,public_dataset,reviewed,Canonical city row derived from supplied city/coordinate tables; aliases normalized conservatively.
2015,21,Kankavli,kankavli,16.3742038,73.7451720,public_dataset,reviewed,Canonical city row derived from supplied city/coordinate tables; aliases normalized conservatively.
2016,21,Kannad,kannad,20.2454734,75.1437856,public_dataset,reviewed,Canonical city row derived from supplied city/coordinate tables; aliases normalized conservatively.
2017,21,Karad,karad,17.2852127,74.1822147,public_dataset,reviewed,Canonical city row derived from supplied city/coordinate tables; aliases normalized conservatively.
2018,21,Karajagi,karajagi,17.4390450,76.0413766,public_dataset,reviewed,Canonical city row derived from supplied city/coordinate tables; aliases normalized conservatively.
2019,21,Karanja,karanja,20.4820707,77.4892340,public_dataset,reviewed,Canonical city row derived from supplied city/coordinate tables; aliases normalized conservatively.
2020,21,Karanja Lad,karanja lad,20.4820707,77.4892340,public_dataset,reviewed,Canonical city row derived from supplied city/coordinate tables; aliases normalized conservatively.
2021,21,Karjat,karjat,18.9127655,73.3228202,public_dataset,reviewed,Canonical city row derived from supplied city/coordinate tables; aliases normalized conservatively.
2022,21,Karkamb,karkamb,17.8654399,75.2956719,public_dataset,reviewed,Canonical city row derived from supplied city/coordinate tables; aliases normalized conservatively.
2023,21,Karmala,karmala,18.3213810,75.1168773,public_dataset,reviewed,Canonical city row derived from supplied city/coordinate tables; aliases normalized conservatively.
2024,21,Kasara,kasara,19.6482325,73.4735887,public_dataset,reviewed,Canonical city row derived from supplied city/coordinate tables; aliases normalized conservatively.
2025,21,Kasoda,kasoda,20.8211306,75.2956366,public_dataset,reviewed,Canonical city row derived from supplied city/coordinate tables; aliases normalized conservatively.
2026,21,Kati,kati,20.8320058,76.2809291,public_dataset,reviewed,Canonical city row derived from supplied city/coordinate tables; aliases normalized conservatively.
2027,21,Katol,katol,21.2751818,78.5865696,public_dataset,reviewed,Canonical city row derived from supplied city/coordinate tables; aliases normalized conservatively.
2028,21,Katral,katral,,,public_dataset,reviewed,Canonical city row derived from supplied city/coordinate tables; aliases normalized conservatively.
2029,21,Khadki,khadki,18.5681753,73.8507787,public_dataset,reviewed,Canonical city row derived from supplied city/coordinate tables; aliases normalized conservatively.
2030,21,Khalapur,khalapur,18.8321669,73.2852464,public_dataset,reviewed,Canonical city row derived from supplied city/coordinate tables; aliases normalized conservatively.
2031,21,Khallar,khallar,20.8503499,77.6404077,public_dataset,reviewed,Canonical city row derived from supplied city/coordinate tables; aliases normalized conservatively.
2032,21,Khamgaon,khamgaon,20.6502239,76.5591868,public_dataset,reviewed,Canonical city row derived from supplied city/coordinate tables; aliases normalized conservatively.
2033,21,Khanapur,khanapur,17.2912945,74.6152022,public_dataset,reviewed,Canonical city row derived from supplied city/coordinate tables; aliases normalized conservatively.
2034,21,Khandala,khandala,18.7548469,73.3767092,public_dataset,reviewed,Canonical city row derived from supplied city/coordinate tables; aliases normalized conservatively.
2035,21,Khangaon,khangaon,20.3538664,78.2284538,public_dataset,reviewed,Canonical city row derived from supplied city/coordinate tables; aliases normalized conservatively.
2036,21,Khapa,khapa,21.3670100,79.7152506,public_dataset,reviewed,Canonical city row derived from supplied city/coordinate tables; aliases normalized conservatively.
2037,21,Kharakvasla,kharakvasla,,,public_dataset,reviewed,Canonical city row derived from supplied city/coordinate tables; aliases normalized conservatively.
2038,21,Kharda,kharda,20.7150052,78.2362095,public_dataset,reviewed,Canonical city row derived from supplied city/coordinate tables; aliases normalized conservatively.
2039,21,Kharghar,kharghar,19.0525298,73.0735111,public_dataset,reviewed,Canonical city row derived from supplied city/coordinate tables; aliases normalized conservatively.
2040,21,Kharsundi,kharsundi,17.3411809,74.7767633,public_dataset,reviewed,Canonical city row derived from supplied city/coordinate tables; aliases normalized conservatively.
2041,21,Khed,khed,17.7125696,73.4106638,public_dataset,reviewed,Canonical city row derived from supplied city/coordinate tables; aliases normalized conservatively.
2042,21,Khede,khede,20.9167892,74.6348909,public_dataset,reviewed,Canonical city row derived from supplied city/coordinate tables; aliases normalized conservatively.
2043,21,Khetia,khetia,21.6697412,74.5870493,public_dataset,reviewed,Canonical city row derived from supplied city/coordinate tables; aliases normalized conservatively.
2044,21,Khoni,khoni,19.3153959,73.0557553,public_dataset,reviewed,Canonical city row derived from supplied city/coordinate tables; aliases normalized conservatively.
2045,21,Khopoli,khopoli,18.7877470,73.3438185,public_dataset,reviewed,Canonical city row derived from supplied city/coordinate tables; aliases normalized conservatively.
2046,21,Khuldabad,khuldabad,20.0901583,75.2158384,public_dataset,reviewed,Canonical city row derived from supplied city/coordinate tables; aliases normalized conservatively.
2047,21,Kinwat,kinwat,19.5774690,78.2440088,public_dataset,reviewed,Canonical city row derived from supplied city/coordinate tables; aliases normalized conservatively.
2048,21,Kodoli,kodoli,16.8750463,74.1901147,public_dataset,reviewed,Canonical city row derived from supplied city/coordinate tables; aliases normalized conservatively.
2049,21,Kolhapur,kolhapur,16.7028412,74.2405329,public_dataset,reviewed,Canonical city row derived from supplied city/coordinate tables; aliases normalized conservatively.
2050,21,Kondalwadi,kondalwadi,18.8079929,77.7697236,public_dataset,reviewed,Canonical city row derived from supplied city/coordinate tables; aliases normalized conservatively.
2051,21,Kondhali,kondhali,21.1373833,78.6402291,public_dataset,reviewed,Canonical city row derived from supplied city/coordinate tables; aliases normalized conservatively.
2052,21,Kopar Khairane,kopar khairane,19.1056227,72.9988648,public_dataset,reviewed,Canonical city row derived from supplied city/coordinate tables; aliases normalized conservatively.
2053,21,Kopargaon,kopargaon,19.8370037,74.4829123,public_dataset,reviewed,Canonical city row derived from supplied city/coordinate tables; aliases normalized conservatively.
2054,21,Kopela,kopela,18.8379416,80.2269640,public_dataset,reviewed,Canonical city row derived from supplied city/coordinate tables; aliases normalized conservatively.
2055,21,Koradi,koradi,19.8287304,79.1939002,public_dataset,reviewed,Canonical city row derived from supplied city/coordinate tables; aliases normalized conservatively.
2056,21,Koregaon,koregaon,17.6919946,74.1490683,public_dataset,reviewed,Canonical city row derived from supplied city/coordinate tables; aliases normalized conservatively.
2057,21,Koynanagar,koynanagar,17.3919834,73.7422332,public_dataset,reviewed,Canonical city row derived from supplied city/coordinate tables; aliases normalized conservatively.
2058,21,Kudal,kudal,16.0172348,73.6780522,public_dataset,reviewed,Canonical city row derived from supplied city/coordinate tables; aliases normalized conservatively.
2059,21,Kuhi,kuhi,21.0140191,79.3662751,public_dataset,reviewed,Canonical city row derived from supplied city/coordinate tables; aliases normalized conservatively.
2060,21,Kurandvad,kurandvad,,,public_dataset,reviewed,Canonical city row derived from supplied city/coordinate tables; aliases normalized conservatively.
2061,21,Kurankhed,kurankhed,20.7021195,77.2554665,public_dataset,reviewed,Canonical city row derived from supplied city/coordinate tables; aliases normalized conservatively.
2062,21,Kurduvadi,kurduvadi,18.0907660,75.4139381,public_dataset,reviewed,Canonical city row derived from supplied city/coordinate tables; aliases normalized conservatively.
2063,21,Kusumba,kusumba,20.4734687,76.4982942,public_dataset,reviewed,Canonical city row derived from supplied city/coordinate tables; aliases normalized conservatively.
2064,21,Lakhandur,lakhandur,20.7549048,79.8838444,public_dataset,reviewed,Canonical city row derived from supplied city/coordinate tables; aliases normalized conservatively.
2065,21,Lanja,lanja,16.8589596,73.5486886,public_dataset,reviewed,Canonical city row derived from supplied city/coordinate tables; aliases normalized conservatively.
2066,21,Lasalgaon,lasalgaon,20.1426837,74.2377507,public_dataset,reviewed,Canonical city row derived from supplied city/coordinate tables; aliases normalized conservatively.
2067,21,Latur,latur,18.3553347,76.7548997,public_dataset,reviewed,Canonical city row derived from supplied city/coordinate tables; aliases normalized conservatively.
2068,21,Lavasa,lavasa,18.4045968,73.5041748,public_dataset,reviewed,Canonical city row derived from supplied city/coordinate tables; aliases normalized conservatively.
2069,21,Lohogaon,lohogaon,20.5946049,77.6850391,public_dataset,reviewed,Canonical city row derived from supplied city/coordinate tables; aliases normalized conservatively.
2070,21,Lonar,lonar,19.9830917,76.4911448,public_dataset,reviewed,Canonical city row derived from supplied city/coordinate tables; aliases normalized conservatively.
2071,21,Lonavla,lonavla,18.7564742,73.4290055,public_dataset,reviewed,Canonical city row derived from supplied city/coordinate tables; aliases normalized conservatively.
2072,21,Mahabaleshwar,mahabaleshwar,17.9242764,73.6575799,public_dataset,reviewed,Canonical city row derived from supplied city/coordinate tables; aliases normalized conservatively.
2073,21,Mahad,mahad,18.0807530,73.4243800,public_dataset,reviewed,Canonical city row derived from supplied city/coordinate tables; aliases normalized conservatively.
2074,21,Mahape,mahape,19.1093012,73.0235724,public_dataset,reviewed,Canonical city row derived from supplied city/coordinate tables; aliases normalized conservatively.
2075,21,Mahim,mahim,19.0423145,72.8398344,public_dataset,reviewed,Canonical city row derived from supplied city/coordinate tables; aliases normalized conservatively.
2076,21,Maindargi,maindargi,17.4566199,76.2944772,public_dataset,reviewed,Canonical city row derived from supplied city/coordinate tables; aliases normalized conservatively.
2077,21,Majalgaon,majalgaon,19.1551307,76.2099185,public_dataset,reviewed,Canonical city row derived from supplied city/coordinate tables; aliases normalized conservatively.
2078,21,Makhjan,makhjan,17.2727073,73.5064118,public_dataset,reviewed,Canonical city row derived from supplied city/coordinate tables; aliases normalized conservatively.
2079,21,Malabar Hill,malabar hill,18.9581616,72.8033665,public_dataset,reviewed,Canonical city row derived from supplied city/coordinate tables; aliases normalized conservatively.
2080,21,Malad,malad,19.1867193,72.8485884,public_dataset,reviewed,Canonical city row derived from supplied city/coordinate tables; aliases normalized conservatively.
2081,21,Malegaon,malegaon,20.5576062,74.5246514,public_dataset,reviewed,Canonical city row derived from supplied city/coordinate tables; aliases normalized conservatively.
2082,21,Malkapur,malkapur,20.8919580,76.2040353,public_dataset,reviewed,Canonical city row derived from supplied city/coordinate tables; aliases normalized conservatively.
2083,21,Malvan,malvan,16.0606400,73.4669499,public_dataset,reviewed,Canonical city row derived from supplied city/coordinate tables; aliases normalized conservatively.
2084,21,Manchar,manchar,19.0033298,73.9427110,public_dataset,reviewed,Canonical city row derived from supplied city/coordinate tables; aliases normalized conservatively.
2085,21,Mandangad,mandangad,17.9887643,73.2583058,public_dataset,reviewed,Canonical city row derived from supplied city/coordinate tables; aliases normalized conservatively.
2086,21,Mandhal,mandhal,21.3172657,79.7345547,public_dataset,reviewed,Canonical city row derived from supplied city/coordinate tables; aliases normalized conservatively.
2087,21,Mandwa,mandwa,20.4171192,76.6167265,public_dataset,reviewed,Canonical city row derived from supplied city/coordinate tables; aliases normalized conservatively.
2088,21,Mangaon,mangaon,18.2474480,73.2754420,public_dataset,reviewed,Canonical city row derived from supplied city/coordinate tables; aliases normalized conservatively.
2089,21,Mangrul Pir,mangrul pir,20.3146978,77.3430925,public_dataset,reviewed,Canonical city row derived from supplied city/coordinate tables; aliases normalized conservatively.
2090,21,Manjlegaon,manjlegaon,,,public_dataset,reviewed,Canonical city row derived from supplied city/coordinate tables; aliases normalized conservatively.
2091,21,Mankeshwar,mankeshwar,19.4928197,77.8264296,public_dataset,reviewed,Canonical city row derived from supplied city/coordinate tables; aliases normalized conservatively.
2092,21,Mankhurd,mankhurd,19.0482086,72.9317136,public_dataset,reviewed,Canonical city row derived from supplied city/coordinate tables; aliases normalized conservatively.
2093,21,Manmad,manmad,20.2519828,74.4392286,public_dataset,reviewed,Canonical city row derived from supplied city/coordinate tables; aliases normalized conservatively.
2094,21,Manor,manor,19.7227662,72.9096153,public_dataset,reviewed,Canonical city row derived from supplied city/coordinate tables; aliases normalized conservatively.
2095,21,Mansar,mansar,21.3967147,79.2627148,public_dataset,reviewed,Canonical city row derived from supplied city/coordinate tables; aliases normalized conservatively.
2096,21,Manwat,manwat,19.2990519,76.4938736,public_dataset,reviewed,Canonical city row derived from supplied city/coordinate tables; aliases normalized conservatively.
2097,21,Manwath,manwath,19.2435840,76.5591610,public_dataset,reviewed,Canonical city row derived from supplied city/coordinate tables; aliases normalized conservatively.
2098,21,Maregaon,maregaon,20.1517661,78.7944725,public_dataset,reviewed,Canonical city row derived from supplied city/coordinate tables; aliases normalized conservatively.
2099,21,Mastiholi,mastiholi,,,public_dataset,reviewed,Canonical city row derived from supplied city/coordinate tables; aliases normalized conservatively.
2100,21,"Masur, India",masur india,,,public_dataset,reviewed,Canonical city row derived from supplied city/coordinate tables; aliases normalized conservatively.
2101,21,Matheran,matheran,18.9901544,73.2700191,public_dataset,reviewed,Canonical city row derived from supplied city/coordinate tables; aliases normalized conservatively.
2102,21,Matunga,matunga,19.0274356,72.8501467,public_dataset,reviewed,Canonical city row derived from supplied city/coordinate tables; aliases normalized conservatively.
2103,21,Mazagaon,mazagaon,18.9671714,72.8397487,public_dataset,reviewed,Canonical city row derived from supplied city/coordinate tables; aliases normalized conservatively.
2104,21,Mehekar,mehekar,,,public_dataset,reviewed,Canonical city row derived from supplied city/coordinate tables; aliases normalized conservatively.
2105,21,Mehergaon,mehergaon,20.9737812,74.6254511,public_dataset,reviewed,Canonical city row derived from supplied city/coordinate tables; aliases normalized conservatively.
2106,21,Mehkar,mehkar,20.2546987,76.6332656,public_dataset,reviewed,Canonical city row derived from supplied city/coordinate tables; aliases normalized conservatively.
2107,21,Mhasla,mhasla,18.1320191,73.1067898,public_dataset,reviewed,Canonical city row derived from supplied city/coordinate tables; aliases normalized conservatively.
2108,21,Mhasvad,mhasvad,17.6360429,74.7872195,public_dataset,reviewed,Canonical city row derived from supplied city/coordinate tables; aliases normalized conservatively.
2109,21,Miraj,miraj,16.8585161,74.7108947,public_dataset,reviewed,Canonical city row derived from supplied city/coordinate tables; aliases normalized conservatively.
2110,21,Mohadi,mohadi,21.3082669,79.6745467,public_dataset,reviewed,Canonical city row derived from supplied city/coordinate tables; aliases normalized conservatively.
2111,21,Mohol,mohol,17.7709610,75.6435053,public_dataset,reviewed,Canonical city row derived from supplied city/coordinate tables; aliases normalized conservatively.
2112,21,Mohpa,mohpa,21.3086467,78.8301396,public_dataset,reviewed,Canonical city row derived from supplied city/coordinate tables; aliases normalized conservatively.
2113,21,Mokhada taluka,mokhada taluka,19.8739445,73.3752606,public_dataset,reviewed,Canonical city row derived from supplied city/coordinate tables; aliases normalized conservatively.
2114,21,"Mora, Maharashtra",mora maharashtra,20.3145661,75.6035971,public_dataset,reviewed,Canonical city row derived from supplied city/coordinate tables; aliases normalized conservatively.
2115,21,Moram,moram,,,public_dataset,reviewed,Canonical city row derived from supplied city/coordinate tables; aliases normalized conservatively.
2116,21,Morsi,morsi,,,public_dataset,reviewed,Canonical city row derived from supplied city/coordinate tables; aliases normalized conservatively.
2117,21,Mowad,mowad,21.4652106,78.4501933,public_dataset,reviewed,Canonical city row derived from supplied city/coordinate tables; aliases normalized conservatively.
2118,21,Mudkhed,mudkhed,19.1393504,77.5013930,public_dataset,reviewed,Canonical city row derived from supplied city/coordinate tables; aliases normalized conservatively.
2119,21,Mukher,mukher,,,public_dataset,reviewed,Canonical city row derived from supplied city/coordinate tables; aliases normalized conservatively.
2120,21,Mul,mul,20.0651224,79.6767277,public_dataset,reviewed,Canonical city row derived from supplied city/coordinate tables; aliases normalized conservatively.
2121,21,Mulher,mulher,20.7822578,74.0634208,public_dataset,reviewed,Canonical city row derived from supplied city/coordinate tables; aliases normalized conservatively.
2122,21,Mulund,mulund,19.1721366,72.9566971,public_dataset,reviewed,Canonical city row derived from supplied city/coordinate tables; aliases normalized conservatively.
2123,21,Mumbai,mumbai,19.0549990,72.8692035,public_dataset,reviewed,Canonical city row derived from supplied city/coordinate tables; aliases normalized conservatively.
2124,21,Mumbai Suburban,mumbai suburban,19.1309844,72.8894618,public_dataset,reviewed,Canonical city row derived from supplied city/coordinate tables; aliases normalized conservatively.
2125,21,Murbad,murbad,19.2571180,73.3907493,public_dataset,reviewed,Canonical city row derived from supplied city/coordinate tables; aliases normalized conservatively.
2126,21,Murgud,murgud,16.3940635,74.1907099,public_dataset,reviewed,Canonical city row derived from supplied city/coordinate tables; aliases normalized conservatively.
2127,21,Murtajapur,murtajapur,20.7364495,77.3552754,public_dataset,reviewed,Canonical city row derived from supplied city/coordinate tables; aliases normalized conservatively.
2128,21,Murud (Raigad),murud raigad,18.3220393,72.9604835,public_dataset,reviewed,Canonical city row derived from supplied city/coordinate tables; aliases normalized conservatively.
2129,21,Murud (Ratnagiri),murud ratnagiri,17.7740145,73.1180008,public_dataset,reviewed,Canonical city row derived from supplied city/coordinate tables; aliases normalized conservatively.
2130,21,Murum,murum,19.1941530,72.8077199,public_dataset,reviewed,Canonical city row derived from supplied city/coordinate tables; aliases normalized conservatively.
2131,21,Nadgaon,nadgaon,19.4100973,73.3704757,public_dataset,reviewed,Canonical city row derived from supplied city/coordinate tables; aliases normalized conservatively.
2132,21,Nagapur,nagapur,20.6087743,76.6024937,public_dataset,reviewed,Canonical city row derived from supplied city/coordinate tables; aliases normalized conservatively.
2133,21,Nagothana,nagothana,18.5407598,73.1342550,public_dataset,reviewed,Canonical city row derived from supplied city/coordinate tables; aliases normalized conservatively.
2134,21,Nagpur,nagpur,21.1498134,79.0820556,public_dataset,reviewed,Canonical city row derived from supplied city/coordinate tables; aliases normalized conservatively.
2135,21,Nagpur Division,nagpur division,,,public_dataset,reviewed,Canonical city row derived from supplied city/coordinate tables; aliases normalized conservatively.
2136,21,Nala Sopara,nala sopara,19.4203577,72.8194857,public_dataset,reviewed,Canonical city row derived from supplied city/coordinate tables; aliases normalized conservatively.
2137,21,Naldurg,naldurg,17.8149863,76.2789650,public_dataset,reviewed,Canonical city row derived from supplied city/coordinate tables; aliases normalized conservatively.
2138,21,Nalegaon,nalegaon,18.4212776,76.8120718,public_dataset,reviewed,Canonical city row derived from supplied city/coordinate tables; aliases normalized conservatively.
2139,21,Nampur,nampur,20.7295457,74.3109024,public_dataset,reviewed,Canonical city row derived from supplied city/coordinate tables; aliases normalized conservatively.
2140,21,Nanded,nanded,19.0942729,77.4832628,public_dataset,reviewed,Canonical city row derived from supplied city/coordinate tables; aliases normalized conservatively.
2141,21,Nandgaon,nandgaon,27.7109688,77.3856842,public_dataset,reviewed,Canonical city row derived from supplied city/coordinate tables; aliases normalized conservatively.
2142,21,Nandnee,nandnee,,,public_dataset,reviewed,Canonical city row derived from supplied city/coordinate tables; aliases normalized conservatively.
2143,21,Nandura,nandura,20.8385687,76.4603069,public_dataset,reviewed,Canonical city row derived from supplied city/coordinate tables; aliases normalized conservatively.
2144,21,Nandura Buzurg,nandura buzurg,,,public_dataset,reviewed,Canonical city row derived from supplied city/coordinate tables; aliases normalized conservatively.
2145,21,Nandurbar,nandurbar,21.5141622,74.5405513,public_dataset,reviewed,Canonical city row derived from supplied city/coordinate tables; aliases normalized conservatively.
2146,21,Narayangaon,narayangaon,19.1202895,73.9732877,public_dataset,reviewed,Canonical city row derived from supplied city/coordinate tables; aliases normalized conservatively.
2147,21,Nardana,nardana,21.1780424,74.8284356,public_dataset,reviewed,Canonical city row derived from supplied city/coordinate tables; aliases normalized conservatively.
2148,21,Nariman Point,nariman point,18.9270890,72.8235859,public_dataset,reviewed,Canonical city row derived from supplied city/coordinate tables; aliases normalized conservatively.
2149,21,Narkhed,narkhed,21.4713218,78.5337171,public_dataset,reviewed,Canonical city row derived from supplied city/coordinate tables; aliases normalized conservatively.
2150,21,Nashik,nashik,20.0112475,73.7902364,public_dataset,reviewed,Canonical city row derived from supplied city/coordinate tables; aliases normalized conservatively.
2151,21,Nashik Division,nashik division,,,public_dataset,reviewed,Canonical city row derived from supplied city/coordinate tables; aliases normalized conservatively.
2152,21,Navapur,navapur,21.1666239,73.7725174,public_dataset,reviewed,Canonical city row derived from supplied city/coordinate tables; aliases normalized conservatively.
2153,21,Navi Mumbai,navi mumbai,19.0308262,73.0198537,public_dataset,reviewed,Canonical city row derived from supplied city/coordinate tables; aliases normalized conservatively.
2154,21,Neral,neral,19.0266373,73.3181185,public_dataset,reviewed,Canonical city row derived from supplied city/coordinate tables; aliases normalized conservatively.
2155,21,Nerur,nerur,16.0221796,73.6188697,public_dataset,reviewed,Canonical city row derived from supplied city/coordinate tables; aliases normalized conservatively.
2156,21,Nevasa,nevasa,19.4667363,74.9635165,public_dataset,reviewed,Canonical city row derived from supplied city/coordinate tables; aliases normalized conservatively.
2157,21,Nighoj,nighoj,18.9597834,74.2789265,public_dataset,reviewed,Canonical city row derived from supplied city/coordinate tables; aliases normalized conservatively.
2158,21,Nilanga,nilanga,18.0837667,76.7992287,public_dataset,reviewed,Canonical city row derived from supplied city/coordinate tables; aliases normalized conservatively.
2159,21,Nipani,nipani,19.8299870,75.4564297,public_dataset,reviewed,Canonical city row derived from supplied city/coordinate tables; aliases normalized conservatively.
2160,21,Niphad,niphad,20.0796924,74.1071124,public_dataset,reviewed,Canonical city row derived from supplied city/coordinate tables; aliases normalized conservatively.
2161,21,Nira Narsingpur,nira narsingpur,,,public_dataset,reviewed,Canonical city row derived from supplied city/coordinate tables; aliases normalized conservatively.
2162,21,Osmanabad,osmanabad,18.2822454,76.0588166,public_dataset,reviewed,Canonical city row derived from supplied city/coordinate tables; aliases normalized conservatively.
2163,21,Ozar,ozar,16.1023708,73.4674644,public_dataset,reviewed,Canonical city row derived from supplied city/coordinate tables; aliases normalized conservatively.
2164,21,Pabal,pabal,18.8315338,74.0536443,public_dataset,reviewed,Canonical city row derived from supplied city/coordinate tables; aliases normalized conservatively.
2165,21,Pachora,pachora,20.6562576,75.4011092,public_dataset,reviewed,Canonical city row derived from supplied city/coordinate tables; aliases normalized conservatively.
2166,21,"Pahur, Maharashtra",pahur maharashtra,20.6531956,77.8247672,public_dataset,reviewed,Canonical city row derived from supplied city/coordinate tables; aliases normalized conservatively.
2167,21,Paithan,paithan,19.5835563,75.4302638,public_dataset,reviewed,Canonical city row derived from supplied city/coordinate tables; aliases normalized conservatively.
2168,21,Palghar,palghar,19.7572490,73.0931199,public_dataset,reviewed,Canonical city row derived from supplied city/coordinate tables; aliases normalized conservatively.
2169,21,"Pali, Raigad",pali raigad,18.9331007,73.4156441,public_dataset,reviewed,Canonical city row derived from supplied city/coordinate tables; aliases normalized conservatively.
2170,21,Palso,palso,,,public_dataset,reviewed,Canonical city row derived from supplied city/coordinate tables; aliases normalized conservatively.
2171,21,Panchgani,panchgani,17.9239543,73.7992681,public_dataset,reviewed,Canonical city row derived from supplied city/coordinate tables; aliases normalized conservatively.
2172,21,Pandharpur,pandharpur,17.7255921,75.3001936,public_dataset,reviewed,Canonical city row derived from supplied city/coordinate tables; aliases normalized conservatively.
2173,21,Pandhurli,pandhurli,19.8299596,73.8549489,public_dataset,reviewed,Canonical city row derived from supplied city/coordinate tables; aliases normalized conservatively.
2174,21,Panhala,panhala,16.8066833,74.1125979,public_dataset,reviewed,Canonical city row derived from supplied city/coordinate tables; aliases normalized conservatively.
2175,21,Panvel,panvel,18.9895249,73.1221935,public_dataset,reviewed,Canonical city row derived from supplied city/coordinate tables; aliases normalized conservatively.
2176,21,Parbhani,parbhani,19.2901981,76.6026443,public_dataset,reviewed,Canonical city row derived from supplied city/coordinate tables; aliases normalized conservatively.
2177,21,Parel,parel,19.0084268,72.8425050,public_dataset,reviewed,Canonical city row derived from supplied city/coordinate tables; aliases normalized conservatively.
2178,21,Parli Vaijnath,parli vaijnath,18.8527263,76.5248259,public_dataset,reviewed,Canonical city row derived from supplied city/coordinate tables; aliases normalized conservatively.
2179,21,Parner,parner,19.0931856,74.3940633,public_dataset,reviewed,Canonical city row derived from supplied city/coordinate tables; aliases normalized conservatively.
2180,21,Parola,parola,20.8313089,75.1149176,public_dataset,reviewed,Canonical city row derived from supplied city/coordinate tables; aliases normalized conservatively.
2181,21,Parseoni,parseoni,21.4265024,79.1354691,public_dataset,reviewed,Canonical city row derived from supplied city/coordinate tables; aliases normalized conservatively.
2182,21,Partur,partur,19.4882762,76.2606978,public_dataset,reviewed,Canonical city row derived from supplied city/coordinate tables; aliases normalized conservatively.
2183,21,Patan,patan,17.3565267,73.8634207,public_dataset,reviewed,Canonical city row derived from supplied city/coordinate tables; aliases normalized conservatively.
2184,21,Pathardi,pathardi,19.1717199,75.1745570,public_dataset,reviewed,Canonical city row derived from supplied city/coordinate tables; aliases normalized conservatively.
2185,21,Pathri,pathri,19.2194612,76.4284158,public_dataset,reviewed,Canonical city row derived from supplied city/coordinate tables; aliases normalized conservatively.
2186,21,Patur,patur,20.4229458,76.8632469,public_dataset,reviewed,Canonical city row derived from supplied city/coordinate tables; aliases normalized conservatively.
2187,21,Paturda,paturda,20.9348523,76.7155970,public_dataset,reviewed,Canonical city row derived from supplied city/coordinate tables; aliases normalized conservatively.
2188,21,Paud,paud,18.5242717,73.6155138,public_dataset,reviewed,Canonical city row derived from supplied city/coordinate tables; aliases normalized conservatively.
2189,21,Pauni,pauni,20.7926372,79.6359627,public_dataset,reviewed,Canonical city row derived from supplied city/coordinate tables; aliases normalized conservatively.
2190,21,Pawni,pawni,,,public_dataset,reviewed,Canonical city row derived from supplied city/coordinate tables; aliases normalized conservatively.
2191,21,Pedgaon,pedgaon,19.8058536,77.2648501,public_dataset,reviewed,Canonical city row derived from supplied city/coordinate tables; aliases normalized conservatively.
2192,21,Peint,peint,20.2579081,73.5012961,public_dataset,reviewed,Canonical city row derived from supplied city/coordinate tables; aliases normalized conservatively.
2193,21,Pen,pen,18.7353850,73.0868161,public_dataset,reviewed,Canonical city row derived from supplied city/coordinate tables; aliases normalized conservatively.
2194,21,Phaltan,phaltan,17.9579342,74.4142354,public_dataset,reviewed,Canonical city row derived from supplied city/coordinate tables; aliases normalized conservatively.
2195,21,Phulambri,phulambri,20.1304621,75.4909097,public_dataset,reviewed,Canonical city row derived from supplied city/coordinate tables; aliases normalized conservatively.
2196,21,Piliv,piliv,17.6798714,74.9668544,public_dataset,reviewed,Canonical city row derived from supplied city/coordinate tables; aliases normalized conservatively.
2197,21,Pimpalgaon Baswant,pimpalgaon baswant,20.1633720,73.9850591,public_dataset,reviewed,Canonical city row derived from supplied city/coordinate tables; aliases normalized conservatively.
2198,21,Pimpalgaon Raja,pimpalgaon raja,20.7204750,76.4349108,public_dataset,reviewed,Canonical city row derived from supplied city/coordinate tables; aliases normalized conservatively.
2199,21,Pimpri,pimpri,18.6231854,73.8019932,public_dataset,reviewed,Canonical city row derived from supplied city/coordinate tables; aliases normalized conservatively.
2200,21,Pimpri-Chinchwad,pimpri chinchwad,18.6279288,73.8009829,public_dataset,reviewed,Canonical city row derived from supplied city/coordinate tables; aliases normalized conservatively.
2201,21,Pipri,pipri,24.2036015,83.0179250,public_dataset,reviewed,Canonical city row derived from supplied city/coordinate tables; aliases normalized conservatively.
2202,21,Powai,powai,19.1187195,72.9073476,public_dataset,reviewed,Canonical city row derived from supplied city/coordinate tables; aliases normalized conservatively.
2203,21,Prabhadevi,prabhadevi,19.0074717,72.8358965,public_dataset,reviewed,Canonical city row derived from supplied city/coordinate tables; aliases normalized conservatively.
2204,21,Prakasha,prakasha,21.5141570,74.3557209,public_dataset,reviewed,Canonical city row derived from supplied city/coordinate tables; aliases normalized conservatively.
2205,21,Pulgaon,pulgaon,20.7258046,78.3176198,public_dataset,reviewed,Canonical city row derived from supplied city/coordinate tables; aliases normalized conservatively.
2206,21,Pune,pune,18.5213738,73.8545071,public_dataset,reviewed,Canonical city row derived from supplied city/coordinate tables; aliases normalized conservatively.
2207,21,Pune Division,pune division,18.5304880,73.8502228,public_dataset,reviewed,Canonical city row derived from supplied city/coordinate tables; aliases normalized conservatively.
2208,21,Puntamba,puntamba,19.7684835,74.6184943,public_dataset,reviewed,Canonical city row derived from supplied city/coordinate tables; aliases normalized conservatively.
2209,21,Pural,pural,16.4437900,73.3845500,public_dataset,reviewed,Canonical city row derived from supplied city/coordinate tables; aliases normalized conservatively.
2210,21,Purna,purna,20.9006179,76.8304102,public_dataset,reviewed,Canonical city row derived from supplied city/coordinate tables; aliases normalized conservatively.
2211,21,Pusad,pusad,19.8858198,77.4846120,public_dataset,reviewed,Canonical city row derived from supplied city/coordinate tables; aliases normalized conservatively.
2212,21,Radhanagari,radhanagari,16.4277828,73.9862322,public_dataset,reviewed,Canonical city row derived from supplied city/coordinate tables; aliases normalized conservatively.
2213,21,Rahata,rahata,19.7170595,74.4799561,public_dataset,reviewed,Canonical city row derived from supplied city/coordinate tables; aliases normalized conservatively.
2214,21,Rahimatpur,rahimatpur,17.5909766,74.1990559,public_dataset,reviewed,Canonical city row derived from supplied city/coordinate tables; aliases normalized conservatively.
2215,21,Rahuri,rahuri,19.4031555,74.6105605,public_dataset,reviewed,Canonical city row derived from supplied city/coordinate tables; aliases normalized conservatively.
2216,21,Raigarh,raigarh,18.9818971,73.1141545,public_dataset,reviewed,Canonical city row derived from supplied city/coordinate tables; aliases normalized conservatively.
2217,21,Raireshwar,raireshwar,18.0457759,73.7207156,public_dataset,reviewed,Canonical city row derived from supplied city/coordinate tables; aliases normalized conservatively.
2218,21,Rajapur,rajapur,25.3863662,81.1494181,public_dataset,reviewed,Canonical city row derived from supplied city/coordinate tables; aliases normalized conservatively.
2219,21,Rajgurunagar,rajgurunagar,18.8555378,73.8863954,public_dataset,reviewed,Canonical city row derived from supplied city/coordinate tables; aliases normalized conservatively.
2220,21,Rajur,rajur,20.6016649,76.1749973,public_dataset,reviewed,Canonical city row derived from supplied city/coordinate tables; aliases normalized conservatively.
2221,21,Rajura,rajura,21.2762481,77.5508229,public_dataset,reviewed,Canonical city row derived from supplied city/coordinate tables; aliases normalized conservatively.
2222,21,Ralegaon,ralegaon,20.3277662,78.6036857,public_dataset,reviewed,Canonical city row derived from supplied city/coordinate tables; aliases normalized conservatively.
2223,21,Ramewadi,ramewadi,,,public_dataset,reviewed,Canonical city row derived from supplied city/coordinate tables; aliases normalized conservatively.
2224,21,Ramtek,ramtek,21.3935847,79.2999141,public_dataset,reviewed,Canonical city row derived from supplied city/coordinate tables; aliases normalized conservatively.
2225,21,Ratnagiri,ratnagiri,17.2826079,73.4569787,public_dataset,reviewed,Canonical city row derived from supplied city/coordinate tables; aliases normalized conservatively.
2226,21,Raver,raver,21.2222313,76.0444182,public_dataset,reviewed,Canonical city row derived from supplied city/coordinate tables; aliases normalized conservatively.
2227,21,Renapur,renapur,18.5264309,76.5967655,public_dataset,reviewed,Canonical city row derived from supplied city/coordinate tables; aliases normalized conservatively.
2228,21,Renavi,renavi,17.2760585,74.6178371,public_dataset,reviewed,Canonical city row derived from supplied city/coordinate tables; aliases normalized conservatively.
2229,21,Revadanda,revadanda,18.5542897,72.9261338,public_dataset,reviewed,Canonical city row derived from supplied city/coordinate tables; aliases normalized conservatively.
2230,21,Revdanda,revdanda,18.6495598,72.8837603,public_dataset,reviewed,Canonical city row derived from supplied city/coordinate tables; aliases normalized conservatively.
2231,21,Risod,risod,20.0337576,76.8340279,public_dataset,reviewed,Canonical city row derived from supplied city/coordinate tables; aliases normalized conservatively.
2232,21,Roha,roha,18.4465800,73.1238722,public_dataset,reviewed,Canonical city row derived from supplied city/coordinate tables; aliases normalized conservatively.
2233,21,Sailu,sailu,20.8375277,78.7067438,public_dataset,reviewed,Canonical city row derived from supplied city/coordinate tables; aliases normalized conservatively.
2234,21,Sakol,sakol,18.2831105,76.8852534,public_dataset,reviewed,Canonical city row derived from supplied city/coordinate tables; aliases normalized conservatively.
2235,21,Sakoli,sakoli,21.0874425,79.9974250,public_dataset,reviewed,Canonical city row derived from supplied city/coordinate tables; aliases normalized conservatively.
2236,21,Sakri,sakri,20.9910829,74.3154391,public_dataset,reviewed,Canonical city row derived from supplied city/coordinate tables; aliases normalized conservatively.
2237,21,Samudrapur,samudrapur,20.6131435,79.0240112,public_dataset,reviewed,Canonical city row derived from supplied city/coordinate tables; aliases normalized conservatively.
2238,21,Sangameshwar,sangameshwar,17.2015922,73.5463963,public_dataset,reviewed,Canonical city row derived from supplied city/coordinate tables; aliases normalized conservatively.
2239,21,Sangamner,sangamner,19.4906351,74.2466821,public_dataset,reviewed,Canonical city row derived from supplied city/coordinate tables; aliases normalized conservatively.
2240,21,Sangli,sangli,17.1726928,74.5867654,public_dataset,reviewed,Canonical city row derived from supplied city/coordinate tables; aliases normalized conservatively.
2241,21,Sangola,sangola,20.5189961,76.7958407,public_dataset,reviewed,Canonical city row derived from supplied city/coordinate tables; aliases normalized conservatively.
2242,21,Sangole,sangole,17.4362688,75.1932291,public_dataset,reviewed,Canonical city row derived from supplied city/coordinate tables; aliases normalized conservatively.
2243,21,"Sangrampur, Maharashtra",sangrampur maharashtra,21.0975183,76.7076589,public_dataset,reviewed,Canonical city row derived from supplied city/coordinate tables; aliases normalized conservatively.
2244,21,Saoli,saoli,20.0825113,79.7857147,public_dataset,reviewed,Canonical city row derived from supplied city/coordinate tables; aliases normalized conservatively.
2245,21,Saoner,saoner,21.3847093,78.9188075,public_dataset,reviewed,Canonical city row derived from supplied city/coordinate tables; aliases normalized conservatively.
2246,21,Sarangkheda,sarangkheda,21.4336711,74.5278662,public_dataset,reviewed,Canonical city row derived from supplied city/coordinate tables; aliases normalized conservatively.
2247,21,Sasvad,sasvad,18.4728180,73.9545184,public_dataset,reviewed,Canonical city row derived from supplied city/coordinate tables; aliases normalized conservatively.
2248,21,Saswad,saswad,18.3444347,74.0295234,public_dataset,reviewed,Canonical city row derived from supplied city/coordinate tables; aliases normalized conservatively.
2249,21,Satana,satana,20.5991006,74.2021078,public_dataset,reviewed,Canonical city row derived from supplied city/coordinate tables; aliases normalized conservatively.
2250,21,Satara,satara,17.6361289,74.2982781,public_dataset,reviewed,Canonical city row derived from supplied city/coordinate tables; aliases normalized conservatively.
2251,21,Satara Division,satara division,,,public_dataset,reviewed,Canonical city row derived from supplied city/coordinate tables; aliases normalized conservatively.
2252,21,Satpati,satpati,19.7221423,72.7053909,public_dataset,reviewed,Canonical city row derived from supplied city/coordinate tables; aliases normalized conservatively.
2253,21,Savantvadi,savantvadi,,,public_dataset,reviewed,Canonical city row derived from supplied city/coordinate tables; aliases normalized conservatively.
2254,21,Savda,savda,21.1508089,75.8885226,public_dataset,reviewed,Canonical city row derived from supplied city/coordinate tables; aliases normalized conservatively.
2255,21,Savlaj,savlaj,16.8467178,74.6507451,public_dataset,reviewed,Canonical city row derived from supplied city/coordinate tables; aliases normalized conservatively.
2256,21,Sawantvadi,sawantvadi,,,public_dataset,reviewed,Canonical city row derived from supplied city/coordinate tables; aliases normalized conservatively.
2257,21,Selu,selu,19.4548608,76.4388052,public_dataset,reviewed,Canonical city row derived from supplied city/coordinate tables; aliases normalized conservatively.
2258,21,Sevagram,sevagram,20.7391912,78.6185535,public_dataset,reviewed,Canonical city row derived from supplied city/coordinate tables; aliases normalized conservatively.
2259,21,Sewri,sewri,18.9987796,72.8544218,public_dataset,reviewed,Canonical city row derived from supplied city/coordinate tables; aliases normalized conservatively.
2260,21,Shahada,shahada,21.5409188,74.4716616,public_dataset,reviewed,Canonical city row derived from supplied city/coordinate tables; aliases normalized conservatively.
2261,21,Shahapur,shahapur,20.9812355,77.8900102,public_dataset,reviewed,Canonical city row derived from supplied city/coordinate tables; aliases normalized conservatively.
2262,21,Shedbal,shedbal,,,public_dataset,reviewed,Canonical city row derived from supplied city/coordinate tables; aliases normalized conservatively.
2263,21,Shegaon,shegaon,20.8007513,76.6905257,public_dataset,reviewed,Canonical city row derived from supplied city/coordinate tables; aliases normalized conservatively.
2264,21,Shevgaon,shevgaon,19.3797171,75.2954872,public_dataset,reviewed,Canonical city row derived from supplied city/coordinate tables; aliases normalized conservatively.
2265,21,Shikrapur,shikrapur,18.6959890,74.1369009,public_dataset,reviewed,Canonical city row derived from supplied city/coordinate tables; aliases normalized conservatively.
2266,21,Shiraguppi,shiraguppi,,,public_dataset,reviewed,Canonical city row derived from supplied city/coordinate tables; aliases normalized conservatively.
2267,21,Shirala,shirala,17.0801331,74.0268650,public_dataset,reviewed,Canonical city row derived from supplied city/coordinate tables; aliases normalized conservatively.
2268,21,Shirdi,shirdi,19.7668121,74.4754386,public_dataset,reviewed,Canonical city row derived from supplied city/coordinate tables; aliases normalized conservatively.
2269,21,Shirgaon,shirgaon,17.0265703,73.2909103,public_dataset,reviewed,Canonical city row derived from supplied city/coordinate tables; aliases normalized conservatively.
2270,21,Shirol,shirol,16.7103974,74.5812180,public_dataset,reviewed,Canonical city row derived from supplied city/coordinate tables; aliases normalized conservatively.
2271,21,Shirpur,shirpur,20.4309237,76.1858349,public_dataset,reviewed,Canonical city row derived from supplied city/coordinate tables; aliases normalized conservatively.
2272,21,Shirud,shirud,20.9851718,75.0211959,public_dataset,reviewed,Canonical city row derived from supplied city/coordinate tables; aliases normalized conservatively.
2273,21,Shirwal,shirwal,17.5897237,76.2907791,public_dataset,reviewed,Canonical city row derived from supplied city/coordinate tables; aliases normalized conservatively.
2274,21,Shivaji Nagar,shivaji nagar,18.5321720,73.8496602,public_dataset,reviewed,Canonical city row derived from supplied city/coordinate tables; aliases normalized conservatively.
2275,21,Shrigonda,shrigonda,18.6763838,74.6709339,public_dataset,reviewed,Canonical city row derived from supplied city/coordinate tables; aliases normalized conservatively.
2276,21,Sillod,sillod,20.3549276,75.6104688,public_dataset,reviewed,Canonical city row derived from supplied city/coordinate tables; aliases normalized conservatively.
2277,21,Sindewahi,sindewahi,20.2922302,79.6566541,public_dataset,reviewed,Canonical city row derived from supplied city/coordinate tables; aliases normalized conservatively.
2278,21,Sindhudurg,sindhudurg,16.1357193,73.6522086,public_dataset,reviewed,Canonical city row derived from supplied city/coordinate tables; aliases normalized conservatively.
2279,21,Sindi,sindi,21.2738687,78.9369661,public_dataset,reviewed,Canonical city row derived from supplied city/coordinate tables; aliases normalized conservatively.
2280,21,Sindkheda,sindkheda,21.2443624,74.7239720,public_dataset,reviewed,Canonical city row derived from supplied city/coordinate tables; aliases normalized conservatively.
2281,21,Sinnar,sinnar,19.8453138,74.0000241,public_dataset,reviewed,Canonical city row derived from supplied city/coordinate tables; aliases normalized conservatively.
2282,21,"Sion, Mumbai",sion mumbai,19.0465213,72.8632834,public_dataset,reviewed,Canonical city row derived from supplied city/coordinate tables; aliases normalized conservatively.
2283,21,Sironcha,sironcha,18.8481969,79.9639321,public_dataset,reviewed,Canonical city row derived from supplied city/coordinate tables; aliases normalized conservatively.
2284,21,Sirur,sirur,18.6295068,76.9701044,public_dataset,reviewed,Canonical city row derived from supplied city/coordinate tables; aliases normalized conservatively.
2285,21,"Sivala, East Godavari district",sivala east godavari district,,,public_dataset,reviewed,Canonical city row derived from supplied city/coordinate tables; aliases normalized conservatively.
2286,21,Solapur,solapur,17.8499067,75.2763203,public_dataset,reviewed,Canonical city row derived from supplied city/coordinate tables; aliases normalized conservatively.
2287,21,Sonala,sonala,21.1191426,76.7443447,public_dataset,reviewed,Canonical city row derived from supplied city/coordinate tables; aliases normalized conservatively.
2288,21,Sonegaon,sonegaon,21.4817364,79.8101577,public_dataset,reviewed,Canonical city row derived from supplied city/coordinate tables; aliases normalized conservatively.
2289,21,Songir,songir,21.3198184,74.1792790,public_dataset,reviewed,Canonical city row derived from supplied city/coordinate tables; aliases normalized conservatively.
2290,21,Sonvad,sonvad,21.5110613,74.5229330,public_dataset,reviewed,Canonical city row derived from supplied city/coordinate tables; aliases normalized conservatively.
2291,21,Soygaon,soygaon,20.5900820,75.6158770,public_dataset,reviewed,Canonical city row derived from supplied city/coordinate tables; aliases normalized conservatively.
2292,21,Srivardhan,srivardhan,,,public_dataset,reviewed,Canonical city row derived from supplied city/coordinate tables; aliases normalized conservatively.
2293,21,Surgana,surgana,20.5592432,73.6375614,public_dataset,reviewed,Canonical city row derived from supplied city/coordinate tables; aliases normalized conservatively.
2294,21,Taklibhan,taklibhan,19.6120874,74.7989224,public_dataset,reviewed,Canonical city row derived from supplied city/coordinate tables; aliases normalized conservatively.
2295,21,Talbid,talbid,18.9051262,77.4948556,public_dataset,reviewed,Canonical city row derived from supplied city/coordinate tables; aliases normalized conservatively.
2296,21,Talegaon Dabhade,talegaon dabhade,18.7337107,73.6728593,public_dataset,reviewed,Canonical city row derived from supplied city/coordinate tables; aliases normalized conservatively.
2297,21,Talegaon Dhamdhere,talegaon dhamdhere,18.6676999,74.1527672,public_dataset,reviewed,Canonical city row derived from supplied city/coordinate tables; aliases normalized conservatively.
2298,21,Taloda,taloda,21.5627715,74.2123371,public_dataset,reviewed,Canonical city row derived from supplied city/coordinate tables; aliases normalized conservatively.
2299,21,Talode,talode,,,public_dataset,reviewed,Canonical city row derived from supplied city/coordinate tables; aliases normalized conservatively.
2300,21,Tarapur,tarapur,20.8110875,77.0132205,public_dataset,reviewed,Canonical city row derived from supplied city/coordinate tables; aliases normalized conservatively.
2301,21,Tardeo,tardeo,18.9722351,72.8203423,public_dataset,reviewed,Canonical city row derived from supplied city/coordinate tables; aliases normalized conservatively.
2302,21,Tasgaon,tasgaon,17.0904859,74.6832675,public_dataset,reviewed,Canonical city row derived from supplied city/coordinate tables; aliases normalized conservatively.
2303,21,Telhara,telhara,21.0377518,76.8671322,public_dataset,reviewed,Canonical city row derived from supplied city/coordinate tables; aliases normalized conservatively.
2304,21,Thalner,thalner,21.2557704,74.9546330,public_dataset,reviewed,Canonical city row derived from supplied city/coordinate tables; aliases normalized conservatively.
2305,21,Thane,thane,19.3653598,73.3685437,public_dataset,reviewed,Canonical city row derived from supplied city/coordinate tables; aliases normalized conservatively.
2306,21,Trimbak,trimbak,19.9353864,73.5301768,public_dataset,reviewed,Canonical city row derived from supplied city/coordinate tables; aliases normalized conservatively.
2307,21,Trombay,trombay,19.0336510,72.9503637,public_dataset,reviewed,Canonical city row derived from supplied city/coordinate tables; aliases normalized conservatively.
2308,21,Tuljapur,tuljapur,20.9824226,77.6549528,public_dataset,reviewed,Canonical city row derived from supplied city/coordinate tables; aliases normalized conservatively.
2309,21,Tumsar,tumsar,21.3820399,79.7500206,public_dataset,reviewed,Canonical city row derived from supplied city/coordinate tables; aliases normalized conservatively.
2310,21,Udgir,udgir,18.3921349,77.1196118,public_dataset,reviewed,Canonical city row derived from supplied city/coordinate tables; aliases normalized conservatively.
2311,21,Ulhasnagar,ulhasnagar,19.2236329,73.1671515,public_dataset,reviewed,Canonical city row derived from supplied city/coordinate tables; aliases normalized conservatively.
2312,21,Umarga,umarga,17.8365426,76.6250052,public_dataset,reviewed,Canonical city row derived from supplied city/coordinate tables; aliases normalized conservatively.
2313,21,Umarkhed,umarkhed,19.5982171,77.9140993,public_dataset,reviewed,Canonical city row derived from supplied city/coordinate tables; aliases normalized conservatively.
2314,21,Umred,umred,20.8485151,79.2304704,public_dataset,reviewed,Canonical city row derived from supplied city/coordinate tables; aliases normalized conservatively.
2315,21,Uran,uran,18.8808000,72.9386000,public_dataset,reviewed,Canonical city row derived from supplied city/coordinate tables; aliases normalized conservatively.
2316,21,Uruli Kanchan,uruli kanchan,18.4872401,74.1330000,public_dataset,reviewed,Canonical city row derived from supplied city/coordinate tables; aliases normalized conservatively.
2317,21,Vada,vada,18.5193826,73.8553566,public_dataset,reviewed,Canonical city row derived from supplied city/coordinate tables; aliases normalized conservatively.
2318,21,Vadgaon,vadgaon,18.7425866,73.6366603,public_dataset,reviewed,Canonical city row derived from supplied city/coordinate tables; aliases normalized conservatively.
2319,21,Vadner,vadner,19.9351075,73.8123750,public_dataset,reviewed,Canonical city row derived from supplied city/coordinate tables; aliases normalized conservatively.
2320,21,Vaijapur,vaijapur,19.9489045,74.8332477,public_dataset,reviewed,Canonical city row derived from supplied city/coordinate tables; aliases normalized conservatively.
2321,21,Vairag,vairag,18.0598356,75.8014772,public_dataset,reviewed,Canonical city row derived from supplied city/coordinate tables; aliases normalized conservatively.
2322,21,Valsang,valsang,17.5807188,76.0846848,public_dataset,reviewed,Canonical city row derived from supplied city/coordinate tables; aliases normalized conservatively.
2323,21,Vangaon,vangaon,19.8829908,72.7631658,public_dataset,reviewed,Canonical city row derived from supplied city/coordinate tables; aliases normalized conservatively.
2324,21,Varangaon,varangaon,21.0104777,75.9013224,public_dataset,reviewed,Canonical city row derived from supplied city/coordinate tables; aliases normalized conservatively.
2325,21,Vashi,vashi,19.0632481,72.9987966,public_dataset,reviewed,Canonical city row derived from supplied city/coordinate tables; aliases normalized conservatively.
2326,21,Vasind,vasind,19.4065089,73.2674683,public_dataset,reviewed,Canonical city row derived from supplied city/coordinate tables; aliases normalized conservatively.
2327,21,Vatul,vatul,16.8033687,73.5616836,public_dataset,reviewed,Canonical city row derived from supplied city/coordinate tables; aliases normalized conservatively.
2328,21,"Velas, Maharashtra",velas maharashtra,17.9608653,73.0345215,public_dataset,reviewed,Canonical city row derived from supplied city/coordinate tables; aliases normalized conservatively.
2329,21,Velneshwar,velneshwar,17.3794871,73.2140194,public_dataset,reviewed,Canonical city row derived from supplied city/coordinate tables; aliases normalized conservatively.
2330,21,Vengurla,vengurla,15.8619866,73.6321565,public_dataset,reviewed,Canonical city row derived from supplied city/coordinate tables; aliases normalized conservatively.
2331,21,Vijaydurg,vijaydurg,16.5508096,73.3365435,public_dataset,reviewed,Canonical city row derived from supplied city/coordinate tables; aliases normalized conservatively.
2332,21,Vikhroli,vikhroli,19.1114795,72.9280210,public_dataset,reviewed,Canonical city row derived from supplied city/coordinate tables; aliases normalized conservatively.
2333,21,Vile Parle,vile parle,19.0999098,72.8440038,public_dataset,reviewed,Canonical city row derived from supplied city/coordinate tables; aliases normalized conservatively.
2334,21,Vinchur,vinchur,17.5104455,75.7172692,public_dataset,reviewed,Canonical city row derived from supplied city/coordinate tables; aliases normalized conservatively.
2335,21,Virar,virar,19.4497996,72.8120613,public_dataset,reviewed,Canonical city row derived from supplied city/coordinate tables; aliases normalized conservatively.
2336,21,"Vita, Maharashtra",vita maharashtra,17.2719770,74.5372841,public_dataset,reviewed,Canonical city row derived from supplied city/coordinate tables; aliases normalized conservatively.
2337,21,Vite,vite,17.6486842,75.5003106,public_dataset,reviewed,Canonical city row derived from supplied city/coordinate tables; aliases normalized conservatively.
2338,21,Wadala,wadala,19.0269192,72.8759337,public_dataset,reviewed,Canonical city row derived from supplied city/coordinate tables; aliases normalized conservatively.
2339,21,Wadgaon,wadgaon,20.9805994,77.8136006,public_dataset,reviewed,Canonical city row derived from supplied city/coordinate tables; aliases normalized conservatively.
2340,21,Wadner,wadner,20.8378341,76.3265783,public_dataset,reviewed,Canonical city row derived from supplied city/coordinate tables; aliases normalized conservatively.
2341,21,Wadwani,wadwani,19.0019332,76.0890409,public_dataset,reviewed,Canonical city row derived from supplied city/coordinate tables; aliases normalized conservatively.
2342,21,Wagholi,wagholi,18.5806299,73.9833099,public_dataset,reviewed,Canonical city row derived from supplied city/coordinate tables; aliases normalized conservatively.
2343,21,Wai,wai,17.9423742,73.9192535,public_dataset,reviewed,Canonical city row derived from supplied city/coordinate tables; aliases normalized conservatively.
2344,21,Wakad,wakad,18.6022495,73.7644454,public_dataset,reviewed,Canonical city row derived from supplied city/coordinate tables; aliases normalized conservatively.
2345,21,Walgaon,walgaon,21.0172479,77.6917398,public_dataset,reviewed,Canonical city row derived from supplied city/coordinate tables; aliases normalized conservatively.
2346,21,Walki,walki,21.0013693,77.7974021,public_dataset,reviewed,Canonical city row derived from supplied city/coordinate tables; aliases normalized conservatively.
2347,21,Wani,wani,20.0574000,78.9565000,public_dataset,reviewed,Canonical city row derived from supplied city/coordinate tables; aliases normalized conservatively.
2348,21,Wardha,wardha,20.8256231,78.6131455,public_dataset,reviewed,Canonical city row derived from supplied city/coordinate tables; aliases normalized conservatively.
2349,21,Warora,warora,20.2342965,79.0027504,public_dataset,reviewed,Canonical city row derived from supplied city/coordinate tables; aliases normalized conservatively.
2350,21,Warud,warud,21.4714062,78.2828795,public_dataset,reviewed,Canonical city row derived from supplied city/coordinate tables; aliases normalized conservatively.
2351,21,Washim,washim,20.2874178,77.2369655,public_dataset,reviewed,Canonical city row derived from supplied city/coordinate tables; aliases normalized conservatively.
2352,21,Worli,worli,19.0117388,72.8178706,public_dataset,reviewed,Canonical city row derived from supplied city/coordinate tables; aliases normalized conservatively.
2353,21,Yaval,yaval,,,public_dataset,reviewed,Canonical city row derived from supplied city/coordinate tables; aliases normalized conservatively.
2354,21,Yavatmal,yavatmal,20.0638677,78.3565663,public_dataset,reviewed,Canonical city row derived from supplied city/coordinate tables; aliases normalized conservatively.
2355,21,Yeola,yeola,20.0429079,74.4880389,public_dataset,reviewed,Canonical city row derived from supplied city/coordinate tables; aliases normalized conservatively.
2356,22,Bishnupur,bishnupur,23.0757335,87.3146343,public_dataset,reviewed,Canonical city row derived from supplied city/coordinate tables; aliases normalized conservatively.
2357,22,Churachandpur,churachandpur,24.3468839,93.6994143,public_dataset,reviewed,Canonical city row derived from supplied city/coordinate tables; aliases normalized conservatively.
2358,22,Imphal,imphal,24.7991162,93.9364419,public_dataset,reviewed,Canonical city row derived from supplied city/coordinate tables; aliases normalized conservatively.
2359,22,Kakching,kakching,24.4974827,93.9835543,public_dataset,reviewed,Canonical city row derived from supplied city/coordinate tables; aliases normalized conservatively.
2360,22,Mayang Imphal,mayang imphal,24.6108831,93.8875401,public_dataset,reviewed,Canonical city row derived from supplied city/coordinate tables; aliases normalized conservatively.
2361,22,Moirang,moirang,24.5005506,93.7767476,public_dataset,reviewed,Canonical city row derived from supplied city/coordinate tables; aliases normalized conservatively.
2362,22,Phek,phek,25.6700924,94.3843925,public_dataset,reviewed,Canonical city row derived from supplied city/coordinate tables; aliases normalized conservatively.
2363,22,Senapati,senapati,25.3933697,94.1501773,public_dataset,reviewed,Canonical city row derived from supplied city/coordinate tables; aliases normalized conservatively.
2364,22,Tamenglong,tamenglong,24.9858596,93.5039967,public_dataset,reviewed,Canonical city row derived from supplied city/coordinate tables; aliases normalized conservatively.
2365,22,Thoubal,thoubal,24.6386954,93.9968710,public_dataset,reviewed,Canonical city row derived from supplied city/coordinate tables; aliases normalized conservatively.
2366,22,Ukhrul,ukhrul,25.0978641,94.3610713,public_dataset,reviewed,Canonical city row derived from supplied city/coordinate tables; aliases normalized conservatively.
2367,22,Wangjing,wangjing,24.5983875,94.0365743,public_dataset,reviewed,Canonical city row derived from supplied city/coordinate tables; aliases normalized conservatively.
2368,22,Yairipok,yairipok,24.6799101,94.0608281,public_dataset,reviewed,Canonical city row derived from supplied city/coordinate tables; aliases normalized conservatively.
2369,23,Cherrapunji,cherrapunji,25.2777336,91.7292416,public_dataset,reviewed,Canonical city row derived from supplied city/coordinate tables; aliases normalized conservatively.
2370,23,East Garo Hills,east garo hills,25.6184946,90.6342162,public_dataset,reviewed,Canonical city row derived from supplied city/coordinate tables; aliases normalized conservatively.
2371,23,East Jaintia Hills,east jaintia hills,25.2515761,92.4840501,public_dataset,reviewed,Canonical city row derived from supplied city/coordinate tables; aliases normalized conservatively.
2372,23,East Khasi Hills,east khasi hills,25.4023736,91.8317178,public_dataset,reviewed,Canonical city row derived from supplied city/coordinate tables; aliases normalized conservatively.
2373,23,Mairang,mairang,25.6647184,91.6395501,public_dataset,reviewed,Canonical city row derived from supplied city/coordinate tables; aliases normalized conservatively.
2374,23,Mankachar,mankachar,25.5353830,89.8662170,public_dataset,reviewed,Canonical city row derived from supplied city/coordinate tables; aliases normalized conservatively.
2375,23,Nongpoh,nongpoh,25.8989839,91.8812907,public_dataset,reviewed,Canonical city row derived from supplied city/coordinate tables; aliases normalized conservatively.
2376,23,Nongstoin,nongstoin,25.5726394,91.2540803,public_dataset,reviewed,Canonical city row derived from supplied city/coordinate tables; aliases normalized conservatively.
2377,23,North Garo Hills,north garo hills,25.8619841,90.7017705,public_dataset,reviewed,Canonical city row derived from supplied city/coordinate tables; aliases normalized conservatively.
2378,23,Ri-Bhoi,ri bhoi,25.8764026,91.8567574,public_dataset,reviewed,Canonical city row derived from supplied city/coordinate tables; aliases normalized conservatively.
2379,23,Shillong,shillong,25.5759931,91.8827872,public_dataset,reviewed,Canonical city row derived from supplied city/coordinate tables; aliases normalized conservatively.
2380,23,South Garo Hills,south garo hills,25.3479690,90.5657773,public_dataset,reviewed,Canonical city row derived from supplied city/coordinate tables; aliases normalized conservatively.
2381,23,South West Garo Hills,south west garo hills,25.4446310,89.9969655,public_dataset,reviewed,Canonical city row derived from supplied city/coordinate tables; aliases normalized conservatively.
2382,23,South West Khasi Hills,south west khasi hills,25.3307221,91.3217388,public_dataset,reviewed,Canonical city row derived from supplied city/coordinate tables; aliases normalized conservatively.
2383,23,Tura,tura,25.5125616,90.2171526,public_dataset,reviewed,Canonical city row derived from supplied city/coordinate tables; aliases normalized conservatively.
2384,23,West Garo Hills,west garo hills,25.6065343,90.2038335,public_dataset,reviewed,Canonical city row derived from supplied city/coordinate tables; aliases normalized conservatively.
2385,23,West Jaintia Hills,west jaintia hills,25.4425965,92.2988275,public_dataset,reviewed,Canonical city row derived from supplied city/coordinate tables; aliases normalized conservatively.
2386,23,West Khasi Hills,west khasi hills,25.5814429,91.0851094,public_dataset,reviewed,Canonical city row derived from supplied city/coordinate tables; aliases normalized conservatively.
2387,24,Aizawl,aizawl,23.7277631,92.7179947,public_dataset,reviewed,Canonical city row derived from supplied city/coordinate tables; aliases normalized conservatively.
2388,24,Champhai,champhai,23.6317319,93.3493185,public_dataset,reviewed,Canonical city row derived from supplied city/coordinate tables; aliases normalized conservatively.
2389,24,Darlawn,darlawn,24.1011678,92.9139988,public_dataset,reviewed,Canonical city row derived from supplied city/coordinate tables; aliases normalized conservatively.
2390,24,Khawhai,khawhai,23.3759743,93.1240842,public_dataset,reviewed,Canonical city row derived from supplied city/coordinate tables; aliases normalized conservatively.
2391,24,Kolasib,kolasib,24.1905469,92.7136595,public_dataset,reviewed,Canonical city row derived from supplied city/coordinate tables; aliases normalized conservatively.
2392,24,Kolasib district,kolasib district,24.1905469,92.7136595,public_dataset,reviewed,Canonical city row derived from supplied city/coordinate tables; aliases normalized conservatively.
2393,24,Lawngtlai,lawngtlai,22.3913377,92.7397189,public_dataset,reviewed,Canonical city row derived from supplied city/coordinate tables; aliases normalized conservatively.
2394,24,Lunglei,lunglei,22.9519972,92.6336207,public_dataset,reviewed,Canonical city row derived from supplied city/coordinate tables; aliases normalized conservatively.
2395,24,Mamit,mamit,23.7564387,92.4515374,public_dataset,reviewed,Canonical city row derived from supplied city/coordinate tables; aliases normalized conservatively.
2396,24,North Vanlaiphai,north vanlaiphai,23.1299562,93.0676545,public_dataset,reviewed,Canonical city row derived from supplied city/coordinate tables; aliases normalized conservatively.
2397,24,Saiha,saiha,22.2876724,93.0133600,public_dataset,reviewed,Canonical city row derived from supplied city/coordinate tables; aliases normalized conservatively.
2398,24,Sairang,sairang,23.8103440,92.6522590,public_dataset,reviewed,Canonical city row derived from supplied city/coordinate tables; aliases normalized conservatively.
2399,24,Saitlaw,saitlaw,,,public_dataset,reviewed,Canonical city row derived from supplied city/coordinate tables; aliases normalized conservatively.
2400,24,Serchhip,serchhip,23.3052514,92.8455124,public_dataset,reviewed,Canonical city row derived from supplied city/coordinate tables; aliases normalized conservatively.
2401,24,Thenzawl,thenzawl,23.2812916,92.7753393,public_dataset,reviewed,Canonical city row derived from supplied city/coordinate tables; aliases normalized conservatively.
2402,25,Dimapur,dimapur,25.9041378,93.7177609,public_dataset,reviewed,Canonical city row derived from supplied city/coordinate tables; aliases normalized conservatively.
2403,25,Kohima,kohima,25.6618755,94.1019156,public_dataset,reviewed,Canonical city row derived from supplied city/coordinate tables; aliases normalized conservatively.
2404,25,Mokokchung,mokokchung,26.4795861,94.5105275,public_dataset,reviewed,Canonical city row derived from supplied city/coordinate tables; aliases normalized conservatively.
2405,25,Mon,mon,26.6666670,95.0000000,public_dataset,reviewed,Canonical city row derived from supplied city/coordinate tables; aliases normalized conservatively.
2406,25,Peren,peren,25.4499691,93.6001738,public_dataset,reviewed,Canonical city row derived from supplied city/coordinate tables; aliases normalized conservatively.
2407,25,Phek,phek,25.6700924,94.3843925,public_dataset,reviewed,Canonical city row derived from supplied city/coordinate tables; aliases normalized conservatively.
2408,25,Tuensang,tuensang,26.2342107,94.7415530,public_dataset,reviewed,Canonical city row derived from supplied city/coordinate tables; aliases normalized conservatively.
2409,25,Tuensang District,tuensang district,26.2342107,94.7415530,public_dataset,reviewed,Canonical city row derived from supplied city/coordinate tables; aliases normalized conservatively.
2410,25,Wokha,wokha,26.2422510,94.1921153,public_dataset,reviewed,Canonical city row derived from supplied city/coordinate tables; aliases normalized conservatively.
2411,25,Zunheboto,zunheboto,26.0123803,94.5123719,public_dataset,reviewed,Canonical city row derived from supplied city/coordinate tables; aliases normalized conservatively.
2412,26,Angul,angul,21.1025380,84.9536825,public_dataset,reviewed,Canonical city row derived from supplied city/coordinate tables; aliases normalized conservatively.
2413,26,Angul District,angul district,21.1025380,84.9536825,public_dataset,reviewed,Canonical city row derived from supplied city/coordinate tables; aliases normalized conservatively.
2414,26,Asika,asika,19.6350899,84.6689584,public_dataset,reviewed,Canonical city row derived from supplied city/coordinate tables; aliases normalized conservatively.
2415,26,Athagarh,athagarh,20.5161450,85.6271159,public_dataset,reviewed,Canonical city row derived from supplied city/coordinate tables; aliases normalized conservatively.
2416,26,Bada Barabil,bada barabil,22.1118877,85.3868485,public_dataset,reviewed,Canonical city row derived from supplied city/coordinate tables; aliases normalized conservatively.
2417,26,Balangir,balangir,20.6095183,83.1673029,public_dataset,reviewed,Canonical city row derived from supplied city/coordinate tables; aliases normalized conservatively.
2418,26,Balasore,balasore,21.5006421,86.9198840,public_dataset,reviewed,Canonical city row derived from supplied city/coordinate tables; aliases normalized conservatively.
2419,26,Baleshwar,baleshwar,21.5197916,86.8790638,public_dataset,reviewed,Canonical city row derived from supplied city/coordinate tables; aliases normalized conservatively.
2420,26,Balimila,balimila,,,public_dataset,reviewed,Canonical city row derived from supplied city/coordinate tables; aliases normalized conservatively.
2421,26,Balugaon,balugaon,19.7480397,85.2014998,public_dataset,reviewed,Canonical city row derived from supplied city/coordinate tables; aliases normalized conservatively.
2422,26,Banapur,banapur,19.8297649,85.1164244,public_dataset,reviewed,Canonical city row derived from supplied city/coordinate tables; aliases normalized conservatively.
2423,26,Banki,banki,20.3924025,85.6053380,public_dataset,reviewed,Canonical city row derived from supplied city/coordinate tables; aliases normalized conservatively.
2424,26,Banposh,banposh,,,public_dataset,reviewed,Canonical city row derived from supplied city/coordinate tables; aliases normalized conservatively.
2425,26,Baragarh,baragarh,21.3335004,83.6190492,public_dataset,reviewed,Canonical city row derived from supplied city/coordinate tables; aliases normalized conservatively.
2426,26,Barbil,barbil,22.1048613,85.3690447,public_dataset,reviewed,Canonical city row derived from supplied city/coordinate tables; aliases normalized conservatively.
2427,26,Bargarh,bargarh,21.2319922,83.5652737,public_dataset,reviewed,Canonical city row derived from supplied city/coordinate tables; aliases normalized conservatively.
2428,26,Barpali,barpali,21.1842092,83.5953985,public_dataset,reviewed,Canonical city row derived from supplied city/coordinate tables; aliases normalized conservatively.
2429,26,Basudebpur,basudebpur,21.1285287,86.7407074,public_dataset,reviewed,Canonical city row derived from supplied city/coordinate tables; aliases normalized conservatively.
2430,26,Baud,baud,,,public_dataset,reviewed,Canonical city row derived from supplied city/coordinate tables; aliases normalized conservatively.
2431,26,Baudh,baudh,20.8415619,84.3213321,public_dataset,reviewed,Canonical city row derived from supplied city/coordinate tables; aliases normalized conservatively.
2432,26,Belaguntha,belaguntha,,,public_dataset,reviewed,Canonical city row derived from supplied city/coordinate tables; aliases normalized conservatively.
2433,26,Bhadrak,bhadrak,20.9854052,86.5934226,public_dataset,reviewed,Canonical city row derived from supplied city/coordinate tables; aliases normalized conservatively.
2434,26,Bhadrakh,bhadrakh,,,public_dataset,reviewed,Canonical city row derived from supplied city/coordinate tables; aliases normalized conservatively.
2435,26,Bhanjanagar,bhanjanagar,20.0209157,84.4864172,public_dataset,reviewed,Canonical city row derived from supplied city/coordinate tables; aliases normalized conservatively.
2436,26,Bhawanipatna,bhawanipatna,19.9104952,83.1678321,public_dataset,reviewed,Canonical city row derived from supplied city/coordinate tables; aliases normalized conservatively.
2437,26,Bhuban,bhuban,20.9134569,85.8058273,public_dataset,reviewed,Canonical city row derived from supplied city/coordinate tables; aliases normalized conservatively.
2438,26,Bhubaneshwar,bhubaneshwar,20.2602964,85.8394521,public_dataset,reviewed,Canonical city row derived from supplied city/coordinate tables; aliases normalized conservatively.
2439,26,Binka,binka,21.0247818,83.8119606,public_dataset,reviewed,Canonical city row derived from supplied city/coordinate tables; aliases normalized conservatively.
2440,26,Birmitrapur,birmitrapur,,,public_dataset,reviewed,Canonical city row derived from supplied city/coordinate tables; aliases normalized conservatively.
2441,26,Bolanikhodan,bolanikhodan,22.1131283,85.3364432,public_dataset,reviewed,Canonical city row derived from supplied city/coordinate tables; aliases normalized conservatively.
2442,26,Brahmapur,brahmapur,19.3098134,84.7971562,public_dataset,reviewed,Canonical city row derived from supplied city/coordinate tables; aliases normalized conservatively.
2443,26,Brajarajnagar,brajarajnagar,21.8227382,83.9236777,public_dataset,reviewed,Canonical city row derived from supplied city/coordinate tables; aliases normalized conservatively.
2444,26,Buguda,buguda,19.8364159,84.8323682,public_dataset,reviewed,Canonical city row derived from supplied city/coordinate tables; aliases normalized conservatively.
2445,26,Burla,burla,21.3933930,83.9264804,public_dataset,reviewed,Canonical city row derived from supplied city/coordinate tables; aliases normalized conservatively.
2446,26,Champua,champua,22.0058014,85.5851712,public_dataset,reviewed,Canonical city row derived from supplied city/coordinate tables; aliases normalized conservatively.
2447,26,Chandbali,chandbali,20.7732280,86.7376058,public_dataset,reviewed,Canonical city row derived from supplied city/coordinate tables; aliases normalized conservatively.
2448,26,Chatrapur,chatrapur,19.3592282,84.9737421,public_dataset,reviewed,Canonical city row derived from supplied city/coordinate tables; aliases normalized conservatively.
2449,26,Chikitigarh,chikitigarh,,,public_dataset,reviewed,Canonical city row derived from supplied city/coordinate tables; aliases normalized conservatively.
2450,26,Chittarkonda,chittarkonda,,,public_dataset,reviewed,Canonical city row derived from supplied city/coordinate tables; aliases normalized conservatively.
2451,26,Cuttack,cuttack,20.4686000,85.8792000,public_dataset,reviewed,Canonical city row derived from supplied city/coordinate tables; aliases normalized conservatively.
2452,26,Daitari,daitari,21.1611511,85.8258496,public_dataset,reviewed,Canonical city row derived from supplied city/coordinate tables; aliases normalized conservatively.
2453,26,Deogarh,deogarh,24.5241285,78.2357454,public_dataset,reviewed,Canonical city row derived from supplied city/coordinate tables; aliases normalized conservatively.
2454,26,Dhenkanal,dhenkanal,20.8351494,85.6022305,public_dataset,reviewed,Canonical city row derived from supplied city/coordinate tables; aliases normalized conservatively.
2455,26,Digapahandi,digapahandi,19.3345967,84.5805408,public_dataset,reviewed,Canonical city row derived from supplied city/coordinate tables; aliases normalized conservatively.
2456,26,Gajapati,gajapati,19.1966026,84.1930634,public_dataset,reviewed,Canonical city row derived from supplied city/coordinate tables; aliases normalized conservatively.
2457,26,Ganjam,ganjam,19.6090068,84.7080633,public_dataset,reviewed,Canonical city row derived from supplied city/coordinate tables; aliases normalized conservatively.
2458,26,Gopalpur,gopalpur,22.3333956,88.4061360,public_dataset,reviewed,Canonical city row derived from supplied city/coordinate tables; aliases normalized conservatively.
2459,26,Gudari,gudari,19.3783609,83.7803748,public_dataset,reviewed,Canonical city row derived from supplied city/coordinate tables; aliases normalized conservatively.
2460,26,Gunupur,gunupur,19.0714045,83.8148798,public_dataset,reviewed,Canonical city row derived from supplied city/coordinate tables; aliases normalized conservatively.
2461,26,Hinjilikatu,hinjilikatu,,,public_dataset,reviewed,Canonical city row derived from supplied city/coordinate tables; aliases normalized conservatively.
2462,26,Hirakud,hirakud,21.4798269,83.9053550,public_dataset,reviewed,Canonical city row derived from supplied city/coordinate tables; aliases normalized conservatively.
2463,26,Jagatsinghapur,jagatsinghapur,20.1801473,86.3414874,public_dataset,reviewed,Canonical city row derived from supplied city/coordinate tables; aliases normalized conservatively.
2464,26,Jagatsinghpur,jagatsinghpur,20.2593872,86.1660878,public_dataset,reviewed,Canonical city row derived from supplied city/coordinate tables; aliases normalized conservatively.
2465,26,Jajpur,jajpur,20.8746788,86.1215393,public_dataset,reviewed,Canonical city row derived from supplied city/coordinate tables; aliases normalized conservatively.
2466,26,Jaleshwar,jaleshwar,20.4035447,85.1899568,public_dataset,reviewed,Canonical city row derived from supplied city/coordinate tables; aliases normalized conservatively.
2467,26,Jatani,jatani,20.1617378,85.7052429,public_dataset,reviewed,Canonical city row derived from supplied city/coordinate tables; aliases normalized conservatively.
2468,26,Jeypore,jeypore,18.8812875,82.5527680,public_dataset,reviewed,Canonical city row derived from supplied city/coordinate tables; aliases normalized conservatively.
2469,26,Jharsuguda,jharsuguda,21.8019368,83.9713964,public_dataset,reviewed,Canonical city row derived from supplied city/coordinate tables; aliases normalized conservatively.
2470,26,Jharsuguda District,jharsuguda district,21.8019368,83.9713964,public_dataset,reviewed,Canonical city row derived from supplied city/coordinate tables; aliases normalized conservatively.
2471,26,Kaintragarh,kaintragarh,,,public_dataset,reviewed,Canonical city row derived from supplied city/coordinate tables; aliases normalized conservatively.
2472,26,Kalahandi,kalahandi,19.8265757,83.0408702,public_dataset,reviewed,Canonical city row derived from supplied city/coordinate tables; aliases normalized conservatively.
2473,26,Kamakhyanagar,kamakhyanagar,20.9329215,85.5416343,public_dataset,reviewed,Canonical city row derived from supplied city/coordinate tables; aliases normalized conservatively.
2474,26,Kandhamal,kandhamal,20.1306939,84.0790476,public_dataset,reviewed,Canonical city row derived from supplied city/coordinate tables; aliases normalized conservatively.
2475,26,Kantabanji,kantabanji,20.4739574,82.9073006,public_dataset,reviewed,Canonical city row derived from supplied city/coordinate tables; aliases normalized conservatively.
2476,26,Kantilo,kantilo,20.3607282,85.1926129,public_dataset,reviewed,Canonical city row derived from supplied city/coordinate tables; aliases normalized conservatively.
2477,26,Kendrapara,kendrapara,20.5475164,86.5296168,public_dataset,reviewed,Canonical city row derived from supplied city/coordinate tables; aliases normalized conservatively.
2478,26,Kendraparha,kendraparha,,,public_dataset,reviewed,Canonical city row derived from supplied city/coordinate tables; aliases normalized conservatively.
2479,26,Kendujhar,kendujhar,21.5892323,85.6687841,public_dataset,reviewed,Canonical city row derived from supplied city/coordinate tables; aliases normalized conservatively.
2480,26,Kesinga,kesinga,20.1906391,83.2227735,public_dataset,reviewed,Canonical city row derived from supplied city/coordinate tables; aliases normalized conservatively.
2481,26,Khallikot,khallikot,19.6110170,85.1277618,public_dataset,reviewed,Canonical city row derived from supplied city/coordinate tables; aliases normalized conservatively.
2482,26,Kharhial,kharhial,20.2930499,82.7610406,public_dataset,reviewed,Canonical city row derived from supplied city/coordinate tables; aliases normalized conservatively.
2483,26,Khordha,khordha,20.0538149,85.5023308,public_dataset,reviewed,Canonical city row derived from supplied city/coordinate tables; aliases normalized conservatively.
2484,26,Khurda,khurda,20.1531141,85.7076331,public_dataset,reviewed,Canonical city row derived from supplied city/coordinate tables; aliases normalized conservatively.
2485,26,Kiri Buru,kiri buru,22.0833732,85.3499937,public_dataset,reviewed,Canonical city row derived from supplied city/coordinate tables; aliases normalized conservatively.
2486,26,Kodala,kodala,19.6786566,85.0025950,public_dataset,reviewed,Canonical city row derived from supplied city/coordinate tables; aliases normalized conservatively.
2487,26,Konarka,konarka,,,public_dataset,reviewed,Canonical city row derived from supplied city/coordinate tables; aliases normalized conservatively.
2488,26,Koraput,koraput,18.7232023,82.6100596,public_dataset,reviewed,Canonical city row derived from supplied city/coordinate tables; aliases normalized conservatively.
2489,26,Kuchaiburi,kuchaiburi,22.2667848,86.1705556,public_dataset,reviewed,Canonical city row derived from supplied city/coordinate tables; aliases normalized conservatively.
2490,26,Kuchinda,kuchinda,21.7477388,84.3506401,public_dataset,reviewed,Canonical city row derived from supplied city/coordinate tables; aliases normalized conservatively.
2491,26,Malakanagiri,malakanagiri,18.3640874,81.8887516,public_dataset,reviewed,Canonical city row derived from supplied city/coordinate tables; aliases normalized conservatively.
2492,26,Malkangiri,malkangiri,18.2744685,81.9520316,public_dataset,reviewed,Canonical city row derived from supplied city/coordinate tables; aliases normalized conservatively.
2493,26,Mayurbhanj,mayurbhanj,21.9156338,86.3961824,public_dataset,reviewed,Canonical city row derived from supplied city/coordinate tables; aliases normalized conservatively.
2494,26,Nabarangpur,nabarangpur,19.2392083,82.5475064,public_dataset,reviewed,Canonical city row derived from supplied city/coordinate tables; aliases normalized conservatively.
2495,26,Nayagarh,nayagarh,20.2393682,85.0507280,public_dataset,reviewed,Canonical city row derived from supplied city/coordinate tables; aliases normalized conservatively.
2496,26,Nayagarh District,nayagarh district,20.2393682,85.0507280,public_dataset,reviewed,Canonical city row derived from supplied city/coordinate tables; aliases normalized conservatively.
2497,26,Nilgiri,nilgiri,21.4263126,86.8555381,public_dataset,reviewed,Canonical city row derived from supplied city/coordinate tables; aliases normalized conservatively.
2498,26,Nimaparha,nimaparha,,,public_dataset,reviewed,Canonical city row derived from supplied city/coordinate tables; aliases normalized conservatively.
2499,26,Nowrangapur,nowrangapur,,,public_dataset,reviewed,Canonical city row derived from supplied city/coordinate tables; aliases normalized conservatively.
2500,26,Nuapada,nuapada,20.5412657,82.5292352,public_dataset,reviewed,Canonical city row derived from supplied city/coordinate tables; aliases normalized conservatively.
2501,26,Padampur,padampur,29.7093806,73.6244900,public_dataset,reviewed,Canonical city row derived from supplied city/coordinate tables; aliases normalized conservatively.
2502,26,Paradip Garh,paradip garh,,,public_dataset,reviewed,Canonical city row derived from supplied city/coordinate tables; aliases normalized conservatively.
2503,26,Patamundai,patamundai,,,public_dataset,reviewed,Canonical city row derived from supplied city/coordinate tables; aliases normalized conservatively.
2504,26,Patnagarh,patnagarh,20.7608537,83.1105686,public_dataset,reviewed,Canonical city row derived from supplied city/coordinate tables; aliases normalized conservatively.
2505,26,Phulbani,phulbani,20.4762322,84.2348517,public_dataset,reviewed,Canonical city row derived from supplied city/coordinate tables; aliases normalized conservatively.
2506,26,Pipili,pipili,20.0889542,85.8235903,public_dataset,reviewed,Canonical city row derived from supplied city/coordinate tables; aliases normalized conservatively.
2507,26,Polasara,polasara,19.7439642,84.8765083,public_dataset,reviewed,Canonical city row derived from supplied city/coordinate tables; aliases normalized conservatively.
2508,26,Puri,puri,19.8076083,85.8252538,public_dataset,reviewed,Canonical city row derived from supplied city/coordinate tables; aliases normalized conservatively.
2509,26,Purushottampur,purushottampur,19.2415887,84.5215237,public_dataset,reviewed,Canonical city row derived from supplied city/coordinate tables; aliases normalized conservatively.
2510,26,Rambha,rambha,19.4807838,85.0746435,public_dataset,reviewed,Canonical city row derived from supplied city/coordinate tables; aliases normalized conservatively.
2511,26,Raurkela,raurkela,22.2142850,84.8724369,public_dataset,reviewed,Canonical city row derived from supplied city/coordinate tables; aliases normalized conservatively.
2512,26,Rayagada,rayagada,19.4426698,83.5873053,public_dataset,reviewed,Canonical city row derived from supplied city/coordinate tables; aliases normalized conservatively.
2513,26,Remuna,remuna,21.5427310,86.8551803,public_dataset,reviewed,Canonical city row derived from supplied city/coordinate tables; aliases normalized conservatively.
2514,26,Rengali,rengali,21.6360466,84.0424879,public_dataset,reviewed,Canonical city row derived from supplied city/coordinate tables; aliases normalized conservatively.
2515,26,Sambalpur,sambalpur,21.5570606,84.1528515,public_dataset,reviewed,Canonical city row derived from supplied city/coordinate tables; aliases normalized conservatively.
2516,26,Sonepur,sonepur,20.8453864,83.9090830,public_dataset,reviewed,Canonical city row derived from supplied city/coordinate tables; aliases normalized conservatively.
2517,26,Sorada,sorada,19.7601779,84.4317593,public_dataset,reviewed,Canonical city row derived from supplied city/coordinate tables; aliases normalized conservatively.
2518,26,Soro,soro,21.2911418,86.6923513,public_dataset,reviewed,Canonical city row derived from supplied city/coordinate tables; aliases normalized conservatively.
2519,26,Subarnapur,subarnapur,20.8535784,83.8529159,public_dataset,reviewed,Canonical city row derived from supplied city/coordinate tables; aliases normalized conservatively.
2520,26,Sundargarh,sundargarh,22.0605153,83.9359154,public_dataset,reviewed,Canonical city row derived from supplied city/coordinate tables; aliases normalized conservatively.
2521,26,Talcher,talcher,20.9458183,85.2111736,public_dataset,reviewed,Canonical city row derived from supplied city/coordinate tables; aliases normalized conservatively.
2522,26,Tarabha,tarabha,,,public_dataset,reviewed,Canonical city row derived from supplied city/coordinate tables; aliases normalized conservatively.
2523,26,Titlagarh,titlagarh,20.2985474,83.1752198,public_dataset,reviewed,Canonical city row derived from supplied city/coordinate tables; aliases normalized conservatively.
2524,26,Udayagiri,udayagiri,18.0835097,81.5513604,public_dataset,reviewed,Canonical city row derived from supplied city/coordinate tables; aliases normalized conservatively.
2525,27,Karaikal,karaikal,10.9157100,79.8375761,public_dataset,reviewed,Canonical city row derived from supplied city/coordinate tables; aliases normalized conservatively.
2526,27,Mahe,mahe,11.7021978,75.5364701,public_dataset,reviewed,Canonical city row derived from supplied city/coordinate tables; aliases normalized conservatively.
2527,27,Puducherry,puducherry,11.9340568,79.8306447,public_dataset,reviewed,Canonical city row derived from supplied city/coordinate tables; aliases normalized conservatively.
2528,27,Yanam,yanam,16.7385032,82.2106199,public_dataset,reviewed,Canonical city row derived from supplied city/coordinate tables; aliases normalized conservatively.
2529,28,Abohar,abohar,30.1450543,74.1956597,public_dataset,reviewed,Canonical city row derived from supplied city/coordinate tables; aliases normalized conservatively.
2530,28,Adampur,adampur,31.4310724,75.7161526,public_dataset,reviewed,Canonical city row derived from supplied city/coordinate tables; aliases normalized conservatively.
2531,28,Ajitgarh,ajitgarh,30.6908804,76.7114879,public_dataset,reviewed,Canonical city row derived from supplied city/coordinate tables; aliases normalized conservatively.
2532,28,Ajnala,ajnala,31.8442334,74.7625233,public_dataset,reviewed,Canonical city row derived from supplied city/coordinate tables; aliases normalized conservatively.
2533,28,Akalgarh,akalgarh,30.2338946,76.4089679,public_dataset,reviewed,Canonical city row derived from supplied city/coordinate tables; aliases normalized conservatively.
2534,28,Alawalpur,alawalpur,31.4319634,75.6558305,public_dataset,reviewed,Canonical city row derived from supplied city/coordinate tables; aliases normalized conservatively.
2535,28,Amloh,amloh,30.6115717,76.2316357,public_dataset,reviewed,Canonical city row derived from supplied city/coordinate tables; aliases normalized conservatively.
2536,28,Amritsar,amritsar,31.6356659,74.8787496,public_dataset,reviewed,Canonical city row derived from supplied city/coordinate tables; aliases normalized conservatively.
2537,28,Anandpur Sahib,anandpur sahib,31.2299862,76.5005778,public_dataset,reviewed,Canonical city row derived from supplied city/coordinate tables; aliases normalized conservatively.
2538,28,Badhni Kalan,badhni kalan,30.6802082,75.2903773,public_dataset,reviewed,Canonical city row derived from supplied city/coordinate tables; aliases normalized conservatively.
2539,28,Bagha Purana,bagha purana,30.6879319,75.0961232,public_dataset,reviewed,Canonical city row derived from supplied city/coordinate tables; aliases normalized conservatively.
2540,28,Bakloh,bakloh,,,public_dataset,reviewed,Canonical city row derived from supplied city/coordinate tables; aliases normalized conservatively.
2541,28,Balachor,balachor,,,public_dataset,reviewed,Canonical city row derived from supplied city/coordinate tables; aliases normalized conservatively.
2542,28,Banga,banga,31.1859373,75.9939111,public_dataset,reviewed,Canonical city row derived from supplied city/coordinate tables; aliases normalized conservatively.
2543,28,Banur,banur,30.5558556,76.7172678,public_dataset,reviewed,Canonical city row derived from supplied city/coordinate tables; aliases normalized conservatively.
2544,28,Barnala,barnala,30.3716802,75.5039887,public_dataset,reviewed,Canonical city row derived from supplied city/coordinate tables; aliases normalized conservatively.
2545,28,Batala,batala,31.8193025,75.1999941,public_dataset,reviewed,Canonical city row derived from supplied city/coordinate tables; aliases normalized conservatively.
2546,28,Begowal,begowal,31.6110204,75.5209241,public_dataset,reviewed,Canonical city row derived from supplied city/coordinate tables; aliases normalized conservatively.
2547,28,Bhadaur,bhadaur,30.4763027,75.3298230,public_dataset,reviewed,Canonical city row derived from supplied city/coordinate tables; aliases normalized conservatively.
2548,28,Bhatinda,bhatinda,30.2067910,74.9463699,public_dataset,reviewed,Canonical city row derived from supplied city/coordinate tables; aliases normalized conservatively.
2549,28,Bhawanigarh,bhawanigarh,30.2623648,76.0413320,public_dataset,reviewed,Canonical city row derived from supplied city/coordinate tables; aliases normalized conservatively.
2550,28,Bhikhi,bhikhi,30.0591052,75.5346778,public_dataset,reviewed,Canonical city row derived from supplied city/coordinate tables; aliases normalized conservatively.
2551,28,Bhogpur,bhogpur,31.5536751,75.6419145,public_dataset,reviewed,Canonical city row derived from supplied city/coordinate tables; aliases normalized conservatively.
2552,28,Bholath,bholath,31.5422961,75.5076163,public_dataset,reviewed,Canonical city row derived from supplied city/coordinate tables; aliases normalized conservatively.
2553,28,Budhlada,budhlada,29.9255593,75.5498540,public_dataset,reviewed,Canonical city row derived from supplied city/coordinate tables; aliases normalized conservatively.
2554,28,Chima,chima,31.8193743,75.3345041,public_dataset,reviewed,Canonical city row derived from supplied city/coordinate tables; aliases normalized conservatively.
2555,28,Dasuya,dasuya,31.8143209,75.6573028,public_dataset,reviewed,Canonical city row derived from supplied city/coordinate tables; aliases normalized conservatively.
2556,28,Dera Baba Nanak,dera baba nanak,32.0317917,75.0284641,public_dataset,reviewed,Canonical city row derived from supplied city/coordinate tables; aliases normalized conservatively.
2557,28,Dera Bassi,dera bassi,30.5882408,76.8438542,public_dataset,reviewed,Canonical city row derived from supplied city/coordinate tables; aliases normalized conservatively.
2558,28,Dhanaula,dhanaula,30.2844558,75.5725479,public_dataset,reviewed,Canonical city row derived from supplied city/coordinate tables; aliases normalized conservatively.
2559,28,Dhariwal,dhariwal,31.9520660,75.3217361,public_dataset,reviewed,Canonical city row derived from supplied city/coordinate tables; aliases normalized conservatively.
2560,28,Dhilwan,dhilwan,31.5143130,75.3446674,public_dataset,reviewed,Canonical city row derived from supplied city/coordinate tables; aliases normalized conservatively.
2561,28,Dhudi,dhudi,30.6959507,74.8531953,public_dataset,reviewed,Canonical city row derived from supplied city/coordinate tables; aliases normalized conservatively.
2562,28,Dhuri,dhuri,30.3708266,75.8647369,public_dataset,reviewed,Canonical city row derived from supplied city/coordinate tables; aliases normalized conservatively.
2563,28,Dina Nagar,dina nagar,32.1332966,75.4672880,public_dataset,reviewed,Canonical city row derived from supplied city/coordinate tables; aliases normalized conservatively.
2564,28,Dirba,dirba,30.0722475,75.9952782,public_dataset,reviewed,Canonical city row derived from supplied city/coordinate tables; aliases normalized conservatively.
2565,28,Doraha,doraha,30.7988727,76.0372906,public_dataset,reviewed,Canonical city row derived from supplied city/coordinate tables; aliases normalized conservatively.
2566,28,Faridkot,faridkot,30.6014507,74.7950176,public_dataset,reviewed,Canonical city row derived from supplied city/coordinate tables; aliases normalized conservatively.
2567,28,Fatehgarh Churian,fatehgarh churian,31.8636479,74.9414924,public_dataset,reviewed,Canonical city row derived from supplied city/coordinate tables; aliases normalized conservatively.
2568,28,Fatehgarh Sahib,fatehgarh sahib,30.6634042,76.3803000,public_dataset,reviewed,Canonical city row derived from supplied city/coordinate tables; aliases normalized conservatively.
2569,28,Fazilka,fazilka,30.3198406,74.1217943,public_dataset,reviewed,Canonical city row derived from supplied city/coordinate tables; aliases normalized conservatively.
2570,28,Firozpur,firozpur,30.8753832,74.6525438,public_dataset,reviewed,Canonical city row derived from supplied city/coordinate tables; aliases normalized conservatively.
2571,28,Firozpur District,firozpur district,30.8753832,74.6525438,public_dataset,reviewed,Canonical city row derived from supplied city/coordinate tables; aliases normalized conservatively.
2572,28,Gardhiwala,gardhiwala,,,public_dataset,reviewed,Canonical city row derived from supplied city/coordinate tables; aliases normalized conservatively.
2573,28,Garhshankar,garhshankar,31.2154716,76.1426888,public_dataset,reviewed,Canonical city row derived from supplied city/coordinate tables; aliases normalized conservatively.
2574,28,Ghanaur,ghanaur,30.3312684,76.6120004,public_dataset,reviewed,Canonical city row derived from supplied city/coordinate tables; aliases normalized conservatively.
2575,28,Giddarbaha,giddarbaha,30.2051335,74.6635003,public_dataset,reviewed,Canonical city row derived from supplied city/coordinate tables; aliases normalized conservatively.
2576,28,Gurdaspur,gurdaspur,31.9037264,75.2275587,public_dataset,reviewed,Canonical city row derived from supplied city/coordinate tables; aliases normalized conservatively.
2577,28,Guru Har Sahai,guru har sahai,30.7088550,74.4034695,public_dataset,reviewed,Canonical city row derived from supplied city/coordinate tables; aliases normalized conservatively.
2578,28,Hajipur,hajipur,31.2669635,76.1499542,public_dataset,reviewed,Canonical city row derived from supplied city/coordinate tables; aliases normalized conservatively.
2579,28,Hariana,hariana,31.6350775,75.8394813,public_dataset,reviewed,Canonical city row derived from supplied city/coordinate tables; aliases normalized conservatively.
2580,28,Hoshiarpur,hoshiarpur,31.6092942,75.8459754,public_dataset,reviewed,Canonical city row derived from supplied city/coordinate tables; aliases normalized conservatively.
2581,28,Ishanpur,ishanpur,30.6397370,76.1165446,public_dataset,reviewed,Canonical city row derived from supplied city/coordinate tables; aliases normalized conservatively.
2582,28,Jagraon,jagraon,30.8041704,75.4753645,public_dataset,reviewed,Canonical city row derived from supplied city/coordinate tables; aliases normalized conservatively.
2583,28,Jaito,jaito,30.4485444,74.8892204,public_dataset,reviewed,Canonical city row derived from supplied city/coordinate tables; aliases normalized conservatively.
2584,28,Jalalabad,jalalabad,29.5967449,78.3158684,public_dataset,reviewed,Canonical city row derived from supplied city/coordinate tables; aliases normalized conservatively.
2585,28,Jalandhar,jalandhar,31.2922312,75.5678878,public_dataset,reviewed,Canonical city row derived from supplied city/coordinate tables; aliases normalized conservatively.
2586,28,Jandiala,jandiala,31.1596218,75.6173730,public_dataset,reviewed,Canonical city row derived from supplied city/coordinate tables; aliases normalized conservatively.
2587,28,Jandiala Guru,jandiala guru,31.5608562,75.0276084,public_dataset,reviewed,Canonical city row derived from supplied city/coordinate tables; aliases normalized conservatively.
2588,28,Kalanaur,kalanaur,32.0127340,75.1495742,public_dataset,reviewed,Canonical city row derived from supplied city/coordinate tables; aliases normalized conservatively.
2589,28,Kapurthala,kapurthala,31.3856476,75.3053304,public_dataset,reviewed,Canonical city row derived from supplied city/coordinate tables; aliases normalized conservatively.
2590,28,Kartarpur,kartarpur,31.4397157,75.4989077,public_dataset,reviewed,Canonical city row derived from supplied city/coordinate tables; aliases normalized conservatively.
2591,28,Khamanon,khamanon,30.8163520,76.3386049,public_dataset,reviewed,Canonical city row derived from supplied city/coordinate tables; aliases normalized conservatively.
2592,28,Khanna,khanna,30.7006250,76.2220763,public_dataset,reviewed,Canonical city row derived from supplied city/coordinate tables; aliases normalized conservatively.
2593,28,Kharar,kharar,30.7488437,76.6428994,public_dataset,reviewed,Canonical city row derived from supplied city/coordinate tables; aliases normalized conservatively.
2594,28,Khemkaran,khemkaran,31.1464902,74.5642735,public_dataset,reviewed,Canonical city row derived from supplied city/coordinate tables; aliases normalized conservatively.
2595,28,Kot Isa Khan,kot isa khan,30.9380828,75.1505700,public_dataset,reviewed,Canonical city row derived from supplied city/coordinate tables; aliases normalized conservatively.
2596,28,Kotkapura,kotkapura,30.5842864,74.8089127,public_dataset,reviewed,Canonical city row derived from supplied city/coordinate tables; aliases normalized conservatively.
2597,28,Laungowal,laungowal,30.1942109,75.6798604,public_dataset,reviewed,Canonical city row derived from supplied city/coordinate tables; aliases normalized conservatively.
2598,28,Ludhiana,ludhiana,30.9090157,75.8516010,public_dataset,reviewed,Canonical city row derived from supplied city/coordinate tables; aliases normalized conservatively.
2599,28,Machhiwara,machhiwara,30.9154607,76.1992887,public_dataset,reviewed,Canonical city row derived from supplied city/coordinate tables; aliases normalized conservatively.
2600,28,Majitha,majitha,31.7565085,74.9567976,public_dataset,reviewed,Canonical city row derived from supplied city/coordinate tables; aliases normalized conservatively.
2601,28,Makhu,makhu,31.1027381,74.9904064,public_dataset,reviewed,Canonical city row derived from supplied city/coordinate tables; aliases normalized conservatively.
2602,28,Malaut,malaut,30.2108665,74.4812429,public_dataset,reviewed,Canonical city row derived from supplied city/coordinate tables; aliases normalized conservatively.
2603,28,Malerkotla,malerkotla,30.5331290,75.8807604,public_dataset,reviewed,Canonical city row derived from supplied city/coordinate tables; aliases normalized conservatively.
2604,28,Mansa,mansa,29.8764133,75.4889564,public_dataset,reviewed,Canonical city row derived from supplied city/coordinate tables; aliases normalized conservatively.
2605,28,Maur Mandi,maur mandi,30.0661125,75.2298534,public_dataset,reviewed,Canonical city row derived from supplied city/coordinate tables; aliases normalized conservatively.
2606,28,Moga,moga,30.7877554,75.1593590,public_dataset,reviewed,Canonical city row derived from supplied city/coordinate tables; aliases normalized conservatively.
2607,28,Mohali,mohali,30.6908804,76.7114879,public_dataset,reviewed,Canonical city row derived from supplied city/coordinate tables; aliases normalized conservatively.
2608,28,Morinda,morinda,30.7908462,76.4984505,public_dataset,reviewed,Canonical city row derived from supplied city/coordinate tables; aliases normalized conservatively.
2609,28,Mukerian,mukerian,31.9420500,75.6121906,public_dataset,reviewed,Canonical city row derived from supplied city/coordinate tables; aliases normalized conservatively.
2610,28,Nabha,nabha,30.3739948,76.1528674,public_dataset,reviewed,Canonical city row derived from supplied city/coordinate tables; aliases normalized conservatively.
2611,28,Nakodar,nakodar,31.1264364,75.4761382,public_dataset,reviewed,Canonical city row derived from supplied city/coordinate tables; aliases normalized conservatively.
2612,28,Nangal,nangal,31.3837484,76.3754353,public_dataset,reviewed,Canonical city row derived from supplied city/coordinate tables; aliases normalized conservatively.
2613,28,Nawanshahr,nawanshahr,31.1269690,76.1598988,public_dataset,reviewed,Canonical city row derived from supplied city/coordinate tables; aliases normalized conservatively.
2614,28,Nurmahal,nurmahal,31.0959120,75.5927181,public_dataset,reviewed,Canonical city row derived from supplied city/coordinate tables; aliases normalized conservatively.
2615,28,Nurpur Kalan,nurpur kalan,31.1679761,76.4796766,public_dataset,reviewed,Canonical city row derived from supplied city/coordinate tables; aliases normalized conservatively.
2616,28,Pathankot,pathankot,32.3021899,75.6589406,public_dataset,reviewed,Canonical city row derived from supplied city/coordinate tables; aliases normalized conservatively.
2617,28,Patiala,patiala,30.2092778,76.3397231,public_dataset,reviewed,Canonical city row derived from supplied city/coordinate tables; aliases normalized conservatively.
2618,28,Patti,patti,25.9496326,82.1811392,public_dataset,reviewed,Canonical city row derived from supplied city/coordinate tables; aliases normalized conservatively.
2619,28,Phagwara,phagwara,31.2206734,75.7696463,public_dataset,reviewed,Canonical city row derived from supplied city/coordinate tables; aliases normalized conservatively.
2620,28,Phillaur,phillaur,31.0182940,75.7839116,public_dataset,reviewed,Canonical city row derived from supplied city/coordinate tables; aliases normalized conservatively.
2621,28,Qadian,qadian,31.8194314,75.3765813,public_dataset,reviewed,Canonical city row derived from supplied city/coordinate tables; aliases normalized conservatively.
2622,28,Rahon,rahon,31.0538171,76.1161901,public_dataset,reviewed,Canonical city row derived from supplied city/coordinate tables; aliases normalized conservatively.
2623,28,Raikot,raikot,30.6496526,75.5993128,public_dataset,reviewed,Canonical city row derived from supplied city/coordinate tables; aliases normalized conservatively.
2624,28,Rajasansi,rajasansi,,,public_dataset,reviewed,Canonical city row derived from supplied city/coordinate tables; aliases normalized conservatively.
2625,28,Rajpura,rajpura,30.4776857,76.5937658,public_dataset,reviewed,Canonical city row derived from supplied city/coordinate tables; aliases normalized conservatively.
2626,28,Ram Das,ram das,31.9678322,74.9113074,public_dataset,reviewed,Canonical city row derived from supplied city/coordinate tables; aliases normalized conservatively.
2627,28,Rampura,rampura,26.3492002,79.1828970,public_dataset,reviewed,Canonical city row derived from supplied city/coordinate tables; aliases normalized conservatively.
2628,28,Rupnagar,rupnagar,31.0917102,76.5289701,public_dataset,reviewed,Canonical city row derived from supplied city/coordinate tables; aliases normalized conservatively.
2629,28,Samrala,samrala,30.8368764,76.1913755,public_dataset,reviewed,Canonical city row derived from supplied city/coordinate tables; aliases normalized conservatively.
2630,28,Sanaur,sanaur,30.3016735,76.4569821,public_dataset,reviewed,Canonical city row derived from supplied city/coordinate tables; aliases normalized conservatively.
2631,28,Sangrur,sangrur,30.1357170,75.8533326,public_dataset,reviewed,Canonical city row derived from supplied city/coordinate tables; aliases normalized conservatively.
2632,28,Sardulgarh,sardulgarh,29.6934466,75.2375300,public_dataset,reviewed,Canonical city row derived from supplied city/coordinate tables; aliases normalized conservatively.
2633,28,Shahid Bhagat Singh Nagar,shahid bhagat singh nagar,,,public_dataset,reviewed,Canonical city row derived from supplied city/coordinate tables; aliases normalized conservatively.
2634,28,Shahkot,shahkot,31.0831064,75.3366711,public_dataset,reviewed,Canonical city row derived from supplied city/coordinate tables; aliases normalized conservatively.
2635,28,Sham Churasi,sham churasi,31.4998971,75.7489299,public_dataset,reviewed,Canonical city row derived from supplied city/coordinate tables; aliases normalized conservatively.
2636,28,Sirhind-Fategarh,sirhind fategarh,,,public_dataset,reviewed,Canonical city row derived from supplied city/coordinate tables; aliases normalized conservatively.
2637,28,Sri Muktsar Sahib,sri muktsar sahib,30.2867162,74.5262234,public_dataset,reviewed,Canonical city row derived from supplied city/coordinate tables; aliases normalized conservatively.
2638,28,Sultanpur Lodhi,sultanpur lodhi,31.2144692,75.1947700,public_dataset,reviewed,Canonical city row derived from supplied city/coordinate tables; aliases normalized conservatively.
2639,28,Sunam,sunam,30.1340040,75.8062777,public_dataset,reviewed,Canonical city row derived from supplied city/coordinate tables; aliases normalized conservatively.
2640,28,Talwandi Bhai,talwandi bhai,30.8582701,74.9300835,public_dataset,reviewed,Canonical city row derived from supplied city/coordinate tables; aliases normalized conservatively.
2641,28,Talwara,talwara,31.9433091,75.8805819,public_dataset,reviewed,Canonical city row derived from supplied city/coordinate tables; aliases normalized conservatively.
2642,28,Tarn Taran Sahib,tarn taran sahib,31.4555254,74.9269621,public_dataset,reviewed,Canonical city row derived from supplied city/coordinate tables; aliases normalized conservatively.
2643,28,Zira,zira,30.9712990,74.9881797,public_dataset,reviewed,Canonical city row derived from supplied city/coordinate tables; aliases normalized conservatively.
2644,29,Abhaneri,abhaneri,27.0072885,76.6079261,public_dataset,reviewed,Canonical city row derived from supplied city/coordinate tables; aliases normalized conservatively.
2645,29,Abu,abu,24.6186732,72.7611575,public_dataset,reviewed,Canonical city row derived from supplied city/coordinate tables; aliases normalized conservatively.
2646,29,Abu Road,abu road,24.4812736,72.7852867,public_dataset,reviewed,Canonical city row derived from supplied city/coordinate tables; aliases normalized conservatively.
2647,29,Ajmer,ajmer,26.4691000,74.6390000,public_dataset,reviewed,Canonical city row derived from supplied city/coordinate tables; aliases normalized conservatively.
2648,29,Aklera,aklera,24.4150218,76.5663056,public_dataset,reviewed,Canonical city row derived from supplied city/coordinate tables; aliases normalized conservatively.
2649,29,Alwar,alwar,27.4140049,76.6170387,public_dataset,reviewed,Canonical city row derived from supplied city/coordinate tables; aliases normalized conservatively.
2650,29,Amet,amet,25.3012520,73.9273745,public_dataset,reviewed,Canonical city row derived from supplied city/coordinate tables; aliases normalized conservatively.
2651,29,Anta,anta,25.7717211,71.0930657,public_dataset,reviewed,Canonical city row derived from supplied city/coordinate tables; aliases normalized conservatively.
2652,29,Anupgarh,anupgarh,29.1967444,73.2046162,public_dataset,reviewed,Canonical city row derived from supplied city/coordinate tables; aliases normalized conservatively.
2653,29,Asind,asind,25.7339012,74.3321514,public_dataset,reviewed,Canonical city row derived from supplied city/coordinate tables; aliases normalized conservatively.
2654,29,Bagar,bagar,26.6963534,74.2263579,public_dataset,reviewed,Canonical city row derived from supplied city/coordinate tables; aliases normalized conservatively.
2655,29,Bakani,bakani,24.2865186,76.2362147,public_dataset,reviewed,Canonical city row derived from supplied city/coordinate tables; aliases normalized conservatively.
2656,29,Bali,bali,25.1895706,73.2905263,public_dataset,reviewed,Canonical city row derived from supplied city/coordinate tables; aliases normalized conservatively.
2657,29,Balotra,balotra,25.8300564,72.2470946,public_dataset,reviewed,Canonical city row derived from supplied city/coordinate tables; aliases normalized conservatively.
2658,29,Bandikui,bandikui,27.0457102,76.5752695,public_dataset,reviewed,Canonical city row derived from supplied city/coordinate tables; aliases normalized conservatively.
2659,29,Banswara,banswara,23.4915047,74.3502172,public_dataset,reviewed,Canonical city row derived from supplied city/coordinate tables; aliases normalized conservatively.
2660,29,Baran,baran,24.9208165,76.6821985,public_dataset,reviewed,Canonical city row derived from supplied city/coordinate tables; aliases normalized conservatively.
2661,29,Bari,bari,26.6469447,77.6156532,public_dataset,reviewed,Canonical city row derived from supplied city/coordinate tables; aliases normalized conservatively.
2662,29,Bari Sadri,bari sadri,24.4155188,74.4751013,public_dataset,reviewed,Canonical city row derived from supplied city/coordinate tables; aliases normalized conservatively.
2663,29,Barmer,barmer,25.5814853,71.1924922,public_dataset,reviewed,Canonical city row derived from supplied city/coordinate tables; aliases normalized conservatively.
2664,29,Basi,basi,26.3537689,74.0077983,public_dataset,reviewed,Canonical city row derived from supplied city/coordinate tables; aliases normalized conservatively.
2665,29,Basni,basni,26.2230285,73.0108387,public_dataset,reviewed,Canonical city row derived from supplied city/coordinate tables; aliases normalized conservatively.
2666,29,Baswa,baswa,27.1502978,76.5758448,public_dataset,reviewed,Canonical city row derived from supplied city/coordinate tables; aliases normalized conservatively.
2667,29,Bayana,bayana,26.9059419,77.2924498,public_dataset,reviewed,Canonical city row derived from supplied city/coordinate tables; aliases normalized conservatively.
2668,29,Beawar,beawar,26.1070559,74.3128424,public_dataset,reviewed,Canonical city row derived from supplied city/coordinate tables; aliases normalized conservatively.
2669,29,Begun,begun,24.9860286,75.0132209,public_dataset,reviewed,Canonical city row derived from supplied city/coordinate tables; aliases normalized conservatively.
2670,29,Behror,behror,27.8900657,76.2858227,public_dataset,reviewed,Canonical city row derived from supplied city/coordinate tables; aliases normalized conservatively.
2671,29,Bhadasar,bhadasar,27.3141862,74.8566341,public_dataset,reviewed,Canonical city row derived from supplied city/coordinate tables; aliases normalized conservatively.
2672,29,Bhadra,bhadra,29.1012943,75.1675355,public_dataset,reviewed,Canonical city row derived from supplied city/coordinate tables; aliases normalized conservatively.
2673,29,Bharatpur,bharatpur,27.0246959,77.2920116,public_dataset,reviewed,Canonical city row derived from supplied city/coordinate tables; aliases normalized conservatively.
2674,29,Bhasawar,bhasawar,,,public_dataset,reviewed,Canonical city row derived from supplied city/coordinate tables; aliases normalized conservatively.
2675,29,Bhilwara,bhilwara,25.4709940,74.6961316,public_dataset,reviewed,Canonical city row derived from supplied city/coordinate tables; aliases normalized conservatively.
2676,29,Bhindar,bhindar,24.5291679,74.1794180,public_dataset,reviewed,Canonical city row derived from supplied city/coordinate tables; aliases normalized conservatively.
2677,29,Bhinmal,bhinmal,25.0071053,72.2653077,public_dataset,reviewed,Canonical city row derived from supplied city/coordinate tables; aliases normalized conservatively.
2678,29,Bhiwadi,bhiwadi,28.2039413,76.8374410,public_dataset,reviewed,Canonical city row derived from supplied city/coordinate tables; aliases normalized conservatively.
2679,29,Bhuma,bhuma,27.7830308,74.9283457,public_dataset,reviewed,Canonical city row derived from supplied city/coordinate tables; aliases normalized conservatively.
2680,29,Bikaner,bikaner,28.0159286,73.3171367,public_dataset,reviewed,Canonical city row derived from supplied city/coordinate tables; aliases normalized conservatively.
2681,29,Bilara,bilara,26.1861475,73.7000078,public_dataset,reviewed,Canonical city row derived from supplied city/coordinate tables; aliases normalized conservatively.
2682,29,Bissau,bissau,28.2469372,75.0765660,public_dataset,reviewed,Canonical city row derived from supplied city/coordinate tables; aliases normalized conservatively.
2683,29,Borkhera,borkhera,25.3125674,76.2429070,public_dataset,reviewed,Canonical city row derived from supplied city/coordinate tables; aliases normalized conservatively.
2684,29,Bundi,bundi,25.4367659,75.7361471,public_dataset,reviewed,Canonical city row derived from supplied city/coordinate tables; aliases normalized conservatively.
2685,29,Chaksu,chaksu,26.6059831,75.9430338,public_dataset,reviewed,Canonical city row derived from supplied city/coordinate tables; aliases normalized conservatively.
2686,29,Chechat,chechat,24.7649920,75.8871173,public_dataset,reviewed,Canonical city row derived from supplied city/coordinate tables; aliases normalized conservatively.
2687,29,Chhabra,chhabra,24.6685519,76.8478646,public_dataset,reviewed,Canonical city row derived from supplied city/coordinate tables; aliases normalized conservatively.
2688,29,Chhapar,chhapar,27.8178069,74.4427888,public_dataset,reviewed,Canonical city row derived from supplied city/coordinate tables; aliases normalized conservatively.
2689,29,Chhoti Sadri,chhoti sadri,24.3829511,74.7013558,public_dataset,reviewed,Canonical city row derived from supplied city/coordinate tables; aliases normalized conservatively.
2690,29,Chidawa,chidawa,,,public_dataset,reviewed,Canonical city row derived from supplied city/coordinate tables; aliases normalized conservatively.
2691,29,Chittaurgarh,chittaurgarh,24.5000000,74.5000000,public_dataset,reviewed,Canonical city row derived from supplied city/coordinate tables; aliases normalized conservatively.
2692,29,Churu,churu,28.2047781,74.6912996,public_dataset,reviewed,Canonical city row derived from supplied city/coordinate tables; aliases normalized conservatively.
2693,29,Dariba,dariba,25.3431728,74.5265937,public_dataset,reviewed,Canonical city row derived from supplied city/coordinate tables; aliases normalized conservatively.
2694,29,Dausa,dausa,26.8048659,76.4437457,public_dataset,reviewed,Canonical city row derived from supplied city/coordinate tables; aliases normalized conservatively.
2695,29,Deoli,deoli,25.7600492,75.3755879,public_dataset,reviewed,Canonical city row derived from supplied city/coordinate tables; aliases normalized conservatively.
2696,29,Deshnoke,deshnoke,27.7986365,73.3446504,public_dataset,reviewed,Canonical city row derived from supplied city/coordinate tables; aliases normalized conservatively.
2697,29,Devgarh,devgarh,26.2687979,74.2451012,public_dataset,reviewed,Canonical city row derived from supplied city/coordinate tables; aliases normalized conservatively.
2698,29,Dhaulpur,dhaulpur,26.6530332,77.6241037,public_dataset,reviewed,Canonical city row derived from supplied city/coordinate tables; aliases normalized conservatively.
2699,29,Didwana,didwana,27.4061158,74.5577959,public_dataset,reviewed,Canonical city row derived from supplied city/coordinate tables; aliases normalized conservatively.
2700,29,Dig,dig,26.2646576,72.9866976,public_dataset,reviewed,Canonical city row derived from supplied city/coordinate tables; aliases normalized conservatively.
2701,29,Dungarpur,dungarpur,23.8538893,73.7087177,public_dataset,reviewed,Canonical city row derived from supplied city/coordinate tables; aliases normalized conservatively.
2702,29,Fatehpur,fatehpur,25.8348023,80.9154547,public_dataset,reviewed,Canonical city row derived from supplied city/coordinate tables; aliases normalized conservatively.
2703,29,Galiakot,galiakot,23.5442268,74.0052761,public_dataset,reviewed,Canonical city row derived from supplied city/coordinate tables; aliases normalized conservatively.
2704,29,Ganganagar,ganganagar,25.9061389,76.4815499,public_dataset,reviewed,Canonical city row derived from supplied city/coordinate tables; aliases normalized conservatively.
2705,29,Gangapur,gangapur,25.2154661,74.2639828,public_dataset,reviewed,Canonical city row derived from supplied city/coordinate tables; aliases normalized conservatively.
2706,29,Govindgarh,govindgarh,27.5047288,76.9988322,public_dataset,reviewed,Canonical city row derived from supplied city/coordinate tables; aliases normalized conservatively.
2707,29,Gulabpura,gulabpura,25.9025321,74.6555833,public_dataset,reviewed,Canonical city row derived from supplied city/coordinate tables; aliases normalized conservatively.
2708,29,Hanumangarh,hanumangarh,29.3659533,74.2984290,public_dataset,reviewed,Canonical city row derived from supplied city/coordinate tables; aliases normalized conservatively.
2709,29,Hindaun,hindaun,26.7325006,77.0363121,public_dataset,reviewed,Canonical city row derived from supplied city/coordinate tables; aliases normalized conservatively.
2710,29,Jahazpur,jahazpur,25.6184712,75.2771126,public_dataset,reviewed,Canonical city row derived from supplied city/coordinate tables; aliases normalized conservatively.
2711,29,Jaipur,jaipur,26.9154576,75.8189817,public_dataset,reviewed,Canonical city row derived from supplied city/coordinate tables; aliases normalized conservatively.
2712,29,Jaisalmer,jaisalmer,27.0264162,70.7775120,public_dataset,reviewed,Canonical city row derived from supplied city/coordinate tables; aliases normalized conservatively.
2713,29,Jaitaran,jaitaran,26.2031507,73.9382064,public_dataset,reviewed,Canonical city row derived from supplied city/coordinate tables; aliases normalized conservatively.
2714,29,Jalor,jalor,25.3476006,72.6260916,public_dataset,reviewed,Canonical city row derived from supplied city/coordinate tables; aliases normalized conservatively.
2715,29,Jalore,jalore,25.2093482,72.3178889,public_dataset,reviewed,Canonical city row derived from supplied city/coordinate tables; aliases normalized conservatively.
2716,29,Jhalawar,jhalawar,24.3132368,76.5221078,public_dataset,reviewed,Canonical city row derived from supplied city/coordinate tables; aliases normalized conservatively.
2717,29,Jhalrapatan,jhalrapatan,24.5419929,76.1735064,public_dataset,reviewed,Canonical city row derived from supplied city/coordinate tables; aliases normalized conservatively.
2718,29,Jhunjhunun,jhunjhunun,28.1070891,75.3900287,public_dataset,reviewed,Canonical city row derived from supplied city/coordinate tables; aliases normalized conservatively.
2719,29,Jobner,jobner,26.9730310,75.3869944,public_dataset,reviewed,Canonical city row derived from supplied city/coordinate tables; aliases normalized conservatively.
2720,29,Jodhpur,jodhpur,26.2967719,73.0351433,public_dataset,reviewed,Canonical city row derived from supplied city/coordinate tables; aliases normalized conservatively.
2721,29,Kaman,kaman,27.6526038,77.2696401,public_dataset,reviewed,Canonical city row derived from supplied city/coordinate tables; aliases normalized conservatively.
2722,29,Kanor,kanor,24.4336616,74.2646915,public_dataset,reviewed,Canonical city row derived from supplied city/coordinate tables; aliases normalized conservatively.
2723,29,Kapren,kapren,25.4052655,76.0751181,public_dataset,reviewed,Canonical city row derived from supplied city/coordinate tables; aliases normalized conservatively.
2724,29,Karanpur,karanpur,29.8430883,73.4503328,public_dataset,reviewed,Canonical city row derived from supplied city/coordinate tables; aliases normalized conservatively.
2725,29,Karauli,karauli,26.5158329,77.0565965,public_dataset,reviewed,Canonical city row derived from supplied city/coordinate tables; aliases normalized conservatively.
2726,29,Kekri,kekri,25.9742120,75.1545672,public_dataset,reviewed,Canonical city row derived from supplied city/coordinate tables; aliases normalized conservatively.
2727,29,Keshorai Patan,keshorai patan,25.3234532,75.9373779,public_dataset,reviewed,Canonical city row derived from supplied city/coordinate tables; aliases normalized conservatively.
2728,29,Khandela,khandela,27.6050040,75.5015868,public_dataset,reviewed,Canonical city row derived from supplied city/coordinate tables; aliases normalized conservatively.
2729,29,Khanpur,khanpur,28.5373302,78.8158321,public_dataset,reviewed,Canonical city row derived from supplied city/coordinate tables; aliases normalized conservatively.
2730,29,Khetri,khetri,28.0003366,75.7841330,public_dataset,reviewed,Canonical city row derived from supplied city/coordinate tables; aliases normalized conservatively.
2731,29,Kishangarh,kishangarh,26.5885585,74.8610970,public_dataset,reviewed,Canonical city row derived from supplied city/coordinate tables; aliases normalized conservatively.
2732,29,Kota,kota,29.8923125,77.6403496,public_dataset,reviewed,Canonical city row derived from supplied city/coordinate tables; aliases normalized conservatively.
2733,29,Kotputli,kotputli,27.7071720,76.1996447,public_dataset,reviewed,Canonical city row derived from supplied city/coordinate tables; aliases normalized conservatively.
2734,29,Kuchaman,kuchaman,27.1519000,74.8621000,public_dataset,reviewed,Canonical city row derived from supplied city/coordinate tables; aliases normalized conservatively.
2735,29,Kuchera,kuchera,26.9861762,73.9727321,public_dataset,reviewed,Canonical city row derived from supplied city/coordinate tables; aliases normalized conservatively.
2736,29,Kumher,kumher,27.3152709,77.3789964,public_dataset,reviewed,Canonical city row derived from supplied city/coordinate tables; aliases normalized conservatively.
2737,29,Kushalgarh,kushalgarh,23.1990144,74.4520656,public_dataset,reviewed,Canonical city row derived from supplied city/coordinate tables; aliases normalized conservatively.
2738,29,Lachhmangarh Sikar,lachhmangarh sikar,27.8330528,75.0338588,public_dataset,reviewed,Canonical city row derived from supplied city/coordinate tables; aliases normalized conservatively.
2739,29,Ladnun,ladnun,27.6433883,74.4053905,public_dataset,reviewed,Canonical city row derived from supplied city/coordinate tables; aliases normalized conservatively.
2740,29,Lakheri,lakheri,25.6394164,76.1931473,public_dataset,reviewed,Canonical city row derived from supplied city/coordinate tables; aliases normalized conservatively.
2741,29,Lalsot,lalsot,26.5630662,76.3281328,public_dataset,reviewed,Canonical city row derived from supplied city/coordinate tables; aliases normalized conservatively.
2742,29,Losal,losal,27.4004329,74.9182758,public_dataset,reviewed,Canonical city row derived from supplied city/coordinate tables; aliases normalized conservatively.
2743,29,Mahwah,mahwah,,,public_dataset,reviewed,Canonical city row derived from supplied city/coordinate tables; aliases normalized conservatively.
2744,29,Makrana,makrana,27.0388103,74.7271171,public_dataset,reviewed,Canonical city row derived from supplied city/coordinate tables; aliases normalized conservatively.
2745,29,Malpura,malpura,26.2888019,75.3729774,public_dataset,reviewed,Canonical city row derived from supplied city/coordinate tables; aliases normalized conservatively.
2746,29,Mandal,mandal,25.4418507,74.5673975,public_dataset,reviewed,Canonical city row derived from supplied city/coordinate tables; aliases normalized conservatively.
2747,29,Mandalgarh,mandalgarh,25.1942551,75.0811226,public_dataset,reviewed,Canonical city row derived from supplied city/coordinate tables; aliases normalized conservatively.
2748,29,Mandawar,mandawar,29.4866044,78.1290846,public_dataset,reviewed,Canonical city row derived from supplied city/coordinate tables; aliases normalized conservatively.
2749,29,Mangrol,mangrol,25.3307117,76.5120394,public_dataset,reviewed,Canonical city row derived from supplied city/coordinate tables; aliases normalized conservatively.
2750,29,Manohar Thana,manohar thana,24.2343021,76.8057358,public_dataset,reviewed,Canonical city row derived from supplied city/coordinate tables; aliases normalized conservatively.
2751,29,Manoharpur,manoharpur,27.2984347,75.9517562,public_dataset,reviewed,Canonical city row derived from supplied city/coordinate tables; aliases normalized conservatively.
2752,29,Meethari Marwar,meethari marwar,27.5751406,74.6864024,public_dataset,reviewed,Canonical city row derived from supplied city/coordinate tables; aliases normalized conservatively.
2753,29,Merta,merta,24.6354905,73.8583803,public_dataset,reviewed,Canonical city row derived from supplied city/coordinate tables; aliases normalized conservatively.
2754,29,Mundwa,mundwa,27.0628056,73.8216985,public_dataset,reviewed,Canonical city row derived from supplied city/coordinate tables; aliases normalized conservatively.
2755,29,Nadbai,nadbai,27.2134980,77.2065312,public_dataset,reviewed,Canonical city row derived from supplied city/coordinate tables; aliases normalized conservatively.
2756,29,Nagar,nagar,27.4216563,77.1004110,public_dataset,reviewed,Canonical city row derived from supplied city/coordinate tables; aliases normalized conservatively.
2757,29,Nagaur,nagaur,26.9873443,73.7389011,public_dataset,reviewed,Canonical city row derived from supplied city/coordinate tables; aliases normalized conservatively.
2758,29,Nainwa,nainwa,25.7698671,75.8541304,public_dataset,reviewed,Canonical city row derived from supplied city/coordinate tables; aliases normalized conservatively.
2759,29,Napasar,napasar,27.9810152,73.5637013,public_dataset,reviewed,Canonical city row derived from supplied city/coordinate tables; aliases normalized conservatively.
2760,29,Naraina,naraina,26.7961467,75.1922947,public_dataset,reviewed,Canonical city row derived from supplied city/coordinate tables; aliases normalized conservatively.
2761,29,Nasirabad,nasirabad,26.2950699,74.7173813,public_dataset,reviewed,Canonical city row derived from supplied city/coordinate tables; aliases normalized conservatively.
2762,29,Nathdwara,nathdwara,24.9121863,73.9137489,public_dataset,reviewed,Canonical city row derived from supplied city/coordinate tables; aliases normalized conservatively.
2763,29,Nawa,nawa,27.0214531,75.0027941,public_dataset,reviewed,Canonical city row derived from supplied city/coordinate tables; aliases normalized conservatively.
2764,29,Nawalgarh,nawalgarh,27.8503000,75.2741000,public_dataset,reviewed,Canonical city row derived from supplied city/coordinate tables; aliases normalized conservatively.
2765,29,Neem ka Thana,neem ka thana,27.7360104,75.7854205,public_dataset,reviewed,Canonical city row derived from supplied city/coordinate tables; aliases normalized conservatively.
2766,29,Nimaj,nimaj,26.1500450,74.0008592,public_dataset,reviewed,Canonical city row derived from supplied city/coordinate tables; aliases normalized conservatively.
2767,29,Nimbahera,nimbahera,24.6236769,74.6946014,public_dataset,reviewed,Canonical city row derived from supplied city/coordinate tables; aliases normalized conservatively.
2768,29,Niwai,niwai,26.3593233,75.9251042,public_dataset,reviewed,Canonical city row derived from supplied city/coordinate tables; aliases normalized conservatively.
2769,29,Nohar,nohar,29.1922355,74.7743423,public_dataset,reviewed,Canonical city row derived from supplied city/coordinate tables; aliases normalized conservatively.
2770,29,Nokha,nokha,27.5552713,73.4755961,public_dataset,reviewed,Canonical city row derived from supplied city/coordinate tables; aliases normalized conservatively.
2771,29,Padampur,padampur,29.7093806,73.6244900,public_dataset,reviewed,Canonical city row derived from supplied city/coordinate tables; aliases normalized conservatively.
2772,29,Pali,pali,27.5672921,77.4590206,public_dataset,reviewed,Canonical city row derived from supplied city/coordinate tables; aliases normalized conservatively.
2773,29,Partapur,partapur,23.5931445,74.1752202,public_dataset,reviewed,Canonical city row derived from supplied city/coordinate tables; aliases normalized conservatively.
2774,29,Parvatsar,parvatsar,26.9028121,74.7476200,public_dataset,reviewed,Canonical city row derived from supplied city/coordinate tables; aliases normalized conservatively.
2775,29,Phalodi,phalodi,27.0799335,72.5804849,public_dataset,reviewed,Canonical city row derived from supplied city/coordinate tables; aliases normalized conservatively.
2776,29,Phulera,phulera,26.8750866,75.2455501,public_dataset,reviewed,Canonical city row derived from supplied city/coordinate tables; aliases normalized conservatively.
2777,29,Pilani,pilani,28.3622661,75.6042342,public_dataset,reviewed,Canonical city row derived from supplied city/coordinate tables; aliases normalized conservatively.
2778,29,Pilibangan,pilibangan,,,public_dataset,reviewed,Canonical city row derived from supplied city/coordinate tables; aliases normalized conservatively.
2779,29,Pindwara,pindwara,24.7893617,73.0384780,public_dataset,reviewed,Canonical city row derived from supplied city/coordinate tables; aliases normalized conservatively.
2780,29,Pipar,pipar,26.3746911,73.5315802,public_dataset,reviewed,Canonical city row derived from supplied city/coordinate tables; aliases normalized conservatively.
2781,29,Pirawa,pirawa,24.1614951,76.0337764,public_dataset,reviewed,Canonical city row derived from supplied city/coordinate tables; aliases normalized conservatively.
2782,29,Pokaran,pokaran,26.9198813,71.9197573,public_dataset,reviewed,Canonical city row derived from supplied city/coordinate tables; aliases normalized conservatively.
2783,29,Pratapgarh,pratapgarh,25.7500000,81.7500000,public_dataset,reviewed,Canonical city row derived from supplied city/coordinate tables; aliases normalized conservatively.
2784,29,Pushkar,pushkar,26.4876472,74.5578484,public_dataset,reviewed,Canonical city row derived from supplied city/coordinate tables; aliases normalized conservatively.
2785,29,Raipur,raipur,30.3099468,78.0949147,public_dataset,reviewed,Canonical city row derived from supplied city/coordinate tables; aliases normalized conservatively.
2786,29,Raisinghnagar,raisinghnagar,29.5358140,73.4459111,public_dataset,reviewed,Canonical city row derived from supplied city/coordinate tables; aliases normalized conservatively.
2787,29,Rajakhera,rajakhera,26.8971615,78.1711602,public_dataset,reviewed,Canonical city row derived from supplied city/coordinate tables; aliases normalized conservatively.
2788,29,Rajaldesar,rajaldesar,28.0335422,74.4779737,public_dataset,reviewed,Canonical city row derived from supplied city/coordinate tables; aliases normalized conservatively.
2789,29,Rajgarh,rajgarh,27.2422285,76.6068271,public_dataset,reviewed,Canonical city row derived from supplied city/coordinate tables; aliases normalized conservatively.
2790,29,Rajsamand,rajsamand,25.2892459,73.8241077,public_dataset,reviewed,Canonical city row derived from supplied city/coordinate tables; aliases normalized conservatively.
2791,29,Ramganj Mandi,ramganj mandi,24.6453169,75.9430409,public_dataset,reviewed,Canonical city row derived from supplied city/coordinate tables; aliases normalized conservatively.
2792,29,Ramgarh,ramgarh,28.1707047,74.9776868,public_dataset,reviewed,Canonical city row derived from supplied city/coordinate tables; aliases normalized conservatively.
2793,29,Rani,rani,25.3487179,73.3109679,public_dataset,reviewed,Canonical city row derived from supplied city/coordinate tables; aliases normalized conservatively.
2794,29,Ratangarh,ratangarh,28.0749601,74.6243533,public_dataset,reviewed,Canonical city row derived from supplied city/coordinate tables; aliases normalized conservatively.
2795,29,Rawatbhata,rawatbhata,24.9345886,75.5883278,public_dataset,reviewed,Canonical city row derived from supplied city/coordinate tables; aliases normalized conservatively.
2796,29,Rawatsar,rawatsar,29.2631000,74.4016000,public_dataset,reviewed,Canonical city row derived from supplied city/coordinate tables; aliases normalized conservatively.
2797,29,Ringas,ringas,27.3662100,75.5676292,public_dataset,reviewed,Canonical city row derived from supplied city/coordinate tables; aliases normalized conservatively.
2798,29,Sadri,sadri,25.1866458,73.4527029,public_dataset,reviewed,Canonical city row derived from supplied city/coordinate tables; aliases normalized conservatively.
2799,29,Salumbar,salumbar,24.1879418,73.9405883,public_dataset,reviewed,Canonical city row derived from supplied city/coordinate tables; aliases normalized conservatively.
2800,29,Sambhar,sambhar,26.9110014,75.1848367,public_dataset,reviewed,Canonical city row derived from supplied city/coordinate tables; aliases normalized conservatively.
2801,29,Samdari,samdari,25.8135036,72.5791014,public_dataset,reviewed,Canonical city row derived from supplied city/coordinate tables; aliases normalized conservatively.
2802,29,Sanchor,sanchor,26.7845026,74.7239399,public_dataset,reviewed,Canonical city row derived from supplied city/coordinate tables; aliases normalized conservatively.
2803,29,Sangaria,sangaria,29.7931482,74.4663078,public_dataset,reviewed,Canonical city row derived from supplied city/coordinate tables; aliases normalized conservatively.
2804,29,Sangod,sangod,24.9251835,76.2861027,public_dataset,reviewed,Canonical city row derived from supplied city/coordinate tables; aliases normalized conservatively.
2805,29,Sardarshahr,sardarshahr,28.4378881,74.4785103,public_dataset,reviewed,Canonical city row derived from supplied city/coordinate tables; aliases normalized conservatively.
2806,29,Sarwar,sarwar,26.0636337,75.0130175,public_dataset,reviewed,Canonical city row derived from supplied city/coordinate tables; aliases normalized conservatively.
2807,29,Sawai Madhopur,sawai madhopur,26.2290186,76.3043561,public_dataset,reviewed,Canonical city row derived from supplied city/coordinate tables; aliases normalized conservatively.
2808,29,Shahpura,shahpura,25.6301339,74.9264383,public_dataset,reviewed,Canonical city row derived from supplied city/coordinate tables; aliases normalized conservatively.
2809,29,Sheoganj,sheoganj,25.1388932,73.0655263,public_dataset,reviewed,Canonical city row derived from supplied city/coordinate tables; aliases normalized conservatively.
2810,29,Sikar,sikar,27.6624156,75.0279971,public_dataset,reviewed,Canonical city row derived from supplied city/coordinate tables; aliases normalized conservatively.
2811,29,Sirohi,sirohi,24.8114047,72.8300257,public_dataset,reviewed,Canonical city row derived from supplied city/coordinate tables; aliases normalized conservatively.
2812,29,Siwana,siwana,25.6497164,72.4209004,public_dataset,reviewed,Canonical city row derived from supplied city/coordinate tables; aliases normalized conservatively.
2813,29,Sojat,sojat,25.9245937,73.6652394,public_dataset,reviewed,Canonical city row derived from supplied city/coordinate tables; aliases normalized conservatively.
2814,29,Sri Dungargarh,sri dungargarh,28.0928483,74.0113994,public_dataset,reviewed,Canonical city row derived from supplied city/coordinate tables; aliases normalized conservatively.
2815,29,Sri Madhopur,sri madhopur,27.4253618,75.7162222,public_dataset,reviewed,Canonical city row derived from supplied city/coordinate tables; aliases normalized conservatively.
2816,29,Sujangarh,sujangarh,27.7093550,74.4642899,public_dataset,reviewed,Canonical city row derived from supplied city/coordinate tables; aliases normalized conservatively.
2817,29,Suket,suket,24.6473824,76.0438211,public_dataset,reviewed,Canonical city row derived from supplied city/coordinate tables; aliases normalized conservatively.
2818,29,Sunel,sunel,24.3719210,75.9581189,public_dataset,reviewed,Canonical city row derived from supplied city/coordinate tables; aliases normalized conservatively.
2819,29,Surajgarh,surajgarh,28.2979260,75.7311124,public_dataset,reviewed,Canonical city row derived from supplied city/coordinate tables; aliases normalized conservatively.
2820,29,Suratgarh,suratgarh,29.3203309,73.9026728,public_dataset,reviewed,Canonical city row derived from supplied city/coordinate tables; aliases normalized conservatively.
2821,29,Takhatgarh,takhatgarh,25.3227221,73.0038692,public_dataset,reviewed,Canonical city row derived from supplied city/coordinate tables; aliases normalized conservatively.
2822,29,Taranagar,taranagar,28.6707787,75.0361419,public_dataset,reviewed,Canonical city row derived from supplied city/coordinate tables; aliases normalized conservatively.
2823,29,Tijara,tijara,27.9350861,76.8522328,public_dataset,reviewed,Canonical city row derived from supplied city/coordinate tables; aliases normalized conservatively.
2824,29,Todabhim,todabhim,26.9181613,76.8137573,public_dataset,reviewed,Canonical city row derived from supplied city/coordinate tables; aliases normalized conservatively.
2825,29,Todaraisingh,todaraisingh,26.0252473,75.4848698,public_dataset,reviewed,Canonical city row derived from supplied city/coordinate tables; aliases normalized conservatively.
2826,29,Tonk,tonk,26.1223198,75.6632235,public_dataset,reviewed,Canonical city row derived from supplied city/coordinate tables; aliases normalized conservatively.
2827,29,Udaipur,udaipur,23.5416162,91.4917593,public_dataset,reviewed,Canonical city row derived from supplied city/coordinate tables; aliases normalized conservatively.
2828,29,Udpura,udpura,23.6468240,74.3858313,public_dataset,reviewed,Canonical city row derived from supplied city/coordinate tables; aliases normalized conservatively.
2829,29,Uniara,uniara,25.9159016,76.0273172,public_dataset,reviewed,Canonical city row derived from supplied city/coordinate tables; aliases normalized conservatively.
2830,29,Wer,wer,27.0179768,77.1740770,public_dataset,reviewed,Canonical city row derived from supplied city/coordinate tables; aliases normalized conservatively.
2831,30,East District,east district,27.3338349,88.6146580,public_dataset,reviewed,Canonical city row derived from supplied city/coordinate tables; aliases normalized conservatively.
2832,30,Gangtok,gangtok,27.3290460,88.6122673,public_dataset,reviewed,Canonical city row derived from supplied city/coordinate tables; aliases normalized conservatively.
2833,30,Gyalshing,gyalshing,27.4185174,88.1808338,public_dataset,reviewed,Canonical city row derived from supplied city/coordinate tables; aliases normalized conservatively.
2834,30,Jorethang,jorethang,27.1315230,88.2825347,public_dataset,reviewed,Canonical city row derived from supplied city/coordinate tables; aliases normalized conservatively.
2835,30,Mangan,mangan,27.7497442,88.5212055,public_dataset,reviewed,Canonical city row derived from supplied city/coordinate tables; aliases normalized conservatively.
2836,30,Namchi,namchi,27.3031019,88.3785961,public_dataset,reviewed,Canonical city row derived from supplied city/coordinate tables; aliases normalized conservatively.
2837,30,Naya Bazar,naya bazar,27.1321100,88.2761414,public_dataset,reviewed,Canonical city row derived from supplied city/coordinate tables; aliases normalized conservatively.
2838,30,North District,north district,27.6666670,88.5000000,public_dataset,reviewed,Canonical city row derived from supplied city/coordinate tables; aliases normalized conservatively.
2839,30,Rangpo,rangpo,27.1744361,88.5303403,public_dataset,reviewed,Canonical city row derived from supplied city/coordinate tables; aliases normalized conservatively.
2840,30,Singtam,singtam,27.2319975,88.4970841,public_dataset,reviewed,Canonical city row derived from supplied city/coordinate tables; aliases normalized conservatively.
2841,30,South District,south district,27.3333330,88.4166670,public_dataset,reviewed,Canonical city row derived from supplied city/coordinate tables; aliases normalized conservatively.
2842,30,West District,west district,27.9820852,88.6848163,public_dataset,reviewed,Canonical city row derived from supplied city/coordinate tables; aliases normalized conservatively.
2843,31,Abiramam,abiramam,9.4420721,78.4396376,public_dataset,reviewed,Canonical city row derived from supplied city/coordinate tables; aliases normalized conservatively.
2844,31,Adirampattinam,adirampattinam,10.3319451,79.3848770,public_dataset,reviewed,Canonical city row derived from supplied city/coordinate tables; aliases normalized conservatively.
2845,31,Aduthurai,aduthurai,11.4003373,79.0546133,public_dataset,reviewed,Canonical city row derived from supplied city/coordinate tables; aliases normalized conservatively.
2846,31,Alagapuram,alagapuram,11.6861722,78.1484120,public_dataset,reviewed,Canonical city row derived from supplied city/coordinate tables; aliases normalized conservatively.
2847,31,Alandur,alandur,13.0028216,80.1719186,public_dataset,reviewed,Canonical city row derived from supplied city/coordinate tables; aliases normalized conservatively.
2848,31,Alanganallur,alanganallur,10.0463572,78.0878055,public_dataset,reviewed,Canonical city row derived from supplied city/coordinate tables; aliases normalized conservatively.
2849,31,Alangayam,alangayam,12.6226672,78.7525044,public_dataset,reviewed,Canonical city row derived from supplied city/coordinate tables; aliases normalized conservatively.
2850,31,Alangudi,alangudi,10.3603703,78.9778724,public_dataset,reviewed,Canonical city row derived from supplied city/coordinate tables; aliases normalized conservatively.
2851,31,Alangulam,alangulam,8.8597260,77.4882218,public_dataset,reviewed,Canonical city row derived from supplied city/coordinate tables; aliases normalized conservatively.
2852,31,Alappakkam,alappakkam,12.6718265,79.9069762,public_dataset,reviewed,Canonical city row derived from supplied city/coordinate tables; aliases normalized conservatively.
2853,31,Alwa Tirunagari,alwa tirunagari,,,public_dataset,reviewed,Canonical city row derived from supplied city/coordinate tables; aliases normalized conservatively.
2854,31,Ambasamudram,ambasamudram,8.7082538,77.4382732,public_dataset,reviewed,Canonical city row derived from supplied city/coordinate tables; aliases normalized conservatively.
2855,31,Ambattur,ambattur,13.1189668,80.1508640,public_dataset,reviewed,Canonical city row derived from supplied city/coordinate tables; aliases normalized conservatively.
2856,31,Ambur,ambur,12.7874171,78.7188211,public_dataset,reviewed,Canonical city row derived from supplied city/coordinate tables; aliases normalized conservatively.
2857,31,Ammapettai,ammapettai,10.9484223,79.3450650,public_dataset,reviewed,Canonical city row derived from supplied city/coordinate tables; aliases normalized conservatively.
2858,31,Anamalais,anamalais,11.0282431,76.9521993,public_dataset,reviewed,Canonical city row derived from supplied city/coordinate tables; aliases normalized conservatively.
2859,31,Andippatti,andippatti,11.1271603,78.3789968,public_dataset,reviewed,Canonical city row derived from supplied city/coordinate tables; aliases normalized conservatively.
2860,31,Annamalainagar,annamalainagar,11.1905544,78.1879948,public_dataset,reviewed,Canonical city row derived from supplied city/coordinate tables; aliases normalized conservatively.
2861,31,Annavasal,annavasal,10.4505907,78.7241649,public_dataset,reviewed,Canonical city row derived from supplied city/coordinate tables; aliases normalized conservatively.
2862,31,Annur,annur,11.2329709,77.1035230,public_dataset,reviewed,Canonical city row derived from supplied city/coordinate tables; aliases normalized conservatively.
2863,31,Anthiyur,anthiyur,11.7144457,77.5679387,public_dataset,reviewed,Canonical city row derived from supplied city/coordinate tables; aliases normalized conservatively.
2864,31,Arakkonam,arakkonam,13.0839782,79.6700892,public_dataset,reviewed,Canonical city row derived from supplied city/coordinate tables; aliases normalized conservatively.
2865,31,Arantangi,arantangi,10.1721042,79.0033283,public_dataset,reviewed,Canonical city row derived from supplied city/coordinate tables; aliases normalized conservatively.
2866,31,Arcot,arcot,12.9078949,79.3203930,public_dataset,reviewed,Canonical city row derived from supplied city/coordinate tables; aliases normalized conservatively.
2867,31,Arimalam,arimalam,10.2549862,78.8840289,public_dataset,reviewed,Canonical city row derived from supplied city/coordinate tables; aliases normalized conservatively.
2868,31,Ariyalur,ariyalur,11.1530559,79.2585797,public_dataset,reviewed,Canonical city row derived from supplied city/coordinate tables; aliases normalized conservatively.
2869,31,Arni,arni,12.6677023,79.2852831,public_dataset,reviewed,Canonical city row derived from supplied city/coordinate tables; aliases normalized conservatively.
2870,31,Arumbavur,arumbavur,11.3796173,78.7297869,public_dataset,reviewed,Canonical city row derived from supplied city/coordinate tables; aliases normalized conservatively.
2871,31,Arumuganeri,arumuganeri,8.5794484,78.0920000,public_dataset,reviewed,Canonical city row derived from supplied city/coordinate tables; aliases normalized conservatively.
2872,31,Aruppukkottai,aruppukkottai,9.5073229,78.0958971,public_dataset,reviewed,Canonical city row derived from supplied city/coordinate tables; aliases normalized conservatively.
2873,31,Aruvankad,aruvankad,,,public_dataset,reviewed,Canonical city row derived from supplied city/coordinate tables; aliases normalized conservatively.
2874,31,Attayyampatti,attayyampatti,,,public_dataset,reviewed,Canonical city row derived from supplied city/coordinate tables; aliases normalized conservatively.
2875,31,Attur,attur,10.2877695,77.8520822,public_dataset,reviewed,Canonical city row derived from supplied city/coordinate tables; aliases normalized conservatively.
2876,31,Auroville,auroville,12.0073927,79.8099471,public_dataset,reviewed,Canonical city row derived from supplied city/coordinate tables; aliases normalized conservatively.
2877,31,Avadi,avadi,13.1190144,80.0935726,public_dataset,reviewed,Canonical city row derived from supplied city/coordinate tables; aliases normalized conservatively.
2878,31,Avinashi,avinashi,11.1900066,77.2679915,public_dataset,reviewed,Canonical city row derived from supplied city/coordinate tables; aliases normalized conservatively.
2879,31,Ayakudi,ayakudi,10.4565308,77.5599146,public_dataset,reviewed,Canonical city row derived from supplied city/coordinate tables; aliases normalized conservatively.
2880,31,Ayyampettai,ayyampettai,10.8962881,79.1886395,public_dataset,reviewed,Canonical city row derived from supplied city/coordinate tables; aliases normalized conservatively.
2881,31,Belur,belur,11.7069634,78.4131128,public_dataset,reviewed,Canonical city row derived from supplied city/coordinate tables; aliases normalized conservatively.
2882,31,Bhavani,bhavani,11.2794990,76.8578321,public_dataset,reviewed,Canonical city row derived from supplied city/coordinate tables; aliases normalized conservatively.
2883,31,Bodinayakkanur,bodinayakkanur,10.0190463,77.3460527,public_dataset,reviewed,Canonical city row derived from supplied city/coordinate tables; aliases normalized conservatively.
2884,31,Chengam,chengam,12.3502311,78.8767964,public_dataset,reviewed,Canonical city row derived from supplied city/coordinate tables; aliases normalized conservatively.
2885,31,Chennai,chennai,13.0836939,80.2701860,public_dataset,reviewed,Canonical city row derived from supplied city/coordinate tables; aliases normalized conservatively.
2886,31,Chennimalai,chennimalai,11.1643156,77.6031691,public_dataset,reviewed,Canonical city row derived from supplied city/coordinate tables; aliases normalized conservatively.
2887,31,Chetput,chetput,,,public_dataset,reviewed,Canonical city row derived from supplied city/coordinate tables; aliases normalized conservatively.
2888,31,Chettipalaiyam,chettipalaiyam,10.9162941,77.0336203,public_dataset,reviewed,Canonical city row derived from supplied city/coordinate tables; aliases normalized conservatively.
2889,31,Cheyyar,cheyyar,12.6563891,79.5404577,public_dataset,reviewed,Canonical city row derived from supplied city/coordinate tables; aliases normalized conservatively.
2890,31,Cheyyur,cheyyur,12.3817023,79.8453568,public_dataset,reviewed,Canonical city row derived from supplied city/coordinate tables; aliases normalized conservatively.
2891,31,Chidambaram,chidambaram,11.3920706,79.7030250,public_dataset,reviewed,Canonical city row derived from supplied city/coordinate tables; aliases normalized conservatively.
2892,31,Chingleput,chingleput,,,public_dataset,reviewed,Canonical city row derived from supplied city/coordinate tables; aliases normalized conservatively.
2893,31,Chinna Salem,chinna salem,11.6314243,78.8743248,public_dataset,reviewed,Canonical city row derived from supplied city/coordinate tables; aliases normalized conservatively.
2894,31,Chinnamanur,chinnamanur,9.8415861,77.3849422,public_dataset,reviewed,Canonical city row derived from supplied city/coordinate tables; aliases normalized conservatively.
2895,31,Chinnasekkadu,chinnasekkadu,,,public_dataset,reviewed,Canonical city row derived from supplied city/coordinate tables; aliases normalized conservatively.
2896,31,Cholapuram,cholapuram,9.3606129,77.5610414,public_dataset,reviewed,Canonical city row derived from supplied city/coordinate tables; aliases normalized conservatively.
2897,31,Coimbatore,coimbatore,11.0018115,76.9628425,public_dataset,reviewed,Canonical city row derived from supplied city/coordinate tables; aliases normalized conservatively.
2898,31,Colachel,colachel,8.1752656,77.2519232,public_dataset,reviewed,Canonical city row derived from supplied city/coordinate tables; aliases normalized conservatively.
2899,31,Cuddalore,cuddalore,11.5202071,79.3396356,public_dataset,reviewed,Canonical city row derived from supplied city/coordinate tables; aliases normalized conservatively.
2900,31,Cumbum,cumbum,9.7394057,77.2853013,public_dataset,reviewed,Canonical city row derived from supplied city/coordinate tables; aliases normalized conservatively.
2901,31,Denkanikota,denkanikota,12.5360152,77.7991256,public_dataset,reviewed,Canonical city row derived from supplied city/coordinate tables; aliases normalized conservatively.
2902,31,Desur,desur,12.2569373,79.4134336,public_dataset,reviewed,Canonical city row derived from supplied city/coordinate tables; aliases normalized conservatively.
2903,31,Devadanappatti,devadanappatti,10.1462441,77.6414500,public_dataset,reviewed,Canonical city row derived from supplied city/coordinate tables; aliases normalized conservatively.
2904,31,Devakottai,devakottai,9.8960898,78.8066602,public_dataset,reviewed,Canonical city row derived from supplied city/coordinate tables; aliases normalized conservatively.
2905,31,Dhali,dhali,10.5112403,77.1882591,public_dataset,reviewed,Canonical city row derived from supplied city/coordinate tables; aliases normalized conservatively.
2906,31,Dharapuram,dharapuram,10.7369082,77.5260968,public_dataset,reviewed,Canonical city row derived from supplied city/coordinate tables; aliases normalized conservatively.
2907,31,Dharmapuri,dharmapuri,12.1456131,78.1132217,public_dataset,reviewed,Canonical city row derived from supplied city/coordinate tables; aliases normalized conservatively.
2908,31,Dindigul,dindigul,10.4257161,77.8154728,public_dataset,reviewed,Canonical city row derived from supplied city/coordinate tables; aliases normalized conservatively.
2909,31,Dusi,dusi,,,public_dataset,reviewed,Canonical city row derived from supplied city/coordinate tables; aliases normalized conservatively.
2910,31,Elayirampannai,elayirampannai,9.3244550,77.8937200,public_dataset,reviewed,Canonical city row derived from supplied city/coordinate tables; aliases normalized conservatively.
2911,31,Elumalai,elumalai,9.8630653,77.6989606,public_dataset,reviewed,Canonical city row derived from supplied city/coordinate tables; aliases normalized conservatively.
2912,31,Eral,eral,8.6253791,78.0228746,public_dataset,reviewed,Canonical city row derived from supplied city/coordinate tables; aliases normalized conservatively.
2913,31,Eraniel,eraniel,8.2134290,77.3076322,public_dataset,reviewed,Canonical city row derived from supplied city/coordinate tables; aliases normalized conservatively.
2914,31,Erode,erode,11.4905282,77.3505274,public_dataset,reviewed,Canonical city row derived from supplied city/coordinate tables; aliases normalized conservatively.
2915,31,Erumaippatti,erumaippatti,11.2649489,78.6287856,public_dataset,reviewed,Canonical city row derived from supplied city/coordinate tables; aliases normalized conservatively.
2916,31,Ettaiyapuram,ettaiyapuram,9.1485222,77.9971639,public_dataset,reviewed,Canonical city row derived from supplied city/coordinate tables; aliases normalized conservatively.
2917,31,Gandhi Nagar,gandhi nagar,8.7444437,77.6599382,public_dataset,reviewed,Canonical city row derived from supplied city/coordinate tables; aliases normalized conservatively.
2918,31,Gangaikondan,gangaikondan,8.8581571,77.7791369,public_dataset,reviewed,Canonical city row derived from supplied city/coordinate tables; aliases normalized conservatively.
2919,31,Gangavalli,gangavalli,11.4430018,78.5665935,public_dataset,reviewed,Canonical city row derived from supplied city/coordinate tables; aliases normalized conservatively.
2920,31,Gingee,gingee,12.2544154,79.4157756,public_dataset,reviewed,Canonical city row derived from supplied city/coordinate tables; aliases normalized conservatively.
2921,31,Gobichettipalayam,gobichettipalayam,11.4551821,77.4350666,public_dataset,reviewed,Canonical city row derived from supplied city/coordinate tables; aliases normalized conservatively.
2922,31,Gudalur,gudalur,11.4992417,76.4923903,public_dataset,reviewed,Canonical city row derived from supplied city/coordinate tables; aliases normalized conservatively.
2923,31,Gudiyatham,gudiyatham,12.9485676,78.8705336,public_dataset,reviewed,Canonical city row derived from supplied city/coordinate tables; aliases normalized conservatively.
2924,31,Guduvancheri,guduvancheri,12.8452303,80.0576503,public_dataset,reviewed,Canonical city row derived from supplied city/coordinate tables; aliases normalized conservatively.
2925,31,Gummidipundi,gummidipundi,13.4098239,80.1236898,public_dataset,reviewed,Canonical city row derived from supplied city/coordinate tables; aliases normalized conservatively.
2926,31,Harur,harur,12.0545748,78.4786186,public_dataset,reviewed,Canonical city row derived from supplied city/coordinate tables; aliases normalized conservatively.
2927,31,Hosur,hosur,12.7183361,77.8229481,public_dataset,reviewed,Canonical city row derived from supplied city/coordinate tables; aliases normalized conservatively.
2928,31,Idappadi,idappadi,11.5748588,77.8327301,public_dataset,reviewed,Canonical city row derived from supplied city/coordinate tables; aliases normalized conservatively.
2929,31,Ilampillai,ilampillai,,,public_dataset,reviewed,Canonical city row derived from supplied city/coordinate tables; aliases normalized conservatively.
2930,31,Iluppur,iluppur,10.5136995,78.6215544,public_dataset,reviewed,Canonical city row derived from supplied city/coordinate tables; aliases normalized conservatively.
2931,31,Injambakkam,injambakkam,12.9189367,80.2512950,public_dataset,reviewed,Canonical city row derived from supplied city/coordinate tables; aliases normalized conservatively.
2932,31,Irugur,irugur,11.0182228,77.0655208,public_dataset,reviewed,Canonical city row derived from supplied city/coordinate tables; aliases normalized conservatively.
2933,31,Jalakandapuram,jalakandapuram,11.6993908,77.8781257,public_dataset,reviewed,Canonical city row derived from supplied city/coordinate tables; aliases normalized conservatively.
2934,31,Jalarpet,jalarpet,12.5702715,78.5731673,public_dataset,reviewed,Canonical city row derived from supplied city/coordinate tables; aliases normalized conservatively.
2935,31,Jayamkondacholapuram,jayamkondacholapuram,,,public_dataset,reviewed,Canonical city row derived from supplied city/coordinate tables; aliases normalized conservatively.
2936,31,Kadambur,kadambur,8.9997254,77.8619823,public_dataset,reviewed,Canonical city row derived from supplied city/coordinate tables; aliases normalized conservatively.
2937,31,Kadayanallur,kadayanallur,9.0842049,77.3461957,public_dataset,reviewed,Canonical city row derived from supplied city/coordinate tables; aliases normalized conservatively.
2938,31,Kalakkadu,kalakkadu,,,public_dataset,reviewed,Canonical city row derived from supplied city/coordinate tables; aliases normalized conservatively.
2939,31,Kalavai,kalavai,12.7690720,79.4195652,public_dataset,reviewed,Canonical city row derived from supplied city/coordinate tables; aliases normalized conservatively.
2940,31,Kallakkurichchi,kallakkurichchi,10.0635491,79.1986461,public_dataset,reviewed,Canonical city row derived from supplied city/coordinate tables; aliases normalized conservatively.
2941,31,Kallidaikurichi,kallidaikurichi,8.6808989,77.4651097,public_dataset,reviewed,Canonical city row derived from supplied city/coordinate tables; aliases normalized conservatively.
2942,31,Kallupatti,kallupatti,10.4297384,78.4336837,public_dataset,reviewed,Canonical city row derived from supplied city/coordinate tables; aliases normalized conservatively.
2943,31,Kalugumalai,kalugumalai,10.0223446,78.2583678,public_dataset,reviewed,Canonical city row derived from supplied city/coordinate tables; aliases normalized conservatively.
2944,31,Kamuthi,kamuthi,9.4086134,78.3684318,public_dataset,reviewed,Canonical city row derived from supplied city/coordinate tables; aliases normalized conservatively.
2945,31,Kanadukattan,kanadukattan,,,public_dataset,reviewed,Canonical city row derived from supplied city/coordinate tables; aliases normalized conservatively.
2946,31,Kancheepuram,kancheepuram,12.8796052,79.7042762,public_dataset,reviewed,Canonical city row derived from supplied city/coordinate tables; aliases normalized conservatively.
2947,31,Kanchipuram,kanchipuram,12.9647163,79.9839686,public_dataset,reviewed,Canonical city row derived from supplied city/coordinate tables; aliases normalized conservatively.
2948,31,Kangayam,kangayam,11.3259363,77.6905719,public_dataset,reviewed,Canonical city row derived from supplied city/coordinate tables; aliases normalized conservatively.
2949,31,Kanniyakumari,kanniyakumari,8.3279814,77.3541173,public_dataset,reviewed,Canonical city row derived from supplied city/coordinate tables; aliases normalized conservatively.
2950,31,Karaikkudi,karaikkudi,10.0445121,78.7433633,public_dataset,reviewed,Canonical city row derived from supplied city/coordinate tables; aliases normalized conservatively.
2951,31,Karamadai,karamadai,11.2393183,76.9600768,public_dataset,reviewed,Canonical city row derived from supplied city/coordinate tables; aliases normalized conservatively.
2952,31,Karambakkudi,karambakkudi,10.4592325,79.1399166,public_dataset,reviewed,Canonical city row derived from supplied city/coordinate tables; aliases normalized conservatively.
2953,31,Kariapatti,kariapatti,9.6694505,78.1645543,public_dataset,reviewed,Canonical city row derived from supplied city/coordinate tables; aliases normalized conservatively.
2954,31,Karumbakkam,karumbakkam,12.7037914,80.0919693,public_dataset,reviewed,Canonical city row derived from supplied city/coordinate tables; aliases normalized conservatively.
2955,31,Karur,karur,10.8217671,78.3828654,public_dataset,reviewed,Canonical city row derived from supplied city/coordinate tables; aliases normalized conservatively.
2956,31,Katpadi,katpadi,13.0435051,79.2404096,public_dataset,reviewed,Canonical city row derived from supplied city/coordinate tables; aliases normalized conservatively.
2957,31,Kattivakkam,kattivakkam,,,public_dataset,reviewed,Canonical city row derived from supplied city/coordinate tables; aliases normalized conservatively.
2958,31,Kattupputtur,kattupputtur,10.9937440,78.2194801,public_dataset,reviewed,Canonical city row derived from supplied city/coordinate tables; aliases normalized conservatively.
2959,31,Kaveripatnam,kaveripatnam,11.1452914,79.8537308,public_dataset,reviewed,Canonical city row derived from supplied city/coordinate tables; aliases normalized conservatively.
2960,31,Kayalpattinam,kayalpattinam,8.5677868,78.1003644,public_dataset,reviewed,Canonical city row derived from supplied city/coordinate tables; aliases normalized conservatively.
2961,31,Kayattar,kayattar,,,public_dataset,reviewed,Canonical city row derived from supplied city/coordinate tables; aliases normalized conservatively.
2962,31,Keelakarai,keelakarai,10.0308721,79.1272366,public_dataset,reviewed,Canonical city row derived from supplied city/coordinate tables; aliases normalized conservatively.
2963,31,Kelamangalam,kelamangalam,12.6154643,77.8653569,public_dataset,reviewed,Canonical city row derived from supplied city/coordinate tables; aliases normalized conservatively.
2964,31,Kil Bhuvanagiri,kil bhuvanagiri,,,public_dataset,reviewed,Canonical city row derived from supplied city/coordinate tables; aliases normalized conservatively.
2965,31,Kilvelur,kilvelur,10.6894330,79.7171793,public_dataset,reviewed,Canonical city row derived from supplied city/coordinate tables; aliases normalized conservatively.
2966,31,Kiranur,kiranur,10.5733857,78.7842652,public_dataset,reviewed,Canonical city row derived from supplied city/coordinate tables; aliases normalized conservatively.
2967,31,Kodaikanal,kodaikanal,10.2337120,77.4919719,public_dataset,reviewed,Canonical city row derived from supplied city/coordinate tables; aliases normalized conservatively.
2968,31,Kodumudi,kodumudi,11.1338134,77.8342185,public_dataset,reviewed,Canonical city row derived from supplied city/coordinate tables; aliases normalized conservatively.
2969,31,Kombai,kombai,9.8484529,77.2969253,public_dataset,reviewed,Canonical city row derived from supplied city/coordinate tables; aliases normalized conservatively.
2970,31,Konganapuram,konganapuram,11.5696580,77.9025476,public_dataset,reviewed,Canonical city row derived from supplied city/coordinate tables; aliases normalized conservatively.
2971,31,Koothanallur,koothanallur,10.7115356,79.5162662,public_dataset,reviewed,Canonical city row derived from supplied city/coordinate tables; aliases normalized conservatively.
2972,31,Koradachcheri,koradachcheri,,,public_dataset,reviewed,Canonical city row derived from supplied city/coordinate tables; aliases normalized conservatively.
2973,31,Korampallam,korampallam,8.7769490,78.0913204,public_dataset,reviewed,Canonical city row derived from supplied city/coordinate tables; aliases normalized conservatively.
2974,31,Kotagiri,kotagiri,11.4230431,76.8658211,public_dataset,reviewed,Canonical city row derived from supplied city/coordinate tables; aliases normalized conservatively.
2975,31,Kottaiyur,kottaiyur,10.1128840,78.7865482,public_dataset,reviewed,Canonical city row derived from supplied city/coordinate tables; aliases normalized conservatively.
2976,31,Kovilpatti,kovilpatti,9.1755900,77.8687000,public_dataset,reviewed,Canonical city row derived from supplied city/coordinate tables; aliases normalized conservatively.
2977,31,Krishnagiri,krishnagiri,12.5152075,78.0093769,public_dataset,reviewed,Canonical city row derived from supplied city/coordinate tables; aliases normalized conservatively.
2978,31,Kulattur,kulattur,9.0031906,78.1926611,public_dataset,reviewed,Canonical city row derived from supplied city/coordinate tables; aliases normalized conservatively.
2979,31,Kulittalai,kulittalai,,,public_dataset,reviewed,Canonical city row derived from supplied city/coordinate tables; aliases normalized conservatively.
2980,31,Kumaralingam,kumaralingam,,,public_dataset,reviewed,Canonical city row derived from supplied city/coordinate tables; aliases normalized conservatively.
2981,31,Kumbakonam,kumbakonam,10.9604108,79.3820861,public_dataset,reviewed,Canonical city row derived from supplied city/coordinate tables; aliases normalized conservatively.
2982,31,Kunnattur,kunnattur,12.3479422,78.5099555,public_dataset,reviewed,Canonical city row derived from supplied city/coordinate tables; aliases normalized conservatively.
2983,31,Kurinjippadi,kurinjippadi,11.5667432,79.5944716,public_dataset,reviewed,Canonical city row derived from supplied city/coordinate tables; aliases normalized conservatively.
2984,31,Kuttalam,kuttalam,11.0976410,79.5504346,public_dataset,reviewed,Canonical city row derived from supplied city/coordinate tables; aliases normalized conservatively.
2985,31,Kuzhithurai,kuzhithurai,8.3155260,77.2068841,public_dataset,reviewed,Canonical city row derived from supplied city/coordinate tables; aliases normalized conservatively.
2986,31,Lalgudi,lalgudi,10.8754197,78.8153244,public_dataset,reviewed,Canonical city row derived from supplied city/coordinate tables; aliases normalized conservatively.
2987,31,Madambakkam,madambakkam,12.9076604,80.1564464,public_dataset,reviewed,Canonical city row derived from supplied city/coordinate tables; aliases normalized conservatively.
2988,31,Madipakkam,madipakkam,12.9611348,80.2001292,public_dataset,reviewed,Canonical city row derived from supplied city/coordinate tables; aliases normalized conservatively.
2989,31,Madukkarai,madukkarai,10.9006591,76.9424838,public_dataset,reviewed,Canonical city row derived from supplied city/coordinate tables; aliases normalized conservatively.
2990,31,Madukkur,madukkur,10.4804798,79.3956721,public_dataset,reviewed,Canonical city row derived from supplied city/coordinate tables; aliases normalized conservatively.
2991,31,Madurai,madurai,9.9261153,78.1140983,public_dataset,reviewed,Canonical city row derived from supplied city/coordinate tables; aliases normalized conservatively.
2992,31,Madurantakam,madurantakam,12.5081836,79.8882285,public_dataset,reviewed,Canonical city row derived from supplied city/coordinate tables; aliases normalized conservatively.
2993,31,Mallapuram,mallapuram,12.0665912,78.2862449,public_dataset,reviewed,Canonical city row derived from supplied city/coordinate tables; aliases normalized conservatively.
2994,31,Mallasamudram,mallasamudram,11.4903306,78.0322292,public_dataset,reviewed,Canonical city row derived from supplied city/coordinate tables; aliases normalized conservatively.
2995,31,Mallur,mallur,11.5541222,78.1348392,public_dataset,reviewed,Canonical city row derived from supplied city/coordinate tables; aliases normalized conservatively.
2996,31,Manali,manali,13.1810602,80.2694192,public_dataset,reviewed,Canonical city row derived from supplied city/coordinate tables; aliases normalized conservatively.
2997,31,Manalurpettai,manalurpettai,12.0079588,79.0876281,public_dataset,reviewed,Canonical city row derived from supplied city/coordinate tables; aliases normalized conservatively.
2998,31,Manamadurai,manamadurai,9.7298259,78.4182769,public_dataset,reviewed,Canonical city row derived from supplied city/coordinate tables; aliases normalized conservatively.
2999,31,Manappakkam,manappakkam,,,public_dataset,reviewed,Canonical city row derived from supplied city/coordinate tables; aliases normalized conservatively.
3000,31,Manapparai,manapparai,10.6082305,78.4231246,public_dataset,reviewed,Canonical city row derived from supplied city/coordinate tables; aliases normalized conservatively.
3001,31,Manavalakurichi,manavalakurichi,8.1768725,77.3007904,public_dataset,reviewed,Canonical city row derived from supplied city/coordinate tables; aliases normalized conservatively.
3002,31,Mandapam,mandapam,9.2827010,79.1526713,public_dataset,reviewed,Canonical city row derived from supplied city/coordinate tables; aliases normalized conservatively.
3003,31,Mangalam,mangalam,10.8969300,79.2944877,public_dataset,reviewed,Canonical city row derived from supplied city/coordinate tables; aliases normalized conservatively.
3004,31,Mannargudi,mannargudi,10.6751410,79.4553714,public_dataset,reviewed,Canonical city row derived from supplied city/coordinate tables; aliases normalized conservatively.
3005,31,Marakkanam,marakkanam,12.1959326,79.9441819,public_dataset,reviewed,Canonical city row derived from supplied city/coordinate tables; aliases normalized conservatively.
3006,31,Marandahalli,marandahalli,12.3879935,78.0034824,public_dataset,reviewed,Canonical city row derived from supplied city/coordinate tables; aliases normalized conservatively.
3007,31,Masinigudi,masinigudi,,,public_dataset,reviewed,Canonical city row derived from supplied city/coordinate tables; aliases normalized conservatively.
3008,31,Mattur,mattur,11.0818479,79.7697115,public_dataset,reviewed,Canonical city row derived from supplied city/coordinate tables; aliases normalized conservatively.
3009,31,Mayiladuthurai,mayiladuthurai,11.1018614,79.6503162,public_dataset,reviewed,Canonical city row derived from supplied city/coordinate tables; aliases normalized conservatively.
3010,31,Melur,melur,10.0858443,78.3560235,public_dataset,reviewed,Canonical city row derived from supplied city/coordinate tables; aliases normalized conservatively.
3011,31,Mettuppalaiyam,mettuppalaiyam,,,public_dataset,reviewed,Canonical city row derived from supplied city/coordinate tables; aliases normalized conservatively.
3012,31,Mettur,mettur,11.7928257,77.8648624,public_dataset,reviewed,Canonical city row derived from supplied city/coordinate tables; aliases normalized conservatively.
3013,31,Minjur,minjur,13.2813398,80.2602441,public_dataset,reviewed,Canonical city row derived from supplied city/coordinate tables; aliases normalized conservatively.
3014,31,Mohanur,mohanur,11.0689318,78.1398608,public_dataset,reviewed,Canonical city row derived from supplied city/coordinate tables; aliases normalized conservatively.
3015,31,Mudukulattur,mudukulattur,9.3444333,78.5155232,public_dataset,reviewed,Canonical city row derived from supplied city/coordinate tables; aliases normalized conservatively.
3016,31,Mulanur,mulanur,10.7947020,77.7111766,public_dataset,reviewed,Canonical city row derived from supplied city/coordinate tables; aliases normalized conservatively.
3017,31,Musiri,musiri,11.0488173,78.5282293,public_dataset,reviewed,Canonical city row derived from supplied city/coordinate tables; aliases normalized conservatively.
3018,31,Muttupet,muttupet,,,public_dataset,reviewed,Canonical city row derived from supplied city/coordinate tables; aliases normalized conservatively.
3019,31,Naduvattam,naduvattam,11.4798876,76.5443764,public_dataset,reviewed,Canonical city row derived from supplied city/coordinate tables; aliases normalized conservatively.
3020,31,Nagapattinam,nagapattinam,10.6026203,79.7619348,public_dataset,reviewed,Canonical city row derived from supplied city/coordinate tables; aliases normalized conservatively.
3021,31,Nagercoil,nagercoil,8.1839904,77.4315437,public_dataset,reviewed,Canonical city row derived from supplied city/coordinate tables; aliases normalized conservatively.
3022,31,Namagiripettai,namagiripettai,11.4556307,78.2681465,public_dataset,reviewed,Canonical city row derived from supplied city/coordinate tables; aliases normalized conservatively.
3023,31,Namakkal,namakkal,11.3033889,78.1186040,public_dataset,reviewed,Canonical city row derived from supplied city/coordinate tables; aliases normalized conservatively.
3024,31,Nambiyur,nambiyur,11.3614838,77.3501984,public_dataset,reviewed,Canonical city row derived from supplied city/coordinate tables; aliases normalized conservatively.
3025,31,Nambutalai,nambutalai,,,public_dataset,reviewed,Canonical city row derived from supplied city/coordinate tables; aliases normalized conservatively.
3026,31,Nandambakkam,nandambakkam,13.0166484,80.1911885,public_dataset,reviewed,Canonical city row derived from supplied city/coordinate tables; aliases normalized conservatively.
3027,31,Nangavalli,nangavalli,11.7609466,77.8916025,public_dataset,reviewed,Canonical city row derived from supplied city/coordinate tables; aliases normalized conservatively.
3028,31,Nangilickondan,nangilickondan,,,public_dataset,reviewed,Canonical city row derived from supplied city/coordinate tables; aliases normalized conservatively.
3029,31,Nanguneri,nanguneri,8.4892568,77.6596709,public_dataset,reviewed,Canonical city row derived from supplied city/coordinate tables; aliases normalized conservatively.
3030,31,Nannilam,nannilam,10.9072394,79.6127723,public_dataset,reviewed,Canonical city row derived from supplied city/coordinate tables; aliases normalized conservatively.
3031,31,Naravarikuppam,naravarikuppam,13.1922676,80.1838490,public_dataset,reviewed,Canonical city row derived from supplied city/coordinate tables; aliases normalized conservatively.
3032,31,Nattam,nattam,11.1350345,79.6983861,public_dataset,reviewed,Canonical city row derived from supplied city/coordinate tables; aliases normalized conservatively.
3033,31,Nattarasankottai,nattarasankottai,10.6697600,79.1688900,public_dataset,reviewed,Canonical city row derived from supplied city/coordinate tables; aliases normalized conservatively.
3034,31,Needamangalam,needamangalam,10.7249596,79.4700426,public_dataset,reviewed,Canonical city row derived from supplied city/coordinate tables; aliases normalized conservatively.
3035,31,Neelankarai,neelankarai,12.9454955,80.2574692,public_dataset,reviewed,Canonical city row derived from supplied city/coordinate tables; aliases normalized conservatively.
3036,31,Negapatam,negapatam,,,public_dataset,reviewed,Canonical city row derived from supplied city/coordinate tables; aliases normalized conservatively.
3037,31,Nellikkuppam,nellikkuppam,11.7756098,79.6716408,public_dataset,reviewed,Canonical city row derived from supplied city/coordinate tables; aliases normalized conservatively.
3038,31,Nilakottai,nilakottai,10.2436869,77.8727360,public_dataset,reviewed,Canonical city row derived from supplied city/coordinate tables; aliases normalized conservatively.
3039,31,Nilgiris,nilgiris,11.4449997,76.6975200,public_dataset,reviewed,Canonical city row derived from supplied city/coordinate tables; aliases normalized conservatively.
3040,31,Odugattur,odugattur,12.7679315,78.8830376,public_dataset,reviewed,Canonical city row derived from supplied city/coordinate tables; aliases normalized conservatively.
3041,31,Omalur,omalur,11.7428538,78.0472667,public_dataset,reviewed,Canonical city row derived from supplied city/coordinate tables; aliases normalized conservatively.
3042,31,Ooty,ooty,11.4126769,76.7030504,public_dataset,reviewed,Canonical city row derived from supplied city/coordinate tables; aliases normalized conservatively.
3043,31,Padmanabhapuram,padmanabhapuram,8.2522582,77.3264881,public_dataset,reviewed,Canonical city row derived from supplied city/coordinate tables; aliases normalized conservatively.
3044,31,Palakkodu,palakkodu,12.2970222,78.0716779,public_dataset,reviewed,Canonical city row derived from supplied city/coordinate tables; aliases normalized conservatively.
3045,31,Palamedu,palamedu,11.4479392,78.0551321,public_dataset,reviewed,Canonical city row derived from supplied city/coordinate tables; aliases normalized conservatively.
3046,31,Palani,palani,10.4511094,77.5154495,public_dataset,reviewed,Canonical city row derived from supplied city/coordinate tables; aliases normalized conservatively.
3047,31,Palavakkam,palavakkam,12.9599900,80.2560268,public_dataset,reviewed,Canonical city row derived from supplied city/coordinate tables; aliases normalized conservatively.
3048,31,Palladam,palladam,10.9708115,77.2817262,public_dataset,reviewed,Canonical city row derived from supplied city/coordinate tables; aliases normalized conservatively.
3049,31,Pallappatti,pallappatti,10.7207852,77.8933239,public_dataset,reviewed,Canonical city row derived from supplied city/coordinate tables; aliases normalized conservatively.
3050,31,Pallattur,pallattur,12.5083556,78.6692762,public_dataset,reviewed,Canonical city row derived from supplied city/coordinate tables; aliases normalized conservatively.
3051,31,Pallavaram,pallavaram,12.9654669,80.1451178,public_dataset,reviewed,Canonical city row derived from supplied city/coordinate tables; aliases normalized conservatively.
3052,31,Pallikondai,pallikondai,12.8731545,78.9512827,public_dataset,reviewed,Canonical city row derived from supplied city/coordinate tables; aliases normalized conservatively.
3053,31,Pallipattu,pallipattu,13.3370832,79.4408239,public_dataset,reviewed,Canonical city row derived from supplied city/coordinate tables; aliases normalized conservatively.
3054,31,Pallippatti,pallippatti,,,public_dataset,reviewed,Canonical city row derived from supplied city/coordinate tables; aliases normalized conservatively.
3055,31,Panruti,panruti,11.7722823,79.5518978,public_dataset,reviewed,Canonical city row derived from supplied city/coordinate tables; aliases normalized conservatively.
3056,31,Papanasam,papanasam,10.8604181,79.2358160,public_dataset,reviewed,Canonical city row derived from supplied city/coordinate tables; aliases normalized conservatively.
3057,31,Papireddippatti,papireddippatti,,,public_dataset,reviewed,Canonical city row derived from supplied city/coordinate tables; aliases normalized conservatively.
3058,31,Papparappatti,papparappatti,12.2206918,78.0599044,public_dataset,reviewed,Canonical city row derived from supplied city/coordinate tables; aliases normalized conservatively.
3059,31,Paramagudi,paramagudi,,,public_dataset,reviewed,Canonical city row derived from supplied city/coordinate tables; aliases normalized conservatively.
3060,31,Pattukkottai,pattukkottai,10.4162901,79.3205603,public_dataset,reviewed,Canonical city row derived from supplied city/coordinate tables; aliases normalized conservatively.
3061,31,Pennadam,pennadam,11.4028109,79.2416716,public_dataset,reviewed,Canonical city row derived from supplied city/coordinate tables; aliases normalized conservatively.
3062,31,Pennagaram,pennagaram,12.1125277,77.8677247,public_dataset,reviewed,Canonical city row derived from supplied city/coordinate tables; aliases normalized conservatively.
3063,31,Pennathur,pennathur,12.8380301,79.1276944,public_dataset,reviewed,Canonical city row derived from supplied city/coordinate tables; aliases normalized conservatively.
3064,31,Peraiyur,peraiyur,9.7481573,77.7386550,public_dataset,reviewed,Canonical city row derived from supplied city/coordinate tables; aliases normalized conservatively.
3065,31,Perambalur,perambalur,11.2902641,78.9300404,public_dataset,reviewed,Canonical city row derived from supplied city/coordinate tables; aliases normalized conservatively.
3066,31,Peranamallur,peranamallur,12.5650600,79.4351110,public_dataset,reviewed,Canonical city row derived from supplied city/coordinate tables; aliases normalized conservatively.
3067,31,Peranampattu,peranampattu,,,public_dataset,reviewed,Canonical city row derived from supplied city/coordinate tables; aliases normalized conservatively.
3068,31,Peravurani,peravurani,10.2857334,79.2006507,public_dataset,reviewed,Canonical city row derived from supplied city/coordinate tables; aliases normalized conservatively.
3069,31,Periyakulam,periyakulam,10.1198663,77.5467069,public_dataset,reviewed,Canonical city row derived from supplied city/coordinate tables; aliases normalized conservatively.
3070,31,Periyanayakkanpalaiyam,periyanayakkanpalaiyam,,,public_dataset,reviewed,Canonical city row derived from supplied city/coordinate tables; aliases normalized conservatively.
3071,31,Periyanegamam,periyanegamam,,,public_dataset,reviewed,Canonical city row derived from supplied city/coordinate tables; aliases normalized conservatively.
3072,31,Periyapatti,periyapatti,11.2159662,78.1470787,public_dataset,reviewed,Canonical city row derived from supplied city/coordinate tables; aliases normalized conservatively.
3073,31,Periyapattinam,periyapattinam,9.3003944,78.9233482,public_dataset,reviewed,Canonical city row derived from supplied city/coordinate tables; aliases normalized conservatively.
3074,31,Perundurai,perundurai,11.2539029,77.6288316,public_dataset,reviewed,Canonical city row derived from supplied city/coordinate tables; aliases normalized conservatively.
3075,31,Perungudi,perungudi,12.9710239,80.2418051,public_dataset,reviewed,Canonical city row derived from supplied city/coordinate tables; aliases normalized conservatively.
3076,31,Perur,perur,10.9764060,76.9141784,public_dataset,reviewed,Canonical city row derived from supplied city/coordinate tables; aliases normalized conservatively.
3077,31,Pollachi,pollachi,10.6588234,77.0087300,public_dataset,reviewed,Canonical city row derived from supplied city/coordinate tables; aliases normalized conservatively.
3078,31,Polur,polur,12.5937689,79.1385342,public_dataset,reviewed,Canonical city row derived from supplied city/coordinate tables; aliases normalized conservatively.
3079,31,Ponnamaravati,ponnamaravati,10.2756807,78.5402958,public_dataset,reviewed,Canonical city row derived from supplied city/coordinate tables; aliases normalized conservatively.
3080,31,Ponneri,ponneri,13.3710903,80.2428419,public_dataset,reviewed,Canonical city row derived from supplied city/coordinate tables; aliases normalized conservatively.
3081,31,Poonamalle,poonamalle,13.0202886,80.2024916,public_dataset,reviewed,Canonical city row derived from supplied city/coordinate tables; aliases normalized conservatively.
3082,31,Porur,porur,13.0320131,80.1583040,public_dataset,reviewed,Canonical city row derived from supplied city/coordinate tables; aliases normalized conservatively.
3083,31,Pudukkottai,pudukkottai,10.2903072,78.8173617,public_dataset,reviewed,Canonical city row derived from supplied city/coordinate tables; aliases normalized conservatively.
3084,31,Puduppatti,puduppatti,10.5007982,79.1010046,public_dataset,reviewed,Canonical city row derived from supplied city/coordinate tables; aliases normalized conservatively.
3085,31,Pudur,pudur,13.1298206,80.1592132,public_dataset,reviewed,Canonical city row derived from supplied city/coordinate tables; aliases normalized conservatively.
3086,31,Puduvayal,puduvayal,10.5389099,79.1033864,public_dataset,reviewed,Canonical city row derived from supplied city/coordinate tables; aliases normalized conservatively.
3087,31,Puliyangudi,puliyangudi,9.1756002,77.3966381,public_dataset,reviewed,Canonical city row derived from supplied city/coordinate tables; aliases normalized conservatively.
3088,31,Puliyur,puliyur,10.9390749,78.1449307,public_dataset,reviewed,Canonical city row derived from supplied city/coordinate tables; aliases normalized conservatively.
3089,31,Pullambadi,pullambadi,10.9400879,78.9078938,public_dataset,reviewed,Canonical city row derived from supplied city/coordinate tables; aliases normalized conservatively.
3090,31,Punjai Puliyampatti,punjai puliyampatti,,,public_dataset,reviewed,Canonical city row derived from supplied city/coordinate tables; aliases normalized conservatively.
3091,31,Rajapalaiyam,rajapalaiyam,9.4522179,77.5607781,public_dataset,reviewed,Canonical city row derived from supplied city/coordinate tables; aliases normalized conservatively.
3092,31,Ramanathapuram,ramanathapuram,9.5205576,78.5184635,public_dataset,reviewed,Canonical city row derived from supplied city/coordinate tables; aliases normalized conservatively.
3093,31,Rameswaram,rameswaram,9.2844657,79.3125553,public_dataset,reviewed,Canonical city row derived from supplied city/coordinate tables; aliases normalized conservatively.
3094,31,Ranipet,ranipet,12.9186243,79.4081921,public_dataset,reviewed,Canonical city row derived from supplied city/coordinate tables; aliases normalized conservatively.
3095,31,Rasipuram,rasipuram,11.4537338,78.1784576,public_dataset,reviewed,Canonical city row derived from supplied city/coordinate tables; aliases normalized conservatively.
3096,31,Saint Thomas Mount,saint thomas mount,12.9950000,80.1985820,public_dataset,reviewed,Canonical city row derived from supplied city/coordinate tables; aliases normalized conservatively.
3097,31,Salem,salem,11.6469616,78.2106958,public_dataset,reviewed,Canonical city row derived from supplied city/coordinate tables; aliases normalized conservatively.
3098,31,Sathankulam,sathankulam,8.4448020,77.9054761,public_dataset,reviewed,Canonical city row derived from supplied city/coordinate tables; aliases normalized conservatively.
3099,31,Sathyamangalam,sathyamangalam,11.5523741,77.2653758,public_dataset,reviewed,Canonical city row derived from supplied city/coordinate tables; aliases normalized conservatively.
3100,31,Sattur,sattur,9.3226760,77.9418465,public_dataset,reviewed,Canonical city row derived from supplied city/coordinate tables; aliases normalized conservatively.
3101,31,Sayalkudi,sayalkudi,9.1693970,78.4454258,public_dataset,reviewed,Canonical city row derived from supplied city/coordinate tables; aliases normalized conservatively.
3102,31,Seven Pagodas,seven pagodas,,,public_dataset,reviewed,Canonical city row derived from supplied city/coordinate tables; aliases normalized conservatively.
3103,31,Sholinghur,sholinghur,13.1151925,79.4231084,public_dataset,reviewed,Canonical city row derived from supplied city/coordinate tables; aliases normalized conservatively.
3104,31,Singanallur,singanallur,11.0124691,77.0391191,public_dataset,reviewed,Canonical city row derived from supplied city/coordinate tables; aliases normalized conservatively.
3105,31,Singapperumalkovil,singapperumalkovil,,,public_dataset,reviewed,Canonical city row derived from supplied city/coordinate tables; aliases normalized conservatively.
3106,31,Sirkazhi,sirkazhi,11.2377794,79.7395752,public_dataset,reviewed,Canonical city row derived from supplied city/coordinate tables; aliases normalized conservatively.
3107,31,Sirumugai,sirumugai,11.3182280,77.0066500,public_dataset,reviewed,Canonical city row derived from supplied city/coordinate tables; aliases normalized conservatively.
3108,31,Sivaganga,sivaganga,9.8486881,78.4870461,public_dataset,reviewed,Canonical city row derived from supplied city/coordinate tables; aliases normalized conservatively.
3109,31,Sivagiri,sivagiri,9.2737824,77.3790872,public_dataset,reviewed,Canonical city row derived from supplied city/coordinate tables; aliases normalized conservatively.
3110,31,Sivakasi,sivakasi,9.4627995,77.7891013,public_dataset,reviewed,Canonical city row derived from supplied city/coordinate tables; aliases normalized conservatively.
3111,31,Srimushnam,srimushnam,11.3984017,79.4634265,public_dataset,reviewed,Canonical city row derived from supplied city/coordinate tables; aliases normalized conservatively.
3112,31,Sriperumbudur,sriperumbudur,12.9666144,79.9458077,public_dataset,reviewed,Canonical city row derived from supplied city/coordinate tables; aliases normalized conservatively.
3113,31,Srivaikuntam,srivaikuntam,8.6961851,77.9022414,public_dataset,reviewed,Canonical city row derived from supplied city/coordinate tables; aliases normalized conservatively.
3114,31,Srivilliputhur,srivilliputhur,9.5601364,77.6091287,public_dataset,reviewed,Canonical city row derived from supplied city/coordinate tables; aliases normalized conservatively.
3115,31,Suchindram,suchindram,8.1561337,77.4659904,public_dataset,reviewed,Canonical city row derived from supplied city/coordinate tables; aliases normalized conservatively.
3116,31,Sulur,sulur,10.9890536,77.1014971,public_dataset,reviewed,Canonical city row derived from supplied city/coordinate tables; aliases normalized conservatively.
3117,31,Surandai,surandai,8.9777777,77.4200728,public_dataset,reviewed,Canonical city row derived from supplied city/coordinate tables; aliases normalized conservatively.
3118,31,Swamimalai,swamimalai,10.9566860,79.3260401,public_dataset,reviewed,Canonical city row derived from supplied city/coordinate tables; aliases normalized conservatively.
3119,31,Tambaram,tambaram,12.9257923,80.1179194,public_dataset,reviewed,Canonical city row derived from supplied city/coordinate tables; aliases normalized conservatively.
3120,31,Tanjore,tanjore,10.7860267,79.1381497,public_dataset,reviewed,Canonical city row derived from supplied city/coordinate tables; aliases normalized conservatively.
3121,31,Taramangalam,taramangalam,11.6934348,77.9696166,public_dataset,reviewed,Canonical city row derived from supplied city/coordinate tables; aliases normalized conservatively.
3122,31,Tattayyangarpettai,tattayyangarpettai,,,public_dataset,reviewed,Canonical city row derived from supplied city/coordinate tables; aliases normalized conservatively.
3123,31,Thanjavur,thanjavur,10.6590370,79.2014278,public_dataset,reviewed,Canonical city row derived from supplied city/coordinate tables; aliases normalized conservatively.
3124,31,Tharangambadi,tharangambadi,11.0299290,79.8521960,public_dataset,reviewed,Canonical city row derived from supplied city/coordinate tables; aliases normalized conservatively.
3125,31,Theni,theni,9.8692558,77.4222974,public_dataset,reviewed,Canonical city row derived from supplied city/coordinate tables; aliases normalized conservatively.
3126,31,Thenkasi,thenkasi,10.5459976,79.5972817,public_dataset,reviewed,Canonical city row derived from supplied city/coordinate tables; aliases normalized conservatively.
3127,31,Thirukattupalli,thirukattupalli,10.7995759,78.9767742,public_dataset,reviewed,Canonical city row derived from supplied city/coordinate tables; aliases normalized conservatively.
3128,31,Thiruthani,thiruthani,13.1744259,79.6062584,public_dataset,reviewed,Canonical city row derived from supplied city/coordinate tables; aliases normalized conservatively.
3129,31,Thiruvaiyaru,thiruvaiyaru,10.8797198,79.1039298,public_dataset,reviewed,Canonical city row derived from supplied city/coordinate tables; aliases normalized conservatively.
3130,31,Thiruvallur,thiruvallur,13.2537619,80.0562572,public_dataset,reviewed,Canonical city row derived from supplied city/coordinate tables; aliases normalized conservatively.
3131,31,Thiruvarur,thiruvarur,10.6878621,79.4979437,public_dataset,reviewed,Canonical city row derived from supplied city/coordinate tables; aliases normalized conservatively.
3132,31,Thiruvidaimaruthur,thiruvidaimaruthur,10.5761516,79.6994466,public_dataset,reviewed,Canonical city row derived from supplied city/coordinate tables; aliases normalized conservatively.
3133,31,Thoothukudi,thoothukudi,8.8457035,77.9938178,public_dataset,reviewed,Canonical city row derived from supplied city/coordinate tables; aliases normalized conservatively.
3134,31,Tindivanam,tindivanam,12.2261678,79.6515049,public_dataset,reviewed,Canonical city row derived from supplied city/coordinate tables; aliases normalized conservatively.
3135,31,Tinnanur,tinnanur,11.0499650,78.6377763,public_dataset,reviewed,Canonical city row derived from supplied city/coordinate tables; aliases normalized conservatively.
3136,31,Tiruchchendur,tiruchchendur,,,public_dataset,reviewed,Canonical city row derived from supplied city/coordinate tables; aliases normalized conservatively.
3137,31,Tiruchengode,tiruchengode,11.3786608,77.8949223,public_dataset,reviewed,Canonical city row derived from supplied city/coordinate tables; aliases normalized conservatively.
3138,31,Tiruchirappalli,tiruchirappalli,10.8071144,78.6880939,public_dataset,reviewed,Canonical city row derived from supplied city/coordinate tables; aliases normalized conservatively.
3139,31,Tirukkoyilur,tirukkoyilur,11.9637196,79.1501397,public_dataset,reviewed,Canonical city row derived from supplied city/coordinate tables; aliases normalized conservatively.
3140,31,Tirumullaivasal,tirumullaivasal,11.2417391,79.8428846,public_dataset,reviewed,Canonical city row derived from supplied city/coordinate tables; aliases normalized conservatively.
3141,31,Tirunelveli,tirunelveli,8.5495014,77.5805178,public_dataset,reviewed,Canonical city row derived from supplied city/coordinate tables; aliases normalized conservatively.
3142,31,Tirunelveli Kattabo,tirunelveli kattabo,,,public_dataset,reviewed,Canonical city row derived from supplied city/coordinate tables; aliases normalized conservatively.
3143,31,Tiruppalaikudi,tiruppalaikudi,,,public_dataset,reviewed,Canonical city row derived from supplied city/coordinate tables; aliases normalized conservatively.
3144,31,Tirupparangunram,tirupparangunram,,,public_dataset,reviewed,Canonical city row derived from supplied city/coordinate tables; aliases normalized conservatively.
3145,31,Tiruppur,tiruppur,10.7915267,77.5325466,public_dataset,reviewed,Canonical city row derived from supplied city/coordinate tables; aliases normalized conservatively.
3146,31,Tiruppuvanam,tiruppuvanam,9.8278532,78.2554704,public_dataset,reviewed,Canonical city row derived from supplied city/coordinate tables; aliases normalized conservatively.
3147,31,Tiruttangal,tiruttangal,9.4774124,77.8108549,public_dataset,reviewed,Canonical city row derived from supplied city/coordinate tables; aliases normalized conservatively.
3148,31,Tiruvannamalai,tiruvannamalai,12.4289282,78.9991500,public_dataset,reviewed,Canonical city row derived from supplied city/coordinate tables; aliases normalized conservatively.
3149,31,Tiruvottiyur,tiruvottiyur,13.1565668,80.3006508,public_dataset,reviewed,Canonical city row derived from supplied city/coordinate tables; aliases normalized conservatively.
3150,31,Tisaiyanvilai,tisaiyanvilai,8.3995443,77.8752581,public_dataset,reviewed,Canonical city row derived from supplied city/coordinate tables; aliases normalized conservatively.
3151,31,Tondi,tondi,9.9644359,77.7622956,public_dataset,reviewed,Canonical city row derived from supplied city/coordinate tables; aliases normalized conservatively.
3152,31,Turaiyur,turaiyur,11.2211525,79.7133422,public_dataset,reviewed,Canonical city row derived from supplied city/coordinate tables; aliases normalized conservatively.
3153,31,Udangudi,udangudi,8.4285429,78.0263978,public_dataset,reviewed,Canonical city row derived from supplied city/coordinate tables; aliases normalized conservatively.
3154,31,Udumalaippettai,udumalaippettai,10.5855700,77.2493199,public_dataset,reviewed,Canonical city row derived from supplied city/coordinate tables; aliases normalized conservatively.
3155,31,Uppiliyapuram,uppiliyapuram,,,public_dataset,reviewed,Canonical city row derived from supplied city/coordinate tables; aliases normalized conservatively.
3156,31,Usilampatti,usilampatti,9.9706372,77.7939864,public_dataset,reviewed,Canonical city row derived from supplied city/coordinate tables; aliases normalized conservatively.
3157,31,Uttamapalaiyam,uttamapalaiyam,9.8023309,77.3277938,public_dataset,reviewed,Canonical city row derived from supplied city/coordinate tables; aliases normalized conservatively.
3158,31,Uttiramerur,uttiramerur,12.6170456,79.7598496,public_dataset,reviewed,Canonical city row derived from supplied city/coordinate tables; aliases normalized conservatively.
3159,31,Uttukkuli,uttukkuli,,,public_dataset,reviewed,Canonical city row derived from supplied city/coordinate tables; aliases normalized conservatively.
3160,31,V.S.K.Valasai (Dindigul-Dist.),v s k valasai dindigul dist,10.3154562,78.1517339,public_dataset,reviewed,Canonical city row derived from supplied city/coordinate tables; aliases normalized conservatively.
3161,31,Vadakku Valliyur,vadakku valliyur,,,public_dataset,reviewed,Canonical city row derived from supplied city/coordinate tables; aliases normalized conservatively.
3162,31,Vadakku Viravanallur,vadakku viravanallur,,,public_dataset,reviewed,Canonical city row derived from supplied city/coordinate tables; aliases normalized conservatively.
3163,31,Vadamadurai,vadamadurai,10.4409616,78.1008154,public_dataset,reviewed,Canonical city row derived from supplied city/coordinate tables; aliases normalized conservatively.
3164,31,Vadippatti,vadippatti,10.0861726,77.9460443,public_dataset,reviewed,Canonical city row derived from supplied city/coordinate tables; aliases normalized conservatively.
3165,31,Valangaiman,valangaiman,10.8561507,79.3570411,public_dataset,reviewed,Canonical city row derived from supplied city/coordinate tables; aliases normalized conservatively.
3166,31,Valavanur,valavanur,10.8654862,78.7620377,public_dataset,reviewed,Canonical city row derived from supplied city/coordinate tables; aliases normalized conservatively.
3167,31,Vallam,vallam,10.7188244,79.0613163,public_dataset,reviewed,Canonical city row derived from supplied city/coordinate tables; aliases normalized conservatively.
3168,31,Valparai,valparai,10.3279931,76.9557258,public_dataset,reviewed,Canonical city row derived from supplied city/coordinate tables; aliases normalized conservatively.
3169,31,Vandalur,vandalur,12.8921486,80.0829603,public_dataset,reviewed,Canonical city row derived from supplied city/coordinate tables; aliases normalized conservatively.
3170,31,Vandavasi,vandavasi,12.5056013,79.6049607,public_dataset,reviewed,Canonical city row derived from supplied city/coordinate tables; aliases normalized conservatively.
3171,31,Vaniyambadi,vaniyambadi,12.6787174,78.6199879,public_dataset,reviewed,Canonical city row derived from supplied city/coordinate tables; aliases normalized conservatively.
3172,31,Vasudevanallur,vasudevanallur,9.2419874,77.4101161,public_dataset,reviewed,Canonical city row derived from supplied city/coordinate tables; aliases normalized conservatively.
3173,31,Vattalkundu,vattalkundu,,,public_dataset,reviewed,Canonical city row derived from supplied city/coordinate tables; aliases normalized conservatively.
3174,31,Vedaraniyam,vedaraniyam,,,public_dataset,reviewed,Canonical city row derived from supplied city/coordinate tables; aliases normalized conservatively.
3175,31,Vedasandur,vedasandur,10.5990268,78.0016771,public_dataset,reviewed,Canonical city row derived from supplied city/coordinate tables; aliases normalized conservatively.
3176,31,Velankanni,velankanni,10.6868771,79.8461807,public_dataset,reviewed,Canonical city row derived from supplied city/coordinate tables; aliases normalized conservatively.
3177,31,Vellanur,vellanur,10.4548954,78.7971210,public_dataset,reviewed,Canonical city row derived from supplied city/coordinate tables; aliases normalized conservatively.
3178,31,Vellore,vellore,12.9021849,79.0611040,public_dataset,reviewed,Canonical city row derived from supplied city/coordinate tables; aliases normalized conservatively.
3179,31,Velur,velur,11.0551141,79.6709955,public_dataset,reviewed,Canonical city row derived from supplied city/coordinate tables; aliases normalized conservatively.
3180,31,Vengavasal,vengavasal,,,public_dataset,reviewed,Canonical city row derived from supplied city/coordinate tables; aliases normalized conservatively.
3181,31,Vettaikkaranpudur,vettaikkaranpudur,,,public_dataset,reviewed,Canonical city row derived from supplied city/coordinate tables; aliases normalized conservatively.
3182,31,Vettavalam,vettavalam,12.1102546,79.2454016,public_dataset,reviewed,Canonical city row derived from supplied city/coordinate tables; aliases normalized conservatively.
3183,31,Vijayapuri,vijayapuri,,,public_dataset,reviewed,Canonical city row derived from supplied city/coordinate tables; aliases normalized conservatively.
3184,31,Vikravandi,vikravandi,12.0473092,79.4475687,public_dataset,reviewed,Canonical city row derived from supplied city/coordinate tables; aliases normalized conservatively.
3185,31,Vilattikulam,vilattikulam,9.1309280,78.1673160,public_dataset,reviewed,Canonical city row derived from supplied city/coordinate tables; aliases normalized conservatively.
3186,31,Villupuram,villupuram,11.9398285,79.4945645,public_dataset,reviewed,Canonical city row derived from supplied city/coordinate tables; aliases normalized conservatively.
3187,31,Viraganur,viraganur,9.9005203,78.1628420,public_dataset,reviewed,Canonical city row derived from supplied city/coordinate tables; aliases normalized conservatively.
3188,31,Virudhunagar,virudhunagar,9.4926289,77.8631831,public_dataset,reviewed,Canonical city row derived from supplied city/coordinate tables; aliases normalized conservatively.
3189,31,Vriddhachalam,vriddhachalam,11.5333359,79.3165229,public_dataset,reviewed,Canonical city row derived from supplied city/coordinate tables; aliases normalized conservatively.
3190,31,Walajapet,walajapet,12.9254734,79.3637892,public_dataset,reviewed,Canonical city row derived from supplied city/coordinate tables; aliases normalized conservatively.
3191,31,Wallajahbad,wallajahbad,12.7916021,79.8180065,public_dataset,reviewed,Canonical city row derived from supplied city/coordinate tables; aliases normalized conservatively.
3192,31,Wellington,wellington,11.3560782,76.7861039,public_dataset,reviewed,Canonical city row derived from supplied city/coordinate tables; aliases normalized conservatively.
3193,32,Adilabad,adilabad,19.6759452,78.5339895,public_dataset,reviewed,Canonical city row derived from supplied city/coordinate tables; aliases normalized conservatively.
3194,32,Alampur,alampur,15.8799583,78.1350753,public_dataset,reviewed,Canonical city row derived from supplied city/coordinate tables; aliases normalized conservatively.
3195,32,Andol,andol,,,public_dataset,reviewed,Canonical city row derived from supplied city/coordinate tables; aliases normalized conservatively.
3196,32,Asifabad,asifabad,19.3593461,79.2960404,public_dataset,reviewed,Canonical city row derived from supplied city/coordinate tables; aliases normalized conservatively.
3197,32,Balapur,balapur,17.3096061,78.4999427,public_dataset,reviewed,Canonical city row derived from supplied city/coordinate tables; aliases normalized conservatively.
3198,32,Banswada,banswada,18.3821084,77.8763494,public_dataset,reviewed,Canonical city row derived from supplied city/coordinate tables; aliases normalized conservatively.
3199,32,Bellampalli,bellampalli,19.0639032,79.4873121,public_dataset,reviewed,Canonical city row derived from supplied city/coordinate tables; aliases normalized conservatively.
3200,32,Bhadrachalam,bhadrachalam,17.6688019,80.8940083,public_dataset,reviewed,Canonical city row derived from supplied city/coordinate tables; aliases normalized conservatively.
3201,32,Bhadradri Kothagudem,bhadradri kothagudem,17.7166633,80.5712609,public_dataset,reviewed,Canonical city row derived from supplied city/coordinate tables; aliases normalized conservatively.
3202,32,Bhaisa,bhaisa,,,public_dataset,reviewed,Canonical city row derived from supplied city/coordinate tables; aliases normalized conservatively.
3203,32,Bhongir,bhongir,17.5172789,78.8863383,public_dataset,reviewed,Canonical city row derived from supplied city/coordinate tables; aliases normalized conservatively.
3204,32,Bodhan,bodhan,18.6536941,77.8936802,public_dataset,reviewed,Canonical city row derived from supplied city/coordinate tables; aliases normalized conservatively.
3205,32,Chandur,chandur,18.5439600,77.9834473,public_dataset,reviewed,Canonical city row derived from supplied city/coordinate tables; aliases normalized conservatively.
3206,32,Chatakonda,chatakonda,,,public_dataset,reviewed,Canonical city row derived from supplied city/coordinate tables; aliases normalized conservatively.
3207,32,Dasnapur,dasnapur,19.4476182,78.6124131,public_dataset,reviewed,Canonical city row derived from supplied city/coordinate tables; aliases normalized conservatively.
3208,32,Devarkonda,devarkonda,17.4255294,78.4444410,public_dataset,reviewed,Canonical city row derived from supplied city/coordinate tables; aliases normalized conservatively.
3209,32,Dornakal,dornakal,17.4419208,80.1516156,public_dataset,reviewed,Canonical city row derived from supplied city/coordinate tables; aliases normalized conservatively.
3210,32,Farrukhnagar,farrukhnagar,28.4672250,76.8253658,public_dataset,reviewed,Canonical city row derived from supplied city/coordinate tables; aliases normalized conservatively.
3211,32,Gaddi Annaram,gaddi annaram,17.3916207,78.5600446,public_dataset,reviewed,Canonical city row derived from supplied city/coordinate tables; aliases normalized conservatively.
3212,32,Gadwal,gadwal,16.2347032,77.7946371,public_dataset,reviewed,Canonical city row derived from supplied city/coordinate tables; aliases normalized conservatively.
3213,32,Ghatkesar,ghatkesar,17.4510837,78.6843022,public_dataset,reviewed,Canonical city row derived from supplied city/coordinate tables; aliases normalized conservatively.
3214,32,Gopalur,gopalur,,,public_dataset,reviewed,Canonical city row derived from supplied city/coordinate tables; aliases normalized conservatively.
3215,32,Gudur,gudur,17.4918219,78.8235393,public_dataset,reviewed,Canonical city row derived from supplied city/coordinate tables; aliases normalized conservatively.
3216,32,Hyderabad,hyderabad,17.3605890,78.4740613,public_dataset,reviewed,Canonical city row derived from supplied city/coordinate tables; aliases normalized conservatively.
3217,32,Jagtial,jagtial,18.8213590,78.9150663,public_dataset,reviewed,Canonical city row derived from supplied city/coordinate tables; aliases normalized conservatively.
3218,32,Jangaon,jangaon,17.7465843,79.2407218,public_dataset,reviewed,Canonical city row derived from supplied city/coordinate tables; aliases normalized conservatively.
3219,32,Jangoan,jangoan,17.7557919,79.1323896,public_dataset,reviewed,Canonical city row derived from supplied city/coordinate tables; aliases normalized conservatively.
3220,32,Jayashankar Bhupalapally,jayashankar bhupalapally,18.5159872,79.9693966,public_dataset,reviewed,Canonical city row derived from supplied city/coordinate tables; aliases normalized conservatively.
3221,32,Jogulamba Gadwal,jogulamba gadwal,16.0999202,77.7341584,public_dataset,reviewed,Canonical city row derived from supplied city/coordinate tables; aliases normalized conservatively.
3222,32,Kagaznagar,kagaznagar,19.3465635,79.4899890,public_dataset,reviewed,Canonical city row derived from supplied city/coordinate tables; aliases normalized conservatively.
3223,32,Kamareddi,kamareddi,18.3251997,78.3358113,public_dataset,reviewed,Canonical city row derived from supplied city/coordinate tables; aliases normalized conservatively.
3224,32,Kamareddy,kamareddy,18.3165510,78.0539381,public_dataset,reviewed,Canonical city row derived from supplied city/coordinate tables; aliases normalized conservatively.
3225,32,Karimnagar,karimnagar,18.4348122,79.1328042,public_dataset,reviewed,Canonical city row derived from supplied city/coordinate tables; aliases normalized conservatively.
3226,32,Khammam,khammam,17.2465351,80.1500326,public_dataset,reviewed,Canonical city row derived from supplied city/coordinate tables; aliases normalized conservatively.
3227,32,Kodar,kodar,,,public_dataset,reviewed,Canonical city row derived from supplied city/coordinate tables; aliases normalized conservatively.
3228,32,Koratla,koratla,19.6626980,78.5275350,public_dataset,reviewed,Canonical city row derived from supplied city/coordinate tables; aliases normalized conservatively.
3229,32,Kothapet,kothapet,18.0271389,79.6531104,public_dataset,reviewed,Canonical city row derived from supplied city/coordinate tables; aliases normalized conservatively.
3230,32,Kottagudem,kottagudem,18.3992512,78.5035421,public_dataset,reviewed,Canonical city row derived from supplied city/coordinate tables; aliases normalized conservatively.
3231,32,Kottapalli,kottapalli,18.5398806,79.4035997,public_dataset,reviewed,Canonical city row derived from supplied city/coordinate tables; aliases normalized conservatively.
3232,32,Kukatpalli,kukatpalli,17.4820942,78.4145010,public_dataset,reviewed,Canonical city row derived from supplied city/coordinate tables; aliases normalized conservatively.
3233,32,Kyathampalle,kyathampalle,17.9520284,79.3822016,public_dataset,reviewed,Canonical city row derived from supplied city/coordinate tables; aliases normalized conservatively.
3234,32,Lakshettipet,lakshettipet,18.8923573,79.2060607,public_dataset,reviewed,Canonical city row derived from supplied city/coordinate tables; aliases normalized conservatively.
3235,32,Lal Bahadur Nagar,lal bahadur nagar,17.4785396,78.4858642,public_dataset,reviewed,Canonical city row derived from supplied city/coordinate tables; aliases normalized conservatively.
3236,32,Mahabubabad,mahabubabad,17.7138983,80.0413425,public_dataset,reviewed,Canonical city row derived from supplied city/coordinate tables; aliases normalized conservatively.
3237,32,Mahbubnagar,mahbubnagar,16.7434538,77.9923191,public_dataset,reviewed,Canonical city row derived from supplied city/coordinate tables; aliases normalized conservatively.
3238,32,Malkajgiri,malkajgiri,17.4511764,78.5368997,public_dataset,reviewed,Canonical city row derived from supplied city/coordinate tables; aliases normalized conservatively.
3239,32,Mancheral,mancheral,,,public_dataset,reviewed,Canonical city row derived from supplied city/coordinate tables; aliases normalized conservatively.
3240,32,Mandamarri,mandamarri,18.9541568,79.4877933,public_dataset,reviewed,Canonical city row derived from supplied city/coordinate tables; aliases normalized conservatively.
3241,32,Manthani,manthani,18.6512469,79.6657710,public_dataset,reviewed,Canonical city row derived from supplied city/coordinate tables; aliases normalized conservatively.
3242,32,Manuguru,manuguru,17.9383442,80.8179917,public_dataset,reviewed,Canonical city row derived from supplied city/coordinate tables; aliases normalized conservatively.
3243,32,Medak,medak,17.9375095,78.2117450,public_dataset,reviewed,Canonical city row derived from supplied city/coordinate tables; aliases normalized conservatively.
3244,32,Medchal,medchal,17.6339929,78.4843146,public_dataset,reviewed,Canonical city row derived from supplied city/coordinate tables; aliases normalized conservatively.
3245,32,Medchal Malkajgiri,medchal malkajgiri,17.5349835,78.5246387,public_dataset,reviewed,Canonical city row derived from supplied city/coordinate tables; aliases normalized conservatively.
3246,32,Mirialguda,mirialguda,,,public_dataset,reviewed,Canonical city row derived from supplied city/coordinate tables; aliases normalized conservatively.
3247,32,Nagar Karnul,nagar karnul,16.1142374,77.6147711,public_dataset,reviewed,Canonical city row derived from supplied city/coordinate tables; aliases normalized conservatively.
3248,32,Nalgonda,nalgonda,17.0504406,79.2669235,public_dataset,reviewed,Canonical city row derived from supplied city/coordinate tables; aliases normalized conservatively.
3249,32,Narayanpet,narayanpet,16.7005518,77.6164845,public_dataset,reviewed,Canonical city row derived from supplied city/coordinate tables; aliases normalized conservatively.
3250,32,Narsingi,narsingi,17.3915187,78.3598924,public_dataset,reviewed,Canonical city row derived from supplied city/coordinate tables; aliases normalized conservatively.
3251,32,Naspur,naspur,18.8733160,79.4999242,public_dataset,reviewed,Canonical city row derived from supplied city/coordinate tables; aliases normalized conservatively.
3252,32,Nirmal,nirmal,19.0915210,78.3966090,public_dataset,reviewed,Canonical city row derived from supplied city/coordinate tables; aliases normalized conservatively.
3253,32,Nizamabad,nizamabad,26.0553180,82.9931387,public_dataset,reviewed,Canonical city row derived from supplied city/coordinate tables; aliases normalized conservatively.
3254,32,Paloncha,paloncha,17.5743048,80.6659497,public_dataset,reviewed,Canonical city row derived from supplied city/coordinate tables; aliases normalized conservatively.
3255,32,Palwancha,palwancha,17.5976713,80.7057072,public_dataset,reviewed,Canonical city row derived from supplied city/coordinate tables; aliases normalized conservatively.
3256,32,Patancheru,patancheru,17.5286092,78.2674254,public_dataset,reviewed,Canonical city row derived from supplied city/coordinate tables; aliases normalized conservatively.
3257,32,Peddapalli,peddapalli,18.6206531,79.4950171,public_dataset,reviewed,Canonical city row derived from supplied city/coordinate tables; aliases normalized conservatively.
3258,32,Quthbullapur,quthbullapur,17.2356174,78.0285618,public_dataset,reviewed,Canonical city row derived from supplied city/coordinate tables; aliases normalized conservatively.
3259,32,Rajanna Sircilla,rajanna sircilla,18.4521160,78.7645584,public_dataset,reviewed,Canonical city row derived from supplied city/coordinate tables; aliases normalized conservatively.
3260,32,Ramagundam,ramagundam,18.7615156,79.4787848,public_dataset,reviewed,Canonical city row derived from supplied city/coordinate tables; aliases normalized conservatively.
3261,32,Ramgundam,ramgundam,18.7640920,79.4740071,public_dataset,reviewed,Canonical city row derived from supplied city/coordinate tables; aliases normalized conservatively.
3262,32,Rangareddi,rangareddi,,,public_dataset,reviewed,Canonical city row derived from supplied city/coordinate tables; aliases normalized conservatively.
3263,32,Sadaseopet,sadaseopet,,,public_dataset,reviewed,Canonical city row derived from supplied city/coordinate tables; aliases normalized conservatively.
3264,32,Sangareddi,sangareddi,,,public_dataset,reviewed,Canonical city row derived from supplied city/coordinate tables; aliases normalized conservatively.
3265,32,Sathupalli,sathupalli,17.2056415,80.8376867,public_dataset,reviewed,Canonical city row derived from supplied city/coordinate tables; aliases normalized conservatively.
3266,32,Secunderabad,secunderabad,17.4337246,78.5006827,public_dataset,reviewed,Canonical city row derived from supplied city/coordinate tables; aliases normalized conservatively.
3267,32,Serilingampalle,serilingampalle,17.4653297,78.3437434,public_dataset,reviewed,Canonical city row derived from supplied city/coordinate tables; aliases normalized conservatively.
3268,32,Siddipet,siddipet,18.0055851,78.8961130,public_dataset,reviewed,Canonical city row derived from supplied city/coordinate tables; aliases normalized conservatively.
3269,32,Singapur,singapur,18.8219261,79.5014636,public_dataset,reviewed,Canonical city row derived from supplied city/coordinate tables; aliases normalized conservatively.
3270,32,Sirpur,sirpur,19.4782361,79.5720001,public_dataset,reviewed,Canonical city row derived from supplied city/coordinate tables; aliases normalized conservatively.
3271,32,Sirsilla,sirsilla,18.3897573,78.8085973,public_dataset,reviewed,Canonical city row derived from supplied city/coordinate tables; aliases normalized conservatively.
3272,32,Sriramnagar,sriramnagar,19.3451787,79.4760922,public_dataset,reviewed,Canonical city row derived from supplied city/coordinate tables; aliases normalized conservatively.
3273,32,Suriapet,suriapet,,,public_dataset,reviewed,Canonical city row derived from supplied city/coordinate tables; aliases normalized conservatively.
3274,32,Tandur,tandur,17.2509364,77.5841263,public_dataset,reviewed,Canonical city row derived from supplied city/coordinate tables; aliases normalized conservatively.
3275,32,Uppal Kalan,uppal kalan,,,public_dataset,reviewed,Canonical city row derived from supplied city/coordinate tables; aliases normalized conservatively.
3276,32,Vemalwada,vemalwada,,,public_dataset,reviewed,Canonical city row derived from supplied city/coordinate tables; aliases normalized conservatively.
3277,32,Vikarabad,vikarabad,17.2702855,77.7452970,public_dataset,reviewed,Canonical city row derived from supplied city/coordinate tables; aliases normalized conservatively.
3278,32,Wanparti,wanparti,16.3821056,77.8854904,public_dataset,reviewed,Canonical city row derived from supplied city/coordinate tables; aliases normalized conservatively.
3279,32,Warangal,warangal,17.9820644,79.5970954,public_dataset,reviewed,Canonical city row derived from supplied city/coordinate tables; aliases normalized conservatively.
3280,32,Yellandu,yellandu,17.5915639,80.3216885,public_dataset,reviewed,Canonical city row derived from supplied city/coordinate tables; aliases normalized conservatively.
3281,32,Zahirabad,zahirabad,17.6758253,77.6106926,public_dataset,reviewed,Canonical city row derived from supplied city/coordinate tables; aliases normalized conservatively.
3282,33,Agartala,agartala,23.8312377,91.2823821,public_dataset,reviewed,Canonical city row derived from supplied city/coordinate tables; aliases normalized conservatively.
3283,33,Amarpur,amarpur,23.5155013,91.6548554,public_dataset,reviewed,Canonical city row derived from supplied city/coordinate tables; aliases normalized conservatively.
3284,33,Ambasa,ambasa,23.9263272,91.8556111,public_dataset,reviewed,Canonical city row derived from supplied city/coordinate tables; aliases normalized conservatively.
3285,33,Barjala,barjala,,,public_dataset,reviewed,Canonical city row derived from supplied city/coordinate tables; aliases normalized conservatively.
3286,33,Belonia,belonia,23.2182365,91.5199219,public_dataset,reviewed,Canonical city row derived from supplied city/coordinate tables; aliases normalized conservatively.
3287,33,Dhalai,dhalai,23.8253158,91.9732227,public_dataset,reviewed,Canonical city row derived from supplied city/coordinate tables; aliases normalized conservatively.
3288,33,Dharmanagar,dharmanagar,24.4439680,92.2072581,public_dataset,reviewed,Canonical city row derived from supplied city/coordinate tables; aliases normalized conservatively.
3289,33,Gomati,gomati,23.4987407,91.2999111,public_dataset,reviewed,Canonical city row derived from supplied city/coordinate tables; aliases normalized conservatively.
3290,33,Kailashahar,kailashahar,24.2784074,92.0039927,public_dataset,reviewed,Canonical city row derived from supplied city/coordinate tables; aliases normalized conservatively.
3291,33,Kamalpur,kamalpur,24.1005391,91.8392997,public_dataset,reviewed,Canonical city row derived from supplied city/coordinate tables; aliases normalized conservatively.
3292,33,Khowai,khowai,23.9563913,91.6421070,public_dataset,reviewed,Canonical city row derived from supplied city/coordinate tables; aliases normalized conservatively.
3293,33,North Tripura,north tripura,24.0921476,92.2451214,public_dataset,reviewed,Canonical city row derived from supplied city/coordinate tables; aliases normalized conservatively.
3294,33,Ranir Bazar,ranir bazar,,,public_dataset,reviewed,Canonical city row derived from supplied city/coordinate tables; aliases normalized conservatively.
3295,33,Sabrum,sabrum,23.0031179,91.7294043,public_dataset,reviewed,Canonical city row derived from supplied city/coordinate tables; aliases normalized conservatively.
3296,33,Sonamura,sonamura,23.4757939,91.2653482,public_dataset,reviewed,Canonical city row derived from supplied city/coordinate tables; aliases normalized conservatively.
3297,33,South Tripura,south tripura,23.1708278,91.6388170,public_dataset,reviewed,Canonical city row derived from supplied city/coordinate tables; aliases normalized conservatively.
3298,33,Udaipur,udaipur,23.5416162,91.4917593,public_dataset,reviewed,Canonical city row derived from supplied city/coordinate tables; aliases normalized conservatively.
3299,33,Unakoti,unakoti,24.1909849,92.0460483,public_dataset,reviewed,Canonical city row derived from supplied city/coordinate tables; aliases normalized conservatively.
3300,33,West Tripura,west tripura,23.9153329,91.3879341,public_dataset,reviewed,Canonical city row derived from supplied city/coordinate tables; aliases normalized conservatively.
3301,34,Achhnera,achhnera,27.1771454,77.7575072,public_dataset,reviewed,Canonical city row derived from supplied city/coordinate tables; aliases normalized conservatively.
3302,34,Afzalgarh,afzalgarh,29.3563511,78.7287738,public_dataset,reviewed,Canonical city row derived from supplied city/coordinate tables; aliases normalized conservatively.
3303,34,Agra,agra,27.1752554,78.0098161,public_dataset,reviewed,Canonical city row derived from supplied city/coordinate tables; aliases normalized conservatively.
3304,34,Ahraura,ahraura,25.0159366,83.0329811,public_dataset,reviewed,Canonical city row derived from supplied city/coordinate tables; aliases normalized conservatively.
3305,34,Aidalpur,aidalpur,,,public_dataset,reviewed,Canonical city row derived from supplied city/coordinate tables; aliases normalized conservatively.
3306,34,Airwa,airwa,26.9017834,79.4206518,public_dataset,reviewed,Canonical city row derived from supplied city/coordinate tables; aliases normalized conservatively.
3307,34,Akbarpur,akbarpur,26.4200687,82.5382541,public_dataset,reviewed,Canonical city row derived from supplied city/coordinate tables; aliases normalized conservatively.
3308,34,Akola,akola,27.0655004,77.8806166,public_dataset,reviewed,Canonical city row derived from supplied city/coordinate tables; aliases normalized conservatively.
3309,34,Aliganj,aliganj,27.4856878,79.0839208,public_dataset,reviewed,Canonical city row derived from supplied city/coordinate tables; aliases normalized conservatively.
3310,34,Aligarh,aligarh,27.8761073,78.1358153,public_dataset,reviewed,Canonical city row derived from supplied city/coordinate tables; aliases normalized conservatively.
3311,34,Prayagraj,prayagraj,25.4381302,81.8338005,public_dataset,reviewed,Canonical city row derived from supplied city/coordinate tables; aliases normalized conservatively.
3312,34,Allahganj,allahganj,27.5456480,79.6866067,public_dataset,reviewed,Canonical city row derived from supplied city/coordinate tables; aliases normalized conservatively.
3313,34,Amanpur,amanpur,27.7084431,78.7396976,public_dataset,reviewed,Canonical city row derived from supplied city/coordinate tables; aliases normalized conservatively.
3314,34,Amauli,amauli,26.0108887,80.3071263,public_dataset,reviewed,Canonical city row derived from supplied city/coordinate tables; aliases normalized conservatively.
3315,34,Ambahta,ambahta,,,public_dataset,reviewed,Canonical city row derived from supplied city/coordinate tables; aliases normalized conservatively.
3316,34,Ambedkar Nagar,ambedkar nagar,26.4045941,82.6065154,public_dataset,reviewed,Canonical city row derived from supplied city/coordinate tables; aliases normalized conservatively.
3317,34,Amethi,amethi,26.3462740,81.6252039,public_dataset,reviewed,Canonical city row derived from supplied city/coordinate tables; aliases normalized conservatively.
3318,34,Amroha,amroha,28.7952632,78.3436244,public_dataset,reviewed,Canonical city row derived from supplied city/coordinate tables; aliases normalized conservatively.
3319,34,Anandnagar,anandnagar,,,public_dataset,reviewed,Canonical city row derived from supplied city/coordinate tables; aliases normalized conservatively.
3320,34,Antu,antu,26.0565533,81.9023259,public_dataset,reviewed,Canonical city row derived from supplied city/coordinate tables; aliases normalized conservatively.
3321,34,Anupshahr,anupshahr,28.3573482,78.2678725,public_dataset,reviewed,Canonical city row derived from supplied city/coordinate tables; aliases normalized conservatively.
3322,34,Aonla,aonla,28.2958741,79.1688538,public_dataset,reviewed,Canonical city row derived from supplied city/coordinate tables; aliases normalized conservatively.
3323,34,Araul,araul,26.9214821,80.0195571,public_dataset,reviewed,Canonical city row derived from supplied city/coordinate tables; aliases normalized conservatively.
3324,34,Asalatganj,asalatganj,,,public_dataset,reviewed,Canonical city row derived from supplied city/coordinate tables; aliases normalized conservatively.
3325,34,Atarra,atarra,25.2589804,80.6182217,public_dataset,reviewed,Canonical city row derived from supplied city/coordinate tables; aliases normalized conservatively.
3326,34,Atrauli,atrauli,27.9730519,78.4005449,public_dataset,reviewed,Canonical city row derived from supplied city/coordinate tables; aliases normalized conservatively.
3327,34,Atraulia,atraulia,26.3337222,82.9473843,public_dataset,reviewed,Canonical city row derived from supplied city/coordinate tables; aliases normalized conservatively.
3328,34,Auraiya,auraiya,26.6558215,79.5160757,public_dataset,reviewed,Canonical city row derived from supplied city/coordinate tables; aliases normalized conservatively.
3329,34,Auras,auras,26.9145281,80.5078475,public_dataset,reviewed,Canonical city row derived from supplied city/coordinate tables; aliases normalized conservatively.
3330,34,Ayodhya,ayodhya,26.7990707,82.2052321,public_dataset,reviewed,Canonical city row derived from supplied city/coordinate tables; aliases normalized conservatively.
3331,34,Azamgarh,azamgarh,26.0236390,83.0293105,public_dataset,reviewed,Canonical city row derived from supplied city/coordinate tables; aliases normalized conservatively.
3332,34,Azizpur,azizpur,,,public_dataset,reviewed,Canonical city row derived from supplied city/coordinate tables; aliases normalized conservatively.
3333,34,Baberu,baberu,25.5463728,80.7787302,public_dataset,reviewed,Canonical city row derived from supplied city/coordinate tables; aliases normalized conservatively.
3334,34,Babina,babina,25.2393732,78.4698691,public_dataset,reviewed,Canonical city row derived from supplied city/coordinate tables; aliases normalized conservatively.
3335,34,Babrala,babrala,28.2651557,78.4054229,public_dataset,reviewed,Canonical city row derived from supplied city/coordinate tables; aliases normalized conservatively.
3336,34,Babugarh,babugarh,28.7225944,77.8468842,public_dataset,reviewed,Canonical city row derived from supplied city/coordinate tables; aliases normalized conservatively.
3337,34,Bachhraon,bachhraon,,,public_dataset,reviewed,Canonical city row derived from supplied city/coordinate tables; aliases normalized conservatively.
3338,34,Bachhrawan,bachhrawan,26.4709168,81.1152047,public_dataset,reviewed,Canonical city row derived from supplied city/coordinate tables; aliases normalized conservatively.
3339,34,Baghpat,baghpat,29.0374779,77.3062737,public_dataset,reviewed,Canonical city row derived from supplied city/coordinate tables; aliases normalized conservatively.
3340,34,Baghra,baghra,29.4673626,77.5730037,public_dataset,reviewed,Canonical city row derived from supplied city/coordinate tables; aliases normalized conservatively.
3341,34,Bah,bah,26.8706494,78.4973007,public_dataset,reviewed,Canonical city row derived from supplied city/coordinate tables; aliases normalized conservatively.
3342,34,Baheri,baheri,28.7781228,79.5005430,public_dataset,reviewed,Canonical city row derived from supplied city/coordinate tables; aliases normalized conservatively.
3343,34,Bahjoi,bahjoi,28.3931436,78.6232835,public_dataset,reviewed,Canonical city row derived from supplied city/coordinate tables; aliases normalized conservatively.
3344,34,Bahraich,bahraich,27.7343823,81.4765400,public_dataset,reviewed,Canonical city row derived from supplied city/coordinate tables; aliases normalized conservatively.
3345,34,Bahraigh,bahraigh,,,public_dataset,reviewed,Canonical city row derived from supplied city/coordinate tables; aliases normalized conservatively.
3346,34,Bahsuma,bahsuma,29.2005253,77.9708456,public_dataset,reviewed,Canonical city row derived from supplied city/coordinate tables; aliases normalized conservatively.
3347,34,Bahua,bahua,25.8388617,80.6221111,public_dataset,reviewed,Canonical city row derived from supplied city/coordinate tables; aliases normalized conservatively.
3348,34,Bajna,bajna,27.8977665,77.6781892,public_dataset,reviewed,Canonical city row derived from supplied city/coordinate tables; aliases normalized conservatively.
3349,34,Bakewar,bakewar,26.6628814,79.1745361,public_dataset,reviewed,Canonical city row derived from supplied city/coordinate tables; aliases normalized conservatively.
3350,34,Baksar,baksar,29.0099899,77.7556260,public_dataset,reviewed,Canonical city row derived from supplied city/coordinate tables; aliases normalized conservatively.
3351,34,Balamau,balamau,27.1680626,80.3518903,public_dataset,reviewed,Canonical city row derived from supplied city/coordinate tables; aliases normalized conservatively.
3352,34,Baldeo,baldeo,27.4070522,77.8222989,public_dataset,reviewed,Canonical city row derived from supplied city/coordinate tables; aliases normalized conservatively.
3353,34,Baldev,baldev,27.4070522,77.8222989,public_dataset,reviewed,Canonical city row derived from supplied city/coordinate tables; aliases normalized conservatively.
3354,34,Ballia,ballia,25.8749595,84.1210329,public_dataset,reviewed,Canonical city row derived from supplied city/coordinate tables; aliases normalized conservatively.
3355,34,Balrampur,balrampur,27.4476988,82.3956245,public_dataset,reviewed,Canonical city row derived from supplied city/coordinate tables; aliases normalized conservatively.
3356,34,Banat,banat,29.4637943,77.3535346,public_dataset,reviewed,Canonical city row derived from supplied city/coordinate tables; aliases normalized conservatively.
3357,34,Banbasa,banbasa,,,public_dataset,reviewed,Canonical city row derived from supplied city/coordinate tables; aliases normalized conservatively.
3358,34,Banda,banda,25.4438537,80.5595237,public_dataset,reviewed,Canonical city row derived from supplied city/coordinate tables; aliases normalized conservatively.
3359,34,Bangarmau,bangarmau,26.8916447,80.2150600,public_dataset,reviewed,Canonical city row derived from supplied city/coordinate tables; aliases normalized conservatively.
3360,34,Bansdih,bansdih,25.8932413,84.2641317,public_dataset,reviewed,Canonical city row derived from supplied city/coordinate tables; aliases normalized conservatively.
3361,34,Bansgaon,bansgaon,26.4975381,83.3955752,public_dataset,reviewed,Canonical city row derived from supplied city/coordinate tables; aliases normalized conservatively.
3362,34,Bansi,bansi,27.1430969,82.9502211,public_dataset,reviewed,Canonical city row derived from supplied city/coordinate tables; aliases normalized conservatively.
3363,34,Banthra,banthra,27.9289167,79.8277822,public_dataset,reviewed,Canonical city row derived from supplied city/coordinate tables; aliases normalized conservatively.
3364,34,Bara Banki,bara banki,26.9013312,81.2151601,public_dataset,reviewed,Canonical city row derived from supplied city/coordinate tables; aliases normalized conservatively.
3365,34,Baragaon,baragaon,25.4769000,78.7097000,public_dataset,reviewed,Canonical city row derived from supplied city/coordinate tables; aliases normalized conservatively.
3366,34,Baraut,baraut,29.1560645,77.3064032,public_dataset,reviewed,Canonical city row derived from supplied city/coordinate tables; aliases normalized conservatively.
3367,34,Bareilly,bareilly,28.4582345,79.4047452,public_dataset,reviewed,Canonical city row derived from supplied city/coordinate tables; aliases normalized conservatively.
3368,34,Barhalganj,barhalganj,26.2832600,83.5066212,public_dataset,reviewed,Canonical city row derived from supplied city/coordinate tables; aliases normalized conservatively.
3369,34,Barkhera,barkhera,28.4543780,79.8074762,public_dataset,reviewed,Canonical city row derived from supplied city/coordinate tables; aliases normalized conservatively.
3370,34,Barkhera Kalan,barkhera kalan,,,public_dataset,reviewed,Canonical city row derived from supplied city/coordinate tables; aliases normalized conservatively.
3371,34,Barokhar,barokhar,,,public_dataset,reviewed,Canonical city row derived from supplied city/coordinate tables; aliases normalized conservatively.
3372,34,Barsana,barsana,27.6481353,77.3764667,public_dataset,reviewed,Canonical city row derived from supplied city/coordinate tables; aliases normalized conservatively.
3373,34,Barwar (Lakhimpur Kheri),barwar lakhimpur kheri,,,public_dataset,reviewed,Canonical city row derived from supplied city/coordinate tables; aliases normalized conservatively.
3374,34,Basti,basti,26.8387083,82.5350919,public_dataset,reviewed,Canonical city row derived from supplied city/coordinate tables; aliases normalized conservatively.
3375,34,Behat,behat,30.2125911,77.7096970,public_dataset,reviewed,Canonical city row derived from supplied city/coordinate tables; aliases normalized conservatively.
3376,34,Bela,bela,28.7219382,78.5901300,public_dataset,reviewed,Canonical city row derived from supplied city/coordinate tables; aliases normalized conservatively.
3377,34,Belthara,belthara,26.1207542,83.8413367,public_dataset,reviewed,Canonical city row derived from supplied city/coordinate tables; aliases normalized conservatively.
3378,34,Beniganj,beniganj,26.7786620,82.1681969,public_dataset,reviewed,Canonical city row derived from supplied city/coordinate tables; aliases normalized conservatively.
3379,34,Beswan,beswan,,,public_dataset,reviewed,Canonical city row derived from supplied city/coordinate tables; aliases normalized conservatively.
3380,34,Bewar,bewar,27.2183955,79.2971696,public_dataset,reviewed,Canonical city row derived from supplied city/coordinate tables; aliases normalized conservatively.
3381,34,Bhadarsa,bhadarsa,,,public_dataset,reviewed,Canonical city row derived from supplied city/coordinate tables; aliases normalized conservatively.
3382,34,Bhadohi,bhadohi,25.4243040,82.4883923,public_dataset,reviewed,Canonical city row derived from supplied city/coordinate tables; aliases normalized conservatively.
3383,34,Bhagwantnagar,bhagwantnagar,,,public_dataset,reviewed,Canonical city row derived from supplied city/coordinate tables; aliases normalized conservatively.
3384,34,Bharatpura,bharatpura,27.9992139,77.6901626,public_dataset,reviewed,Canonical city row derived from supplied city/coordinate tables; aliases normalized conservatively.
3385,34,Bhargain,bhargain,27.6002375,79.1501190,public_dataset,reviewed,Canonical city row derived from supplied city/coordinate tables; aliases normalized conservatively.
3386,34,Bharthana,bharthana,26.7933523,79.2309636,public_dataset,reviewed,Canonical city row derived from supplied city/coordinate tables; aliases normalized conservatively.
3387,34,Bharwari,bharwari,25.5615617,81.4899572,public_dataset,reviewed,Canonical city row derived from supplied city/coordinate tables; aliases normalized conservatively.
3388,34,Bhaupur,bhaupur,26.4686192,80.1248612,public_dataset,reviewed,Canonical city row derived from supplied city/coordinate tables; aliases normalized conservatively.
3389,34,Bhimtal,bhimtal,,,public_dataset,reviewed,Canonical city row derived from supplied city/coordinate tables; aliases normalized conservatively.
3390,34,Bhinga,bhinga,27.7716681,81.9013135,public_dataset,reviewed,Canonical city row derived from supplied city/coordinate tables; aliases normalized conservatively.
3391,34,Bhognipur,bhognipur,26.2330047,79.8344675,public_dataset,reviewed,Canonical city row derived from supplied city/coordinate tables; aliases normalized conservatively.
3392,34,Bhongaon,bhongaon,27.2552259,79.1817670,public_dataset,reviewed,Canonical city row derived from supplied city/coordinate tables; aliases normalized conservatively.
3393,34,Bidhnu,bidhnu,26.3183178,80.2732332,public_dataset,reviewed,Canonical city row derived from supplied city/coordinate tables; aliases normalized conservatively.
3394,34,Bidhuna,bidhuna,26.7702744,79.5367506,public_dataset,reviewed,Canonical city row derived from supplied city/coordinate tables; aliases normalized conservatively.
3395,34,Bighapur,bighapur,26.2704037,80.7167821,public_dataset,reviewed,Canonical city row derived from supplied city/coordinate tables; aliases normalized conservatively.
3396,34,Bighapur Khurd,bighapur khurd,,,public_dataset,reviewed,Canonical city row derived from supplied city/coordinate tables; aliases normalized conservatively.
3397,34,Bijnor,bijnor,29.4074203,78.4821406,public_dataset,reviewed,Canonical city row derived from supplied city/coordinate tables; aliases normalized conservatively.
3398,34,Bikapur,bikapur,26.5334219,82.1849512,public_dataset,reviewed,Canonical city row derived from supplied city/coordinate tables; aliases normalized conservatively.
3399,34,Bilari,bilari,28.6485251,78.7688265,public_dataset,reviewed,Canonical city row derived from supplied city/coordinate tables; aliases normalized conservatively.
3400,34,Bilariaganj,bilariaganj,,,public_dataset,reviewed,Canonical city row derived from supplied city/coordinate tables; aliases normalized conservatively.
3401,34,Bilaspur,bilaspur,28.8683110,79.2980750,public_dataset,reviewed,Canonical city row derived from supplied city/coordinate tables; aliases normalized conservatively.
3402,34,Bilgram,bilgram,27.1749307,80.0327344,public_dataset,reviewed,Canonical city row derived from supplied city/coordinate tables; aliases normalized conservatively.
3403,34,Bilhaur,bilhaur,26.7456106,80.0448002,public_dataset,reviewed,Canonical city row derived from supplied city/coordinate tables; aliases normalized conservatively.
3404,34,Bilsanda,bilsanda,28.2424411,79.9521722,public_dataset,reviewed,Canonical city row derived from supplied city/coordinate tables; aliases normalized conservatively.
3405,34,Bilsi,bilsi,28.1402606,78.9549573,public_dataset,reviewed,Canonical city row derived from supplied city/coordinate tables; aliases normalized conservatively.
3406,34,Bilthra,bilthra,,,public_dataset,reviewed,Canonical city row derived from supplied city/coordinate tables; aliases normalized conservatively.
3407,34,Binauli,binauli,29.0940724,77.4016656,public_dataset,reviewed,Canonical city row derived from supplied city/coordinate tables; aliases normalized conservatively.
3408,34,Binaur,binaur,26.3951941,80.1621254,public_dataset,reviewed,Canonical city row derived from supplied city/coordinate tables; aliases normalized conservatively.
3409,34,Bindki,bindki,26.0421896,80.5149166,public_dataset,reviewed,Canonical city row derived from supplied city/coordinate tables; aliases normalized conservatively.
3410,34,Birdpur,birdpur,27.3755353,83.1157339,public_dataset,reviewed,Canonical city row derived from supplied city/coordinate tables; aliases normalized conservatively.
3411,34,Birpur,birpur,25.5303308,83.8564552,public_dataset,reviewed,Canonical city row derived from supplied city/coordinate tables; aliases normalized conservatively.
3412,34,Bisalpur,bisalpur,28.3176982,79.8422407,public_dataset,reviewed,Canonical city row derived from supplied city/coordinate tables; aliases normalized conservatively.
3413,34,Bisanda Buzurg,bisanda buzurg,,,public_dataset,reviewed,Canonical city row derived from supplied city/coordinate tables; aliases normalized conservatively.
3414,34,Bisauli,bisauli,28.3111629,78.8693491,public_dataset,reviewed,Canonical city row derived from supplied city/coordinate tables; aliases normalized conservatively.
3415,34,Bisenda Buzurg,bisenda buzurg,,,public_dataset,reviewed,Canonical city row derived from supplied city/coordinate tables; aliases normalized conservatively.
3416,34,Bishunpur Urf Maharajganj,bishunpur urf maharajganj,,,public_dataset,reviewed,Canonical city row derived from supplied city/coordinate tables; aliases normalized conservatively.
3417,34,Biswan,biswan,27.5490765,81.0794498,public_dataset,reviewed,Canonical city row derived from supplied city/coordinate tables; aliases normalized conservatively.
3418,34,Bithur,bithur,26.6008094,80.2722286,public_dataset,reviewed,Canonical city row derived from supplied city/coordinate tables; aliases normalized conservatively.
3419,34,Budaun,budaun,28.0367001,79.1234000,public_dataset,reviewed,Canonical city row derived from supplied city/coordinate tables; aliases normalized conservatively.
3420,34,Budhana,budhana,29.3159344,77.4711067,public_dataset,reviewed,Canonical city row derived from supplied city/coordinate tables; aliases normalized conservatively.
3421,34,Bulandshahr,bulandshahr,28.3874073,77.9743805,public_dataset,reviewed,Canonical city row derived from supplied city/coordinate tables; aliases normalized conservatively.
3422,34,Captainganj,captainganj,26.9256647,83.6992202,public_dataset,reviewed,Canonical city row derived from supplied city/coordinate tables; aliases normalized conservatively.
3423,34,Chail,chail,25.4408613,81.5825140,public_dataset,reviewed,Canonical city row derived from supplied city/coordinate tables; aliases normalized conservatively.
3424,34,Chakia,chakia,24.9411431,83.2131103,public_dataset,reviewed,Canonical city row derived from supplied city/coordinate tables; aliases normalized conservatively.
3425,34,Chandauli,chandauli,25.1256950,83.2494601,public_dataset,reviewed,Canonical city row derived from supplied city/coordinate tables; aliases normalized conservatively.
3426,34,Chandauli District,chandauli district,25.1256950,83.2494601,public_dataset,reviewed,Canonical city row derived from supplied city/coordinate tables; aliases normalized conservatively.
3427,34,Chandausi,chandausi,28.4480992,78.6730205,public_dataset,reviewed,Canonical city row derived from supplied city/coordinate tables; aliases normalized conservatively.
3428,34,Chandpur,chandpur,29.1425701,78.2901819,public_dataset,reviewed,Canonical city row derived from supplied city/coordinate tables; aliases normalized conservatively.
3429,34,Chanduasi,chanduasi,,,public_dataset,reviewed,Canonical city row derived from supplied city/coordinate tables; aliases normalized conservatively.
3430,34,Charkhari,charkhari,25.4149429,79.7494938,public_dataset,reviewed,Canonical city row derived from supplied city/coordinate tables; aliases normalized conservatively.
3431,34,Charthawal,charthawal,29.5426243,77.5945806,public_dataset,reviewed,Canonical city row derived from supplied city/coordinate tables; aliases normalized conservatively.
3432,34,Chhaprauli,chhaprauli,29.2091123,77.1734354,public_dataset,reviewed,Canonical city row derived from supplied city/coordinate tables; aliases normalized conservatively.
3433,34,Chharra,chharra,27.9248815,78.4015703,public_dataset,reviewed,Canonical city row derived from supplied city/coordinate tables; aliases normalized conservatively.
3434,34,Chhata,chhata,27.7226148,77.5016630,public_dataset,reviewed,Canonical city row derived from supplied city/coordinate tables; aliases normalized conservatively.
3435,34,Chhibramau,chhibramau,27.0776135,79.5856961,public_dataset,reviewed,Canonical city row derived from supplied city/coordinate tables; aliases normalized conservatively.
3436,34,Chhitauni,chhitauni,27.1481993,83.9561010,public_dataset,reviewed,Canonical city row derived from supplied city/coordinate tables; aliases normalized conservatively.
3437,34,Chhutmalpur,chhutmalpur,30.0363016,77.7518248,public_dataset,reviewed,Canonical city row derived from supplied city/coordinate tables; aliases normalized conservatively.
3438,34,Chillupar,chillupar,,,public_dataset,reviewed,Canonical city row derived from supplied city/coordinate tables; aliases normalized conservatively.
3439,34,Chirgaon,chirgaon,25.5735429,78.8126634,public_dataset,reviewed,Canonical city row derived from supplied city/coordinate tables; aliases normalized conservatively.
3440,34,Chitrakoot,chitrakoot,25.2171390,81.1045927,public_dataset,reviewed,Canonical city row derived from supplied city/coordinate tables; aliases normalized conservatively.
3441,34,Chitrakoot Dham,chitrakoot dham,25.2158257,80.9164001,public_dataset,reviewed,Canonical city row derived from supplied city/coordinate tables; aliases normalized conservatively.
3442,34,Chopan,chopan,24.5135590,83.0263892,public_dataset,reviewed,Canonical city row derived from supplied city/coordinate tables; aliases normalized conservatively.
3443,34,Chunar,chunar,25.1281931,82.8835399,public_dataset,reviewed,Canonical city row derived from supplied city/coordinate tables; aliases normalized conservatively.
3444,34,Churk,churk,24.6363468,83.1044244,public_dataset,reviewed,Canonical city row derived from supplied city/coordinate tables; aliases normalized conservatively.
3445,34,Colonelganj,colonelganj,27.1048735,81.7035794,public_dataset,reviewed,Canonical city row derived from supplied city/coordinate tables; aliases normalized conservatively.
3446,34,Dadri,dadri,28.5387298,77.5372191,public_dataset,reviewed,Canonical city row derived from supplied city/coordinate tables; aliases normalized conservatively.
3447,34,Dalmau,dalmau,26.0940967,81.0935697,public_dataset,reviewed,Canonical city row derived from supplied city/coordinate tables; aliases normalized conservatively.
3448,34,Dankaur,dankaur,28.3495679,77.5540411,public_dataset,reviewed,Canonical city row derived from supplied city/coordinate tables; aliases normalized conservatively.
3449,34,Daraganj,daraganj,25.4430353,81.8804985,public_dataset,reviewed,Canonical city row derived from supplied city/coordinate tables; aliases normalized conservatively.
3450,34,Daranagar,daranagar,,,public_dataset,reviewed,Canonical city row derived from supplied city/coordinate tables; aliases normalized conservatively.
3451,34,Dasna,dasna,28.6936840,77.5446152,public_dataset,reviewed,Canonical city row derived from supplied city/coordinate tables; aliases normalized conservatively.
3452,34,Dataganj,dataganj,27.9188145,79.3412262,public_dataset,reviewed,Canonical city row derived from supplied city/coordinate tables; aliases normalized conservatively.
3453,34,Daurala,daurala,29.1149252,77.7054571,public_dataset,reviewed,Canonical city row derived from supplied city/coordinate tables; aliases normalized conservatively.
3454,34,Dayal Bagh,dayal bagh,27.2206450,78.0055989,public_dataset,reviewed,Canonical city row derived from supplied city/coordinate tables; aliases normalized conservatively.
3455,34,Deoband,deoband,29.7226695,77.6712233,public_dataset,reviewed,Canonical city row derived from supplied city/coordinate tables; aliases normalized conservatively.
3456,34,Deogarh,deogarh,24.5241285,78.2357454,public_dataset,reviewed,Canonical city row derived from supplied city/coordinate tables; aliases normalized conservatively.
3457,34,Deoranian,deoranian,28.6272730,79.4745336,public_dataset,reviewed,Canonical city row derived from supplied city/coordinate tables; aliases normalized conservatively.
3458,34,Deoria,deoria,26.4239911,83.7638578,public_dataset,reviewed,Canonical city row derived from supplied city/coordinate tables; aliases normalized conservatively.
3459,34,Derapur,derapur,26.4891938,79.7904744,public_dataset,reviewed,Canonical city row derived from supplied city/coordinate tables; aliases normalized conservatively.
3460,34,Dewa,dewa,27.0355897,81.1672167,public_dataset,reviewed,Canonical city row derived from supplied city/coordinate tables; aliases normalized conservatively.
3461,34,Dhampur,dhampur,29.2419144,78.5079901,public_dataset,reviewed,Canonical city row derived from supplied city/coordinate tables; aliases normalized conservatively.
3462,34,Dhanaura,dhanaura,28.9347880,78.2141937,public_dataset,reviewed,Canonical city row derived from supplied city/coordinate tables; aliases normalized conservatively.
3463,34,Dhanghata,dhanghata,,,public_dataset,reviewed,Canonical city row derived from supplied city/coordinate tables; aliases normalized conservatively.
3464,34,Dharau,dharau,,,public_dataset,reviewed,Canonical city row derived from supplied city/coordinate tables; aliases normalized conservatively.
3465,34,Dhaurahra,dhaurahra,25.8354728,81.8925840,public_dataset,reviewed,Canonical city row derived from supplied city/coordinate tables; aliases normalized conservatively.
3466,34,Dibai,dibai,28.2054480,78.2607160,public_dataset,reviewed,Canonical city row derived from supplied city/coordinate tables; aliases normalized conservatively.
3467,34,Divrasai,divrasai,,,public_dataset,reviewed,Canonical city row derived from supplied city/coordinate tables; aliases normalized conservatively.
3468,34,Dohrighat,dohrighat,26.2737270,83.5098005,public_dataset,reviewed,Canonical city row derived from supplied city/coordinate tables; aliases normalized conservatively.
3469,34,Domariaganj,domariaganj,27.2041316,82.6525846,public_dataset,reviewed,Canonical city row derived from supplied city/coordinate tables; aliases normalized conservatively.
3470,34,Dostpur,dostpur,26.2732021,82.4718804,public_dataset,reviewed,Canonical city row derived from supplied city/coordinate tables; aliases normalized conservatively.
3471,34,Dudhi,dudhi,24.1148157,83.0141220,public_dataset,reviewed,Canonical city row derived from supplied city/coordinate tables; aliases normalized conservatively.
3472,34,Etah,etah,27.5550357,78.5992221,public_dataset,reviewed,Canonical city row derived from supplied city/coordinate tables; aliases normalized conservatively.
3473,34,Etawah,etawah,26.7155629,79.0917098,public_dataset,reviewed,Canonical city row derived from supplied city/coordinate tables; aliases normalized conservatively.
3474,34,Etmadpur,etmadpur,27.2336372,78.1981356,public_dataset,reviewed,Canonical city row derived from supplied city/coordinate tables; aliases normalized conservatively.
3475,34,Faizabad,faizabad,26.7807986,82.1486589,public_dataset,reviewed,Canonical city row derived from supplied city/coordinate tables; aliases normalized conservatively.
3476,34,Farah,farah,27.3206052,77.7622061,public_dataset,reviewed,Canonical city row derived from supplied city/coordinate tables; aliases normalized conservatively.
3477,34,Faridnagar,faridnagar,,,public_dataset,reviewed,Canonical city row derived from supplied city/coordinate tables; aliases normalized conservatively.
3478,34,Faridpur,faridpur,28.2083265,79.5375964,public_dataset,reviewed,Canonical city row derived from supplied city/coordinate tables; aliases normalized conservatively.
3479,34,Farrukhabad,farrukhabad,27.4362003,79.4894778,public_dataset,reviewed,Canonical city row derived from supplied city/coordinate tables; aliases normalized conservatively.
3480,34,Fatehabad,fatehabad,27.0276683,78.2074341,public_dataset,reviewed,Canonical city row derived from supplied city/coordinate tables; aliases normalized conservatively.
3481,34,Fatehganj West,fatehganj west,28.4747437,79.2885527,public_dataset,reviewed,Canonical city row derived from supplied city/coordinate tables; aliases normalized conservatively.
3482,34,Fatehgarh,fatehgarh,27.3700748,79.6207520,public_dataset,reviewed,Canonical city row derived from supplied city/coordinate tables; aliases normalized conservatively.
3483,34,Fatehpur,fatehpur,25.8348023,80.9154547,public_dataset,reviewed,Canonical city row derived from supplied city/coordinate tables; aliases normalized conservatively.
3484,34,Fatehpur (Barabanki),fatehpur barabanki,27.1746375,81.1057426,public_dataset,reviewed,Canonical city row derived from supplied city/coordinate tables; aliases normalized conservatively.
3485,34,Fatehpur Chaurasi,fatehpur chaurasi,26.7952243,80.2723145,public_dataset,reviewed,Canonical city row derived from supplied city/coordinate tables; aliases normalized conservatively.
3486,34,Fatehpur Sikri,fatehpur sikri,27.0911655,77.6623984,public_dataset,reviewed,Canonical city row derived from supplied city/coordinate tables; aliases normalized conservatively.
3487,34,Firozabad,firozabad,27.1941954,78.4604956,public_dataset,reviewed,Canonical city row derived from supplied city/coordinate tables; aliases normalized conservatively.
3488,34,Fyzabad,fyzabad,,,public_dataset,reviewed,Canonical city row derived from supplied city/coordinate tables; aliases normalized conservatively.
3489,34,Gahlon,gahlon,,,public_dataset,reviewed,Canonical city row derived from supplied city/coordinate tables; aliases normalized conservatively.
3490,34,Gahmar,gahmar,25.4992028,83.8088755,public_dataset,reviewed,Canonical city row derived from supplied city/coordinate tables; aliases normalized conservatively.
3491,34,Gaini,gaini,,,public_dataset,reviewed,Canonical city row derived from supplied city/coordinate tables; aliases normalized conservatively.
3492,34,Gajraula,gajraula,28.8360988,78.2452916,public_dataset,reviewed,Canonical city row derived from supplied city/coordinate tables; aliases normalized conservatively.
3493,34,Gangoh,gangoh,29.7806320,77.2629435,public_dataset,reviewed,Canonical city row derived from supplied city/coordinate tables; aliases normalized conservatively.
3494,34,Ganj Dundawara,ganj dundawara,,,public_dataset,reviewed,Canonical city row derived from supplied city/coordinate tables; aliases normalized conservatively.
3495,34,Ganj Dundwara,ganj dundwara,27.7326166,78.9410162,public_dataset,reviewed,Canonical city row derived from supplied city/coordinate tables; aliases normalized conservatively.
3496,34,Ganj Muradabad,ganj muradabad,26.9579717,80.1855411,public_dataset,reviewed,Canonical city row derived from supplied city/coordinate tables; aliases normalized conservatively.
3497,34,Garautha,garautha,25.6013018,79.2468967,public_dataset,reviewed,Canonical city row derived from supplied city/coordinate tables; aliases normalized conservatively.
3498,34,Garhi Pukhta,garhi pukhta,29.5492680,77.3072719,public_dataset,reviewed,Canonical city row derived from supplied city/coordinate tables; aliases normalized conservatively.
3499,34,Garhmuktesar,garhmuktesar,28.7883909,78.0903205,public_dataset,reviewed,Canonical city row derived from supplied city/coordinate tables; aliases normalized conservatively.
3500,34,Garhwa,garhwa,26.0178333,80.3591202,public_dataset,reviewed,Canonical city row derived from supplied city/coordinate tables; aliases normalized conservatively.
3501,34,Gauriganj,gauriganj,26.2657866,81.6991700,public_dataset,reviewed,Canonical city row derived from supplied city/coordinate tables; aliases normalized conservatively.
3502,34,Gautam Buddha Nagar,gautam buddha nagar,28.3687160,77.5970121,public_dataset,reviewed,Canonical city row derived from supplied city/coordinate tables; aliases normalized conservatively.
3503,34,Gawan,gawan,28.4205845,78.3507961,public_dataset,reviewed,Canonical city row derived from supplied city/coordinate tables; aliases normalized conservatively.
3504,34,Ghatampur,ghatampur,26.1551192,80.1674983,public_dataset,reviewed,Canonical city row derived from supplied city/coordinate tables; aliases normalized conservatively.
3505,34,Ghaziabad,ghaziabad,28.7749966,77.4586967,public_dataset,reviewed,Canonical city row derived from supplied city/coordinate tables; aliases normalized conservatively.
3506,34,Ghazipur,ghazipur,25.6034863,83.5075888,public_dataset,reviewed,Canonical city row derived from supplied city/coordinate tables; aliases normalized conservatively.
3507,34,Ghiror,ghiror,27.1864092,78.7913114,public_dataset,reviewed,Canonical city row derived from supplied city/coordinate tables; aliases normalized conservatively.
3508,34,Ghorawal,ghorawal,24.7249989,82.7574562,public_dataset,reviewed,Canonical city row derived from supplied city/coordinate tables; aliases normalized conservatively.
3509,34,Ghosi,ghosi,26.1437509,83.4885660,public_dataset,reviewed,Canonical city row derived from supplied city/coordinate tables; aliases normalized conservatively.
3510,34,Gohand,gohand,25.6986053,79.5447118,public_dataset,reviewed,Canonical city row derived from supplied city/coordinate tables; aliases normalized conservatively.
3511,34,Gokul,gokul,27.4390720,77.7203733,public_dataset,reviewed,Canonical city row derived from supplied city/coordinate tables; aliases normalized conservatively.
3512,34,Gola Bazar,gola bazar,26.3449263,83.3531470,public_dataset,reviewed,Canonical city row derived from supplied city/coordinate tables; aliases normalized conservatively.
3513,34,Gola Gokarannath,gola gokarannath,28.0831402,80.4767483,public_dataset,reviewed,Canonical city row derived from supplied city/coordinate tables; aliases normalized conservatively.
3514,34,Gonda,gonda,27.1103723,81.9238906,public_dataset,reviewed,Canonical city row derived from supplied city/coordinate tables; aliases normalized conservatively.
3515,34,Gonda (Aligarh),gonda aligarh,27.8306549,77.8773701,public_dataset,reviewed,Canonical city row derived from supplied city/coordinate tables; aliases normalized conservatively.
3516,34,Gonda City,gonda city,27.1334827,81.9619743,public_dataset,reviewed,Canonical city row derived from supplied city/coordinate tables; aliases normalized conservatively.
3517,34,Gopamau,gopamau,27.5334100,80.2881592,public_dataset,reviewed,Canonical city row derived from supplied city/coordinate tables; aliases normalized conservatively.
3518,34,Gorakhpur,gorakhpur,26.6677977,83.3642334,public_dataset,reviewed,Canonical city row derived from supplied city/coordinate tables; aliases normalized conservatively.
3519,34,Gosainganj,gosainganj,26.7652312,81.1196719,public_dataset,reviewed,Canonical city row derived from supplied city/coordinate tables; aliases normalized conservatively.
3520,34,Goshainganj,goshainganj,26.5701453,82.3845663,public_dataset,reviewed,Canonical city row derived from supplied city/coordinate tables; aliases normalized conservatively.
3521,34,Govardhan,govardhan,27.4973490,77.4611872,public_dataset,reviewed,Canonical city row derived from supplied city/coordinate tables; aliases normalized conservatively.
3522,34,Greater Noida,greater noida,28.4670734,77.5137649,public_dataset,reviewed,Canonical city row derived from supplied city/coordinate tables; aliases normalized conservatively.
3523,34,Gulaothi,gulaothi,28.5815658,77.8013509,public_dataset,reviewed,Canonical city row derived from supplied city/coordinate tables; aliases normalized conservatively.
3524,34,Gunnaur,gunnaur,28.2598732,78.4992765,public_dataset,reviewed,Canonical city row derived from supplied city/coordinate tables; aliases normalized conservatively.
3525,34,Gursahaiganj,gursahaiganj,27.1178018,79.7316338,public_dataset,reviewed,Canonical city row derived from supplied city/coordinate tables; aliases normalized conservatively.
3526,34,Gursarai,gursarai,25.6154461,79.1828015,public_dataset,reviewed,Canonical city row derived from supplied city/coordinate tables; aliases normalized conservatively.
3527,34,Gyanpur,gyanpur,25.3166204,82.3859934,public_dataset,reviewed,Canonical city row derived from supplied city/coordinate tables; aliases normalized conservatively.
3528,34,Haldaur,haldaur,29.2911363,78.2842594,public_dataset,reviewed,Canonical city row derived from supplied city/coordinate tables; aliases normalized conservatively.
3529,34,Hamirpur,hamirpur,25.7500000,80.0000000,public_dataset,reviewed,Canonical city row derived from supplied city/coordinate tables; aliases normalized conservatively.
3530,34,Handia,handia,25.4353300,82.1890599,public_dataset,reviewed,Canonical city row derived from supplied city/coordinate tables; aliases normalized conservatively.
3531,34,Hapur,hapur,28.7166767,77.8904330,public_dataset,reviewed,Canonical city row derived from supplied city/coordinate tables; aliases normalized conservatively.
3532,34,Haraipur,haraipur,,,public_dataset,reviewed,Canonical city row derived from supplied city/coordinate tables; aliases normalized conservatively.
3533,34,Haraiya,haraiya,27.2955760,82.0395610,public_dataset,reviewed,Canonical city row derived from supplied city/coordinate tables; aliases normalized conservatively.
3534,34,Harchandpur,harchandpur,26.3419261,81.1671947,public_dataset,reviewed,Canonical city row derived from supplied city/coordinate tables; aliases normalized conservatively.
3535,34,Hardoi,hardoi,27.3369978,80.0998232,public_dataset,reviewed,Canonical city row derived from supplied city/coordinate tables; aliases normalized conservatively.
3536,34,Harduaganj,harduaganj,27.9434830,78.1575209,public_dataset,reviewed,Canonical city row derived from supplied city/coordinate tables; aliases normalized conservatively.
3537,34,Hasanpur,hasanpur,28.7227817,78.2826224,public_dataset,reviewed,Canonical city row derived from supplied city/coordinate tables; aliases normalized conservatively.
3538,34,Hastinapur,hastinapur,29.1539372,77.9898759,public_dataset,reviewed,Canonical city row derived from supplied city/coordinate tables; aliases normalized conservatively.
3539,34,Hata,hata,26.8307110,83.6678210,public_dataset,reviewed,Canonical city row derived from supplied city/coordinate tables; aliases normalized conservatively.
3540,34,Hata (India),hata india,,,public_dataset,reviewed,Canonical city row derived from supplied city/coordinate tables; aliases normalized conservatively.
3541,34,Hathras,hathras,27.5724324,78.1116209,public_dataset,reviewed,Canonical city row derived from supplied city/coordinate tables; aliases normalized conservatively.
3542,34,Hulas,hulas,28.4913622,78.9320898,public_dataset,reviewed,Canonical city row derived from supplied city/coordinate tables; aliases normalized conservatively.
3543,34,Ibrahimpur,ibrahimpur,28.1056899,77.7254640,public_dataset,reviewed,Canonical city row derived from supplied city/coordinate tables; aliases normalized conservatively.
3544,34,Iglas,iglas,27.7396050,77.9040528,public_dataset,reviewed,Canonical city row derived from supplied city/coordinate tables; aliases normalized conservatively.
3545,34,Ikauna,ikauna,27.5783912,81.8576643,public_dataset,reviewed,Canonical city row derived from supplied city/coordinate tables; aliases normalized conservatively.
3546,34,Indergarh,indergarh,,,public_dataset,reviewed,Canonical city row derived from supplied city/coordinate tables; aliases normalized conservatively.
3547,34,Indragarh,indragarh,,,public_dataset,reviewed,Canonical city row derived from supplied city/coordinate tables; aliases normalized conservatively.
3548,34,Islamnagar,islamnagar,28.3289000,78.7257528,public_dataset,reviewed,Canonical city row derived from supplied city/coordinate tables; aliases normalized conservatively.
3549,34,Islamnagar (Badaun),islamnagar badaun,28.3289000,78.7257528,public_dataset,reviewed,Canonical city row derived from supplied city/coordinate tables; aliases normalized conservatively.
3550,34,Itaunja,itaunja,27.0777934,80.8929942,public_dataset,reviewed,Canonical city row derived from supplied city/coordinate tables; aliases normalized conservatively.
3551,34,Itimadpur,itimadpur,,,public_dataset,reviewed,Canonical city row derived from supplied city/coordinate tables; aliases normalized conservatively.
3552,34,Jagdishpur,jagdishpur,26.4561010,81.6198203,public_dataset,reviewed,Canonical city row derived from supplied city/coordinate tables; aliases normalized conservatively.
3553,34,Jagnair,jagnair,,,public_dataset,reviewed,Canonical city row derived from supplied city/coordinate tables; aliases normalized conservatively.
3554,34,Jahanabad,jahanabad,26.1036218,80.3531549,public_dataset,reviewed,Canonical city row derived from supplied city/coordinate tables; aliases normalized conservatively.
3555,34,Jahanabad (Pilibhit),jahanabad pilibhit,28.6323442,79.7099827,public_dataset,reviewed,Canonical city row derived from supplied city/coordinate tables; aliases normalized conservatively.
3556,34,Jahangirabad,jahangirabad,28.4033531,78.1049538,public_dataset,reviewed,Canonical city row derived from supplied city/coordinate tables; aliases normalized conservatively.
3557,34,Jahangirpur,jahangirpur,29.0168190,78.7043427,public_dataset,reviewed,Canonical city row derived from supplied city/coordinate tables; aliases normalized conservatively.
3558,34,Jainpur,jainpur,26.3594581,79.9924099,public_dataset,reviewed,Canonical city row derived from supplied city/coordinate tables; aliases normalized conservatively.
3559,34,Jais,jais,26.2650823,81.5484734,public_dataset,reviewed,Canonical city row derived from supplied city/coordinate tables; aliases normalized conservatively.
3560,34,Jalalabad,jalalabad,29.5967449,78.3158684,public_dataset,reviewed,Canonical city row derived from supplied city/coordinate tables; aliases normalized conservatively.
3561,34,Jalali,jalali,27.8666991,78.2523107,public_dataset,reviewed,Canonical city row derived from supplied city/coordinate tables; aliases normalized conservatively.
3562,34,Jalalpur,jalalpur,26.3001288,82.7283725,public_dataset,reviewed,Canonical city row derived from supplied city/coordinate tables; aliases normalized conservatively.
3563,34,Jalaun,jalaun,26.1048633,79.3919136,public_dataset,reviewed,Canonical city row derived from supplied city/coordinate tables; aliases normalized conservatively.
3564,34,Jalesar,jalesar,27.4662036,78.3533435,public_dataset,reviewed,Canonical city row derived from supplied city/coordinate tables; aliases normalized conservatively.
3565,34,Janghai,janghai,25.5480419,82.3084033,public_dataset,reviewed,Canonical city row derived from supplied city/coordinate tables; aliases normalized conservatively.
3566,34,Jansath,jansath,29.4105242,77.9068796,public_dataset,reviewed,Canonical city row derived from supplied city/coordinate tables; aliases normalized conservatively.
3567,34,Jarwa,jarwa,27.6465880,82.5241910,public_dataset,reviewed,Canonical city row derived from supplied city/coordinate tables; aliases normalized conservatively.
3568,34,Jarwal,jarwal,27.1180904,81.5430517,public_dataset,reviewed,Canonical city row derived from supplied city/coordinate tables; aliases normalized conservatively.
3569,34,Jasrana,jasrana,27.3189518,78.5873631,public_dataset,reviewed,Canonical city row derived from supplied city/coordinate tables; aliases normalized conservatively.
3570,34,Jaswantnagar,jaswantnagar,26.8877486,78.8752924,public_dataset,reviewed,Canonical city row derived from supplied city/coordinate tables; aliases normalized conservatively.
3571,34,Jaunpur,jaunpur,25.7967065,82.4888992,public_dataset,reviewed,Canonical city row derived from supplied city/coordinate tables; aliases normalized conservatively.
3572,34,Jewar,jewar,28.2016525,77.6265415,public_dataset,reviewed,Canonical city row derived from supplied city/coordinate tables; aliases normalized conservatively.
3573,34,Jhajhar,jhajhar,28.2691673,77.6626906,public_dataset,reviewed,Canonical city row derived from supplied city/coordinate tables; aliases normalized conservatively.
3574,34,Jhalu,jhalu,29.3351420,78.2251543,public_dataset,reviewed,Canonical city row derived from supplied city/coordinate tables; aliases normalized conservatively.
3575,34,Jhansi,jhansi,25.5298550,78.6527802,public_dataset,reviewed,Canonical city row derived from supplied city/coordinate tables; aliases normalized conservatively.
3576,34,Jhinjhak,jhinjhak,26.5628589,79.7340031,public_dataset,reviewed,Canonical city row derived from supplied city/coordinate tables; aliases normalized conservatively.
3577,34,Jhinjhana,jhinjhana,29.5199196,77.2232437,public_dataset,reviewed,Canonical city row derived from supplied city/coordinate tables; aliases normalized conservatively.
3578,34,Jhusi,jhusi,25.4281109,81.9137525,public_dataset,reviewed,Canonical city row derived from supplied city/coordinate tables; aliases normalized conservatively.
3579,34,Jiyanpur,jiyanpur,26.1613935,83.3393991,public_dataset,reviewed,Canonical city row derived from supplied city/coordinate tables; aliases normalized conservatively.
3580,34,Jyotiba Phule Nagar,jyotiba phule nagar,28.8650459,78.4696233,public_dataset,reviewed,Canonical city row derived from supplied city/coordinate tables; aliases normalized conservatively.
3581,34,Kabrai,kabrai,25.4015677,80.0035135,public_dataset,reviewed,Canonical city row derived from supplied city/coordinate tables; aliases normalized conservatively.
3582,34,Kachhwa,kachhwa,25.2075421,82.7159836,public_dataset,reviewed,Canonical city row derived from supplied city/coordinate tables; aliases normalized conservatively.
3583,34,Kadaura,kadaura,25.9867413,79.8379593,public_dataset,reviewed,Canonical city row derived from supplied city/coordinate tables; aliases normalized conservatively.
3584,34,Kadipur,kadipur,26.1407423,82.4102397,public_dataset,reviewed,Canonical city row derived from supplied city/coordinate tables; aliases normalized conservatively.
3585,34,Kagarol,kagarol,27.0219265,77.8472803,public_dataset,reviewed,Canonical city row derived from supplied city/coordinate tables; aliases normalized conservatively.
3586,34,Kaimganj,kaimganj,27.5311616,79.3864909,public_dataset,reviewed,Canonical city row derived from supplied city/coordinate tables; aliases normalized conservatively.
3587,34,Kairana,kairana,29.3944470,77.2052786,public_dataset,reviewed,Canonical city row derived from supplied city/coordinate tables; aliases normalized conservatively.
3588,34,Kakori,kakori,26.8839720,80.8001979,public_dataset,reviewed,Canonical city row derived from supplied city/coordinate tables; aliases normalized conservatively.
3589,34,Kakrala,kakrala,28.5510413,77.4103444,public_dataset,reviewed,Canonical city row derived from supplied city/coordinate tables; aliases normalized conservatively.
3590,34,Kalinagar,kalinagar,28.6246937,80.0812296,public_dataset,reviewed,Canonical city row derived from supplied city/coordinate tables; aliases normalized conservatively.
3591,34,Kalpi,kalpi,26.1216714,79.7458188,public_dataset,reviewed,Canonical city row derived from supplied city/coordinate tables; aliases normalized conservatively.
3592,34,Kalyanpur,kalyanpur,29.1639163,78.8992123,public_dataset,reviewed,Canonical city row derived from supplied city/coordinate tables; aliases normalized conservatively.
3593,34,Kamalganj,kamalganj,27.2596519,79.6323237,public_dataset,reviewed,Canonical city row derived from supplied city/coordinate tables; aliases normalized conservatively.
3594,34,Kampil,kampil,27.6122765,79.2786561,public_dataset,reviewed,Canonical city row derived from supplied city/coordinate tables; aliases normalized conservatively.
3595,34,Kandhla,kandhla,29.3215949,77.2697457,public_dataset,reviewed,Canonical city row derived from supplied city/coordinate tables; aliases normalized conservatively.
3596,34,Kannauj,kannauj,26.9986675,79.6927946,public_dataset,reviewed,Canonical city row derived from supplied city/coordinate tables; aliases normalized conservatively.
3597,34,Kanpur,kanpur,26.4609135,80.3217588,public_dataset,reviewed,Canonical city row derived from supplied city/coordinate tables; aliases normalized conservatively.
3598,34,Kanpur Dehat,kanpur dehat,26.4585639,79.8548052,public_dataset,reviewed,Canonical city row derived from supplied city/coordinate tables; aliases normalized conservatively.
3599,34,Kant,kant,27.1595734,78.0427999,public_dataset,reviewed,Canonical city row derived from supplied city/coordinate tables; aliases normalized conservatively.
3600,34,Kanth,kanth,29.0063965,78.7034692,public_dataset,reviewed,Canonical city row derived from supplied city/coordinate tables; aliases normalized conservatively.
3601,34,Kaptanganj,kaptanganj,26.9256647,83.6992202,public_dataset,reviewed,Canonical city row derived from supplied city/coordinate tables; aliases normalized conservatively.
3602,34,Kara,kara,28.7829688,78.9387416,public_dataset,reviewed,Canonical city row derived from supplied city/coordinate tables; aliases normalized conservatively.
3603,34,Karari,karari,25.4549335,81.4273074,public_dataset,reviewed,Canonical city row derived from supplied city/coordinate tables; aliases normalized conservatively.
3604,34,Karbigwan,karbigwan,26.1979388,80.5060277,public_dataset,reviewed,Canonical city row derived from supplied city/coordinate tables; aliases normalized conservatively.
3605,34,Karchana,karchana,25.2840995,81.9376326,public_dataset,reviewed,Canonical city row derived from supplied city/coordinate tables; aliases normalized conservatively.
3606,34,Karhal,karhal,27.0521591,78.9611676,public_dataset,reviewed,Canonical city row derived from supplied city/coordinate tables; aliases normalized conservatively.
3607,34,Kasganj,kasganj,27.7888527,78.8229701,public_dataset,reviewed,Canonical city row derived from supplied city/coordinate tables; aliases normalized conservatively.
3608,34,Katra,katra,25.4656097,81.8520114,public_dataset,reviewed,Canonical city row derived from supplied city/coordinate tables; aliases normalized conservatively.
3609,34,Kausani,kausani,,,public_dataset,reviewed,Canonical city row derived from supplied city/coordinate tables; aliases normalized conservatively.
3610,34,Kaushambi District,kaushambi district,25.5342456,81.4493567,public_dataset,reviewed,Canonical city row derived from supplied city/coordinate tables; aliases normalized conservatively.
3611,34,Kemri,kemri,28.8111515,79.2012498,public_dataset,reviewed,Canonical city row derived from supplied city/coordinate tables; aliases normalized conservatively.
3612,34,Khada,khada,28.4333781,79.3428551,public_dataset,reviewed,Canonical city row derived from supplied city/coordinate tables; aliases normalized conservatively.
3613,34,Khaga,khaga,25.7196316,81.1058945,public_dataset,reviewed,Canonical city row derived from supplied city/coordinate tables; aliases normalized conservatively.
3614,34,Khailar,khailar,25.3465204,78.5366785,public_dataset,reviewed,Canonical city row derived from supplied city/coordinate tables; aliases normalized conservatively.
3615,34,Khair,khair,27.9420637,77.8426690,public_dataset,reviewed,Canonical city row derived from supplied city/coordinate tables; aliases normalized conservatively.
3616,34,Khairabad,khairabad,27.5301434,80.7524095,public_dataset,reviewed,Canonical city row derived from supplied city/coordinate tables; aliases normalized conservatively.
3617,34,Khalilabad,khalilabad,26.7751208,83.0542400,public_dataset,reviewed,Canonical city row derived from supplied city/coordinate tables; aliases normalized conservatively.
3618,34,Khanpur,khanpur,28.5373302,78.8158321,public_dataset,reviewed,Canonical city row derived from supplied city/coordinate tables; aliases normalized conservatively.
3619,34,Kharela,kharela,25.5402197,79.8139496,public_dataset,reviewed,Canonical city row derived from supplied city/coordinate tables; aliases normalized conservatively.
3620,34,Khargupur,khargupur,27.3774207,81.9869462,public_dataset,reviewed,Canonical city row derived from supplied city/coordinate tables; aliases normalized conservatively.
3621,34,Kharkhauda,kharkhauda,28.8367041,77.7407598,public_dataset,reviewed,Canonical city row derived from supplied city/coordinate tables; aliases normalized conservatively.
3622,34,Khatauli,khatauli,29.2738601,77.7374607,public_dataset,reviewed,Canonical city row derived from supplied city/coordinate tables; aliases normalized conservatively.
3623,34,Khekra,khekra,28.8655770,77.2839973,public_dataset,reviewed,Canonical city row derived from supplied city/coordinate tables; aliases normalized conservatively.
3624,34,Kheri,kheri,28.1166670,80.7166670,public_dataset,reviewed,Canonical city row derived from supplied city/coordinate tables; aliases normalized conservatively.
3625,34,Khudaganj,khudaganj,28.1465139,79.7133206,public_dataset,reviewed,Canonical city row derived from supplied city/coordinate tables; aliases normalized conservatively.
3626,34,Khurja,khurja,28.2532652,77.8539160,public_dataset,reviewed,Canonical city row derived from supplied city/coordinate tables; aliases normalized conservatively.
3627,34,Khutar,khutar,,,public_dataset,reviewed,Canonical city row derived from supplied city/coordinate tables; aliases normalized conservatively.
3628,34,Kirakat,kirakat,25.6478243,82.9185865,public_dataset,reviewed,Canonical city row derived from supplied city/coordinate tables; aliases normalized conservatively.
3629,34,Kiraoli,kiraoli,27.1375008,77.7865096,public_dataset,reviewed,Canonical city row derived from supplied city/coordinate tables; aliases normalized conservatively.
3630,34,Kiratpur,kiratpur,29.5044540,78.2027486,public_dataset,reviewed,Canonical city row derived from supplied city/coordinate tables; aliases normalized conservatively.
3631,34,Kishanpur,kishanpur,25.6418000,81.0229859,public_dataset,reviewed,Canonical city row derived from supplied city/coordinate tables; aliases normalized conservatively.
3632,34,Kishanpur baral,kishanpur baral,29.1936089,77.2834131,public_dataset,reviewed,Canonical city row derived from supplied city/coordinate tables; aliases normalized conservatively.
3633,34,Kishni,kishni,27.0246626,79.2620033,public_dataset,reviewed,Canonical city row derived from supplied city/coordinate tables; aliases normalized conservatively.
3634,34,Kithor,kithor,,,public_dataset,reviewed,Canonical city row derived from supplied city/coordinate tables; aliases normalized conservatively.
3635,34,Konch,konch,25.9867259,79.1055514,public_dataset,reviewed,Canonical city row derived from supplied city/coordinate tables; aliases normalized conservatively.
3636,34,Kopaganj,kopaganj,26.0205442,83.5685545,public_dataset,reviewed,Canonical city row derived from supplied city/coordinate tables; aliases normalized conservatively.
3637,34,Kosi,kosi,29.3433143,79.1300368,public_dataset,reviewed,Canonical city row derived from supplied city/coordinate tables; aliases normalized conservatively.
3638,34,Kota,kota,29.8923125,77.6403496,public_dataset,reviewed,Canonical city row derived from supplied city/coordinate tables; aliases normalized conservatively.
3639,34,Kotra,kotra,25.8085199,79.3091991,public_dataset,reviewed,Canonical city row derived from supplied city/coordinate tables; aliases normalized conservatively.
3640,34,Kuchesar,kuchesar,28.7474841,77.9156291,public_dataset,reviewed,Canonical city row derived from supplied city/coordinate tables; aliases normalized conservatively.
3641,34,Kudarkot,kudarkot,26.8095611,79.3926117,public_dataset,reviewed,Canonical city row derived from supplied city/coordinate tables; aliases normalized conservatively.
3642,34,Kulpahar,kulpahar,25.3017737,79.5233020,public_dataset,reviewed,Canonical city row derived from supplied city/coordinate tables; aliases normalized conservatively.
3643,34,Kunda,kunda,25.7551052,81.5810293,public_dataset,reviewed,Canonical city row derived from supplied city/coordinate tables; aliases normalized conservatively.
3644,34,Kundarkhi,kundarkhi,28.6827931,78.7847782,public_dataset,reviewed,Canonical city row derived from supplied city/coordinate tables; aliases normalized conservatively.
3645,34,Kundarki,kundarki,28.6806514,78.7899839,public_dataset,reviewed,Canonical city row derived from supplied city/coordinate tables; aliases normalized conservatively.
3646,34,Kurara,kurara,25.9802343,79.9903952,public_dataset,reviewed,Canonical city row derived from supplied city/coordinate tables; aliases normalized conservatively.
3647,34,"Kurebhar,saidkhanpur",kurebhar saidkhanpur,,,public_dataset,reviewed,Canonical city row derived from supplied city/coordinate tables; aliases normalized conservatively.
3648,34,Kushinagar,kushinagar,26.7438272,83.9162322,public_dataset,reviewed,Canonical city row derived from supplied city/coordinate tables; aliases normalized conservatively.
3649,34,Kusmara,kusmara,26.1555135,79.4117911,public_dataset,reviewed,Canonical city row derived from supplied city/coordinate tables; aliases normalized conservatively.
3650,34,Kuthaund,kuthaund,,,public_dataset,reviewed,Canonical city row derived from supplied city/coordinate tables; aliases normalized conservatively.
3651,34,Laharpur,laharpur,27.7256345,80.9869223,public_dataset,reviewed,Canonical city row derived from supplied city/coordinate tables; aliases normalized conservatively.
3652,34,Lakhimpur,lakhimpur,27.9850602,80.7538454,public_dataset,reviewed,Canonical city row derived from supplied city/coordinate tables; aliases normalized conservatively.
3653,34,Lakhna,lakhna,26.6480107,79.1472205,public_dataset,reviewed,Canonical city row derived from supplied city/coordinate tables; aliases normalized conservatively.
3654,34,Lalganj,lalganj,25.9929388,81.6604115,public_dataset,reviewed,Canonical city row derived from supplied city/coordinate tables; aliases normalized conservatively.
3655,34,Lalitpur,lalitpur,24.6999688,78.5186200,public_dataset,reviewed,Canonical city row derived from supplied city/coordinate tables; aliases normalized conservatively.
3656,34,Lambhua,lambhua,26.1349053,82.1980470,public_dataset,reviewed,Canonical city row derived from supplied city/coordinate tables; aliases normalized conservatively.
3657,34,Lar,lar,24.6878726,78.3957263,public_dataset,reviewed,Canonical city row derived from supplied city/coordinate tables; aliases normalized conservatively.
3658,34,Lawar,lawar,29.1109013,77.7728216,public_dataset,reviewed,Canonical city row derived from supplied city/coordinate tables; aliases normalized conservatively.
3659,34,Lawar Khas,lawar khas,,,public_dataset,reviewed,Canonical city row derived from supplied city/coordinate tables; aliases normalized conservatively.
3660,34,Loni,loni,28.7317295,77.2900919,public_dataset,reviewed,Canonical city row derived from supplied city/coordinate tables; aliases normalized conservatively.
3661,34,Lucknow,lucknow,26.8381000,80.9346001,public_dataset,reviewed,Canonical city row derived from supplied city/coordinate tables; aliases normalized conservatively.
3662,34,Lucknow District,lucknow district,26.8312463,80.9174154,public_dataset,reviewed,Canonical city row derived from supplied city/coordinate tables; aliases normalized conservatively.
3663,34,Machhali Shahar,machhali shahar,,,public_dataset,reviewed,Canonical city row derived from supplied city/coordinate tables; aliases normalized conservatively.
3664,34,Machhlishahr,machhlishahr,25.6875311,82.4109017,public_dataset,reviewed,Canonical city row derived from supplied city/coordinate tables; aliases normalized conservatively.
3665,34,Madhoganj,madhoganj,27.1005629,80.0548625,public_dataset,reviewed,Canonical city row derived from supplied city/coordinate tables; aliases normalized conservatively.
3666,34,Madhogarh,madhogarh,26.2856090,79.2131817,public_dataset,reviewed,Canonical city row derived from supplied city/coordinate tables; aliases normalized conservatively.
3667,34,Maghar,maghar,26.7544858,83.1275735,public_dataset,reviewed,Canonical city row derived from supplied city/coordinate tables; aliases normalized conservatively.
3668,34,Mahaban,mahaban,27.4330227,77.7421867,public_dataset,reviewed,Canonical city row derived from supplied city/coordinate tables; aliases normalized conservatively.
3669,34,Maharajganj,maharajganj,26.4710847,81.1807046,public_dataset,reviewed,Canonical city row derived from supplied city/coordinate tables; aliases normalized conservatively.
3670,34,Mahmudabad,mahmudabad,27.2985804,81.1250812,public_dataset,reviewed,Canonical city row derived from supplied city/coordinate tables; aliases normalized conservatively.
3671,34,Mahoba,mahoba,25.3615938,79.7060110,public_dataset,reviewed,Canonical city row derived from supplied city/coordinate tables; aliases normalized conservatively.
3672,34,Maholi,maholi,27.4642612,77.6488888,public_dataset,reviewed,Canonical city row derived from supplied city/coordinate tables; aliases normalized conservatively.
3673,34,Mahrajganj,mahrajganj,27.1837263,83.4917301,public_dataset,reviewed,Canonical city row derived from supplied city/coordinate tables; aliases normalized conservatively.
3674,34,Mahrajganj (Raebareli),mahrajganj raebareli,26.3793214,81.2753159,public_dataset,reviewed,Canonical city row derived from supplied city/coordinate tables; aliases normalized conservatively.
3675,34,Mahroni,mahroni,24.5378335,78.7698689,public_dataset,reviewed,Canonical city row derived from supplied city/coordinate tables; aliases normalized conservatively.
3676,34,Mahul,mahul,26.1803197,82.9072825,public_dataset,reviewed,Canonical city row derived from supplied city/coordinate tables; aliases normalized conservatively.
3677,34,Mailani,mailani,28.2907772,80.3433720,public_dataset,reviewed,Canonical city row derived from supplied city/coordinate tables; aliases normalized conservatively.
3678,34,Mainpuri,mainpuri,27.2093072,79.0625369,public_dataset,reviewed,Canonical city row derived from supplied city/coordinate tables; aliases normalized conservatively.
3679,34,Majhupur,majhupur,,,public_dataset,reviewed,Canonical city row derived from supplied city/coordinate tables; aliases normalized conservatively.
3680,34,Makanpur,makanpur,26.9021444,79.9791301,public_dataset,reviewed,Canonical city row derived from supplied city/coordinate tables; aliases normalized conservatively.
3681,34,Malasa,malasa,26.2870423,79.9047661,public_dataset,reviewed,Canonical city row derived from supplied city/coordinate tables; aliases normalized conservatively.
3682,34,Malihabad,malihabad,26.9906207,80.6664566,public_dataset,reviewed,Canonical city row derived from supplied city/coordinate tables; aliases normalized conservatively.
3683,34,Mandawar,mandawar,29.4866044,78.1290846,public_dataset,reviewed,Canonical city row derived from supplied city/coordinate tables; aliases normalized conservatively.
3684,34,Maniar,maniar,25.9843536,84.1713274,public_dataset,reviewed,Canonical city row derived from supplied city/coordinate tables; aliases normalized conservatively.
3685,34,Manikpur,manikpur,25.0632145,81.0940561,public_dataset,reviewed,Canonical city row derived from supplied city/coordinate tables; aliases normalized conservatively.
3686,34,Manjhanpur,manjhanpur,25.3998237,81.3318723,public_dataset,reviewed,Canonical city row derived from supplied city/coordinate tables; aliases normalized conservatively.
3687,34,Mankapur,mankapur,27.0348840,82.3650760,public_dataset,reviewed,Canonical city row derived from supplied city/coordinate tables; aliases normalized conservatively.
3688,34,Marahra,marahra,,,public_dataset,reviewed,Canonical city row derived from supplied city/coordinate tables; aliases normalized conservatively.
3689,34,Mariahu,mariahu,25.5549962,82.5778160,public_dataset,reviewed,Canonical city row derived from supplied city/coordinate tables; aliases normalized conservatively.
3690,34,Mataundh,mataundh,25.4372345,80.1567541,public_dataset,reviewed,Canonical city row derived from supplied city/coordinate tables; aliases normalized conservatively.
3691,34,Mathura,mathura,27.4955539,77.6855554,public_dataset,reviewed,Canonical city row derived from supplied city/coordinate tables; aliases normalized conservatively.
3692,34,Mau,mau,26.0390905,83.4985846,public_dataset,reviewed,Canonical city row derived from supplied city/coordinate tables; aliases normalized conservatively.
3693,34,Mau Aima,mau aima,25.6937820,81.9089006,public_dataset,reviewed,Canonical city row derived from supplied city/coordinate tables; aliases normalized conservatively.
3694,34,Mau Aimma,mau aimma,25.6960424,81.9206763,public_dataset,reviewed,Canonical city row derived from supplied city/coordinate tables; aliases normalized conservatively.
3695,34,Maudaha,maudaha,25.7065665,80.0434571,public_dataset,reviewed,Canonical city row derived from supplied city/coordinate tables; aliases normalized conservatively.
3696,34,Mauranwan,mauranwan,,,public_dataset,reviewed,Canonical city row derived from supplied city/coordinate tables; aliases normalized conservatively.
3697,34,Maurawan,maurawan,26.4288000,80.8798000,public_dataset,reviewed,Canonical city row derived from supplied city/coordinate tables; aliases normalized conservatively.
3698,34,Mawana,mawana,29.0465882,77.9633451,public_dataset,reviewed,Canonical city row derived from supplied city/coordinate tables; aliases normalized conservatively.
3699,34,Mawar,mawar,,,public_dataset,reviewed,Canonical city row derived from supplied city/coordinate tables; aliases normalized conservatively.
3700,34,Meerut,meerut,29.0018557,77.7679671,public_dataset,reviewed,Canonical city row derived from supplied city/coordinate tables; aliases normalized conservatively.
3701,34,Mehdawal,mehdawal,26.9776215,83.0659810,public_dataset,reviewed,Canonical city row derived from supplied city/coordinate tables; aliases normalized conservatively.
3702,34,Mehnagar,mehnagar,25.8624096,83.1410318,public_dataset,reviewed,Canonical city row derived from supplied city/coordinate tables; aliases normalized conservatively.
3703,34,Mehndawal,mehndawal,,,public_dataset,reviewed,Canonical city row derived from supplied city/coordinate tables; aliases normalized conservatively.
3704,34,Milak,milak,28.6802590,79.1721862,public_dataset,reviewed,Canonical city row derived from supplied city/coordinate tables; aliases normalized conservatively.
3705,34,Milkipur,milkipur,26.6082032,81.8800817,public_dataset,reviewed,Canonical city row derived from supplied city/coordinate tables; aliases normalized conservatively.
3706,34,Miranpur,miranpur,29.2904494,77.9477257,public_dataset,reviewed,Canonical city row derived from supplied city/coordinate tables; aliases normalized conservatively.
3707,34,Miranpur Katra,miranpur katra,28.0314823,79.6667048,public_dataset,reviewed,Canonical city row derived from supplied city/coordinate tables; aliases normalized conservatively.
3708,34,Mirganj,mirganj,,,public_dataset,reviewed,Canonical city row derived from supplied city/coordinate tables; aliases normalized conservatively.
3709,34,Mirzapur,mirzapur,24.9316896,82.6280163,public_dataset,reviewed,Canonical city row derived from supplied city/coordinate tables; aliases normalized conservatively.
3710,34,Misrikh,misrikh,27.5322549,80.4401156,public_dataset,reviewed,Canonical city row derived from supplied city/coordinate tables; aliases normalized conservatively.
3711,34,Mohan,mohan,26.7802746,80.6745721,public_dataset,reviewed,Canonical city row derived from supplied city/coordinate tables; aliases normalized conservatively.
3712,34,Mohanpur,mohanpur,28.7111407,78.8228702,public_dataset,reviewed,Canonical city row derived from supplied city/coordinate tables; aliases normalized conservatively.
3713,34,Moradabad,moradabad,28.8796553,78.8095335,public_dataset,reviewed,Canonical city row derived from supplied city/coordinate tables; aliases normalized conservatively.
3714,34,Moth,moth,25.7779968,78.9253888,public_dataset,reviewed,Canonical city row derived from supplied city/coordinate tables; aliases normalized conservatively.
3715,34,Mubarakpur,mubarakpur,26.0875514,83.2905851,public_dataset,reviewed,Canonical city row derived from supplied city/coordinate tables; aliases normalized conservatively.
3716,34,Mughal Sarai,mughal sarai,25.2708117,83.0988461,public_dataset,reviewed,Canonical city row derived from supplied city/coordinate tables; aliases normalized conservatively.
3717,34,Muhammadabad,muhammadabad,27.3074475,79.4337915,public_dataset,reviewed,Canonical city row derived from supplied city/coordinate tables; aliases normalized conservatively.
3718,34,Mukteshwar,mukteshwar,26.8492035,80.8815161,public_dataset,reviewed,Canonical city row derived from supplied city/coordinate tables; aliases normalized conservatively.
3719,34,Mungra Badshahpur,mungra badshahpur,25.6579111,82.1902983,public_dataset,reviewed,Canonical city row derived from supplied city/coordinate tables; aliases normalized conservatively.
3720,34,Munsyari,munsyari,,,public_dataset,reviewed,Canonical city row derived from supplied city/coordinate tables; aliases normalized conservatively.
3721,34,Muradabad,muradabad,26.9569000,80.1830000,public_dataset,reviewed,Canonical city row derived from supplied city/coordinate tables; aliases normalized conservatively.
3722,34,Muradnagar,muradnagar,28.7733808,77.5033582,public_dataset,reviewed,Canonical city row derived from supplied city/coordinate tables; aliases normalized conservatively.
3723,34,Mursan,mursan,27.5777344,77.9408580,public_dataset,reviewed,Canonical city row derived from supplied city/coordinate tables; aliases normalized conservatively.
3724,34,Musafir-Khana,musafir khana,26.3794882,81.7996547,public_dataset,reviewed,Canonical city row derived from supplied city/coordinate tables; aliases normalized conservatively.
3725,34,Musafirkhana,musafirkhana,26.4957934,81.6525155,public_dataset,reviewed,Canonical city row derived from supplied city/coordinate tables; aliases normalized conservatively.
3726,34,Muzaffarnagar,muzaffarnagar,29.4496979,77.7429333,public_dataset,reviewed,Canonical city row derived from supplied city/coordinate tables; aliases normalized conservatively.
3727,34,Nadigaon,nadigaon,26.1058001,79.0227585,public_dataset,reviewed,Canonical city row derived from supplied city/coordinate tables; aliases normalized conservatively.
3728,34,Nagina,nagina,29.5384220,78.5151467,public_dataset,reviewed,Canonical city row derived from supplied city/coordinate tables; aliases normalized conservatively.
3729,34,Nagla,nagla,28.4998888,77.6407613,public_dataset,reviewed,Canonical city row derived from supplied city/coordinate tables; aliases normalized conservatively.
3730,34,Nagram,nagram,26.6184787,81.1410708,public_dataset,reviewed,Canonical city row derived from supplied city/coordinate tables; aliases normalized conservatively.
3731,34,Najibabad,najibabad,29.6131324,78.3430066,public_dataset,reviewed,Canonical city row derived from supplied city/coordinate tables; aliases normalized conservatively.
3732,34,Nakur,nakur,29.8497430,77.2980474,public_dataset,reviewed,Canonical city row derived from supplied city/coordinate tables; aliases normalized conservatively.
3733,34,Nanauta,nanauta,29.7129613,77.4175857,public_dataset,reviewed,Canonical city row derived from supplied city/coordinate tables; aliases normalized conservatively.
3734,34,Nandgaon,nandgaon,27.7109688,77.3856842,public_dataset,reviewed,Canonical city row derived from supplied city/coordinate tables; aliases normalized conservatively.
3735,34,Nanpara,nanpara,28.0327348,81.3787211,public_dataset,reviewed,Canonical city row derived from supplied city/coordinate tables; aliases normalized conservatively.
3736,34,Narauli,narauli,28.4852673,78.7131897,public_dataset,reviewed,Canonical city row derived from supplied city/coordinate tables; aliases normalized conservatively.
3737,34,Naraura,naraura,27.1855541,81.9564879,public_dataset,reviewed,Canonical city row derived from supplied city/coordinate tables; aliases normalized conservatively.
3738,34,Narora,narora,28.1959500,78.3859544,public_dataset,reviewed,Canonical city row derived from supplied city/coordinate tables; aliases normalized conservatively.
3739,34,Naugama,naugama,,,public_dataset,reviewed,Canonical city row derived from supplied city/coordinate tables; aliases normalized conservatively.
3740,34,Naurangpur,naurangpur,27.1551565,81.9434669,public_dataset,reviewed,Canonical city row derived from supplied city/coordinate tables; aliases normalized conservatively.
3741,34,Nautanwa,nautanwa,27.4247284,83.4201980,public_dataset,reviewed,Canonical city row derived from supplied city/coordinate tables; aliases normalized conservatively.
3742,34,Nawabganj,nawabganj,26.9231369,81.2082558,public_dataset,reviewed,Canonical city row derived from supplied city/coordinate tables; aliases normalized conservatively.
3743,34,Nawabganj (Barabanki),nawabganj barabanki,26.9231369,81.2082558,public_dataset,reviewed,Canonical city row derived from supplied city/coordinate tables; aliases normalized conservatively.
3744,34,Nawabganj (Bareilly),nawabganj bareilly,28.4914418,79.6489882,public_dataset,reviewed,Canonical city row derived from supplied city/coordinate tables; aliases normalized conservatively.
3745,34,Newara,newara,,,public_dataset,reviewed,Canonical city row derived from supplied city/coordinate tables; aliases normalized conservatively.
3746,34,Nichlaul,nichlaul,27.2554985,83.7279559,public_dataset,reviewed,Canonical city row derived from supplied city/coordinate tables; aliases normalized conservatively.
3747,34,Nigoh,nigoh,,,public_dataset,reviewed,Canonical city row derived from supplied city/coordinate tables; aliases normalized conservatively.
3748,34,Nihtaur,nihtaur,,,public_dataset,reviewed,Canonical city row derived from supplied city/coordinate tables; aliases normalized conservatively.
3749,34,Niwari,niwari,28.8386585,77.5801703,public_dataset,reviewed,Canonical city row derived from supplied city/coordinate tables; aliases normalized conservatively.
3750,34,Nizamabad,nizamabad,26.0553180,82.9931387,public_dataset,reviewed,Canonical city row derived from supplied city/coordinate tables; aliases normalized conservatively.
3751,34,Noida,noida,28.5706333,77.3272147,public_dataset,reviewed,Canonical city row derived from supplied city/coordinate tables; aliases normalized conservatively.
3752,34,Nurpur,nurpur,28.2727692,78.4345003,public_dataset,reviewed,Canonical city row derived from supplied city/coordinate tables; aliases normalized conservatively.
3753,34,Obra,obra,24.4676117,82.9932634,public_dataset,reviewed,Canonical city row derived from supplied city/coordinate tables; aliases normalized conservatively.
3754,34,Orai,orai,25.9359555,79.4243277,public_dataset,reviewed,Canonical city row derived from supplied city/coordinate tables; aliases normalized conservatively.
3755,34,Oran,oran,25.2765727,80.6551675,public_dataset,reviewed,Canonical city row derived from supplied city/coordinate tables; aliases normalized conservatively.
3756,34,Pachperwa,pachperwa,27.5248631,82.6478703,public_dataset,reviewed,Canonical city row derived from supplied city/coordinate tables; aliases normalized conservatively.
3757,34,Padrauna,padrauna,26.8975611,83.9827053,public_dataset,reviewed,Canonical city row derived from supplied city/coordinate tables; aliases normalized conservatively.
3758,34,Pahasu,pahasu,28.1719630,78.0635670,public_dataset,reviewed,Canonical city row derived from supplied city/coordinate tables; aliases normalized conservatively.
3759,34,Paigaon,paigaon,27.7818348,77.5269126,public_dataset,reviewed,Canonical city row derived from supplied city/coordinate tables; aliases normalized conservatively.
3760,34,Pali,pali,27.5672921,77.4590206,public_dataset,reviewed,Canonical city row derived from supplied city/coordinate tables; aliases normalized conservatively.
3761,34,Palia Kalan,palia kalan,28.4312733,80.5810023,public_dataset,reviewed,Canonical city row derived from supplied city/coordinate tables; aliases normalized conservatively.
3762,34,Paras Rampur,paras rampur,,,public_dataset,reviewed,Canonical city row derived from supplied city/coordinate tables; aliases normalized conservatively.
3763,34,Parichha,parichha,25.5184274,78.7384812,public_dataset,reviewed,Canonical city row derived from supplied city/coordinate tables; aliases normalized conservatively.
3764,34,Parichhatgarh,parichhatgarh,,,public_dataset,reviewed,Canonical city row derived from supplied city/coordinate tables; aliases normalized conservatively.
3765,34,Parshadepur,parshadepur,26.0816067,81.5034216,public_dataset,reviewed,Canonical city row derived from supplied city/coordinate tables; aliases normalized conservatively.
3766,34,Pathakpura,pathakpura,,,public_dataset,reviewed,Canonical city row derived from supplied city/coordinate tables; aliases normalized conservatively.
3767,34,Patiali,patiali,27.6841812,78.9839974,public_dataset,reviewed,Canonical city row derived from supplied city/coordinate tables; aliases normalized conservatively.
3768,34,Patti,patti,25.9496326,82.1811392,public_dataset,reviewed,Canonical city row derived from supplied city/coordinate tables; aliases normalized conservatively.
3769,34,Pawayan,pawayan,28.0671465,80.0973671,public_dataset,reviewed,Canonical city row derived from supplied city/coordinate tables; aliases normalized conservatively.
3770,34,Payagpur,payagpur,27.3990446,81.7925593,public_dataset,reviewed,Canonical city row derived from supplied city/coordinate tables; aliases normalized conservatively.
3771,34,Phalauda,phalauda,29.1872889,77.8280588,public_dataset,reviewed,Canonical city row derived from supplied city/coordinate tables; aliases normalized conservatively.
3772,34,Phaphamau,phaphamau,25.5288334,81.8563180,public_dataset,reviewed,Canonical city row derived from supplied city/coordinate tables; aliases normalized conservatively.
3773,34,Phaphund,phaphund,26.6324444,79.5545165,public_dataset,reviewed,Canonical city row derived from supplied city/coordinate tables; aliases normalized conservatively.
3774,34,Phariha,phariha,26.0072696,83.0292546,public_dataset,reviewed,Canonical city row derived from supplied city/coordinate tables; aliases normalized conservatively.
3775,34,Pheona,pheona,29.0733645,78.3498416,public_dataset,reviewed,Canonical city row derived from supplied city/coordinate tables; aliases normalized conservatively.
3776,34,Phulpur,phulpur,26.0362585,82.7985315,public_dataset,reviewed,Canonical city row derived from supplied city/coordinate tables; aliases normalized conservatively.
3777,34,Pichhaura,pichhaura,,,public_dataset,reviewed,Canonical city row derived from supplied city/coordinate tables; aliases normalized conservatively.
3778,34,Pihani,pihani,27.6243099,80.2008125,public_dataset,reviewed,Canonical city row derived from supplied city/coordinate tables; aliases normalized conservatively.
3779,34,Pilibhit,pilibhit,28.4947158,80.1076122,public_dataset,reviewed,Canonical city row derived from supplied city/coordinate tables; aliases normalized conservatively.
3780,34,Pilkhua,pilkhua,28.7125191,77.6684448,public_dataset,reviewed,Canonical city row derived from supplied city/coordinate tables; aliases normalized conservatively.
3781,34,Pilkhuwa,pilkhuwa,28.7142498,77.6548510,public_dataset,reviewed,Canonical city row derived from supplied city/coordinate tables; aliases normalized conservatively.
3782,34,Pinahat,pinahat,26.8851057,78.3746790,public_dataset,reviewed,Canonical city row derived from supplied city/coordinate tables; aliases normalized conservatively.
3783,34,Pipraich,pipraich,26.8280867,83.5357600,public_dataset,reviewed,Canonical city row derived from supplied city/coordinate tables; aliases normalized conservatively.
3784,34,Pipri,pipri,24.2036015,83.0179250,public_dataset,reviewed,Canonical city row derived from supplied city/coordinate tables; aliases normalized conservatively.
3785,34,Pratapgarh,pratapgarh,25.7500000,81.7500000,public_dataset,reviewed,Canonical city row derived from supplied city/coordinate tables; aliases normalized conservatively.
3786,34,Prayagraj (Allahabad),prayagraj allahabad,25.4741716,81.8495397,public_dataset,reviewed,Canonical city row derived from supplied city/coordinate tables; aliases normalized conservatively.
3787,34,Pukhrayan,pukhrayan,26.2269466,79.8397679,public_dataset,reviewed,Canonical city row derived from supplied city/coordinate tables; aliases normalized conservatively.
3788,34,Puranpur,puranpur,28.5143487,80.1512946,public_dataset,reviewed,Canonical city row derived from supplied city/coordinate tables; aliases normalized conservatively.
3789,34,Purmafi,purmafi,,,public_dataset,reviewed,Canonical city row derived from supplied city/coordinate tables; aliases normalized conservatively.
3790,34,Purwa,purwa,26.4863403,80.8367138,public_dataset,reviewed,Canonical city row derived from supplied city/coordinate tables; aliases normalized conservatively.
3791,34,Qadirganj,qadirganj,,,public_dataset,reviewed,Canonical city row derived from supplied city/coordinate tables; aliases normalized conservatively.
3792,34,Rabupura,rabupura,28.2513181,77.6008987,public_dataset,reviewed,Canonical city row derived from supplied city/coordinate tables; aliases normalized conservatively.
3793,34,Radha Kund,radha kund,27.5245090,77.4905823,public_dataset,reviewed,Canonical city row derived from supplied city/coordinate tables; aliases normalized conservatively.
3794,34,Radhakund,radhakund,27.5394217,77.5214485,public_dataset,reviewed,Canonical city row derived from supplied city/coordinate tables; aliases normalized conservatively.
3795,34,Raebareli,raebareli,26.2086769,81.2186298,public_dataset,reviewed,Canonical city row derived from supplied city/coordinate tables; aliases normalized conservatively.
3796,34,Rajapur,rajapur,25.3863662,81.1494181,public_dataset,reviewed,Canonical city row derived from supplied city/coordinate tables; aliases normalized conservatively.
3797,34,Ramkola,ramkola,26.9052307,83.8370230,public_dataset,reviewed,Canonical city row derived from supplied city/coordinate tables; aliases normalized conservatively.
3798,34,Ramnagar,ramnagar,21.6768840,87.5539271,public_dataset,reviewed,Canonical city row derived from supplied city/coordinate tables; aliases normalized conservatively.
3799,34,Rampur,rampur,28.7934728,79.1845806,public_dataset,reviewed,Canonical city row derived from supplied city/coordinate tables; aliases normalized conservatively.
3800,34,Rampura,rampura,26.3492002,79.1828970,public_dataset,reviewed,Canonical city row derived from supplied city/coordinate tables; aliases normalized conservatively.
3801,34,Ranipur,ranipur,25.2512395,79.0630906,public_dataset,reviewed,Canonical city row derived from supplied city/coordinate tables; aliases normalized conservatively.
3802,34,Ranipur Barsi,ranipur barsi,,,public_dataset,reviewed,Canonical city row derived from supplied city/coordinate tables; aliases normalized conservatively.
3803,34,Rasra,rasra,25.8861049,83.8825267,public_dataset,reviewed,Canonical city row derived from supplied city/coordinate tables; aliases normalized conservatively.
3804,34,Rasulabad,rasulabad,26.6818748,79.8581081,public_dataset,reviewed,Canonical city row derived from supplied city/coordinate tables; aliases normalized conservatively.
3805,34,Rath,rath,25.6343196,79.5260926,public_dataset,reviewed,Canonical city row derived from supplied city/coordinate tables; aliases normalized conservatively.
3806,34,Raya,raya,27.5575987,77.7916007,public_dataset,reviewed,Canonical city row derived from supplied city/coordinate tables; aliases normalized conservatively.
3807,34,Rehar,rehar,,,public_dataset,reviewed,Canonical city row derived from supplied city/coordinate tables; aliases normalized conservatively.
3808,34,Renukoot,renukoot,24.2032305,83.0400348,public_dataset,reviewed,Canonical city row derived from supplied city/coordinate tables; aliases normalized conservatively.
3809,34,Renukut,renukut,24.2032305,83.0400348,public_dataset,reviewed,Canonical city row derived from supplied city/coordinate tables; aliases normalized conservatively.
3810,34,Reoti,reoti,25.8343073,84.3754590,public_dataset,reviewed,Canonical city row derived from supplied city/coordinate tables; aliases normalized conservatively.
3811,34,Reotipur,reotipur,25.5375191,83.7120180,public_dataset,reviewed,Canonical city row derived from supplied city/coordinate tables; aliases normalized conservatively.
3812,34,Richha,richha,28.7133947,79.4882495,public_dataset,reviewed,Canonical city row derived from supplied city/coordinate tables; aliases normalized conservatively.
3813,34,Robertsganj,robertsganj,24.6266156,83.2403026,public_dataset,reviewed,Canonical city row derived from supplied city/coordinate tables; aliases normalized conservatively.
3814,34,Rudarpur,rudarpur,,,public_dataset,reviewed,Canonical city row derived from supplied city/coordinate tables; aliases normalized conservatively.
3815,34,Rudauli,rudauli,26.7266489,81.7113871,public_dataset,reviewed,Canonical city row derived from supplied city/coordinate tables; aliases normalized conservatively.
3816,34,Rura,rura,26.4898960,79.9011355,public_dataset,reviewed,Canonical city row derived from supplied city/coordinate tables; aliases normalized conservatively.
3817,34,Sabalpur,sabalpur,29.2491854,78.7474811,public_dataset,reviewed,Canonical city row derived from supplied city/coordinate tables; aliases normalized conservatively.
3818,34,Sachendi,sachendi,26.4254182,80.1694349,public_dataset,reviewed,Canonical city row derived from supplied city/coordinate tables; aliases normalized conservatively.
3819,34,Sadabad,sadabad,27.4059148,78.0334941,public_dataset,reviewed,Canonical city row derived from supplied city/coordinate tables; aliases normalized conservatively.
3820,34,Sadat,sadat,25.6734320,83.3090764,public_dataset,reviewed,Canonical city row derived from supplied city/coordinate tables; aliases normalized conservatively.
3821,34,Safipur,safipur,26.8385180,80.2811331,public_dataset,reviewed,Canonical city row derived from supplied city/coordinate tables; aliases normalized conservatively.
3822,34,Saharanpur,saharanpur,29.9856799,77.5040646,public_dataset,reviewed,Canonical city row derived from supplied city/coordinate tables; aliases normalized conservatively.
3823,34,Sahaspur,sahaspur,29.1211913,78.6208906,public_dataset,reviewed,Canonical city row derived from supplied city/coordinate tables; aliases normalized conservatively.
3824,34,Sahaswan,sahaswan,28.1112629,78.7463973,public_dataset,reviewed,Canonical city row derived from supplied city/coordinate tables; aliases normalized conservatively.
3825,34,Sahawar,sahawar,27.7953887,78.8341569,public_dataset,reviewed,Canonical city row derived from supplied city/coordinate tables; aliases normalized conservatively.
3826,34,Sahibabad,sahibabad,28.6676672,77.3681893,public_dataset,reviewed,Canonical city row derived from supplied city/coordinate tables; aliases normalized conservatively.
3827,34,Sahpau,sahpau,27.4382496,78.1366889,public_dataset,reviewed,Canonical city row derived from supplied city/coordinate tables; aliases normalized conservatively.
3828,34,Saidpur,saidpur,25.5837885,83.2637704,public_dataset,reviewed,Canonical city row derived from supplied city/coordinate tables; aliases normalized conservatively.
3829,34,Sakhanu,sakhanu,27.9555322,79.2268746,public_dataset,reviewed,Canonical city row derived from supplied city/coordinate tables; aliases normalized conservatively.
3830,34,Sakit,sakit,27.4344381,78.7789668,public_dataset,reviewed,Canonical city row derived from supplied city/coordinate tables; aliases normalized conservatively.
3831,34,Salempur,salempur,26.2967211,83.9213220,public_dataset,reviewed,Canonical city row derived from supplied city/coordinate tables; aliases normalized conservatively.
3832,34,Salon,salon,26.0888150,81.4533741,public_dataset,reviewed,Canonical city row derived from supplied city/coordinate tables; aliases normalized conservatively.
3833,34,Sambhal,sambhal,28.4271928,78.5564546,public_dataset,reviewed,Canonical city row derived from supplied city/coordinate tables; aliases normalized conservatively.
3834,34,Samthar,samthar,25.8438799,78.9067775,public_dataset,reviewed,Canonical city row derived from supplied city/coordinate tables; aliases normalized conservatively.
3835,34,Sandi,sandi,27.2894559,79.9529044,public_dataset,reviewed,Canonical city row derived from supplied city/coordinate tables; aliases normalized conservatively.
3836,34,Sandila,sandila,27.1254439,80.5414908,public_dataset,reviewed,Canonical city row derived from supplied city/coordinate tables; aliases normalized conservatively.
3837,34,Sant Kabir Nagar,sant kabir nagar,26.7550820,83.0398545,public_dataset,reviewed,Canonical city row derived from supplied city/coordinate tables; aliases normalized conservatively.
3838,34,Sant Ravi Das Nagar,sant ravi das nagar,,,public_dataset,reviewed,Canonical city row derived from supplied city/coordinate tables; aliases normalized conservatively.
3839,34,Sarai Akil,sarai akil,25.3703666,81.6028706,public_dataset,reviewed,Canonical city row derived from supplied city/coordinate tables; aliases normalized conservatively.
3840,34,Sarai Ekdil,sarai ekdil,,,public_dataset,reviewed,Canonical city row derived from supplied city/coordinate tables; aliases normalized conservatively.
3841,34,Sarai Mir,sarai mir,26.0281419,82.9239538,public_dataset,reviewed,Canonical city row derived from supplied city/coordinate tables; aliases normalized conservatively.
3842,34,Sarauli,sarauli,25.1229564,82.5770022,public_dataset,reviewed,Canonical city row derived from supplied city/coordinate tables; aliases normalized conservatively.
3843,34,Sardhana,sardhana,29.1486525,77.6362019,public_dataset,reviewed,Canonical city row derived from supplied city/coordinate tables; aliases normalized conservatively.
3844,34,Sarila,sarila,25.7996834,79.6595844,public_dataset,reviewed,Canonical city row derived from supplied city/coordinate tables; aliases normalized conservatively.
3845,34,Sarurpur,sarurpur,29.1349756,77.5418513,public_dataset,reviewed,Canonical city row derived from supplied city/coordinate tables; aliases normalized conservatively.
3846,34,Sasni,sasni,27.7061837,78.0976281,public_dataset,reviewed,Canonical city row derived from supplied city/coordinate tables; aliases normalized conservatively.
3847,34,Satrikh,satrikh,,,public_dataset,reviewed,Canonical city row derived from supplied city/coordinate tables; aliases normalized conservatively.
3848,34,Saurikh,saurikh,27.0304766,79.4889568,public_dataset,reviewed,Canonical city row derived from supplied city/coordinate tables; aliases normalized conservatively.
3849,34,Sector,sector,28.6286564,77.3599009,public_dataset,reviewed,Canonical city row derived from supplied city/coordinate tables; aliases normalized conservatively.
3850,34,Seohara,seohara,29.2071574,78.5842226,public_dataset,reviewed,Canonical city row derived from supplied city/coordinate tables; aliases normalized conservatively.
3851,34,Shahabad,shahabad,27.6446688,79.9394235,public_dataset,reviewed,Canonical city row derived from supplied city/coordinate tables; aliases normalized conservatively.
3852,34,Shahganj,shahganj,26.0186438,82.6172019,public_dataset,reviewed,Canonical city row derived from supplied city/coordinate tables; aliases normalized conservatively.
3853,34,Shahi,shahi,28.5497856,79.3160569,public_dataset,reviewed,Canonical city row derived from supplied city/coordinate tables; aliases normalized conservatively.
3854,34,Shahjahanpur,shahjahanpur,27.9128583,79.7476254,public_dataset,reviewed,Canonical city row derived from supplied city/coordinate tables; aliases normalized conservatively.
3855,34,Shahpur,shahpur,29.7577461,77.6593494,public_dataset,reviewed,Canonical city row derived from supplied city/coordinate tables; aliases normalized conservatively.
3856,34,Shamli,shamli,29.4811508,77.2901344,public_dataset,reviewed,Canonical city row derived from supplied city/coordinate tables; aliases normalized conservatively.
3857,34,Shamsabad,shamsabad,27.0170736,78.1234650,public_dataset,reviewed,Canonical city row derived from supplied city/coordinate tables; aliases normalized conservatively.
3858,34,Shankargarh,shankargarh,25.1836065,81.6166539,public_dataset,reviewed,Canonical city row derived from supplied city/coordinate tables; aliases normalized conservatively.
3859,34,Shergarh,shergarh,27.7865337,77.6124775,public_dataset,reviewed,Canonical city row derived from supplied city/coordinate tables; aliases normalized conservatively.
3860,34,Sherkot,sherkot,29.3248768,78.5732637,public_dataset,reviewed,Canonical city row derived from supplied city/coordinate tables; aliases normalized conservatively.
3861,34,Shibnagar,shibnagar,,,public_dataset,reviewed,Canonical city row derived from supplied city/coordinate tables; aliases normalized conservatively.
3862,34,Shikarpur,shikarpur,28.2325472,78.0636983,public_dataset,reviewed,Canonical city row derived from supplied city/coordinate tables; aliases normalized conservatively.
3863,34,Shikarpur (Bulandshahr),shikarpur bulandshahr,28.2325472,78.0636983,public_dataset,reviewed,Canonical city row derived from supplied city/coordinate tables; aliases normalized conservatively.
3864,34,Shikohabad,shikohabad,27.1037645,78.5881058,public_dataset,reviewed,Canonical city row derived from supplied city/coordinate tables; aliases normalized conservatively.
3865,34,Shishgarh,shishgarh,,,public_dataset,reviewed,Canonical city row derived from supplied city/coordinate tables; aliases normalized conservatively.
3866,34,Shivrajpur,shivrajpur,22.3273369,68.9558947,public_dataset,reviewed,Canonical city row derived from supplied city/coordinate tables; aliases normalized conservatively.
3867,34,Shrawasti,shrawasti,,,public_dataset,reviewed,Canonical city row derived from supplied city/coordinate tables; aliases normalized conservatively.
3868,34,Siddharthnagar,siddharthnagar,27.2511724,82.8716528,public_dataset,reviewed,Canonical city row derived from supplied city/coordinate tables; aliases normalized conservatively.
3869,34,Siddhaur,siddhaur,26.7696327,81.4032538,public_dataset,reviewed,Canonical city row derived from supplied city/coordinate tables; aliases normalized conservatively.
3870,34,Sidhauli,sidhauli,27.2875109,80.8254411,public_dataset,reviewed,Canonical city row derived from supplied city/coordinate tables; aliases normalized conservatively.
3871,34,Sidhpura,sidhpura,27.6305000,78.8694000,public_dataset,reviewed,Canonical city row derived from supplied city/coordinate tables; aliases normalized conservatively.
3872,34,Sikandarabad,sikandarabad,28.4520179,77.6989831,public_dataset,reviewed,Canonical city row derived from supplied city/coordinate tables; aliases normalized conservatively.
3873,34,Sikandarpur,sikandarpur,28.8633171,78.6900901,public_dataset,reviewed,Canonical city row derived from supplied city/coordinate tables; aliases normalized conservatively.
3874,34,Sikandra,sikandra,26.3757328,79.6394050,public_dataset,reviewed,Canonical city row derived from supplied city/coordinate tables; aliases normalized conservatively.
3875,34,Sikandra Rao,sikandra rao,27.6948120,78.3896514,public_dataset,reviewed,Canonical city row derived from supplied city/coordinate tables; aliases normalized conservatively.
3876,34,Sikandrabad,sikandrabad,28.4170776,77.7352697,public_dataset,reviewed,Canonical city row derived from supplied city/coordinate tables; aliases normalized conservatively.
3877,34,Sirathu,sirathu,25.6618661,81.3252758,public_dataset,reviewed,Canonical city row derived from supplied city/coordinate tables; aliases normalized conservatively.
3878,34,Sirsa,sirsa,28.1554817,77.5498724,public_dataset,reviewed,Canonical city row derived from supplied city/coordinate tables; aliases normalized conservatively.
3879,34,Sirsaganj,sirsaganj,27.0569981,78.6860470,public_dataset,reviewed,Canonical city row derived from supplied city/coordinate tables; aliases normalized conservatively.
3880,34,Sirsi,sirsi,24.8446585,82.4916853,public_dataset,reviewed,Canonical city row derived from supplied city/coordinate tables; aliases normalized conservatively.
3881,34,Sisauli,sisauli,28.9177422,77.8041957,public_dataset,reviewed,Canonical city row derived from supplied city/coordinate tables; aliases normalized conservatively.
3882,34,Siswa Bazar,siswa bazar,27.1468901,83.7578251,public_dataset,reviewed,Canonical city row derived from supplied city/coordinate tables; aliases normalized conservatively.
3883,34,Sitapur,sitapur,27.5026748,80.8335139,public_dataset,reviewed,Canonical city row derived from supplied city/coordinate tables; aliases normalized conservatively.
3884,34,Sonbhadra,sonbhadra,24.4148159,83.0637517,public_dataset,reviewed,Canonical city row derived from supplied city/coordinate tables; aliases normalized conservatively.
3885,34,Soron,soron,27.8897862,78.7463761,public_dataset,reviewed,Canonical city row derived from supplied city/coordinate tables; aliases normalized conservatively.
3886,34,Suar,suar,29.0151586,79.1004808,public_dataset,reviewed,Canonical city row derived from supplied city/coordinate tables; aliases normalized conservatively.
3887,34,Sultanpur,sultanpur,29.1574926,79.0565711,public_dataset,reviewed,Canonical city row derived from supplied city/coordinate tables; aliases normalized conservatively.
3888,34,Surianwan,surianwan,25.4641655,82.4181237,public_dataset,reviewed,Canonical city row derived from supplied city/coordinate tables; aliases normalized conservatively.
3889,34,Tajpur,tajpur,28.1064575,77.8673814,public_dataset,reviewed,Canonical city row derived from supplied city/coordinate tables; aliases normalized conservatively.
3890,34,Talbahat,talbahat,25.0391640,78.4144768,public_dataset,reviewed,Canonical city row derived from supplied city/coordinate tables; aliases normalized conservatively.
3891,34,Talgram,talgram,27.0467930,79.6479828,public_dataset,reviewed,Canonical city row derived from supplied city/coordinate tables; aliases normalized conservatively.
3892,34,Tanda,tanda,26.5182569,82.6946915,public_dataset,reviewed,Canonical city row derived from supplied city/coordinate tables; aliases normalized conservatively.
3893,34,Terha,terha,25.8308803,80.2468395,public_dataset,reviewed,Canonical city row derived from supplied city/coordinate tables; aliases normalized conservatively.
3894,34,Thakurdwara,thakurdwara,29.1029220,78.8154436,public_dataset,reviewed,Canonical city row derived from supplied city/coordinate tables; aliases normalized conservatively.
3895,34,Thana Bhawan,thana bhawan,29.5869304,77.4169206,public_dataset,reviewed,Canonical city row derived from supplied city/coordinate tables; aliases normalized conservatively.
3896,34,Tigri,tigri,29.4856318,77.8115272,public_dataset,reviewed,Canonical city row derived from supplied city/coordinate tables; aliases normalized conservatively.
3897,34,Tikaitnagar,tikaitnagar,26.9382534,81.5661706,public_dataset,reviewed,Canonical city row derived from supplied city/coordinate tables; aliases normalized conservatively.
3898,34,Tikri,tikri,29.2295642,77.3529768,public_dataset,reviewed,Canonical city row derived from supplied city/coordinate tables; aliases normalized conservatively.
3899,34,Tilhar,tilhar,28.0571981,79.7416689,public_dataset,reviewed,Canonical city row derived from supplied city/coordinate tables; aliases normalized conservatively.
3900,34,Tilsahri,tilsahri,,,public_dataset,reviewed,Canonical city row derived from supplied city/coordinate tables; aliases normalized conservatively.
3901,34,Tindwari,tindwari,25.6163048,80.5243452,public_dataset,reviewed,Canonical city row derived from supplied city/coordinate tables; aliases normalized conservatively.
3902,34,Titron,titron,29.6679185,77.3228072,public_dataset,reviewed,Canonical city row derived from supplied city/coordinate tables; aliases normalized conservatively.
3903,34,Tori Fatehpur,tori fatehpur,,,public_dataset,reviewed,Canonical city row derived from supplied city/coordinate tables; aliases normalized conservatively.
3904,34,Tulsipur,tulsipur,27.5318766,82.4090082,public_dataset,reviewed,Canonical city row derived from supplied city/coordinate tables; aliases normalized conservatively.
3905,34,Tundla,tundla,27.2132859,78.2371117,public_dataset,reviewed,Canonical city row derived from supplied city/coordinate tables; aliases normalized conservatively.
3906,34,Ugu,ugu,26.7974509,80.3215599,public_dataset,reviewed,Canonical city row derived from supplied city/coordinate tables; aliases normalized conservatively.
3907,34,Ujhani,ujhani,27.9951096,79.0153138,public_dataset,reviewed,Canonical city row derived from supplied city/coordinate tables; aliases normalized conservatively.
3908,34,Umri,umri,26.3387107,79.2537403,public_dataset,reviewed,Canonical city row derived from supplied city/coordinate tables; aliases normalized conservatively.
3909,34,Un,un,28.1597724,79.8356273,public_dataset,reviewed,Canonical city row derived from supplied city/coordinate tables; aliases normalized conservatively.
3910,34,Unnao,unnao,26.5673264,80.6198193,public_dataset,reviewed,Canonical city row derived from supplied city/coordinate tables; aliases normalized conservatively.
3911,34,Usawan,usawan,27.8147620,79.3471951,public_dataset,reviewed,Canonical city row derived from supplied city/coordinate tables; aliases normalized conservatively.
3912,34,Usehat,usehat,,,public_dataset,reviewed,Canonical city row derived from supplied city/coordinate tables; aliases normalized conservatively.
3913,34,Uska,uska,27.1909494,83.1235167,public_dataset,reviewed,Canonical city row derived from supplied city/coordinate tables; aliases normalized conservatively.
3914,34,Utraula,utraula,27.2389916,82.3961845,public_dataset,reviewed,Canonical city row derived from supplied city/coordinate tables; aliases normalized conservatively.
3915,34,Varanasi,varanasi,25.3356491,83.0076292,public_dataset,reviewed,Canonical city row derived from supplied city/coordinate tables; aliases normalized conservatively.
3916,34,Vindhyachal,vindhyachal,25.1643804,82.5043173,public_dataset,reviewed,Canonical city row derived from supplied city/coordinate tables; aliases normalized conservatively.
3917,34,Vrindavan,vrindavan,27.5753726,77.6938045,public_dataset,reviewed,Canonical city row derived from supplied city/coordinate tables; aliases normalized conservatively.
3918,34,Walterganj,walterganj,26.8633000,82.7365000,public_dataset,reviewed,Canonical city row derived from supplied city/coordinate tables; aliases normalized conservatively.
3919,34,Wazirganj,wazirganj,28.2104561,79.0568848,public_dataset,reviewed,Canonical city row derived from supplied city/coordinate tables; aliases normalized conservatively.
3920,34,Yusufpur,yusufpur,25.6364846,83.7474516,public_dataset,reviewed,Canonical city row derived from supplied city/coordinate tables; aliases normalized conservatively.
3921,34,Zafarabad,zafarabad,25.7077339,82.7185804,public_dataset,reviewed,Canonical city row derived from supplied city/coordinate tables; aliases normalized conservatively.
3922,34,Zaidpur,zaidpur,26.8305827,81.3296301,public_dataset,reviewed,Canonical city row derived from supplied city/coordinate tables; aliases normalized conservatively.
3923,34,Zamania,zamania,25.4550875,83.6694705,public_dataset,reviewed,Canonical city row derived from supplied city/coordinate tables; aliases normalized conservatively.
3924,35,Almora,almora,29.7026510,79.4326318,public_dataset,reviewed,Canonical city row derived from supplied city/coordinate tables; aliases normalized conservatively.
3925,35,Bageshwar,bageshwar,30.0087902,79.9280183,public_dataset,reviewed,Canonical city row derived from supplied city/coordinate tables; aliases normalized conservatively.
3926,35,Barkot,barkot,30.8086060,78.2059610,public_dataset,reviewed,Canonical city row derived from supplied city/coordinate tables; aliases normalized conservatively.
3927,35,Bazpur,bazpur,29.1580489,79.1467418,public_dataset,reviewed,Canonical city row derived from supplied city/coordinate tables; aliases normalized conservatively.
3928,35,Bhim Tal,bhim tal,,,public_dataset,reviewed,Canonical city row derived from supplied city/coordinate tables; aliases normalized conservatively.
3929,35,Bhowali,bhowali,29.3834967,79.5188391,public_dataset,reviewed,Canonical city row derived from supplied city/coordinate tables; aliases normalized conservatively.
3930,35,Birbhaddar,birbhaddar,,,public_dataset,reviewed,Canonical city row derived from supplied city/coordinate tables; aliases normalized conservatively.
3931,35,Chakrata,chakrata,30.7013248,77.8703356,public_dataset,reviewed,Canonical city row derived from supplied city/coordinate tables; aliases normalized conservatively.
3932,35,Chamoli,chamoli,30.4985956,79.6190537,public_dataset,reviewed,Canonical city row derived from supplied city/coordinate tables; aliases normalized conservatively.
3933,35,Champawat,champawat,29.2350320,80.1023068,public_dataset,reviewed,Canonical city row derived from supplied city/coordinate tables; aliases normalized conservatively.
3934,35,Clement Town,clement town,30.2613281,78.0120117,public_dataset,reviewed,Canonical city row derived from supplied city/coordinate tables; aliases normalized conservatively.
3935,35,Dehradun,dehradun,30.3255646,78.0436813,public_dataset,reviewed,Canonical city row derived from supplied city/coordinate tables; aliases normalized conservatively.
3936,35,Devaprayag,devaprayag,,,public_dataset,reviewed,Canonical city row derived from supplied city/coordinate tables; aliases normalized conservatively.
3937,35,Dharchula,dharchula,29.8491135,80.5414711,public_dataset,reviewed,Canonical city row derived from supplied city/coordinate tables; aliases normalized conservatively.
3938,35,Doiwala,doiwala,30.1763590,78.1246442,public_dataset,reviewed,Canonical city row derived from supplied city/coordinate tables; aliases normalized conservatively.
3939,35,Dugadda,dugadda,29.8070117,78.6083571,public_dataset,reviewed,Canonical city row derived from supplied city/coordinate tables; aliases normalized conservatively.
3940,35,Dwarahat,dwarahat,29.7648617,79.4244574,public_dataset,reviewed,Canonical city row derived from supplied city/coordinate tables; aliases normalized conservatively.
3941,35,Garhwal,garhwal,30.2500000,79.3333330,public_dataset,reviewed,Canonical city row derived from supplied city/coordinate tables; aliases normalized conservatively.
3942,35,Haldwani,haldwani,29.2144809,79.5279012,public_dataset,reviewed,Canonical city row derived from supplied city/coordinate tables; aliases normalized conservatively.
3943,35,Harbatpur,harbatpur,,,public_dataset,reviewed,Canonical city row derived from supplied city/coordinate tables; aliases normalized conservatively.
3944,35,Haridwar,haridwar,29.9384473,78.1452985,public_dataset,reviewed,Canonical city row derived from supplied city/coordinate tables; aliases normalized conservatively.
3945,35,Jaspur,jaspur,29.2787153,78.8277072,public_dataset,reviewed,Canonical city row derived from supplied city/coordinate tables; aliases normalized conservatively.
3946,35,Joshimath,joshimath,30.5555752,79.5612607,public_dataset,reviewed,Canonical city row derived from supplied city/coordinate tables; aliases normalized conservatively.
3947,35,Kaladhungi,kaladhungi,29.2846338,79.3472645,public_dataset,reviewed,Canonical city row derived from supplied city/coordinate tables; aliases normalized conservatively.
3948,35,Kalagarh Project Colony,kalagarh project colony,,,public_dataset,reviewed,Canonical city row derived from supplied city/coordinate tables; aliases normalized conservatively.
3949,35,Kashipur,kashipur,29.2117573,78.9617306,public_dataset,reviewed,Canonical city row derived from supplied city/coordinate tables; aliases normalized conservatively.
3950,35,Khatima,khatima,28.9197167,79.9702635,public_dataset,reviewed,Canonical city row derived from supplied city/coordinate tables; aliases normalized conservatively.
3951,35,Kichha,kichha,28.9129428,79.5197060,public_dataset,reviewed,Canonical city row derived from supplied city/coordinate tables; aliases normalized conservatively.
3952,35,Kotdwara,kotdwara,29.7019394,78.5902720,public_dataset,reviewed,Canonical city row derived from supplied city/coordinate tables; aliases normalized conservatively.
3953,35,Laksar,laksar,29.7474421,78.0238141,public_dataset,reviewed,Canonical city row derived from supplied city/coordinate tables; aliases normalized conservatively.
3954,35,Lansdowne,lansdowne,29.8378415,78.6817560,public_dataset,reviewed,Canonical city row derived from supplied city/coordinate tables; aliases normalized conservatively.
3955,35,Lohaghat,lohaghat,29.4056017,80.1153540,public_dataset,reviewed,Canonical city row derived from supplied city/coordinate tables; aliases normalized conservatively.
3956,35,Manglaur,manglaur,29.7921496,77.8760645,public_dataset,reviewed,Canonical city row derived from supplied city/coordinate tables; aliases normalized conservatively.
3957,35,Mussoorie,mussoorie,30.4569012,78.0782906,public_dataset,reviewed,Canonical city row derived from supplied city/coordinate tables; aliases normalized conservatively.
3958,35,Naini Tal,naini tal,29.3905295,79.4608690,public_dataset,reviewed,Canonical city row derived from supplied city/coordinate tables; aliases normalized conservatively.
3959,35,Narendranagar,narendranagar,30.1607060,78.2853059,public_dataset,reviewed,Canonical city row derived from supplied city/coordinate tables; aliases normalized conservatively.
3960,35,Pauri,pauri,30.0652314,78.7315716,public_dataset,reviewed,Canonical city row derived from supplied city/coordinate tables; aliases normalized conservatively.
3961,35,Pipalkoti,pipalkoti,30.4335000,79.4284100,public_dataset,reviewed,Canonical city row derived from supplied city/coordinate tables; aliases normalized conservatively.
3962,35,Pithoragarh,pithoragarh,29.5858710,80.2151670,public_dataset,reviewed,Canonical city row derived from supplied city/coordinate tables; aliases normalized conservatively.
3963,35,Raipur,raipur,30.3099468,78.0949147,public_dataset,reviewed,Canonical city row derived from supplied city/coordinate tables; aliases normalized conservatively.
3964,35,Raiwala Bara,raiwala bara,30.0218190,78.2149500,public_dataset,reviewed,Canonical city row derived from supplied city/coordinate tables; aliases normalized conservatively.
3965,35,Ramnagar,ramnagar,21.6768840,87.5539271,public_dataset,reviewed,Canonical city row derived from supplied city/coordinate tables; aliases normalized conservatively.
3966,35,Ranikhet,ranikhet,29.6323007,79.4154142,public_dataset,reviewed,Canonical city row derived from supplied city/coordinate tables; aliases normalized conservatively.
3967,35,Rishikesh,rishikesh,30.1086537,78.2916193,public_dataset,reviewed,Canonical city row derived from supplied city/coordinate tables; aliases normalized conservatively.
3968,35,Roorkee,roorkee,29.8693496,77.8902124,public_dataset,reviewed,Canonical city row derived from supplied city/coordinate tables; aliases normalized conservatively.
3969,35,Rudraprayag,rudraprayag,30.4915835,79.0366067,public_dataset,reviewed,Canonical city row derived from supplied city/coordinate tables; aliases normalized conservatively.
3970,35,Sitarganj,sitarganj,28.9277351,79.7028923,public_dataset,reviewed,Canonical city row derived from supplied city/coordinate tables; aliases normalized conservatively.
3971,35,Srinagar,srinagar,30.2238064,78.7879045,public_dataset,reviewed,Canonical city row derived from supplied city/coordinate tables; aliases normalized conservatively.
3972,35,Sultanpur,sultanpur,29.1574926,79.0565711,public_dataset,reviewed,Canonical city row derived from supplied city/coordinate tables; aliases normalized conservatively.
3973,35,Tanakpur,tanakpur,29.0673789,80.1094626,public_dataset,reviewed,Canonical city row derived from supplied city/coordinate tables; aliases normalized conservatively.
3974,35,Tehri,tehri,30.4026021,78.3883579,public_dataset,reviewed,Canonical city row derived from supplied city/coordinate tables; aliases normalized conservatively.
3975,35,Tehri-Garhwal,tehri garhwal,30.4658181,78.4837349,public_dataset,reviewed,Canonical city row derived from supplied city/coordinate tables; aliases normalized conservatively.
3976,35,Udham Singh Nagar,udham singh nagar,29.0478314,79.4326164,public_dataset,reviewed,Canonical city row derived from supplied city/coordinate tables; aliases normalized conservatively.
3977,35,Uttarkashi,uttarkashi,30.9635733,78.6362521,public_dataset,reviewed,Canonical city row derived from supplied city/coordinate tables; aliases normalized conservatively.
3978,35,Vikasnagar,vikasnagar,30.3881655,77.8486162,public_dataset,reviewed,Canonical city row derived from supplied city/coordinate tables; aliases normalized conservatively.
3979,36,Ahmedpur,ahmedpur,,,public_dataset,reviewed,Canonical city row derived from supplied city/coordinate tables; aliases normalized conservatively.
3980,36,Aistala,aistala,,,public_dataset,reviewed,Canonical city row derived from supplied city/coordinate tables; aliases normalized conservatively.
3981,36,Aknapur,aknapur,,,public_dataset,reviewed,Canonical city row derived from supplied city/coordinate tables; aliases normalized conservatively.
3982,36,Alipurduar,alipurduar,26.4851573,89.5246926,public_dataset,reviewed,Canonical city row derived from supplied city/coordinate tables; aliases normalized conservatively.
3983,36,Amlagora,amlagora,22.8445810,87.3366418,public_dataset,reviewed,Canonical city row derived from supplied city/coordinate tables; aliases normalized conservatively.
3984,36,Amta,amta,22.5744025,88.0188847,public_dataset,reviewed,Canonical city row derived from supplied city/coordinate tables; aliases normalized conservatively.
3985,36,Amtala,amtala,22.3668791,88.2777495,public_dataset,reviewed,Canonical city row derived from supplied city/coordinate tables; aliases normalized conservatively.
3986,36,Andal,andal,23.5743019,87.1853236,public_dataset,reviewed,Canonical city row derived from supplied city/coordinate tables; aliases normalized conservatively.
3987,36,Arambagh community development block,arambagh community development block,,,public_dataset,reviewed,Canonical city row derived from supplied city/coordinate tables; aliases normalized conservatively.
3988,36,Asansol,asansol,23.6871297,86.9746587,public_dataset,reviewed,Canonical city row derived from supplied city/coordinate tables; aliases normalized conservatively.
3989,36,Ashoknagar Kalyangarh,ashoknagar kalyangarh,22.8387354,88.6245961,public_dataset,reviewed,Canonical city row derived from supplied city/coordinate tables; aliases normalized conservatively.
3990,36,Badkulla,badkulla,23.3055047,88.5261261,public_dataset,reviewed,Canonical city row derived from supplied city/coordinate tables; aliases normalized conservatively.
3991,36,Baduria,baduria,22.7797328,88.7925594,public_dataset,reviewed,Canonical city row derived from supplied city/coordinate tables; aliases normalized conservatively.
3992,36,Bagdogra,bagdogra,26.6981094,88.3245465,public_dataset,reviewed,Canonical city row derived from supplied city/coordinate tables; aliases normalized conservatively.
3993,36,Bagnan,bagnan,22.4625633,87.9701210,public_dataset,reviewed,Canonical city row derived from supplied city/coordinate tables; aliases normalized conservatively.
3994,36,Bagula,bagula,23.3349696,88.6457993,public_dataset,reviewed,Canonical city row derived from supplied city/coordinate tables; aliases normalized conservatively.
3995,36,Bahula,bahula,23.6657514,87.1827082,public_dataset,reviewed,Canonical city row derived from supplied city/coordinate tables; aliases normalized conservatively.
3996,36,Baidyabati,baidyabati,22.7949104,88.3317725,public_dataset,reviewed,Canonical city row derived from supplied city/coordinate tables; aliases normalized conservatively.
3997,36,Bakreswar,bakreswar,23.8300338,87.4523156,public_dataset,reviewed,Canonical city row derived from supplied city/coordinate tables; aliases normalized conservatively.
3998,36,Balarampur,balarampur,23.1145293,86.2257596,public_dataset,reviewed,Canonical city row derived from supplied city/coordinate tables; aliases normalized conservatively.
3999,36,Bali Chak,bali chak,,,public_dataset,reviewed,Canonical city row derived from supplied city/coordinate tables; aliases normalized conservatively.
4000,36,Bally,bally,22.6469581,88.3436120,public_dataset,reviewed,Canonical city row derived from supplied city/coordinate tables; aliases normalized conservatively.
4001,36,Balurghat,balurghat,25.2234352,88.7780654,public_dataset,reviewed,Canonical city row derived from supplied city/coordinate tables; aliases normalized conservatively.
4002,36,Bamangola community development block,bamangola community development block,,,public_dataset,reviewed,Canonical city row derived from supplied city/coordinate tables; aliases normalized conservatively.
4003,36,Baneswar,baneswar,26.3980996,89.4969088,public_dataset,reviewed,Canonical city row derived from supplied city/coordinate tables; aliases normalized conservatively.
4004,36,Bangaon,bangaon,23.0434655,88.8317765,public_dataset,reviewed,Canonical city row derived from supplied city/coordinate tables; aliases normalized conservatively.
4005,36,Bankra,bankra,22.3261795,86.8406152,public_dataset,reviewed,Canonical city row derived from supplied city/coordinate tables; aliases normalized conservatively.
4006,36,Bankura,bankura,23.1323770,87.2081925,public_dataset,reviewed,Canonical city row derived from supplied city/coordinate tables; aliases normalized conservatively.
4007,36,Bansberia,bansberia,22.9600234,88.4053516,public_dataset,reviewed,Canonical city row derived from supplied city/coordinate tables; aliases normalized conservatively.
4008,36,Bansihari community development block,bansihari community development block,,,public_dataset,reviewed,Canonical city row derived from supplied city/coordinate tables; aliases normalized conservatively.
4009,36,Barabazar,barabazar,23.0907069,86.3869295,public_dataset,reviewed,Canonical city row derived from supplied city/coordinate tables; aliases normalized conservatively.
4010,36,Baranagar,baranagar,22.6530765,88.3805962,public_dataset,reviewed,Canonical city row derived from supplied city/coordinate tables; aliases normalized conservatively.
4011,36,Barasat,barasat,22.7191072,88.4826229,public_dataset,reviewed,Canonical city row derived from supplied city/coordinate tables; aliases normalized conservatively.
4012,36,Bardhaman,bardhaman,23.2495714,87.8681751,public_dataset,reviewed,Canonical city row derived from supplied city/coordinate tables; aliases normalized conservatively.
4013,36,Barjora,barjora,23.3798508,87.2693215,public_dataset,reviewed,Canonical city row derived from supplied city/coordinate tables; aliases normalized conservatively.
4014,36,Barrackpore,barrackpore,22.7641623,88.3776088,public_dataset,reviewed,Canonical city row derived from supplied city/coordinate tables; aliases normalized conservatively.
4015,36,Baruipur,baruipur,22.3607154,88.4325575,public_dataset,reviewed,Canonical city row derived from supplied city/coordinate tables; aliases normalized conservatively.
4016,36,Basanti,basanti,22.1932463,88.7348129,public_dataset,reviewed,Canonical city row derived from supplied city/coordinate tables; aliases normalized conservatively.
4017,36,Basirhat,basirhat,22.6611962,88.8660215,public_dataset,reviewed,Canonical city row derived from supplied city/coordinate tables; aliases normalized conservatively.
4018,36,Bawali,bawali,,,public_dataset,reviewed,Canonical city row derived from supplied city/coordinate tables; aliases normalized conservatively.
4019,36,Begampur,begampur,22.7384088,88.2551099,public_dataset,reviewed,Canonical city row derived from supplied city/coordinate tables; aliases normalized conservatively.
4020,36,Belda,belda,22.0715466,87.3407451,public_dataset,reviewed,Canonical city row derived from supplied city/coordinate tables; aliases normalized conservatively.
4021,36,Beldanga,beldanga,23.9396239,88.2495778,public_dataset,reviewed,Canonical city row derived from supplied city/coordinate tables; aliases normalized conservatively.
4022,36,Beliatore,beliatore,23.3152572,87.2229534,public_dataset,reviewed,Canonical city row derived from supplied city/coordinate tables; aliases normalized conservatively.
4023,36,Berhampore,berhampore,24.1044927,88.2510635,public_dataset,reviewed,Canonical city row derived from supplied city/coordinate tables; aliases normalized conservatively.
4024,36,Bhadreswar,bhadreswar,22.8310988,88.3570138,public_dataset,reviewed,Canonical city row derived from supplied city/coordinate tables; aliases normalized conservatively.
4025,36,Bhandardaha,bhandardaha,,,public_dataset,reviewed,Canonical city row derived from supplied city/coordinate tables; aliases normalized conservatively.
4026,36,Bhatpara,bhatpara,22.8464418,88.3856781,public_dataset,reviewed,Canonical city row derived from supplied city/coordinate tables; aliases normalized conservatively.
4027,36,Birbhum district,birbhum district,24.0621532,87.6982823,public_dataset,reviewed,Canonical city row derived from supplied city/coordinate tables; aliases normalized conservatively.
4028,36,Birpara,birpara,26.7113240,89.1390175,public_dataset,reviewed,Canonical city row derived from supplied city/coordinate tables; aliases normalized conservatively.
4029,36,Bishnupur,bishnupur,23.0757335,87.3146343,public_dataset,reviewed,Canonical city row derived from supplied city/coordinate tables; aliases normalized conservatively.
4030,36,Bolpur,bolpur,23.6611540,87.6962424,public_dataset,reviewed,Canonical city row derived from supplied city/coordinate tables; aliases normalized conservatively.
4031,36,Budge Budge,budge budge,22.4736567,88.1739330,public_dataset,reviewed,Canonical city row derived from supplied city/coordinate tables; aliases normalized conservatively.
4032,36,Canning,canning,22.3103730,88.6578971,public_dataset,reviewed,Canonical city row derived from supplied city/coordinate tables; aliases normalized conservatively.
4033,36,Chakapara,chakapara,,,public_dataset,reviewed,Canonical city row derived from supplied city/coordinate tables; aliases normalized conservatively.
4034,36,Chakdaha,chakdaha,23.0774983,88.5320399,public_dataset,reviewed,Canonical city row derived from supplied city/coordinate tables; aliases normalized conservatively.
4035,36,Champadanga,champadanga,22.8389921,87.9714319,public_dataset,reviewed,Canonical city row derived from supplied city/coordinate tables; aliases normalized conservatively.
4036,36,Champahati,champahati,22.4018828,88.4936425,public_dataset,reviewed,Canonical city row derived from supplied city/coordinate tables; aliases normalized conservatively.
4037,36,Champdani,champdani,,,public_dataset,reviewed,Canonical city row derived from supplied city/coordinate tables; aliases normalized conservatively.
4038,36,Chandannagar,chandannagar,22.8639237,88.3703496,public_dataset,reviewed,Canonical city row derived from supplied city/coordinate tables; aliases normalized conservatively.
4039,36,Chandrakona,chandrakona,22.7294813,87.5142404,public_dataset,reviewed,Canonical city row derived from supplied city/coordinate tables; aliases normalized conservatively.
4040,36,Chittaranjan,chittaranjan,23.8491569,86.9018870,public_dataset,reviewed,Canonical city row derived from supplied city/coordinate tables; aliases normalized conservatively.
4041,36,Churulia,churulia,23.7829747,87.0701406,public_dataset,reviewed,Canonical city row derived from supplied city/coordinate tables; aliases normalized conservatively.
4042,36,Contai,contai,21.7805923,87.7448286,public_dataset,reviewed,Canonical city row derived from supplied city/coordinate tables; aliases normalized conservatively.
4043,36,Cooch Behar,cooch behar,26.2559197,89.4201143,public_dataset,reviewed,Canonical city row derived from supplied city/coordinate tables; aliases normalized conservatively.
4044,36,Cossimbazar,cossimbazar,24.1179431,88.2808944,public_dataset,reviewed,Canonical city row derived from supplied city/coordinate tables; aliases normalized conservatively.
4045,36,Dakshin Dinajpur district,dakshin dinajpur district,25.3858070,88.5063362,public_dataset,reviewed,Canonical city row derived from supplied city/coordinate tables; aliases normalized conservatively.
4046,36,Dalkola,dalkola,25.8770930,87.8414703,public_dataset,reviewed,Canonical city row derived from supplied city/coordinate tables; aliases normalized conservatively.
4047,36,Dam Dam,dam dam,23.7869206,86.8160406,public_dataset,reviewed,Canonical city row derived from supplied city/coordinate tables; aliases normalized conservatively.
4048,36,Darjeeling,darjeeling,27.0377554,88.2631760,public_dataset,reviewed,Canonical city row derived from supplied city/coordinate tables; aliases normalized conservatively.
4049,36,Daulatpur,daulatpur,22.4352191,88.3069220,public_dataset,reviewed,Canonical city row derived from supplied city/coordinate tables; aliases normalized conservatively.
4050,36,Debagram,debagram,23.6885527,88.3077224,public_dataset,reviewed,Canonical city row derived from supplied city/coordinate tables; aliases normalized conservatively.
4051,36,Debipur,debipur,23.1435428,88.1573731,public_dataset,reviewed,Canonical city row derived from supplied city/coordinate tables; aliases normalized conservatively.
4052,36,Dhaniakhali community development block,dhaniakhali community development block,,,public_dataset,reviewed,Canonical city row derived from supplied city/coordinate tables; aliases normalized conservatively.
4053,36,Dhulagari,dhulagari,,,public_dataset,reviewed,Canonical city row derived from supplied city/coordinate tables; aliases normalized conservatively.
4054,36,Dhulian,dhulian,24.6786543,87.9546540,public_dataset,reviewed,Canonical city row derived from supplied city/coordinate tables; aliases normalized conservatively.
4055,36,Dhupguri,dhupguri,26.5889048,89.0069721,public_dataset,reviewed,Canonical city row derived from supplied city/coordinate tables; aliases normalized conservatively.
4056,36,Diamond Harbour,diamond harbour,22.1926886,88.1894879,public_dataset,reviewed,Canonical city row derived from supplied city/coordinate tables; aliases normalized conservatively.
4057,36,Digha,digha,21.6230770,87.5082534,public_dataset,reviewed,Canonical city row derived from supplied city/coordinate tables; aliases normalized conservatively.
4058,36,Dinhata,dinhata,26.1279625,89.4631456,public_dataset,reviewed,Canonical city row derived from supplied city/coordinate tables; aliases normalized conservatively.
4059,36,Domjur,domjur,22.6252218,88.2239269,public_dataset,reviewed,Canonical city row derived from supplied city/coordinate tables; aliases normalized conservatively.
4060,36,Dubrajpur,dubrajpur,23.7911288,87.3780882,public_dataset,reviewed,Canonical city row derived from supplied city/coordinate tables; aliases normalized conservatively.
4061,36,Durgapur,durgapur,23.5350475,87.3380425,public_dataset,reviewed,Canonical city row derived from supplied city/coordinate tables; aliases normalized conservatively.
4062,36,Egra,egra,21.9046997,87.5366550,public_dataset,reviewed,Canonical city row derived from supplied city/coordinate tables; aliases normalized conservatively.
4063,36,Falakata,falakata,26.6007184,89.1280874,public_dataset,reviewed,Canonical city row derived from supplied city/coordinate tables; aliases normalized conservatively.
4064,36,Farakka,farakka,24.7658067,87.9126789,public_dataset,reviewed,Canonical city row derived from supplied city/coordinate tables; aliases normalized conservatively.
4065,36,Fort Gloster,fort gloster,22.4980660,88.1745744,public_dataset,reviewed,Canonical city row derived from supplied city/coordinate tables; aliases normalized conservatively.
4066,36,Gaighata community development block,gaighata community development block,,,public_dataset,reviewed,Canonical city row derived from supplied city/coordinate tables; aliases normalized conservatively.
4067,36,Gairkata,gairkata,26.5894226,89.0070286,public_dataset,reviewed,Canonical city row derived from supplied city/coordinate tables; aliases normalized conservatively.
4068,36,Gangadharpur,gangadharpur,22.7603958,88.2216864,public_dataset,reviewed,Canonical city row derived from supplied city/coordinate tables; aliases normalized conservatively.
4069,36,Gangarampur,gangarampur,25.4070884,88.5161240,public_dataset,reviewed,Canonical city row derived from supplied city/coordinate tables; aliases normalized conservatively.
4070,36,Garui,garui,,,public_dataset,reviewed,Canonical city row derived from supplied city/coordinate tables; aliases normalized conservatively.
4071,36,Garulia,garulia,22.8186031,88.3626129,public_dataset,reviewed,Canonical city row derived from supplied city/coordinate tables; aliases normalized conservatively.
4072,36,Ghatal,ghatal,22.6645296,87.7338573,public_dataset,reviewed,Canonical city row derived from supplied city/coordinate tables; aliases normalized conservatively.
4073,36,Giria,giria,,,public_dataset,reviewed,Canonical city row derived from supplied city/coordinate tables; aliases normalized conservatively.
4074,36,Gobardanga,gobardanga,22.8774039,88.7643956,public_dataset,reviewed,Canonical city row derived from supplied city/coordinate tables; aliases normalized conservatively.
4075,36,Gobindapur,gobindapur,22.2029562,88.5704244,public_dataset,reviewed,Canonical city row derived from supplied city/coordinate tables; aliases normalized conservatively.
4076,36,Gopalpur,gopalpur,22.3333956,88.4061360,public_dataset,reviewed,Canonical city row derived from supplied city/coordinate tables; aliases normalized conservatively.
4077,36,Gopinathpur,gopinathpur,23.0879928,87.8476453,public_dataset,reviewed,Canonical city row derived from supplied city/coordinate tables; aliases normalized conservatively.
4078,36,Gorubathan,gorubathan,27.0269133,88.7568302,public_dataset,reviewed,Canonical city row derived from supplied city/coordinate tables; aliases normalized conservatively.
4079,36,Gosaba,gosaba,21.9743940,88.8148700,public_dataset,reviewed,Canonical city row derived from supplied city/coordinate tables; aliases normalized conservatively.
4080,36,Gosanimari,gosanimari,26.1390752,89.3593507,public_dataset,reviewed,Canonical city row derived from supplied city/coordinate tables; aliases normalized conservatively.
4081,36,Gurdaha,gurdaha,22.8137906,88.4019378,public_dataset,reviewed,Canonical city row derived from supplied city/coordinate tables; aliases normalized conservatively.
4082,36,Guskhara,guskhara,23.4901568,87.7474984,public_dataset,reviewed,Canonical city row derived from supplied city/coordinate tables; aliases normalized conservatively.
4083,36,Habra,habra,22.8400629,88.6630678,public_dataset,reviewed,Canonical city row derived from supplied city/coordinate tables; aliases normalized conservatively.
4084,36,Haldia,haldia,22.0281240,88.0632655,public_dataset,reviewed,Canonical city row derived from supplied city/coordinate tables; aliases normalized conservatively.
4085,36,Haldibari,haldibari,26.3352821,88.7824740,public_dataset,reviewed,Canonical city row derived from supplied city/coordinate tables; aliases normalized conservatively.
4086,36,Halisahar,halisahar,22.9322475,88.4248587,public_dataset,reviewed,Canonical city row derived from supplied city/coordinate tables; aliases normalized conservatively.
4087,36,Harindanga,harindanga,22.2987159,88.1860126,public_dataset,reviewed,Canonical city row derived from supplied city/coordinate tables; aliases normalized conservatively.
4088,36,Haringhata,haringhata,22.9607700,88.5674629,public_dataset,reviewed,Canonical city row derived from supplied city/coordinate tables; aliases normalized conservatively.
4089,36,Haripur,haripur,22.1940488,88.3664486,public_dataset,reviewed,Canonical city row derived from supplied city/coordinate tables; aliases normalized conservatively.
4090,36,Hasimara,hasimara,26.7269507,89.3472997,public_dataset,reviewed,Canonical city row derived from supplied city/coordinate tables; aliases normalized conservatively.
4091,36,Hindusthan Cables Town,hindusthan cables town,,,public_dataset,reviewed,Canonical city row derived from supplied city/coordinate tables; aliases normalized conservatively.
4092,36,Hooghly district,hooghly district,22.9099402,88.0120825,public_dataset,reviewed,Canonical city row derived from supplied city/coordinate tables; aliases normalized conservatively.
4093,36,Howrah,howrah,22.5736296,88.3251045,public_dataset,reviewed,Canonical city row derived from supplied city/coordinate tables; aliases normalized conservatively.
4094,36,Ichapur,ichapur,22.7998264,88.3739103,public_dataset,reviewed,Canonical city row derived from supplied city/coordinate tables; aliases normalized conservatively.
4095,36,Indpur community development block,indpur community development block,,,public_dataset,reviewed,Canonical city row derived from supplied city/coordinate tables; aliases normalized conservatively.
4096,36,Ingraj Bazar,ingraj bazar,25.0057449,88.1398483,public_dataset,reviewed,Canonical city row derived from supplied city/coordinate tables; aliases normalized conservatively.
4097,36,Islampur,islampur,26.2563651,88.1860517,public_dataset,reviewed,Canonical city row derived from supplied city/coordinate tables; aliases normalized conservatively.
4098,36,Jafarpur,jafarpur,22.7799918,88.3851845,public_dataset,reviewed,Canonical city row derived from supplied city/coordinate tables; aliases normalized conservatively.
4099,36,Jaigaon,jaigaon,26.8548590,89.3767318,public_dataset,reviewed,Canonical city row derived from supplied city/coordinate tables; aliases normalized conservatively.
4100,36,Jalpaiguri,jalpaiguri,26.6262805,88.7334485,public_dataset,reviewed,Canonical city row derived from supplied city/coordinate tables; aliases normalized conservatively.
4101,36,Jamuria,jamuria,23.7279289,87.1249887,public_dataset,reviewed,Canonical city row derived from supplied city/coordinate tables; aliases normalized conservatively.
4102,36,Jangipur,jangipur,24.4561534,88.1073968,public_dataset,reviewed,Canonical city row derived from supplied city/coordinate tables; aliases normalized conservatively.
4103,36,Jaynagar Majilpur,jaynagar majilpur,22.1751976,88.4200808,public_dataset,reviewed,Canonical city row derived from supplied city/coordinate tables; aliases normalized conservatively.
4104,36,Jejur,jejur,,,public_dataset,reviewed,Canonical city row derived from supplied city/coordinate tables; aliases normalized conservatively.
4105,36,Jhalida,jhalida,23.3648678,85.9784263,public_dataset,reviewed,Canonical city row derived from supplied city/coordinate tables; aliases normalized conservatively.
4106,36,Jhargram,jhargram,22.4538505,86.9949477,public_dataset,reviewed,Canonical city row derived from supplied city/coordinate tables; aliases normalized conservatively.
4107,36,Jhilimili,jhilimili,22.8098360,86.6466120,public_dataset,reviewed,Canonical city row derived from supplied city/coordinate tables; aliases normalized conservatively.
4108,36,Kakdwip,kakdwip,21.8610761,88.2466360,public_dataset,reviewed,Canonical city row derived from supplied city/coordinate tables; aliases normalized conservatively.
4109,36,Kalaikunda,kalaikunda,22.3283629,87.2325182,public_dataset,reviewed,Canonical city row derived from supplied city/coordinate tables; aliases normalized conservatively.
4110,36,Kaliaganj,kaliaganj,,,public_dataset,reviewed,Canonical city row derived from supplied city/coordinate tables; aliases normalized conservatively.
4111,36,Kalimpong,kalimpong,27.0702869,88.4723676,public_dataset,reviewed,Canonical city row derived from supplied city/coordinate tables; aliases normalized conservatively.
4112,36,Kalna,kalna,23.2211183,88.3591889,public_dataset,reviewed,Canonical city row derived from supplied city/coordinate tables; aliases normalized conservatively.
4113,36,Kalyani,kalyani,22.9749723,88.4345915,public_dataset,reviewed,Canonical city row derived from supplied city/coordinate tables; aliases normalized conservatively.
4114,36,Kamarhati,kamarhati,22.6810246,88.3715343,public_dataset,reviewed,Canonical city row derived from supplied city/coordinate tables; aliases normalized conservatively.
4115,36,Kamarpukur,kamarpukur,22.8985110,87.6574438,public_dataset,reviewed,Canonical city row derived from supplied city/coordinate tables; aliases normalized conservatively.
4116,36,Kanchrapara,kanchrapara,22.9496431,88.4378838,public_dataset,reviewed,Canonical city row derived from supplied city/coordinate tables; aliases normalized conservatively.
4117,36,Kandi,kandi,23.9578620,88.0422449,public_dataset,reviewed,Canonical city row derived from supplied city/coordinate tables; aliases normalized conservatively.
4118,36,Karimpur,karimpur,23.9816034,88.6296098,public_dataset,reviewed,Canonical city row derived from supplied city/coordinate tables; aliases normalized conservatively.
4119,36,Katwa,katwa,23.6442780,88.1287333,public_dataset,reviewed,Canonical city row derived from supplied city/coordinate tables; aliases normalized conservatively.
4120,36,Kenda,kenda,23.1959151,86.5148808,public_dataset,reviewed,Canonical city row derived from supplied city/coordinate tables; aliases normalized conservatively.
4121,36,Keshabpur,keshabpur,22.2207757,87.9500545,public_dataset,reviewed,Canonical city row derived from supplied city/coordinate tables; aliases normalized conservatively.
4122,36,Kharagpur,kharagpur,22.3430900,87.3012875,public_dataset,reviewed,Canonical city row derived from supplied city/coordinate tables; aliases normalized conservatively.
4123,36,Kharar,kharar,30.7488437,76.6428994,public_dataset,reviewed,Canonical city row derived from supplied city/coordinate tables; aliases normalized conservatively.
4124,36,Kharba,kharba,25.4250610,88.0897018,public_dataset,reviewed,Canonical city row derived from supplied city/coordinate tables; aliases normalized conservatively.
4125,36,Khardaha,khardaha,22.7156992,88.3815820,public_dataset,reviewed,Canonical city row derived from supplied city/coordinate tables; aliases normalized conservatively.
4126,36,Khatra,khatra,22.9775375,86.8772273,public_dataset,reviewed,Canonical city row derived from supplied city/coordinate tables; aliases normalized conservatively.
4127,36,Kirnahar,kirnahar,23.7638822,87.8801220,public_dataset,reviewed,Canonical city row derived from supplied city/coordinate tables; aliases normalized conservatively.
4128,36,Kolkata,kolkata,22.5726459,88.3638953,public_dataset,reviewed,Canonical city row derived from supplied city/coordinate tables; aliases normalized conservatively.
4129,36,Konnagar,konnagar,22.6997200,88.3519784,public_dataset,reviewed,Canonical city row derived from supplied city/coordinate tables; aliases normalized conservatively.
4130,36,Krishnanagar,krishnanagar,23.4058481,88.4958935,public_dataset,reviewed,Canonical city row derived from supplied city/coordinate tables; aliases normalized conservatively.
4131,36,Krishnapur,krishnapur,24.4065266,88.2564913,public_dataset,reviewed,Canonical city row derived from supplied city/coordinate tables; aliases normalized conservatively.
4132,36,Kshirpai,kshirpai,,,public_dataset,reviewed,Canonical city row derived from supplied city/coordinate tables; aliases normalized conservatively.
4133,36,Kulpi,kulpi,22.0461206,88.2487951,public_dataset,reviewed,Canonical city row derived from supplied city/coordinate tables; aliases normalized conservatively.
4134,36,Kultali,kultali,22.1107502,88.5689565,public_dataset,reviewed,Canonical city row derived from supplied city/coordinate tables; aliases normalized conservatively.
4135,36,Kulti,kulti,23.7302149,86.8396711,public_dataset,reviewed,Canonical city row derived from supplied city/coordinate tables; aliases normalized conservatively.
4136,36,Kurseong,kurseong,26.8818268,88.2783637,public_dataset,reviewed,Canonical city row derived from supplied city/coordinate tables; aliases normalized conservatively.
4137,36,Lalgarh,lalgarh,22.5853219,87.0481203,public_dataset,reviewed,Canonical city row derived from supplied city/coordinate tables; aliases normalized conservatively.
4138,36,Lalgola,lalgola,24.3895898,88.2528551,public_dataset,reviewed,Canonical city row derived from supplied city/coordinate tables; aliases normalized conservatively.
4139,36,Loyabad,loyabad,,,public_dataset,reviewed,Canonical city row derived from supplied city/coordinate tables; aliases normalized conservatively.
4140,36,Madanpur,madanpur,23.0054108,88.4898057,public_dataset,reviewed,Canonical city row derived from supplied city/coordinate tables; aliases normalized conservatively.
4141,36,Madhyamgram,madhyamgram,22.6947839,88.4530183,public_dataset,reviewed,Canonical city row derived from supplied city/coordinate tables; aliases normalized conservatively.
4142,36,Mahiari,mahiari,,,public_dataset,reviewed,Canonical city row derived from supplied city/coordinate tables; aliases normalized conservatively.
4143,36,Mahishadal community development block,mahishadal community development block,,,public_dataset,reviewed,Canonical city row derived from supplied city/coordinate tables; aliases normalized conservatively.
4144,36,Mainaguri,mainaguri,26.5652519,88.8221321,public_dataset,reviewed,Canonical city row derived from supplied city/coordinate tables; aliases normalized conservatively.
4145,36,Manikpara,manikpara,22.3658175,87.1224725,public_dataset,reviewed,Canonical city row derived from supplied city/coordinate tables; aliases normalized conservatively.
4146,36,Masila,masila,,,public_dataset,reviewed,Canonical city row derived from supplied city/coordinate tables; aliases normalized conservatively.
4147,36,Mathabhanga,mathabhanga,26.3643908,89.1994116,public_dataset,reviewed,Canonical city row derived from supplied city/coordinate tables; aliases normalized conservatively.
4148,36,Matiali community development block,matiali community development block,,,public_dataset,reviewed,Canonical city row derived from supplied city/coordinate tables; aliases normalized conservatively.
4149,36,Matigara community development block,matigara community development block,,,public_dataset,reviewed,Canonical city row derived from supplied city/coordinate tables; aliases normalized conservatively.
4150,36,Medinipur,medinipur,22.4207025,87.3269963,public_dataset,reviewed,Canonical city row derived from supplied city/coordinate tables; aliases normalized conservatively.
4151,36,Mejia community development block,mejia community development block,,,public_dataset,reviewed,Canonical city row derived from supplied city/coordinate tables; aliases normalized conservatively.
4152,36,Memari,memari,23.1777293,88.0966249,public_dataset,reviewed,Canonical city row derived from supplied city/coordinate tables; aliases normalized conservatively.
4153,36,Mirik,mirik,26.8881872,88.1888396,public_dataset,reviewed,Canonical city row derived from supplied city/coordinate tables; aliases normalized conservatively.
4154,36,Mohanpur community development block,mohanpur community development block,,,public_dataset,reviewed,Canonical city row derived from supplied city/coordinate tables; aliases normalized conservatively.
4155,36,Monoharpur,monoharpur,24.9843112,88.2645558,public_dataset,reviewed,Canonical city row derived from supplied city/coordinate tables; aliases normalized conservatively.
4156,36,Muragacha,muragacha,23.5298540,88.4076992,public_dataset,reviewed,Canonical city row derived from supplied city/coordinate tables; aliases normalized conservatively.
4157,36,Muri,muri,21.8275902,88.1536870,public_dataset,reviewed,Canonical city row derived from supplied city/coordinate tables; aliases normalized conservatively.
4158,36,Murshidabad,murshidabad,24.1745993,88.2721335,public_dataset,reviewed,Canonical city row derived from supplied city/coordinate tables; aliases normalized conservatively.
4159,36,Nabadwip,nabadwip,23.4086684,88.3657991,public_dataset,reviewed,Canonical city row derived from supplied city/coordinate tables; aliases normalized conservatively.
4160,36,Nabagram,nabagram,24.1770797,88.1100960,public_dataset,reviewed,Canonical city row derived from supplied city/coordinate tables; aliases normalized conservatively.
4161,36,Nadia district,nadia district,23.4847374,88.5567067,public_dataset,reviewed,Canonical city row derived from supplied city/coordinate tables; aliases normalized conservatively.
4162,36,Nagarukhra,nagarukhra,22.9372421,88.6395905,public_dataset,reviewed,Canonical city row derived from supplied city/coordinate tables; aliases normalized conservatively.
4163,36,Nagrakata,nagrakata,26.8465110,88.9148779,public_dataset,reviewed,Canonical city row derived from supplied city/coordinate tables; aliases normalized conservatively.
4164,36,Naihati,naihati,22.8866078,88.4241960,public_dataset,reviewed,Canonical city row derived from supplied city/coordinate tables; aliases normalized conservatively.
4165,36,Naksalbari,naksalbari,26.6844571,88.2001439,public_dataset,reviewed,Canonical city row derived from supplied city/coordinate tables; aliases normalized conservatively.
4166,36,Nalhati,nalhati,24.2966075,87.8353060,public_dataset,reviewed,Canonical city row derived from supplied city/coordinate tables; aliases normalized conservatively.
4167,36,Nalpur,nalpur,22.5291010,88.1860611,public_dataset,reviewed,Canonical city row derived from supplied city/coordinate tables; aliases normalized conservatively.
4168,36,Namkhana community development block,namkhana community development block,,,public_dataset,reviewed,Canonical city row derived from supplied city/coordinate tables; aliases normalized conservatively.
4169,36,Nandigram,nandigram,22.0030689,87.9808584,public_dataset,reviewed,Canonical city row derived from supplied city/coordinate tables; aliases normalized conservatively.
4170,36,Nangi,nangi,22.5002134,88.2233537,public_dataset,reviewed,Canonical city row derived from supplied city/coordinate tables; aliases normalized conservatively.
4171,36,Nayagram community development block,nayagram community development block,,,public_dataset,reviewed,Canonical city row derived from supplied city/coordinate tables; aliases normalized conservatively.
4172,36,North 24 Parganas district,north 24 parganas district,22.6926815,88.6625795,public_dataset,reviewed,Canonical city row derived from supplied city/coordinate tables; aliases normalized conservatively.
4173,36,Odlabari,odlabari,26.8646911,88.6236454,public_dataset,reviewed,Canonical city row derived from supplied city/coordinate tables; aliases normalized conservatively.
4174,36,Paikpara,paikpara,22.6120515,88.3855648,public_dataset,reviewed,Canonical city row derived from supplied city/coordinate tables; aliases normalized conservatively.
4175,36,Panagarh,panagarh,23.4430436,87.4587011,public_dataset,reviewed,Canonical city row derived from supplied city/coordinate tables; aliases normalized conservatively.
4176,36,Panchla,panchla,22.5698420,88.1305770,public_dataset,reviewed,Canonical city row derived from supplied city/coordinate tables; aliases normalized conservatively.
4177,36,Panchmura,panchmura,22.9647095,87.1621317,public_dataset,reviewed,Canonical city row derived from supplied city/coordinate tables; aliases normalized conservatively.
4178,36,Pandua,pandua,23.0702661,88.2583394,public_dataset,reviewed,Canonical city row derived from supplied city/coordinate tables; aliases normalized conservatively.
4179,36,Panihati,panihati,22.6950342,88.4073585,public_dataset,reviewed,Canonical city row derived from supplied city/coordinate tables; aliases normalized conservatively.
4180,36,Panskura,panskura,22.3994709,87.7175073,public_dataset,reviewed,Canonical city row derived from supplied city/coordinate tables; aliases normalized conservatively.
4181,36,Parbatipur,parbatipur,22.4008972,88.2688497,public_dataset,reviewed,Canonical city row derived from supplied city/coordinate tables; aliases normalized conservatively.
4182,36,Paschim Medinipur district,paschim medinipur district,22.3600119,87.4111505,public_dataset,reviewed,Canonical city row derived from supplied city/coordinate tables; aliases normalized conservatively.
4183,36,Patiram,patiram,25.3327602,88.7643193,public_dataset,reviewed,Canonical city row derived from supplied city/coordinate tables; aliases normalized conservatively.
4184,36,Patrasaer,patrasaer,23.1998203,87.5324388,public_dataset,reviewed,Canonical city row derived from supplied city/coordinate tables; aliases normalized conservatively.
4185,36,Patuli,patuli,23.5473858,88.2521117,public_dataset,reviewed,Canonical city row derived from supplied city/coordinate tables; aliases normalized conservatively.
4186,36,Pujali,pujali,22.4601371,88.1340191,public_dataset,reviewed,Canonical city row derived from supplied city/coordinate tables; aliases normalized conservatively.
4187,36,Puncha community development block,puncha community development block,,,public_dataset,reviewed,Canonical city row derived from supplied city/coordinate tables; aliases normalized conservatively.
4188,36,Purba Medinipur district,purba medinipur district,22.0648451,87.8377586,public_dataset,reviewed,Canonical city row derived from supplied city/coordinate tables; aliases normalized conservatively.
4189,36,Purulia,purulia,23.2020967,86.3228988,public_dataset,reviewed,Canonical city row derived from supplied city/coordinate tables; aliases normalized conservatively.
4190,36,Raghudebbati,raghudebbati,,,public_dataset,reviewed,Canonical city row derived from supplied city/coordinate tables; aliases normalized conservatively.
4191,36,Raghunathpur,raghunathpur,23.5381361,86.6739117,public_dataset,reviewed,Canonical city row derived from supplied city/coordinate tables; aliases normalized conservatively.
4192,36,Raiganj,raiganj,25.6271966,88.1317967,public_dataset,reviewed,Canonical city row derived from supplied city/coordinate tables; aliases normalized conservatively.
4193,36,Rajmahal,rajmahal,26.5260333,88.7249494,public_dataset,reviewed,Canonical city row derived from supplied city/coordinate tables; aliases normalized conservatively.
4194,36,Rajnagar community development block,rajnagar community development block,,,public_dataset,reviewed,Canonical city row derived from supplied city/coordinate tables; aliases normalized conservatively.
4195,36,Ramchandrapur,ramchandrapur,22.4360078,88.3846267,public_dataset,reviewed,Canonical city row derived from supplied city/coordinate tables; aliases normalized conservatively.
4196,36,Ramjibanpur,ramjibanpur,22.4441793,88.3412900,public_dataset,reviewed,Canonical city row derived from supplied city/coordinate tables; aliases normalized conservatively.
4197,36,Ramnagar,ramnagar,21.6768840,87.5539271,public_dataset,reviewed,Canonical city row derived from supplied city/coordinate tables; aliases normalized conservatively.
4198,36,Rampur Hat,rampur hat,,,public_dataset,reviewed,Canonical city row derived from supplied city/coordinate tables; aliases normalized conservatively.
4199,36,Ranaghat,ranaghat,23.1738124,88.5636770,public_dataset,reviewed,Canonical city row derived from supplied city/coordinate tables; aliases normalized conservatively.
4200,36,Raniganj,raniganj,23.6217553,87.0927419,public_dataset,reviewed,Canonical city row derived from supplied city/coordinate tables; aliases normalized conservatively.
4201,36,Raypur,raypur,23.2905492,87.9033708,public_dataset,reviewed,Canonical city row derived from supplied city/coordinate tables; aliases normalized conservatively.
4202,36,Rishra,rishra,22.7247059,88.3434353,public_dataset,reviewed,Canonical city row derived from supplied city/coordinate tables; aliases normalized conservatively.
4203,36,Sahapur,sahapur,23.7949328,87.4947283,public_dataset,reviewed,Canonical city row derived from supplied city/coordinate tables; aliases normalized conservatively.
4204,36,Sainthia,sainthia,23.9496876,87.6829354,public_dataset,reviewed,Canonical city row derived from supplied city/coordinate tables; aliases normalized conservatively.
4205,36,Salanpur community development block,salanpur community development block,,,public_dataset,reviewed,Canonical city row derived from supplied city/coordinate tables; aliases normalized conservatively.
4206,36,Sankarpur,sankarpur,22.3014874,88.4327660,public_dataset,reviewed,Canonical city row derived from supplied city/coordinate tables; aliases normalized conservatively.
4207,36,Sankrail,sankrail,22.5574675,88.2045729,public_dataset,reviewed,Canonical city row derived from supplied city/coordinate tables; aliases normalized conservatively.
4208,36,Santipur,santipur,23.2597741,88.4371634,public_dataset,reviewed,Canonical city row derived from supplied city/coordinate tables; aliases normalized conservatively.
4209,36,Santoshpur,santoshpur,22.5240566,88.2710655,public_dataset,reviewed,Canonical city row derived from supplied city/coordinate tables; aliases normalized conservatively.
4210,36,Santuri community development block,santuri community development block,,,public_dataset,reviewed,Canonical city row derived from supplied city/coordinate tables; aliases normalized conservatively.
4211,36,Sarenga,sarenga,22.7779646,87.0320169,public_dataset,reviewed,Canonical city row derived from supplied city/coordinate tables; aliases normalized conservatively.
4212,36,Serampore,serampore,22.7549951,88.3416672,public_dataset,reviewed,Canonical city row derived from supplied city/coordinate tables; aliases normalized conservatively.
4213,36,Serpur,serpur,22.3095796,88.4775397,public_dataset,reviewed,Canonical city row derived from supplied city/coordinate tables; aliases normalized conservatively.
4214,36,"Shyamnagar, West Bengal",shyamnagar west bengal,22.8285164,88.3801893,public_dataset,reviewed,Canonical city row derived from supplied city/coordinate tables; aliases normalized conservatively.
4215,36,Siliguri,siliguri,26.7164127,88.4309916,public_dataset,reviewed,Canonical city row derived from supplied city/coordinate tables; aliases normalized conservatively.
4216,36,Singur,singur,22.8125802,88.2727211,public_dataset,reviewed,Canonical city row derived from supplied city/coordinate tables; aliases normalized conservatively.
4217,36,Sodpur,sodpur,22.6996398,88.3822968,public_dataset,reviewed,Canonical city row derived from supplied city/coordinate tables; aliases normalized conservatively.
4218,36,Solap,solap,,,public_dataset,reviewed,Canonical city row derived from supplied city/coordinate tables; aliases normalized conservatively.
4219,36,Sonada,sonada,26.9614331,88.2748994,public_dataset,reviewed,Canonical city row derived from supplied city/coordinate tables; aliases normalized conservatively.
4220,36,Sonamukhi,sonamukhi,23.3034587,87.4139034,public_dataset,reviewed,Canonical city row derived from supplied city/coordinate tables; aliases normalized conservatively.
4221,36,Sonarpur community development block,sonarpur community development block,,,public_dataset,reviewed,Canonical city row derived from supplied city/coordinate tables; aliases normalized conservatively.
4222,36,South 24 Parganas district,south 24 parganas district,22.1776733,88.5307853,public_dataset,reviewed,Canonical city row derived from supplied city/coordinate tables; aliases normalized conservatively.
4223,36,Srikhanda,srikhanda,23.5971580,88.0763740,public_dataset,reviewed,Canonical city row derived from supplied city/coordinate tables; aliases normalized conservatively.
4224,36,Srirampur,srirampur,22.7549951,88.3416672,public_dataset,reviewed,Canonical city row derived from supplied city/coordinate tables; aliases normalized conservatively.
4225,36,Suri,suri,23.9080538,87.5277255,public_dataset,reviewed,Canonical city row derived from supplied city/coordinate tables; aliases normalized conservatively.
4226,36,Swarupnagar community development block,swarupnagar community development block,,,public_dataset,reviewed,Canonical city row derived from supplied city/coordinate tables; aliases normalized conservatively.
4227,36,Takdah,takdah,27.0213602,88.3602458,public_dataset,reviewed,Canonical city row derived from supplied city/coordinate tables; aliases normalized conservatively.
4228,36,Taki,taki,22.5859414,88.9267299,public_dataset,reviewed,Canonical city row derived from supplied city/coordinate tables; aliases normalized conservatively.
4229,36,Tamluk,tamluk,22.2896984,87.9255933,public_dataset,reviewed,Canonical city row derived from supplied city/coordinate tables; aliases normalized conservatively.
4230,36,Tarakeswar,tarakeswar,22.8546251,88.0162232,public_dataset,reviewed,Canonical city row derived from supplied city/coordinate tables; aliases normalized conservatively.
4231,36,Titagarh,titagarh,22.7419198,88.3792010,public_dataset,reviewed,Canonical city row derived from supplied city/coordinate tables; aliases normalized conservatively.
4232,36,Tufanganj,tufanganj,26.3139208,89.6665579,public_dataset,reviewed,Canonical city row derived from supplied city/coordinate tables; aliases normalized conservatively.
4233,36,Tulin,tulin,23.3787210,85.9019928,public_dataset,reviewed,Canonical city row derived from supplied city/coordinate tables; aliases normalized conservatively.
4234,36,Uchalan,uchalan,23.0317866,87.7799864,public_dataset,reviewed,Canonical city row derived from supplied city/coordinate tables; aliases normalized conservatively.
4235,36,Ula,ula,22.5367706,88.3655992,public_dataset,reviewed,Canonical city row derived from supplied city/coordinate tables; aliases normalized conservatively.
4236,36,Uluberia,uluberia,22.4700318,88.1011108,public_dataset,reviewed,Canonical city row derived from supplied city/coordinate tables; aliases normalized conservatively.
4237,36,Uttar Dinajpur district,uttar dinajpur district,25.8721428,87.9619860,public_dataset,reviewed,Canonical city row derived from supplied city/coordinate tables; aliases normalized conservatively.
4238,36,Uttarpara Kotrung,uttarpara kotrung,22.6675463,88.3437177,public_dataset,reviewed,Canonical city row derived from supplied city/coordinate tables; aliases normalized conservatively.
4239,26,Bhubaneswar,bhubaneswar,,,public_dataset,reviewed,City value preserved from supplied college source because it was not present in the supplied canonical city list; coordinates intentionally left blank.
4240,37,Jammu,jammu,,,public_dataset,reviewed,City value preserved from supplied college source because it was not present in the supplied canonical city list; coordinates intentionally left blank.
4241,17,Palakkad,palakkad,,,public_dataset,reviewed,City value preserved from supplied college source because it was not present in the supplied canonical city list; coordinates intentionally left blank.
4242,2,Tadepalligudem,tadepalligudem,,,public_dataset,reviewed,City value preserved from supplied college source because it was not present in the supplied canonical city list; coordinates intentionally left blank.
4243,3,Yupia,yupia,,,public_dataset,reviewed,City value preserved from supplied college source because it was not present in the supplied canonical city list; coordinates intentionally left blank.
4244,26,Rourkela,rourkela,,,public_dataset,reviewed,City value preserved from supplied college source because it was not present in the supplied canonical city list; coordinates intentionally left blank.
4245,30,Ravangla,ravangla,,,public_dataset,reviewed,City value preserved from supplied college source because it was not present in the supplied canonical city list; coordinates intentionally left blank.
4246,37,Srinagar,srinagar,,,public_dataset,reviewed,City value preserved from supplied college source because it was not present in the supplied canonical city list; coordinates intentionally left blank.
4247,12,Sonepat,sonepat,,,public_dataset,reviewed,City value preserved from supplied college source because it was not present in the supplied canonical city list; coordinates intentionally left blank.
4248,5,Bodh Gaya,bodh gaya,,,public_dataset,reviewed,City value preserved from supplied college source because it was not present in the supplied canonical city list; coordinates intentionally left blank.
4249,10,Zuarinagar,zuarinagar,,,public_dataset,reviewed,City value preserved from supplied college source because it was not present in the supplied canonical city list; coordinates intentionally left blank.
4250,31,Karaikudi,karaikudi,,,public_dataset,reviewed,City value preserved from supplied college source because it was not present in the supplied canonical city list; coordinates intentionally left blank.
4251,28,Bathinda,bathinda,,,public_dataset,reviewed,City value preserved from supplied college source because it was not present in the supplied canonical city list; coordinates intentionally left blank.
4252,28,Bela,bela,,,public_dataset,reviewed,City value preserved from supplied college source because it was not present in the supplied canonical city list; coordinates intentionally left blank.
4253,34,Gautam Budh Nagar,gautam budh nagar,,,public_dataset,reviewed,City value preserved from supplied college source because it was not present in the supplied canonical city list; coordinates intentionally left blank.
4254,38,New Delhi,new delhi,,,public_dataset,reviewed,City value preserved from supplied college source because it was not present in the supplied canonical city list; coordinates intentionally left blank.
4255,37,Kathua,kathua,,,public_dataset,reviewed,City value preserved from supplied college source because it was not present in the supplied canonical city list; coordinates intentionally left blank.
4256,29,Banasthali,banasthali,,,public_dataset,reviewed,City value preserved from supplied college source because it was not present in the supplied canonical city list; coordinates intentionally left blank.
4257,37,Udhampur,udhampur,,,public_dataset,reviewed,City value preserved from supplied college source because it was not present in the supplied canonical city list; coordinates intentionally left blank.
4258,31,Tiruvarur,tiruvarur,,,public_dataset,reviewed,City value preserved from supplied college source because it was not present in the supplied canonical city list; coordinates intentionally left blank.
4259,31,"Kelambakkam, Chengalpattu District",kelambakkam chengalpattu district,,,public_dataset,reviewed,City value preserved from supplied college source because it was not present in the supplied canonical city list; coordinates intentionally left blank.
4260,35,Pantnagar,pantnagar,,,public_dataset,reviewed,City value preserved from supplied college source because it was not present in the supplied canonical city list; coordinates intentionally left blank.
4261,35,Nainital,nainital,,,public_dataset,reviewed,City value preserved from supplied college source because it was not present in the supplied canonical city list; coordinates intentionally left blank.
4262,5,Sasaram,sasaram,,,public_dataset,reviewed,City value preserved from supplied college source because it was not present in the supplied canonical city list; coordinates intentionally left blank.
4263,37,Anantnag,anantnag,,,public_dataset,reviewed,City value preserved from supplied college source because it was not present in the supplied canonical city list; coordinates intentionally left blank.
4264,5,Purnea,purnea,,,public_dataset,reviewed,City value preserved from supplied college source because it was not present in the supplied canonical city list; coordinates intentionally left blank.
4265,35,Bhimtal,bhimtal,,,public_dataset,reviewed,City value preserved from supplied college source because it was not present in the supplied canonical city list; coordinates intentionally left blank.
4266,11,Silvassa,silvassa,,,public_dataset,reviewed,City value preserved from supplied college source because it was not present in the supplied canonical city list; coordinates intentionally left blank.
4267,3,Sirmaur,sirmaur,,,public_dataset,reviewed,City value preserved from supplied college source because it was not present in the supplied canonical city list; coordinates intentionally left blank.
4268,37,Pulwama,pulwama,,,public_dataset,reviewed,City value preserved from supplied college source because it was not present in the supplied canonical city list; coordinates intentionally left blank.
4269,2,Vaddeswaram,vaddeswaram,,,public_dataset,reviewed,City value preserved from supplied college source because it was not present in the supplied canonical city list; coordinates intentionally left blank.
4270,2,Sricity,sricity,,,public_dataset,reviewed,City value preserved from supplied college source because it was not present in the supplied canonical city list; coordinates intentionally left blank.
4271,29,Gwalior,gwalior,,,public_dataset,reviewed,City value preserved from supplied college source because it was not present in the supplied canonical city list; coordinates intentionally left blank.
4272,5,Bhopal,bhopal,,,public_dataset,reviewed,City value preserved from supplied college source because it was not present in the supplied canonical city list; coordinates intentionally left blank.
4273,5,Motihari,motihari,,,public_dataset,reviewed,City value preserved from supplied college source because it was not present in the supplied canonical city list; coordinates intentionally left blank.
4274,5,Chandi,chandi,,,public_dataset,reviewed,City value preserved from supplied college source because it was not present in the supplied canonical city list; coordinates intentionally left blank.
4275,35,Srinagar Garhwal,srinagar garhwal,,,public_dataset,reviewed,City value preserved from supplied college source because it was not present in the supplied canonical city list; coordinates intentionally left blank.
4276,15,Delhi,delhi,,,public_dataset,reviewed,City value preserved from supplied college source because it was not present in the supplied canonical city list; coordinates intentionally left blank.
4277,28,Gobindgarh,gobindgarh,,,public_dataset,reviewed,City value preserved from supplied college source because it was not present in the supplied canonical city list; coordinates intentionally left blank.
4278,28,Longowal,longowal,,,public_dataset,reviewed,City value preserved from supplied college source because it was not present in the supplied canonical city list; coordinates intentionally left blank.
4279,37,Katra,katra,,,public_dataset,reviewed,City value preserved from supplied college source because it was not present in the supplied canonical city list; coordinates intentionally left blank.
4280,2,Amaravati,amaravati,,,public_dataset,reviewed,City value preserved from supplied college source because it was not present in the supplied canonical city list; coordinates intentionally left blank.
4281,37,Baramulla,baramulla,,,public_dataset,reviewed,City value preserved from supplied college source because it was not present in the supplied canonical city list; coordinates intentionally left blank.
4282,37,Rajauri,rajauri,,,public_dataset,reviewed,City value preserved from supplied college source because it was not present in the supplied canonical city list; coordinates intentionally left blank.
4283,16,Belgaum,belgaum,,,public_dataset,reviewed,City value preserved from supplied college source because it was not present in the supplied canonical city list; coordinates intentionally left blank.
