id,name,slug,short_name,city_id,state_id,institution_type_id,ownership_id,fees_ug_inr,placement_avg_lpa,rating,nirf_rank,description_short,website_url,is_active,source_type,source_url,source_checked_at,verification_status,notes,search_name,normalized_name,logo_url,cover_image_url,address,pincode,established_year,accreditation,detail_available
1,IIT (ISM) Dhanbad,iit-ism-dhanbad,IIT (ISM) Dhanbad,1093.0,15,1,3.0,225000,12.0,8.4,15.0,,,True,public_dataset,,,reviewed,Imported from supplied college source and normalized for MVP.,IIT (ISM) Dhanbad,iit ism dhanbad,,,,,,,True
2,IIT Bhilai,iit-bhilai,IIT Bhilai,483.0,7,1,3.0,220000,12.0,7.5,95.0,,,True,public_dataset,,,reviewed,Imported from supplied college source and normalized for MVP.,IIT Bhilai,iit bhilai,,,,,,,False
3,IIT BHU Varanasi,iit-bhu-varanasi,IIT BHU Varanasi,3915.0,34,1,3.0,220000,20.0,8.6,10.0,,,True,public_dataset,,,reviewed,Imported from supplied college source and normalized for MVP.,IIT BHU Varanasi,iit bhu varanasi,,,,,,,True
4,IIT Bhubaneswar,iit-bhubaneswar,IIT Bhubaneswar,4239.0,26,1,3.0,224000,14.0,7.9,39.0,,,True,public_dataset,,,reviewed,Imported from supplied college source and normalized for MVP.,IIT Bhubaneswar,iit bhubaneswar,,,,,,,True
5,IIT Bombay,iit-bombay,IIT Bombay,2123.0,21,1,3.0,228000,19.6,8.9,3.0,,https://www.iitb.ac.in/,True,public_dataset,https://www.iitb.ac.in/,,reviewed,Imported from supplied college source and normalized for MVP.,IIT Bombay,iit bombay,,,,,,,True
6,IIT Delhi,iit-delhi,IIT Delhi,513.0,9,1,3.0,227750,19.1,9.4,2.0,,https://home.iitd.ac.in/,True,public_dataset,https://home.iitd.ac.in/,,reviewed,Imported from supplied college source and normalized for MVP.,IIT Delhi,iit delhi,,,,,,,True
7,IIT Dharwad,iit-dharwad,IIT Dharwad,1214.0,16,1,3.0,218000,11.6,7.6,77.0,,,True,public_dataset,,,reviewed,Imported from supplied college source and normalized for MVP.,IIT Dharwad,iit dharwad,,,,,,,False
8,IIT Gandhinagar,iit-gandhinagar,IIT Gandhinagar,659.0,11,1,3.0,229426,14.0,8.2,25.0,,,True,public_dataset,,,reviewed,Imported from supplied college source and normalized for MVP.,IIT Gandhinagar,iit gandhinagar,,,,,,,True
9,IIT Goa,iit-goa,IIT Goa,555.0,10,1,3.0,220000,13.0,7.7,90.0,,,True,public_dataset,,,reviewed,Imported from supplied college source and normalized for MVP.,IIT Goa,iit goa,,,,,,,False
10,IIT Guwahati,iit-guwahati,IIT Guwahati,236.0,4,1,3.0,224500,21.6,8.8,8.0,,,True,public_dataset,,,reviewed,Imported from supplied college source and normalized for MVP.,IIT Guwahati,iit guwahati,,,,,,,True
11,IIT Hyderabad,iit-hyderabad,IIT Hyderabad,3216.0,32,1,3.0,230000,21.0,8.8,7.0,,,True,public_dataset,,,reviewed,Imported from supplied college source and normalized for MVP.,IIT Hyderabad,iit hyderabad,,,,,,,True
12,IIT Indore,iit-indore,IIT Indore,1609.0,20,1,3.0,114600,19.5,8.5,12.0,,,True,public_dataset,,,reviewed,Imported from supplied college source and normalized for MVP.,IIT Indore,iit indore,,,,,,,True
13,IIT Jammu,iit-jammu,IIT Jammu,4240.0,37,1,3.0,60040,53.0,7.5,92.0,,,True,public_dataset,,,reviewed,Imported from supplied college source and normalized for MVP.,IIT Jammu,iit jammu,,,,,,,False
14,IIT Jodhpur,iit-jodhpur,IIT Jodhpur,2720.0,29,1,3.0,254800,53.0,8.1,27.0,,,True,public_dataset,,,reviewed,Imported from supplied college source and normalized for MVP.,IIT Jodhpur,iit jodhpur,,,,,,,True
15,IIT Kanpur,iit-kanpur,IIT Kanpur,3597.0,34,1,3.0,253120,24.0,9.2,4.0,,,True,public_dataset,,,reviewed,Imported from supplied college source and normalized for MVP.,IIT Kanpur,iit kanpur,,,,,,,True
16,IIT Kharagpur,iit-kharagpur,IIT Kharagpur,4122.0,36,1,3.0,228500,15.0,9.1,5.0,,,True,public_dataset,,,reviewed,Imported from supplied college source and normalized for MVP.,IIT Kharagpur,iit kharagpur,,,,,,,True
17,IIT Madras,iit-madras,IIT Madras,2885.0,31,1,3.0,225000,17.5,9.5,1.0,,https://www.iitm.ac.in/,True,public_dataset,https://www.iitm.ac.in/,,reviewed,Imported from supplied college source and normalized for MVP.,IIT Madras,iit madras,,,,,,,True
18,IIT Mandi,iit-mandi,IIT Mandi,995.0,13,1,3.0,219000,18.5,8.2,26.0,,,True,public_dataset,,,reviewed,Imported from supplied college source and normalized for MVP.,IIT Mandi,iit mandi,,,,,,,True
19,IIT Palakkad,iit-palakkad,IIT Palakkad,4241.0,17,1,3.0,218000,12.0,7.5,94.0,,,True,public_dataset,,,reviewed,Imported from supplied college source and normalized for MVP.,IIT Palakkad,iit palakkad,,,,,,,False
20,IIT Patna,iit-patna,IIT Patna,387.0,5,1,3.0,273250,19.0,8.4,19.0,,,True,public_dataset,,,reviewed,Imported from supplied college source and normalized for MVP.,IIT Patna,iit patna,,,,,,,True
21,IIT Roorkee,iit-roorkee,IIT Roorkee,3968.0,35,1,3.0,224100,17.0,9.0,6.0,,,True,public_dataset,,,reviewed,Imported from supplied college source and normalized for MVP.,IIT Roorkee,iit roorkee,,,,,,,True
22,IIT Ropar,iit-ropar,IIT Ropar,2628.0,28,1,3.0,249460,17.0,8.0,32.0,,,True,public_dataset,,,reviewed,Imported from supplied college source and normalized for MVP.,IIT Ropar,iit ropar,,,,,,,True
23,IIT Tirupati,iit-tirupati,IIT Tirupati,154.0,2,1,3.0,218000,11.0,7.4,57.0,,,True,public_dataset,,,reviewed,Imported from supplied college source and normalized for MVP.,IIT Tirupati,iit tirupati,,,,,,,True
24,MANIT Bhopal,manit-bhopal,MANIT Bhopal,1559.0,20,2,3.0,158000,10.7,7.4,58.0,,,True,public_dataset,,,reviewed,Imported from supplied college source and normalized for MVP.,MANIT Bhopal,manit bhopal,,,,,,,True
25,MNIT Jaipur,mnit-jaipur,MNIT Jaipur,2711.0,29,2,3.0,160000,11.0,7.7,42.0,,,True,public_dataset,,,reviewed,Imported from supplied college source and normalized for MVP.,MNIT Jaipur,mnit jaipur,,,,,,,True
26,MNNIT Allahabad,mnnit-allahabad,MNNIT Allahabad,3311.0,34,2,3.0,84666,12.0,8.0,62.0,,,True,public_dataset,,,reviewed,Imported from supplied college source and normalized for MVP.,MNNIT Allahabad,mnnit allahabad,,,,,,,True
27,MNNIT Allahabad - Motilal Nehru National Institute of Technology,mnnit-allahabad-motilal-nehru-national-institute-of-technology,MNNIT Allahabad - Motilal Nehru National I...,3311.0,34,9,1.0,168000,13.0,7.0,,,,True,public_dataset,,,reviewed,Institution type normalized heuristically from source type/name; verify for production.,MNNIT Allahabad - Motilal Nehru National Institute of Technology,mnnit allahabad motilal nehru national institute of technology,,,,,,,False
28,NIT Agartala,nit-agartala,NIT Agartala,3282.0,33,2,3.0,150000,7.0,7.2,67.0,,,True,public_dataset,,,reviewed,Imported from supplied college source and normalized for MVP.,NIT Agartala,nit agartala,,,,,,,False
29,NIT Andhra Pradesh,nit-andhra-pradesh,NIT Andhra Pradesh,4242.0,2,2,3.0,150000,7.6,6.9,89.0,,,True,public_dataset,,,reviewed,Imported from supplied college source and normalized for MVP.,NIT Andhra Pradesh,nit andhra pradesh,,,,,,,False
30,NIT Arunachal Pradesh,nit-arunachal-pradesh,NIT Arunachal Pradesh,4243.0,3,2,3.0,150000,8.1,6.9,82.0,,,True,public_dataset,,,reviewed,Imported from supplied college source and normalized for MVP.,NIT Arunachal Pradesh,nit arunachal pradesh,,,,,,,False
31,NIT Calicut,nit-calicut,NIT Calicut,1443.0,17,2,3.0,165000,12.5,7.9,21.0,,,True,public_dataset,,,reviewed,Imported from supplied college source and normalized for MVP.,NIT Calicut,nit calicut,,,,,,,True
32,NIT Delhi,nit-delhi,NIT Delhi,513.0,9,2,3.0,165000,15.9,7.2,88.0,,,True,public_dataset,,,reviewed,Imported from supplied college source and normalized for MVP.,NIT Delhi,nit delhi,,,,,,,False
33,NIT Durgapur,nit-durgapur,NIT Durgapur,4061.0,36,2,3.0,165000,11.2,7.5,49.0,,,True,public_dataset,,,reviewed,Imported from supplied college source and normalized for MVP.,NIT Durgapur,nit durgapur,,,,,,,True
34,NIT Goa,nit-goa,NIT Goa,555.0,10,2,3.0,155000,7.2,7.1,74.0,,,True,public_dataset,,,reviewed,Imported from supplied college source and normalized for MVP.,NIT Goa,nit goa,,,,,,,False
35,NIT Hamirpur,nit-hamirpur,NIT Hamirpur,979.0,13,2,3.0,155000,10.5,7.3,64.0,,,True,public_dataset,,,reviewed,Imported from supplied college source and normalized for MVP.,NIT Hamirpur,nit hamirpur,,,,,,,True
36,NIT Jalandhar,nit-jalandhar,NIT Jalandhar,2585.0,28,2,3.0,155000,7.9,7.3,59.0,,,True,public_dataset,,,reviewed,Imported from supplied college source and normalized for MVP.,NIT Jalandhar,nit jalandhar,,,,,,,True
37,NIT Jamshedpur,nit-jamshedpur,NIT Jamshedpur,1113.0,15,2,3.0,162000,10.8,7.2,69.0,,,True,public_dataset,,,reviewed,Imported from supplied college source and normalized for MVP.,NIT Jamshedpur,nit jamshedpur,,,,,,,False
38,NIT Kurukshetra,nit-kurukshetra,NIT Kurukshetra,924.0,12,2,3.0,155000,9.0,7.4,62.0,,,True,public_dataset,,,reviewed,Imported from supplied college source and normalized for MVP.,NIT Kurukshetra,nit kurukshetra,,,,,,,True
39,NIT Manipur,nit-manipur,NIT Manipur,2358.0,22,2,3.0,150000,7.5,7.0,78.0,,,True,public_dataset,,,reviewed,Imported from supplied college source and normalized for MVP.,NIT Manipur,nit manipur,,,,,,,False
40,NIT Meghalaya,nit-meghalaya,NIT Meghalaya,2379.0,23,2,3.0,150000,10.5,7.1,60.0,,,True,public_dataset,,,reviewed,Imported from supplied college source and normalized for MVP.,NIT Meghalaya,nit meghalaya,,,,,,,True
41,NIT Mizoram,nit-mizoram,NIT Mizoram,2387.0,24,2,3.0,150000,7.2,6.9,85.0,,,True,public_dataset,,,reviewed,Imported from supplied college source and normalized for MVP.,NIT Mizoram,nit mizoram,,,,,,,False
42,NIT Patna,nit-patna,NIT Patna,387.0,5,2,3.0,155000,7.0,6.9,53.0,,,True,public_dataset,,,reviewed,Imported from supplied college source and normalized for MVP.,NIT Patna,nit patna,,,,,,,True
43,NIT Puducherry,nit-puducherry,NIT Puducherry,2525.0,27,2,3.0,150000,7.0,6.9,80.0,,,True,public_dataset,,,reviewed,Imported from supplied college source and normalized for MVP.,NIT Puducherry,nit puducherry,,,,,,,False
44,NIT Raipur,nit-raipur,NIT Raipur,483.0,7,2,3.0,155000,8.5,7.1,72.0,,,True,public_dataset,,,reviewed,Imported from supplied college source and normalized for MVP.,NIT Raipur,nit raipur,,,,,,,False
45,NIT Rourkela,nit-rourkela,NIT Rourkela,4244.0,26,2,3.0,175000,15.2,8.3,13.0,,,True,public_dataset,,,reviewed,Imported from supplied college source and normalized for MVP.,NIT Rourkela,nit rourkela,,,,,,,True
46,NIT Sikkim,nit-sikkim,NIT Sikkim,4245.0,30,2,3.0,150000,8.2,6.9,84.0,,,True,public_dataset,,,reviewed,Imported from supplied college source and normalized for MVP.,NIT Sikkim,nit sikkim,,,,,,,False
47,NIT Silchar,nit-silchar,NIT Silchar,277.0,4,2,3.0,155000,11.0,7.5,50.0,,,True,public_dataset,,,reviewed,Imported from supplied college source and normalized for MVP.,NIT Silchar,nit silchar,,,,,,,True
48,NIT Srinagar,nit-srinagar,NIT Srinagar,4246.0,37,2,3.0,155000,11.0,7.0,76.0,,,True,public_dataset,,,reviewed,Imported from supplied college source and normalized for MVP.,NIT Srinagar,nit srinagar,,,,,,,False
49,NIT Surathkal,nit-surathkal,NIT Surathkal,1304.0,16,2,3.0,160000,14.0,8.2,17.0,,,True,public_dataset,,,reviewed,Imported from supplied college source and normalized for MVP.,NIT Surathkal,nit surathkal,,,,,,,True
50,NIT Trichy,nit-trichy,NIT Trichy,3138.0,31,2,3.0,170000,14.3,8.5,9.0,,,True,public_dataset,,,reviewed,Imported from supplied college source and normalized for MVP.,NIT Trichy,nit trichy,,,,,,,True
51,"NIT Trichy, Tiruchirappalli",nit-trichy-tiruchirappalli,"NIT Trichy, Tiruchirappalli",3138.0,31,2,,149250,8.8,8.5,,,,True,public_dataset,,,reviewed,City missing in supplied source; intentionally left null. Institution type normalized heuristically from source type/name; verify for production. Ownership not explicit enough in supplied source; left null. City resolved conservatively from institution name (derived_name).,"NIT Trichy, Tiruchirappalli",nit trichy tiruchirappalli,,,,,,,False
52,NIT Uttarakhand,nit-uttarakhand,NIT Uttarakhand,3971.0,35,2,3.0,150000,9.5,6.9,86.0,,,True,public_dataset,,,reviewed,Imported from supplied college source and normalized for MVP.,NIT Uttarakhand,nit uttarakhand,,,,,,,False
53,NIT Warangal,nit-warangal,NIT Warangal,3279.0,32,2,3.0,167000,14.2,8.0,28.0,,,True,public_dataset,,,reviewed,Imported from supplied college source and normalized for MVP.,NIT Warangal,nit warangal,,,,,,,True
54,VNIT Nagpur,vnit-nagpur,VNIT Nagpur,2134.0,21,2,3.0,162000,9.0,7.6,44.0,,,True,public_dataset,,,reviewed,Imported from supplied college source and normalized for MVP.,VNIT Nagpur,vnit nagpur,,,,,,,True
55,IIIT Allahabad,iiit-allahabad,IIIT Allahabad,3311.0,34,3,,200000,18.5,8.0,87.0,,,True,public_dataset,,,reviewed,Ownership not explicit enough in supplied source; left null.,IIIT Allahabad,iiit allahabad,,,,,,,False
56,IIIT Bangalore,iiit-bangalore,IIIT Bangalore,1184.0,16,3,,250000,20.0,8.5,69.0,,,True,public_dataset,,,reviewed,Ownership not explicit enough in supplied source; left null.,IIIT Bangalore,iiit bangalore,,,,,,,False
57,IIIT Bhopal,iiit-bhopal,IIIT Bhopal,1559.0,20,3,,175000,11.0,7.5,,,,True,public_dataset,,,reviewed,Ownership not explicit enough in supplied source; left null.,IIIT Bhopal,iiit bhopal,,,,,,,False
58,IIIT Bhubaneswar,iiit-bhubaneswar,IIIT Bhubaneswar,4239.0,26,3,,175000,11.0,7.5,,,,True,public_dataset,,,reviewed,Ownership not explicit enough in supplied source; left null.,IIIT Bhubaneswar,iiit bhubaneswar,,,,,,,False
59,IIIT Delhi,iiit-delhi,IIIT Delhi,513.0,9,3,,280000,22.0,8.4,63.0,,https://home.iitd.ac.in/,True,public_dataset,,,reviewed,Ownership not explicit enough in supplied source; left null.,IIIT Delhi,iiit delhi,,,,,,,True
60,IIIT Gwalior,iiit-gwalior,IIIT Gwalior,1596.0,20,3,,195000,22.0,8.2,95.0,,,True,public_dataset,,,reviewed,Ownership not explicit enough in supplied source; left null.,IIIT Gwalior,iiit gwalior,,,,,,,False
61,IIIT Hyderabad,iiit-hyderabad,IIIT Hyderabad,3216.0,32,3,,340000,25.0,8.7,38.0,,,True,public_dataset,,,reviewed,Ownership not explicit enough in supplied source; left null.,IIIT Hyderabad,iiit hyderabad,,,,,,,True
62,IIIT Jabalpur,iiit-jabalpur,IIIT Jabalpur,1612.0,20,3,,180000,16.5,7.9,80.0,,,True,public_dataset,,,reviewed,Ownership not explicit enough in supplied source; left null.,IIIT Jabalpur,iiit jabalpur,,,,,,,False
63,IIIT Kalyani,iiit-kalyani,IIIT Kalyani,4113.0,36,3,,170000,10.0,7.3,,,,True,public_dataset,,,reviewed,Ownership not explicit enough in supplied source; left null.,IIIT Kalyani,iiit kalyani,,,,,,,False
64,IIIT Kancheepuram,iiit-kancheepuram,IIIT Kancheepuram,2885.0,31,3,,175000,12.0,7.7,,,,True,public_dataset,,,reviewed,Ownership not explicit enough in supplied source; left null.,IIIT Kancheepuram,iiit kancheepuram,,,,,,,False
65,IIIT Kota,iiit-kota,IIIT Kota,2732.0,29,3,,175000,10.0,7.2,,,,True,public_dataset,,,reviewed,Ownership not explicit enough in supplied source; left null.,IIIT Kota,iiit kota,,,,,,,False
66,IIIT Lucknow,iiit-lucknow,IIIT Lucknow,3661.0,34,3,,175000,12.0,7.5,,,,True,public_dataset,,,reviewed,Ownership not explicit enough in supplied source; left null.,IIIT Lucknow,iiit lucknow,,,,,,,False
67,IIIT Nagpur,iiit-nagpur,IIIT Nagpur,2134.0,21,3,,175000,11.0,7.4,,,,True,public_dataset,,,reviewed,Ownership not explicit enough in supplied source; left null.,IIIT Nagpur,iiit nagpur,,,,,,,False
68,IIIT Pune,iiit-pune,IIIT Pune,2206.0,21,3,,200000,16.8,7.8,,,,True,public_dataset,,,reviewed,Ownership not explicit enough in supplied source; left null.,IIIT Pune,iiit pune,,,,,,,False
69,IIIT Ranchi,iiit-ranchi,IIIT Ranchi,1144.0,15,3,,170000,10.0,7.3,,,,True,public_dataset,,,reviewed,Ownership not explicit enough in supplied source; left null.,IIIT Ranchi,iiit ranchi,,,,,,,False
70,IIIT Sonepat,iiit-sonepat,IIIT Sonepat,4247.0,12,3,,170000,10.0,7.2,,,,True,public_dataset,,,reviewed,Ownership not explicit enough in supplied source; left null.,IIIT Sonepat,iiit sonepat,,,,,,,False
71,IIIT Sri City,iiit-sri-city,IIIT Sri City,31.0,2,3,,175000,11.0,7.4,,,,True,public_dataset,,,reviewed,Ownership not explicit enough in supplied source; left null.,IIIT Sri City,iiit sri city,,,,,,,False
72,IIIT Surat,iiit-surat,IIIT Surat,831.0,11,3,,170000,10.0,7.2,,,,True,public_dataset,,,reviewed,Ownership not explicit enough in supplied source; left null.,IIIT Surat,iiit surat,,,,,,,False
73,IIIT Una,iiit-una,IIIT Una,1019.0,13,3,,165000,9.5,7.0,,,,True,public_dataset,,,reviewed,Ownership not explicit enough in supplied source; left null.,IIIT Una,iiit una,,,,,,,False
74,IIIT Vadodara,iiit-vadodara,IIIT Vadodara,852.0,11,3,,170000,10.0,7.3,,,,True,public_dataset,,,reviewed,Ownership not explicit enough in supplied source; left null.,IIIT Vadodara,iiit vadodara,,,,,,,False
75,IIM Ahmedabad,iim-ahmedabad,IIM Ahmedabad,575.0,11,4,3.0,2630000,35.2,9.8,1.0,,https://www.iima.ac.in/,True,public_dataset,https://www.iima.ac.in/,,reviewed,Imported from supplied college source and normalized for MVP.,IIM Ahmedabad,iim ahmedabad,,,,,,,True
76,IIM Amritsar,iim-amritsar,IIM Amritsar,2536.0,28,4,3.0,965000,28.0,7.4,64.0,,,True,public_dataset,,,reviewed,Imported from supplied college source and normalized for MVP.,IIM Amritsar,iim amritsar,,,,,,,True
77,IIM Bangalore,iim-bangalore,IIM Bangalore,1184.0,16,4,3.0,2630000,34.9,9.7,2.0,,,True,public_dataset,,,reviewed,Imported from supplied college source and normalized for MVP.,IIM Bangalore,iim bangalore,,,,,,,True
78,IIM Bodh Gaya,iim-bodh-gaya,IIM Bodh Gaya,4248.0,5,4,3.0,1400000,14.5,7.3,31.0,,,True,public_dataset,,,reviewed,Imported from supplied college source and normalized for MVP.,IIM Bodh Gaya,iim bodh gaya,,,,,,,True
79,IIM Calcutta,iim-calcutta,IIM Calcutta,4128.0,36,4,3.0,2500000,34.2,9.6,7.0,,,True,public_dataset,,,reviewed,Imported from supplied college source and normalized for MVP.,IIM Calcutta,iim calcutta,,,,,,,True
80,IIM Indore,iim-indore,IIM Indore,1609.0,20,4,3.0,2100000,27.0,9.2,8.0,,,True,public_dataset,,,reviewed,Imported from supplied college source and normalized for MVP.,IIM Indore,iim indore,,,,,,,True
81,IIM Jammu,iim-jammu,IIM Jammu,4240.0,37,4,3.0,1053980,15.5,7.5,35.0,,,True,public_dataset,,,reviewed,Imported from supplied college source and normalized for MVP.,IIM Jammu,iim jammu,,,,,,,True
82,IIM Kashipur,iim-kashipur,IIM Kashipur,3949.0,35,4,3.0,1600000,18.5,7.9,23.0,,,True,public_dataset,,,reviewed,Imported from supplied college source and normalized for MVP.,IIM Kashipur,iim kashipur,,,,,,,True
83,IIM Kozhikode,iim-kozhikode,IIM Kozhikode,1443.0,17,4,3.0,2350000,28.1,9.3,3.0,,,True,public_dataset,,,reviewed,Imported from supplied college source and normalized for MVP.,IIM Kozhikode,iim kozhikode,,,,,,,True
84,IIM Lucknow,iim-lucknow,IIM Lucknow,3661.0,34,4,3.0,2200000,32.3,9.4,5.0,,,True,public_dataset,,,reviewed,Imported from supplied college source and normalized for MVP.,IIM Lucknow,iim lucknow,,,,,,,True
85,IIM Mumbai,iim-mumbai,IIM Mumbai,2123.0,21,4,3.0,1700000,25.0,9.0,6.0,,,True,public_dataset,,,reviewed,Imported from supplied college source and normalized for MVP.,IIM Mumbai,iim mumbai,,,,,,,True
86,IIM Nagpur,iim-nagpur,IIM Nagpur,2134.0,21,4,3.0,1600000,17.5,7.8,25.0,,,True,public_dataset,,,reviewed,Imported from supplied college source and normalized for MVP.,IIM Nagpur,iim nagpur,,,,,,,True
87,IIM Raipur,iim-raipur,IIM Raipur,483.0,7,4,3.0,1800000,18.0,7.9,15.0,,,True,public_dataset,,,reviewed,Imported from supplied college source and normalized for MVP.,IIM Raipur,iim raipur,,,,,,,True
88,IIM Ranchi,iim-ranchi,IIM Ranchi,1144.0,15,4,3.0,1800000,19.7,8.2,18.0,,,True,public_dataset,,,reviewed,Imported from supplied college source and normalized for MVP.,IIM Ranchi,iim ranchi,,,,,,,True
89,IIM Rohtak,iim-rohtak,IIM Rohtak,950.0,12,4,3.0,676045,36.0,8.0,19.0,,,True,public_dataset,,,reviewed,Imported from supplied college source and normalized for MVP.,IIM Rohtak,iim rohtak,,,,,,,True
90,IIM Sambalpur,iim-sambalpur,IIM Sambalpur,2515.0,26,4,3.0,1400000,16.0,7.6,34.0,,,True,public_dataset,,,reviewed,Imported from supplied college source and normalized for MVP.,IIM Sambalpur,iim sambalpur,,,,,,,True
91,IIM Shillong,iim-shillong,IIM Shillong,2379.0,23,4,3.0,1400000,26.4,8.5,38.0,,,True,public_dataset,,,reviewed,Imported from supplied college source and normalized for MVP.,IIM Shillong,iim shillong,,,,,,,True
92,IIM Sirmaur,iim-sirmaur,IIM Sirmaur,1003.0,13,4,3.0,2293000,14.0,7.2,51.0,,,True,public_dataset,,,reviewed,Imported from supplied college source and normalized for MVP.,IIM Sirmaur,iim sirmaur,,,,,,,True
93,IIM Tiruchirappalli,iim-tiruchirappalli,IIM Tiruchirappalli,3138.0,31,4,3.0,1700000,21.0,8.3,16.0,,,True,public_dataset,,,reviewed,Imported from supplied college source and normalized for MVP.,IIM Tiruchirappalli,iim tiruchirappalli,,,,,,,True
94,IIM Udaipur,iim-udaipur,IIM Udaipur,2827.0,29,4,3.0,1700000,19.0,8.0,21.0,,,True,public_dataset,,,reviewed,Imported from supplied college source and normalized for MVP.,IIM Udaipur,iim udaipur,,,,,,,True
95,IIM Visakhapatnam,iim-visakhapatnam,IIM Visakhapatnam,163.0,2,4,3.0,1500000,16.6,7.8,29.0,,,True,public_dataset,,,reviewed,Imported from supplied college source and normalized for MVP.,IIM Visakhapatnam,iim visakhapatnam,,,,,,,True
96,BITS Goa,bits-goa,BITS Goa,4249.0,10,8,2.0,580000,22.0,8.3,45.0,,,True,public_dataset,,,reviewed,Imported from supplied college source and normalized for MVP.,BITS Goa,bits goa,,,,,,,True
97,BITS Hyderabad,bits-hyderabad,BITS Hyderabad,3216.0,32,8,2.0,580000,21.0,8.3,55.0,,,True,public_dataset,,,reviewed,Imported from supplied college source and normalized for MVP.,BITS Hyderabad,bits hyderabad,,,,,,,True
98,BITS Pilani,bits-pilani,BITS Pilani,2777.0,29,8,2.0,638175,25.0,8.7,11.0,,https://www.bits-pilani.ac.in/,True,public_dataset,https://www.bits-pilani.ac.in/,,reviewed,Imported from supplied college source and normalized for MVP.,BITS Pilani,bits pilani,,,,,,,True
99,AIIMS Bhopal,aiims-bhopal,AIIMS Bhopal,1559.0,20,6,3.0,6900,8.0,8.5,25.0,,,True,public_dataset,,,reviewed,Imported from supplied college source and normalized for MVP.,AIIMS Bhopal,aiims bhopal,,,,,,,True
100,AIIMS Bhubaneswar,aiims-bhubaneswar,AIIMS Bhubaneswar,4239.0,26,6,3.0,6900,8.0,8.3,14.0,,,True,public_dataset,,,reviewed,Imported from supplied college source and normalized for MVP.,AIIMS Bhubaneswar,aiims bhubaneswar,,,,,,,True
101,AIIMS Delhi,aiims-delhi,AIIMS Delhi,513.0,9,6,3.0,7700,12.0,9.9,1.0,,https://www.aiims.edu/,True,public_dataset,https://www.aiims.edu/,,reviewed,Imported from supplied college source and normalized for MVP.,AIIMS Delhi,aiims delhi,,,,,,,True
102,AIIMS Gorakhpur,aiims-gorakhpur,AIIMS Gorakhpur,3518.0,34,6,3.0,6900,7.0,7.7,38.0,,,True,public_dataset,,,reviewed,Imported from supplied college source and normalized for MVP.,AIIMS Gorakhpur,aiims gorakhpur,,,,,,,True
103,AIIMS Jodhpur,aiims-jodhpur,AIIMS Jodhpur,2720.0,29,6,3.0,6900,8.5,8.4,16.0,,,True,public_dataset,,,reviewed,Imported from supplied college source and normalized for MVP.,AIIMS Jodhpur,aiims jodhpur,,,,,,,True
104,AIIMS Kalyani,aiims-kalyani,AIIMS Kalyani,4113.0,36,6,3.0,6900,7.0,7.7,40.0,,,True,public_dataset,,,reviewed,Imported from supplied college source and normalized for MVP.,AIIMS Kalyani,aiims kalyani,,,,,,,True
105,AIIMS Mangalagiri,aiims-mangalagiri,AIIMS Mangalagiri,85.0,2,6,3.0,6900,7.0,7.6,45.0,,,True,public_dataset,,,reviewed,Imported from supplied college source and normalized for MVP.,AIIMS Mangalagiri,aiims mangalagiri,,,,,,,True
106,AIIMS Nagpur,aiims-nagpur,AIIMS Nagpur,2134.0,21,6,3.0,6900,7.5,7.8,35.0,,,True,public_dataset,,,reviewed,Imported from supplied college source and normalized for MVP.,AIIMS Nagpur,aiims nagpur,,,,,,,True
107,AIIMS Patna,aiims-patna,AIIMS Patna,387.0,5,6,3.0,6900,7.5,8.0,27.0,,,True,public_dataset,,,reviewed,Imported from supplied college source and normalized for MVP.,AIIMS Patna,aiims patna,,,,,,,True
108,AIIMS Raipur,aiims-raipur,AIIMS Raipur,483.0,7,6,3.0,6900,7.5,8.0,31.0,,,True,public_dataset,,,reviewed,Imported from supplied college source and normalized for MVP.,AIIMS Raipur,aiims raipur,,,,,,,True
109,AIIMS Rishikesh,aiims-rishikesh,AIIMS Rishikesh,3967.0,35,6,3.0,6900,9.0,9.0,13.0,,,True,public_dataset,,,reviewed,Imported from supplied college source and normalized for MVP.,AIIMS Rishikesh,aiims rishikesh,,,,,,,True
110,AAFT University of Media and Arts,aaft-university-of-media-and-arts,AAFT University of Media and Arts,,7,7,,150000,6.0,6.5,,,https://aaft.com/,True,public_dataset,,,reviewed,City missing in supplied source; intentionally left null. Institution type normalized heuristically from source type/name; verify for production. Ownership not explicit enough in supplied source; left null.,AAFT University of Media and Arts,aaft university of media and arts,,,,,,,False
111,"ABES Engineering College, Ghaziabad",abes-engineering-college-ghaziabad,"ABES Engineering College, Ghaziabad",3505.0,34,9,,143700,7.8,7.9,,,,True,public_dataset,,,reviewed,City missing in supplied source; intentionally left null. Institution type normalized heuristically from source type/name; verify for production. Ownership not explicit enough in supplied source; left null. City resolved conservatively from institution name (derived_name).,"ABES Engineering College, Ghaziabad",abes engineering college ghaziabad,,,,,,,False
112,Abhilashi University,abhilashi-university,Abhilashi University,995.0,13,7,2.0,210000,4.0,8.4,,,,True,public_dataset,,,reviewed,Institution type normalized heuristically from source type/name; verify for production.,Abhilashi University,abhilashi university,,,,,,,False
113,Achariya College of Engineering Technology,achariya-college-of-engineering-technology,Achariya College of Engineering Technology,,27,9,,68000,5.4,6.3,,,,True,public_dataset,,,reviewed,City missing in supplied source; intentionally left null. Institution type normalized heuristically from source type/name; verify for production. Ownership not explicit enough in supplied source; left null.,Achariya College of Engineering Technology,achariya college of engineering technology,,,,,,,False
114,Acharya Nagarjuna University,acharya-nagarjuna-university,Acharya Nagarjuna University,56.0,2,7,,200000,7.0,7.0,59.0,,,True,public_dataset,,,reviewed,Institution type normalized heuristically from source type/name; verify for production. Ownership not explicit enough in supplied source; left null.,Acharya Nagarjuna University,acharya nagarjuna university,,,,,,,True
115,Acharya Shri Chander College of Medical Sciences,acharya-shri-chander-college-of-medical-sciences,Acharya Shri Chander College of Medical Sc...,4240.0,37,19,2.0,39000,6.5,6.5,,,,True,public_dataset,,,reviewed,Institution type normalized heuristically from source type/name; verify for production.,Acharya Shri Chander College of Medical Sciences,acharya shri chander college of medical sciences,,,,,,,False
116,Acharya Shri Chander Institute of Nursing Education,acharya-shri-chander-institute-of-nursing-education,Acharya Shri Chander Institute of Nursing...,4240.0,37,13,2.0,51000,6.5,6.5,,,,True,public_dataset,,,reviewed,Institution type normalized heuristically from source type/name; verify for production.,Acharya Shri Chander Institute of Nursing Education,acharya shri chander institute of nursing education,,,,,,,False
117,Acropolis Faculty of Management and Research,acropolis-faculty-of-management-and-research,Acropolis Faculty of Management and Research,1609.0,20,8,2.0,55000,10.5,7.0,,,,True,public_dataset,,,reviewed,Institution type normalized heuristically from source type/name; verify for production.,Acropolis Faculty of Management and Research,acropolis faculty of management and research,,,,,,,False
118,"Acropolis Group of Institutions, Indore",acropolis-group-of-institutions-indore,"Acropolis Group of Institutions, Indore",1609.0,20,8,,73600,8.6,8.7,,,,True,public_dataset,,,reviewed,City missing in supplied source; intentionally left null. Institution type normalized heuristically from source type/name; verify for production. Ownership not explicit enough in supplied source; left null. City resolved conservatively from institution name (derived_name).,"Acropolis Group of Institutions, Indore",acropolis group of institutions indore,,,,,,,False
119,Acropolis Institute of Technology & Research,acropolis-institute-of-technology-and-research,Acropolis Institute of Technology & Research,,20,9,,75100,8.0,7.8,,,,True,public_dataset,,,reviewed,City missing in supplied source; intentionally left null. Institution type normalized heuristically from source type/name; verify for production. Ownership not explicit enough in supplied source; left null.,Acropolis Institute of Technology & Research,acropolis institute of technology research,,,,,,,False
120,"Adamas University, Kolkata",adamas-university-kolkata,"Adamas University, Kolkata",4128.0,36,7,,172800,7.8,8.2,,,,True,public_dataset,,,reviewed,City missing in supplied source; intentionally left null. Institution type normalized heuristically from source type/name; verify for production. Ownership not explicit enough in supplied source; left null. City resolved conservatively from institution name (derived_name).,"Adamas University, Kolkata",adamas university kolkata,,,,,,,False
121,Aditya Engineering College,aditya-engineering-college,Aditya Engineering College,,2,9,,72000,7.4,7.8,,,,True,public_dataset,,,reviewed,City missing in supplied source; intentionally left null. Institution type normalized heuristically from source type/name; verify for production. Ownership not explicit enough in supplied source; left null.,Aditya Engineering College,aditya engineering college,,,,,,,False
122,"Agnel Polytechnic, South Goa",agnel-polytechnic-south-goa,"Agnel Polytechnic, South Goa",566.0,10,17,,37200,6.0,6.5,,,,True,public_dataset,,,reviewed,City missing in supplied source; intentionally left null. Institution type normalized heuristically from source type/name; verify for production. Ownership not explicit enough in supplied source; left null. City resolved conservatively from institution name (derived_name).,"Agnel Polytechnic, South Goa",agnel polytechnic south goa,,,,,,,False
123,Aisect College of Professional Studies,aisect-college-of-professional-studies,Aisect College of Professional Studies,1609.0,20,8,2.0,15000,6.5,6.5,,,,True,public_dataset,,,reviewed,Institution type normalized heuristically from source type/name; verify for production.,Aisect College of Professional Studies,aisect college of professional studies,,,,,,,False
124,Ajay Kumar Garg Engineering College,ajay-kumar-garg-engineering-college,Ajay Kumar Garg Engineering College,3505.0,34,9,2.0,142156,33.8,8.5,,,,True,public_dataset,,,reviewed,Institution type normalized heuristically from source type/name; verify for production.,Ajay Kumar Garg Engineering College,ajay kumar garg engineering college,,,,,,,False
125,AKGEC Ghaziabad,akgec-ghaziabad,AKGEC Ghaziabad,3505.0,34,8,2.0,350000,7.0,6.5,,,,True,public_dataset,,,reviewed,Institution type normalized heuristically from source type/name; verify for production.,AKGEC Ghaziabad,akgec ghaziabad,,,,,,,False
126,AKS University,aks-university,AKS University,,20,7,,60000,6.9,7.3,,,,True,public_dataset,,,reviewed,City missing in supplied source; intentionally left null. Institution type normalized heuristically from source type/name; verify for production. Ownership not explicit enough in supplied source; left null.,AKS University,aks university,,,,,,,False
127,Alagappa University,alagappa-university,Alagappa University,4250.0,31,7,,200000,7.0,7.0,47.0,,,True,public_dataset,,,reviewed,Institution type normalized heuristically from source type/name; verify for production. Ownership not explicit enough in supplied source; left null.,Alagappa University,alagappa university,,,,,,,True
128,Aligarh Muslim University,aligarh-muslim-university,Aligarh Muslim University,3310.0,34,7,,13680,9.0,8.0,8.0,,,True,public_dataset,,,reviewed,Institution type normalized heuristically from source type/name; verify for production. Ownership not explicit enough in supplied source; left null.,Aligarh Muslim University,aligarh muslim university,,,,,,,True
129,All India Institute of Medical Sciences,all-india-institute-of-medical-sciences,All India Institute of Medical Sciences,4251.0,28,19,1.0,1628,6.5,7.0,,,,True,public_dataset,,,reviewed,Institution type normalized heuristically from source type/name; verify for production.,All India Institute of Medical Sciences,all india institute of medical sciences,,,,,,,False
130,Allahabad University,allahabad-university,Allahabad University,3311.0,34,7,4.0,12000,7.0,7.5,35.0,,,True,public_dataset,,,reviewed,Imported from supplied college source and normalized for MVP.,Allahabad University,allahabad university,,,,,,,True
131,"Alliance College of Engineering and Design, Bangalore",alliance-college-of-engineering-and-design-bangalore,Alliance College of Engineering and Design...,1184.0,16,9,,225000,6.5,7.2,,,,True,public_dataset,,,reviewed,City missing in supplied source; intentionally left null. Institution type normalized heuristically from source type/name; verify for production. Ownership not explicit enough in supplied source; left null. City resolved conservatively from institution name (derived_name).,"Alliance College of Engineering and Design, Bangalore",alliance college of engineering and design bangalore,,,,,,,False
132,"Alliance University, Bangalore",alliance-university-bangalore,"Alliance University, Bangalore",1184.0,16,7,,625000,7.6,8.0,,,,True,public_dataset,,,reviewed,City missing in supplied source; intentionally left null. Institution type normalized heuristically from source type/name; verify for production. Ownership not explicit enough in supplied source; left null. City resolved conservatively from institution name (derived_name).,"Alliance University, Bangalore",alliance university bangalore,,,,,,,False
133,"Alpha College of Engineering & Technology, Pondicherry",alpha-college-of-engineering-and-technology-pondicherry,"Alpha College of Engineering & Technology,...",2527.0,27,9,,29000,3.8,4.7,,,,True,public_dataset,,,reviewed,City missing in supplied source; intentionally left null. Institution type normalized heuristically from source type/name; verify for production. Ownership not explicit enough in supplied source; left null. City resolved conservatively from institution name (derived_name).,"Alpha College of Engineering & Technology, Pondicherry",alpha college of engineering technology pondicherry,,,,,,,False
134,Amal Jyothi College of Engineering,amal-jyothi-college-of-engineering,Amal Jyothi College of Engineering,,17,9,,100000,6.9,7.6,,,,True,public_dataset,,,reviewed,City missing in supplied source; intentionally left null. Institution type normalized heuristically from source type/name; verify for production. Ownership not explicit enough in supplied source; left null.,Amal Jyothi College of Engineering,amal jyothi college of engineering,,,,,,,False
135,Amar Shaheed Baba Ajit Singh Jujhar Singh Memorial College of Pharmacy,amar-shaheed-baba-ajit-singh-jujhar-singh-memorial-college-of-pharmacy,Amar Shaheed Baba Ajit Singh Jujhar Singh...,4252.0,28,12,2.0,111000,6.5,6.5,,,,True,public_dataset,,,reviewed,Institution type normalized heuristically from source type/name; verify for production.,Amar Shaheed Baba Ajit Singh Jujhar Singh Memorial College of Pharmacy,amar shaheed baba ajit singh jujhar singh memorial college of pharmacy,,,,,,,False
136,Amar Singh Government Degree College,amar-singh-government-degree-college,Amar Singh Government Degree College,4246.0,37,8,1.0,120000,6.5,7.0,,,,True,public_dataset,,,reviewed,Institution type normalized heuristically from source type/name; verify for production.,Amar Singh Government Degree College,amar singh government degree college,,,,,,,False
137,Ambala Institute of Hotel Management,ambala-institute-of-hotel-management,Ambala Institute of Hotel Management,881.0,12,8,2.0,128915,6.5,6.5,,,,True,public_dataset,,,reviewed,Institution type normalized heuristically from source type/name; verify for production.,Ambala Institute of Hotel Management,ambala institute of hotel management,,,,,,,False
138,Ambedkar Institute of Higher Education,ambedkar-institute-of-higher-education,Ambedkar Institute of Higher Education,387.0,5,18,2.0,700575,6.5,6.5,,,,True,public_dataset,,,reviewed,Institution type normalized heuristically from source type/name; verify for production.,Ambedkar Institute of Higher Education,ambedkar institute of higher education,,,,,,,False
139,Amity Business School,amity-business-school,Amity Business School,3751.0,34,16,2.0,690000,26.3,8.5,,,,True,public_dataset,,,reviewed,Institution type normalized heuristically from source type/name; verify for production.,Amity Business School,amity business school,,,,,,,False
140,Amity School of Architecture and Planning,amity-school-of-architecture-and-planning,Amity School of Architecture and Planning,3751.0,34,14,2.0,279000,17.0,8.0,,,,True,public_dataset,,,reviewed,Institution type normalized heuristically from source type/name; verify for production.,Amity School of Architecture and Planning,amity school of architecture and planning,,,,,,,False
141,Amity School of Engineering & Technology,amity-school-of-engineering-and-technology,Amity School of Engineering & Technology,3751.0,34,8,2.0,206500,35.9,8.5,,,,True,public_dataset,,,reviewed,Institution type normalized heuristically from source type/name; verify for production.,Amity School of Engineering & Technology,amity school of engineering technology,,,,,,,False
142,Amity School of Hospitality,amity-school-of-hospitality,Amity School of Hospitality,3751.0,34,8,2.0,170000,6.0,6.0,,,,True,public_dataset,,,reviewed,Institution type normalized heuristically from source type/name; verify for production.,Amity School of Hospitality,amity school of hospitality,,,,,,,False
143,Amity University,amity-university,Amity University,4253.0,34,7,,116000,7.0,7.0,32.0,,,True,public_dataset,,,reviewed,Institution type normalized heuristically from source type/name; verify for production. Ownership not explicit enough in supplied source; left null.,Amity University,amity university,,,,,,,True
144,Amity University Gurgaon,amity-university-gurgaon,Amity University Gurgaon,906.0,12,7,2.0,230000,7.0,7.7,,,,True,public_dataset,,,reviewed,Institution type normalized heuristically from source type/name; verify for production.,Amity University Gurgaon,amity university gurgaon,,,,,,,False
145,Amity University Jaipur,amity-university-jaipur,Amity University Jaipur,2711.0,29,7,2.0,180000,7.0,8.0,,,,True,public_dataset,,,reviewed,Institution type normalized heuristically from source type/name; verify for production.,Amity University Jaipur,amity university jaipur,,,,,,,False
146,Amity University Kolkata,amity-university-kolkata,Amity University Kolkata,4128.0,36,7,2.0,207000,7.0,8.2,,,,True,public_dataset,,,reviewed,Institution type normalized heuristically from source type/name; verify for production.,Amity University Kolkata,amity university kolkata,,,,,,,False
147,Amity University Mumbai,amity-university-mumbai,Amity University Mumbai,2123.0,21,7,2.0,222000,7.0,8.1,,,,True,public_dataset,,,reviewed,Institution type normalized heuristically from source type/name; verify for production.,Amity University Mumbai,amity university mumbai,,,,,,,False
148,Amity University Noida,amity-university-noida,Amity University Noida,3751.0,34,7,2.0,311000,6.0,8.2,22.0,,,True,public_dataset,,,reviewed,Institution type normalized heuristically from source type/name; verify for production.,Amity University Noida,amity university noida,,,,,,,True
149,"Amity University, Gwalior",amity-university-gwalior,"Amity University, Gwalior",1596.0,20,7,,164000,8.0,8.6,,,,True,public_dataset,,,reviewed,City missing in supplied source; intentionally left null. Institution type normalized heuristically from source type/name; verify for production. Ownership not explicit enough in supplied source; left null. City resolved conservatively from institution name (derived_name).,"Amity University, Gwalior",amity university gwalior,,,,,,,False
150,"Amity University, Patna",amity-university-patna,"Amity University, Patna",387.0,5,7,,159000,7.8,7.8,,,,True,public_dataset,,,reviewed,City missing in supplied source; intentionally left null. Institution type normalized heuristically from source type/name; verify for production. Ownership not explicit enough in supplied source; left null. City resolved conservatively from institution name (derived_name).,"Amity University, Patna",amity university patna,,,,,,,False
151,"Amity University, Raipur",amity-university-raipur,"Amity University, Raipur",483.0,7,7,,108000,6.3,7.8,,,,True,public_dataset,,,reviewed,City missing in supplied source; intentionally left null. Institution type normalized heuristically from source type/name; verify for production. Ownership not explicit enough in supplied source; left null. City resolved conservatively from institution name (derived_name).,"Amity University, Raipur",amity university raipur,,,,,,,False
152,"Amity University, Ranchi",amity-university-ranchi,"Amity University, Ranchi",1144.0,15,7,,135000,7.0,7.8,,,,True,public_dataset,,,reviewed,City missing in supplied source; intentionally left null. Institution type normalized heuristically from source type/name; verify for production. Ownership not explicit enough in supplied source; left null. City resolved conservatively from institution name (derived_name).,"Amity University, Ranchi",amity university ranchi,,,,,,,False
153,Amrita Vishwa Vidyapeetham,amrita-vishwa-vidyapeetham,Amrita Vishwa Vidyapeetham,2897.0,31,7,,380000,7.5,8.0,7.0,,,True,public_dataset,,,reviewed,Institution type normalized heuristically from source type/name; verify for production. Ownership not explicit enough in supplied source; left null.,Amrita Vishwa Vidyapeetham,amrita vishwa vidyapeetham,,,,,,,True
154,Amritsar College of Engineering and Technology,amritsar-college-of-engineering-and-technology,Amritsar College of Engineering and Techno...,2536.0,28,9,2.0,100200,40.0,7.4,,,,True,public_dataset,,,reviewed,Institution type normalized heuristically from source type/name; verify for production.,Amritsar College of Engineering and Technology,amritsar college of engineering and technology,,,,,,,False
155,AMU Aligarh,amu-aligarh,AMU Aligarh,3310.0,34,7,3.0,25000,6.5,8.0,9.0,,,True,public_dataset,,,reviewed,Imported from supplied college source and normalized for MVP.,AMU Aligarh,amu aligarh,,,,,,,True
156,Ananta Institute of Hotel Management & Allied studies,ananta-institute-of-hotel-management-and-allied-studies,Ananta Institute of Hotel Management & All...,2711.0,29,8,2.0,440000,6.5,6.5,,,,True,public_dataset,,,reviewed,Institution type normalized heuristically from source type/name; verify for production.,Ananta Institute of Hotel Management & Allied studies,ananta institute of hotel management allied studies,,,,,,,False
157,Andhra University,andhra-university,Andhra University,163.0,2,7,,10000,7.2,7.0,25.0,,,True,public_dataset,,,reviewed,Institution type normalized heuristically from source type/name; verify for production. Ownership not explicit enough in supplied source; left null.,Andhra University,andhra university,,,,,,,True
158,Anna University,anna-university,Anna University,2885.0,31,7,,50000,8.3,7.0,13.0,,,True,public_dataset,,,reviewed,Institution type normalized heuristically from source type/name; verify for production. Ownership not explicit enough in supplied source; left null.,Anna University,anna university,,,,,,,True
159,Anugrah Narayan Magadh Medical College and Hospital,anugrah-narayan-magadh-medical-college-and-hospital,Anugrah Narayan Magadh Medical College and...,335.0,5,8,1.0,27000,6.5,7.0,,,,True,public_dataset,,,reviewed,Institution type normalized heuristically from source type/name; verify for production.,Anugrah Narayan Magadh Medical College and Hospital,anugrah narayan magadh medical college and hospital,,,,,,,False
160,"Anurag University, Hyderabad",anurag-university-hyderabad,"Anurag University, Hyderabad",3216.0,32,7,,135500,8.0,8.3,,,,True,public_dataset,,,reviewed,City missing in supplied source; intentionally left null. Institution type normalized heuristically from source type/name; verify for production. Ownership not explicit enough in supplied source; left null. City resolved conservatively from institution name (derived_name).,"Anurag University, Hyderabad",anurag university hyderabad,,,,,,,False
161,Apex Institute of Technology,apex-institute-of-technology,Apex Institute of Technology,,6,9,,210000,6.0,6.5,,,,True,public_dataset,,,reviewed,City missing in supplied source; intentionally left null. Institution type normalized heuristically from source type/name; verify for production. Ownership not explicit enough in supplied source; left null.,Apex Institute of Technology,apex institute of technology,,,,,,,False
162,Apex Professional University,apex-professional-university,Apex Professional University,,3,7,,70000,7.5,7.4,,,,True,public_dataset,,,reviewed,City missing in supplied source; intentionally left null. Institution type normalized heuristically from source type/name; verify for production. Ownership not explicit enough in supplied source; left null.,Apex Professional University,apex professional university,,,,,,,False
163,APG Shimla University,apg-shimla-university,APG Shimla University,1013.0,13,7,2.0,84000,25.7,8.5,,,,True,public_dataset,,,reviewed,Institution type normalized heuristically from source type/name; verify for production.,APG Shimla University,apg shimla university,,,,,,,False
164,APJ Abdul Kalam Technological University,apj-abdul-kalam-technological-university,APJ Abdul Kalam Technological University,,17,7,,29000,7.5,7.8,,,,True,public_dataset,,,reviewed,City missing in supplied source; intentionally left null. Institution type normalized heuristically from source type/name; verify for production. Ownership not explicit enough in supplied source; left null.,APJ Abdul Kalam Technological University,apj abdul kalam technological university,,,,,,,False
165,"Arka Jain University, Jamshedpur",arka-jain-university-jamshedpur,"Arka Jain University, Jamshedpur",1113.0,15,7,,93000,7.5,8.1,,,,True,public_dataset,,,reviewed,City missing in supplied source; intentionally left null. Institution type normalized heuristically from source type/name; verify for production. Ownership not explicit enough in supplied source; left null. City resolved conservatively from institution name (derived_name).,"Arka Jain University, Jamshedpur",arka jain university jamshedpur,,,,,,,False
166,Army College of Medical Science,army-college-of-medical-science,Army College of Medical Science,4254.0,38,19,2.0,503830,6.5,6.5,,,,True,public_dataset,,,reviewed,Institution type normalized heuristically from source type/name; verify for production.,Army College of Medical Science,army college of medical science,,,,,,,False
167,Army Institute of Law,army-institute-of-law,Army Institute of Law,2607.0,28,10,2.0,192805,16.1,8.0,,,,True,public_dataset,,,reviewed,Institution type normalized heuristically from source type/name; verify for production.,Army Institute of Law,army institute of law,,,,,,,False
168,Army Institute of Technology,army-institute-of-technology,Army Institute of Technology,,21,9,,180197,8.7,8.3,,,,True,public_dataset,,,reviewed,City missing in supplied source; intentionally left null. Institution type normalized heuristically from source type/name; verify for production. Ownership not explicit enough in supplied source; left null.,Army Institute of Technology,army institute of technology,,,,,,,False
169,Arni University,arni-university,Arni University,986.0,13,7,2.0,30000,6.5,6.5,,,,True,public_dataset,,,reviewed,Institution type normalized heuristically from source type/name; verify for production.,Arni University,arni university,,,,,,,False
170,"Arni University, Kangra",arni-university-kangra,"Arni University, Kangra",986.0,13,7,,105000,7.7,8.0,,,,True,public_dataset,,,reviewed,City missing in supplied source; intentionally left null. Institution type normalized heuristically from source type/name; verify for production. Ownership not explicit enough in supplied source; left null. City resolved conservatively from institution name (derived_name).,"Arni University, Kangra",arni university kangra,,,,,,,False
171,"Artex Informatic Solutions, Chandigarh",artex-informatic-solutions-chandigarh,"Artex Informatic Solutions, Chandigarh",418.0,6,8,,150000,6.0,6.5,,,,True,public_dataset,,,reviewed,City missing in supplied source; intentionally left null. Institution type normalized heuristically from source type/name; verify for production. Ownership not explicit enough in supplied source; left null. City resolved conservatively from institution name (derived_name).,"Artex Informatic Solutions, Chandigarh",artex informatic solutions chandigarh,,,,,,,False
172,Arunachal University of Studies,arunachal-university-of-studies,Arunachal University of Studies,,3,7,,25000,8.2,8.3,,,,True,public_dataset,,,reviewed,City missing in supplied source; intentionally left null. Institution type normalized heuristically from source type/name; verify for production. Ownership not explicit enough in supplied source; left null.,Arunachal University of Studies,arunachal university of studies,,,,,,,False
173,"Arunodaya University, Itanagar",arunodaya-university-itanagar,"Arunodaya University, Itanagar",182.0,3,7,,150000,7.5,8.4,,,,True,public_dataset,,,reviewed,City missing in supplied source; intentionally left null. Institution type normalized heuristically from source type/name; verify for production. Ownership not explicit enough in supplied source; left null. City resolved conservatively from institution name (derived_name).,"Arunodaya University, Itanagar",arunodaya university itanagar,,,,,,,False
174,Aryabhatta College,aryabhatta-college,Aryabhatta College,4254.0,38,8,1.0,19320,12.0,7.5,,,,True,public_dataset,,,reviewed,Institution type normalized heuristically from source type/name; verify for production.,Aryabhatta College,aryabhatta college,,,,,,,False
175,Aryabhatta Knowledge University,aryabhatta-knowledge-university,Aryabhatta Knowledge University,387.0,5,7,1.0,100000,6.5,8.0,,,,True,public_dataset,,,reviewed,Institution type normalized heuristically from source type/name; verify for production.,Aryabhatta Knowledge University,aryabhatta knowledge university,,,,,,,False
176,Asansol Engineering College,asansol-engineering-college,Asansol Engineering College,3988.0,36,9,,134068,7.6,7.8,,,,True,public_dataset,,,reviewed,City missing in supplied source; intentionally left null. Institution type normalized heuristically from source type/name; verify for production. Ownership not explicit enough in supplied source; left null. City resolved conservatively from institution name (derived_name).,Asansol Engineering College,asansol engineering college,,,,,,,False
177,Ashoka Law College,ashoka-law-college,Ashoka Law College,4255.0,37,10,2.0,350000,6.5,6.5,,,,True,public_dataset,,,reviewed,Institution type normalized heuristically from source type/name; verify for production.,Ashoka Law College,ashoka law college,,,,,,,False
178,Ashoka University,ashoka-university,Ashoka University,4247.0,12,7,2.0,1700000,12.0,8.5,,,,True,public_dataset,,,reviewed,Institution type normalized heuristically from source type/name; verify for production.,Ashoka University,ashoka university,,,,,,,False
179,Assam Don Bosco University,assam-don-bosco-university,Assam Don Bosco University,,4,7,,157000,6.4,7.8,,,,True,public_dataset,,,reviewed,City missing in supplied source; intentionally left null. Institution type normalized heuristically from source type/name; verify for production. Ownership not explicit enough in supplied source; left null.,Assam Don Bosco University,assam don bosco university,,,,,,,False
180,Assam Down Town University,assam-down-town-university,Assam Down Town University,,4,7,,130000,7.8,8.2,,,,True,public_dataset,,,reviewed,City missing in supplied source; intentionally left null. Institution type normalized heuristically from source type/name; verify for production. Ownership not explicit enough in supplied source; left null.,Assam Down Town University,assam down town university,,,,,,,False
181,Assam Engineering College,assam-engineering-college,Assam Engineering College,,4,9,,11000,7.0,7.5,,,,True,public_dataset,,,reviewed,City missing in supplied source; intentionally left null. Institution type normalized heuristically from source type/name; verify for production. Ownership not explicit enough in supplied source; left null.,Assam Engineering College,assam engineering college,,,,,,,False
182,"Assam University, Silchar",assam-university-silchar,"Assam University, Silchar",277.0,4,7,,59375,6.6,7.5,,,,True,public_dataset,,,reviewed,City missing in supplied source; intentionally left null. Institution type normalized heuristically from source type/name; verify for production. Ownership not explicit enough in supplied source; left null. City resolved conservatively from institution name (derived_name).,"Assam University, Silchar",assam university silchar,,,,,,,False
183,Atal Bihari Vajpayee Indian Institute of Information,atal-bihari-vajpayee-indian-institute-of-information,Atal Bihari Vajpayee Indian Institute of I...,,20,8,,75070,7.7,7.6,,,,True,public_dataset,,,reviewed,City missing in supplied source; intentionally left null. Institution type normalized heuristically from source type/name; verify for production. Ownership not explicit enough in supplied source; left null.,Atal Bihari Vajpayee Indian Institute of Information,atal bihari vajpayee indian institute of information,,,,,,,False
184,Atal Bihari Vajpayee Indian Institute of Information Technology and Management,atal-bihari-vajpayee-indian-institute-of-information-technology-and-management,Atal Bihari Vajpayee Indian Institute of I...,1596.0,20,8,1.0,216250,6.5,7.0,,,,True,public_dataset,,,reviewed,Institution type normalized heuristically from source type/name; verify for production.,Atal Bihari Vajpayee Indian Institute of Information Technology and Management,atal bihari vajpayee indian institute of information technology and management,,,,,,,False
185,Atal Bihari Vajpayee Institute of Medical Sciences & Dr. Ram Manohar Lohia Hospital,atal-bihari-vajpayee-institute-of-medical-sciences-and-dr-ram-manohar-lohia-hospital,Atal Bihari Vajpayee Institute of Medical...,4254.0,38,19,1.0,54500,6.5,7.0,,,,True,public_dataset,,,reviewed,Institution type normalized heuristically from source type/name; verify for production.,Atal Bihari Vajpayee Institute of Medical Sciences & Dr. Ram Manohar Lohia Hospital,atal bihari vajpayee institute of medical sciences dr ram manohar lohia hospital,,,,,,,False
186,Atal Medical and Research University,atal-medical-and-research-university,Atal Medical and Research University,995.0,13,7,1.0,60000,6.5,7.0,,,,True,public_dataset,,,reviewed,Institution type normalized heuristically from source type/name; verify for production.,Atal Medical and Research University,atal medical and research university,,,,,,,False
187,"Auro University, Surat",auro-university-surat,"Auro University, Surat",831.0,11,7,,121000,7.2,8.3,,,,True,public_dataset,,,reviewed,City missing in supplied source; intentionally left null. Institution type normalized heuristically from source type/name; verify for production. Ownership not explicit enough in supplied source; left null. City resolved conservatively from institution name (derived_name).,"Auro University, Surat",auro university surat,,,,,,,False
188,"Avantika University, Ujjain",avantika-university-ujjain,"Avantika University, Ujjain",1774.0,20,7,,222500,9.5,9.1,,,,True,public_dataset,,,reviewed,City missing in supplied source; intentionally left null. Institution type normalized heuristically from source type/name; verify for production. Ownership not explicit enough in supplied source; left null. City resolved conservatively from institution name (derived_name).,"Avantika University, Ujjain",avantika university ujjain,,,,,,,False
189,Avinashilingam Institute for Home Science and Higher Education for Women,avinashilingam-institute-for-home-science-and-higher-education-for-women,Avinashilingam Institute for Home Science...,2897.0,31,18,,200000,6.0,7.0,98.0,,,True,public_dataset,,,reviewed,Institution type normalized heuristically from source type/name; verify for production. Ownership not explicit enough in supplied source; left null.,Avinashilingam Institute for Home Science and Higher Education for Women,avinashilingam institute for home science and higher education for women,,,,,,,False
190,Awadhesh Pratap Singh University,awadhesh-pratap-singh-university,Awadhesh Pratap Singh University,1726.0,20,7,2.0,8234,6.5,7.1,,,,True,public_dataset,,,reviewed,Institution type normalized heuristically from source type/name; verify for production.,Awadhesh Pratap Singh University,awadhesh pratap singh university,,,,,,,False
191,B K School of Business Management,b-k-school-of-business-management,B K School of Business Management,575.0,11,8,1.0,20000,6.5,7.0,,,,True,public_dataset,,,reviewed,Institution type normalized heuristically from source type/name; verify for production.,B K School of Business Management,b k school of business management,,,,,,,False
192,"B. Borooah College, Guwahati",b-borooah-college-guwahati,"B. Borooah College, Guwahati",236.0,4,8,,150000,5.8,7.6,,,,True,public_dataset,,,reviewed,City missing in supplied source; intentionally left null. Institution type normalized heuristically from source type/name; verify for production. Ownership not explicit enough in supplied source; left null. City resolved conservatively from institution name (derived_name).,"B. Borooah College, Guwahati",b borooah college guwahati,,,,,,,False
193,B. J. Medical College,b-j-medical-college,B. J. Medical College,575.0,11,8,1.0,25000,6.5,7.0,,,,True,public_dataset,,,reviewed,Institution type normalized heuristically from source type/name; verify for production.,B. J. Medical College,b j medical college,,,,,,,False
194,B.S. Abdur Rahman Crescent Institute of Science,b-s-abdur-rahman-crescent-institute-of-science,B.S. Abdur Rahman Crescent Institute of Sc...,,31,19,,85000,7.7,8.2,,,,True,public_dataset,,,reviewed,City missing in supplied source; intentionally left null. Institution type normalized heuristically from source type/name; verify for production. Ownership not explicit enough in supplied source; left null.,B.S. Abdur Rahman Crescent Institute of Science,b s abdur rahman crescent institute of science,,,,,,,False
195,B.S.M. P.G. College,b-s-m-p-g-college,B.S.M. P.G. College,3968.0,35,8,2.0,5000,6.5,6.5,,,,True,public_dataset,,,reviewed,Institution type normalized heuristically from source type/name; verify for production.,B.S.M. P.G. College,b s m p g college,,,,,,,False
196,Baba Banda Singh Bahadur Engineering College,baba-banda-singh-bahadur-engineering-college,Baba Banda Singh Bahadur Engineering College,2568.0,28,9,2.0,102000,7.0,8.1,,,,True,public_dataset,,,reviewed,Institution type normalized heuristically from source type/name; verify for production.,Baba Banda Singh Bahadur Engineering College,baba banda singh bahadur engineering college,,,,,,,False
197,Baba Farid College of Engineering and Technology,baba-farid-college-of-engineering-and-technology,Baba Farid College of Engineering and Tech...,4251.0,28,9,2.0,87410,12.0,7.5,,,,True,public_dataset,,,reviewed,Institution type normalized heuristically from source type/name; verify for production.,Baba Farid College of Engineering and Technology,baba farid college of engineering and technology,,,,,,,False
198,Baba Farid Group of Institutions,baba-farid-group-of-institutions,Baba Farid Group of Institutions,4251.0,28,8,2.0,55000,6.5,6.5,,,,True,public_dataset,,,reviewed,Institution type normalized heuristically from source type/name; verify for production.,Baba Farid Group of Institutions,baba farid group of institutions,,,,,,,False
199,Baba Farid University of Health Sciences,baba-farid-university-of-health-sciences,Baba Farid University of Health Sciences,2566.0,28,7,1.0,447000,6.5,7.0,,,,True,public_dataset,,,reviewed,Institution type normalized heuristically from source type/name; verify for production.,Baba Farid University of Health Sciences,baba farid university of health sciences,,,,,,,False
200,Baba Ghulam Shah Badshah University,baba-ghulam-shah-badshah-university,Baba Ghulam Shah Badshah University,,39,7,,249300,5.9,7.2,,,,True,public_dataset,,,reviewed,City missing in supplied source; intentionally left null. Institution type normalized heuristically from source type/name; verify for production. Ownership not explicit enough in supplied source; left null.,Baba Ghulam Shah Badshah University,baba ghulam shah badshah university,,,,,,,False
201,Baba Raghav Das Medical College,baba-raghav-das-medical-college,Baba Raghav Das Medical College,3518.0,34,8,1.0,189000,6.5,7.0,,,,True,public_dataset,,,reviewed,Institution type normalized heuristically from source type/name; verify for production.,Baba Raghav Das Medical College,baba raghav das medical college,,,,,,,False
202,Babasaheb Bhimrao Ambedkar University,babasaheb-bhimrao-ambedkar-university,Babasaheb Bhimrao Ambedkar University,3661.0,34,7,,200000,7.5,7.0,33.0,,,True,public_dataset,,,reviewed,Institution type normalized heuristically from source type/name; verify for production. Ownership not explicit enough in supplied source; left null.,Babasaheb Bhimrao Ambedkar University,babasaheb bhimrao ambedkar university,,,,,,,True
203,Baddi University of Emerging Sciences and Technologies,baddi-university-of-emerging-sciences-and-technologies,Baddi University of Emerging Sciences and...,965.0,13,7,2.0,140000,6.5,7.1,,,,True,public_dataset,,,reviewed,Institution type normalized heuristically from source type/name; verify for production.,Baddi University of Emerging Sciences and Technologies,baddi university of emerging sciences and technologies,,,,,,,False
204,Bahra University,bahra-university,Bahra University,1015.0,13,7,2.0,165000,6.5,7.6,,,,True,public_dataset,,,reviewed,Institution type normalized heuristically from source type/name; verify for production.,Bahra University,bahra university,,,,,,,False
205,Bakhtiyarpur College of Engineering,bakhtiyarpur-college-of-engineering,Bakhtiyarpur College of Engineering,387.0,5,9,,150000,6.5,7.7,,,,True,public_dataset,,,reviewed,Institution type normalized heuristically from source type/name; verify for production. Ownership not explicit enough in supplied source; left null.,Bakhtiyarpur College of Engineering,bakhtiyarpur college of engineering,,,,,,,False
206,Baldev Institute of Management Technology and Sciences,baldev-institute-of-management-technology-and-sciences,Baldev Institute of Management Technology...,4240.0,37,19,2.0,350000,6.5,6.5,,,,True,public_dataset,,,reviewed,Institution type normalized heuristically from source type/name; verify for production.,Baldev Institute of Management Technology and Sciences,baldev institute of management technology and sciences,,,,,,,False
207,Banaras Hindu University,banaras-hindu-university,Banaras Hindu University,3915.0,34,7,,2300,11.1,8.2,5.0,,,True,public_dataset,,,reviewed,Institution type normalized heuristically from source type/name; verify for production. Ownership not explicit enough in supplied source; left null.,Banaras Hindu University,banaras hindu university,,,,,,,True
208,Banasthali Vidyapith,banasthali-vidyapith,Banasthali Vidyapith,4256.0,29,7,,89000,6.5,7.0,67.0,,,True,public_dataset,,,reviewed,Institution type normalized heuristically from source type/name; verify for production. Ownership not explicit enough in supplied source; left null.,Banasthali Vidyapith,banasthali vidyapith,,,,,,,False
209,"Banasthali Vidyapith, Jaipur",banasthali-vidyapith-jaipur,"Banasthali Vidyapith, Jaipur",4256.0,29,8,,203500,7.9,8.5,,,,True,public_dataset,,,reviewed,City missing in supplied source; intentionally left null. Institution type normalized heuristically from source type/name; verify for production. Ownership not explicit enough in supplied source; left null. City resolved conservatively from institution name (derived_name_prefix).,"Banasthali Vidyapith, Jaipur",banasthali vidyapith jaipur,,,,,,,False
210,Bangalore Medical College and Research Institute,bangalore-medical-college-and-research-institute,Bangalore Medical College and Research Ins...,1184.0,16,8,1.0,75300,6.5,7.0,,,,True,public_dataset,,,reviewed,Institution type normalized heuristically from source type/name; verify for production.,Bangalore Medical College and Research Institute,bangalore medical college and research institute,,,,,,,False
211,Bangalore University,bangalore-university,Bangalore University,1184.0,16,7,,200000,8.0,7.0,81.0,,,True,public_dataset,,,reviewed,Institution type normalized heuristically from source type/name; verify for production. Ownership not explicit enough in supplied source; left null.,Bangalore University,bangalore university,,,,,,,False
212,Bannari Amman Institute of Technology,bannari-amman-institute-of-technology,Bannari Amman Institute of Technology,,31,9,,60000,8.1,8.3,,,,True,public_dataset,,,reviewed,City missing in supplied source; intentionally left null. Institution type normalized heuristically from source type/name; verify for production. Ownership not explicit enough in supplied source; left null.,Bannari Amman Institute of Technology,bannari amman institute of technology,,,,,,,False
213,Bapatla Engineering College,bapatla-engineering-college,Bapatla Engineering College,19.0,2,9,,75000,6.5,7.5,,,,True,public_dataset,,,reviewed,City missing in supplied source; intentionally left null. Institution type normalized heuristically from source type/name; verify for production. Ownership not explicit enough in supplied source; left null. City resolved conservatively from institution name (derived_name).,Bapatla Engineering College,bapatla engineering college,,,,,,,False
214,Barak Valley Engineering College,barak-valley-engineering-college,Barak Valley Engineering College,,4,9,,150000,4.6,6.2,,,,True,public_dataset,,,reviewed,City missing in supplied source; intentionally left null. Institution type normalized heuristically from source type/name; verify for production. Ownership not explicit enough in supplied source; left null.,Barak Valley Engineering College,barak valley engineering college,,,,,,,False
215,Basaveshwar Engineering College,basaveshwar-engineering-college,Basaveshwar Engineering College,,16,9,,65340,6.6,7.7,,,,True,public_dataset,,,reviewed,City missing in supplied source; intentionally left null. Institution type normalized heuristically from source type/name; verify for production. Ownership not explicit enough in supplied source; left null.,Basaveshwar Engineering College,basaveshwar engineering college,,,,,,,False
216,Baselios Thomas I Catholicose College of Engineering,baselios-thomas-i-catholicose-college-of-engineering,Baselios Thomas I Catholicose College of E...,,17,9,,85000,6.5,7.4,,,,True,public_dataset,,,reviewed,City missing in supplied source; intentionally left null. Institution type normalized heuristically from source type/name; verify for production. Ownership not explicit enough in supplied source; left null.,Baselios Thomas I Catholicose College of Engineering,baselios thomas i catholicose college of engineering,,,,,,,False
217,BBK DAV College for Women,bbk-dav-college-for-women,BBK DAV College for Women,2536.0,28,8,2.0,70380,6.5,6.5,,,,True,public_dataset,,,reviewed,Institution type normalized heuristically from source type/name; verify for production.,BBK DAV College for Women,bbk dav college for women,,,,,,,False
218,"Bells Institute of Management & Technology, Shimla",bells-institute-of-management-and-technology-shimla,Bells Institute of Management & Technology...,1013.0,13,8,,74700,4.0,6.8,,,,True,public_dataset,,,reviewed,City missing in supplied source; intentionally left null. Institution type normalized heuristically from source type/name; verify for production. Ownership not explicit enough in supplied source; left null. City resolved conservatively from institution name (derived_name).,"Bells Institute of Management & Technology, Shimla",bells institute of management technology shimla,,,,,,,False
219,Bengal College of Engineering,bengal-college-of-engineering,Bengal College of Engineering,,36,9,,98500,5.1,5.7,,,,True,public_dataset,,,reviewed,City missing in supplied source; intentionally left null. Institution type normalized heuristically from source type/name; verify for production. Ownership not explicit enough in supplied source; left null.,Bengal College of Engineering,bengal college of engineering,,,,,,,False
220,Bennett University,bennett-university,Bennett University,3522.0,34,7,2.0,350000,7.0,7.2,65.0,,,True,public_dataset,,,reviewed,Institution type normalized heuristically from source type/name; verify for production.,Bennett University,bennett university,,,,,,,True
221,"Bennett University, Greater Noida",bennett-university-greater-noida,"Bennett University, Greater Noida",,34,7,,350000,8.3,8.6,,,,True,public_dataset,,,reviewed,City missing in supplied source; intentionally left null. Institution type normalized heuristically from source type/name; verify for production. Ownership not explicit enough in supplied source; left null.,"Bennett University, Greater Noida",bennett university greater noida,,,,,,,False
222,BFIT Group of Institutions,bfit-group-of-institutions,BFIT Group of Institutions,,35,8,,35000,7.1,7.5,,,,True,public_dataset,,,reviewed,City missing in supplied source; intentionally left null. Institution type normalized heuristically from source type/name; verify for production. Ownership not explicit enough in supplied source; left null.,BFIT Group of Institutions,bfit group of institutions,,,,,,,False
223,Bhagalpur College of Engineering,bhagalpur-college-of-engineering,Bhagalpur College of Engineering,310.0,5,9,1.0,112500,13.0,7.5,,,,True,public_dataset,,,reviewed,Institution type normalized heuristically from source type/name; verify for production.,Bhagalpur College of Engineering,bhagalpur college of engineering,,,,,,,False
224,Bhagwant Global University,bhagwant-global-university,Bhagwant Global University,3941.0,35,7,2.0,34750,6.5,6.5,,,,True,public_dataset,,,reviewed,Institution type normalized heuristically from source type/name; verify for production.,Bhagwant Global University,bhagwant global university,,,,,,,False
225,Bharath Institute of Higher Education and Research,bharath-institute-of-higher-education-and-research,Bharath Institute of Higher Education and...,2885.0,31,18,,200000,7.0,7.0,73.0,,,True,public_dataset,,,reviewed,Institution type normalized heuristically from source type/name; verify for production. Ownership not explicit enough in supplied source; left null.,Bharath Institute of Higher Education and Research,bharath institute of higher education and research,,,,,,,False
226,Bharathiar University,bharathiar-university,Bharathiar University,2897.0,31,7,,200000,7.5,7.0,26.0,,,True,public_dataset,,,reviewed,Institution type normalized heuristically from source type/name; verify for production. Ownership not explicit enough in supplied source; left null.,Bharathiar University,bharathiar university,,,,,,,True
227,Bharathidasan University,bharathidasan-university,Bharathidasan University,3138.0,31,7,,200000,7.0,7.0,36.0,,,True,public_dataset,,,reviewed,Institution type normalized heuristically from source type/name; verify for production. Ownership not explicit enough in supplied source; left null.,Bharathidasan University,bharathidasan university,,,,,,,True
228,Bharathiyar College of Engineering and Technology,bharathiyar-college-of-engineering-and-technology,Bharathiyar College of Engineering and Tec...,,27,9,,150000,4.5,6.0,,,,True,public_dataset,,,reviewed,City missing in supplied source; intentionally left null. Institution type normalized heuristically from source type/name; verify for production. Ownership not explicit enough in supplied source; left null.,Bharathiyar College of Engineering and Technology,bharathiyar college of engineering and technology,,,,,,,False
229,Bharati Vidyapeeth,bharati-vidyapeeth,Bharati Vidyapeeth,2206.0,21,7,,200000,8.0,7.0,78.0,,,True,public_dataset,,,reviewed,Institution type normalized heuristically from source type/name; verify for production. Ownership not explicit enough in supplied source; left null.,Bharati Vidyapeeth,bharati vidyapeeth,,,,,,,False
230,Bharati Vidyapeeth Deemed University,bharati-vidyapeeth-deemed-university,Bharati Vidyapeeth Deemed University,,21,7,6.0,120000,7.7,7.8,,,,True,public_dataset,,,reviewed,City missing in supplied source; intentionally left null. Institution type normalized heuristically from source type/name; verify for production. Ownership not explicit enough in supplied source; left null.,Bharati Vidyapeeth Deemed University,bharati vidyapeeth deemed university,,,,,,,False
231,Bhargava College of Engineering & Technology,bhargava-college-of-engineering-and-technology,Bhargava College of Engineering & Technology,,39,9,,150000,6.0,6.5,,,,True,public_dataset,,,reviewed,City missing in supplied source; intentionally left null. Institution type normalized heuristically from source type/name; verify for production. Ownership not explicit enough in supplied source; left null.,Bhargava College of Engineering & Technology,bhargava college of engineering technology,,,,,,,False
232,Bhargava Law College,bhargava-law-college,Bhargava Law College,4240.0,37,10,2.0,350000,6.5,6.5,,,,True,public_dataset,,,reviewed,Institution type normalized heuristically from source type/name; verify for production.,Bhargava Law College,bhargava law college,,,,,,,False
233,Bhargava Paramedical College,bhargava-paramedical-college,Bhargava Paramedical College,4240.0,37,8,2.0,350000,6.5,6.5,,,,True,public_dataset,,,reviewed,Institution type normalized heuristically from source type/name; verify for production.,Bhargava Paramedical College,bhargava paramedical college,,,,,,,False
234,Bhartiya College of Education,bhartiya-college-of-education,Bhartiya College of Education,4257.0,37,18,2.0,40000,6.5,6.5,,,,True,public_dataset,,,reviewed,Institution type normalized heuristically from source type/name; verify for production.,Bhartiya College of Education,bhartiya college of education,,,,,,,False
235,Bhilai Institute of Technology,bhilai-institute-of-technology,Bhilai Institute of Technology,433.0,7,9,,77750,6.4,7.3,,,,True,public_dataset,,,reviewed,City missing in supplied source; intentionally left null. Institution type normalized heuristically from source type/name; verify for production. Ownership not explicit enough in supplied source; left null. City resolved conservatively from institution name (derived_name).,Bhilai Institute of Technology,bhilai institute of technology,,,,,,,False
236,Bhojia Dental College and Hospital,bhojia-dental-college-and-hospital,Bhojia Dental College and Hospital,965.0,13,11,2.0,202387,6.5,6.5,,,,True,public_dataset,,,reviewed,Institution type normalized heuristically from source type/name; verify for production.,Bhojia Dental College and Hospital,bhojia dental college and hospital,,,,,,,False
237,BHU Varanasi,bhu-varanasi,BHU Varanasi,3915.0,34,7,3.0,20000,8.0,8.3,5.0,,,True,public_dataset,,,reviewed,Imported from supplied college source and normalized for MVP.,BHU Varanasi,bhu varanasi,,,,,,,True
238,Bhubaneswar Engineering College,bhubaneswar-engineering-college,Bhubaneswar Engineering College,4239.0,26,9,,252000,7.3,7.5,,,,True,public_dataset,,,reviewed,City missing in supplied source; intentionally left null. Institution type normalized heuristically from source type/name; verify for production. Ownership not explicit enough in supplied source; left null. City resolved conservatively from institution name (derived_name).,Bhubaneswar Engineering College,bhubaneswar engineering college,,,,,,,False
239,Biju Patnaik University of Technology,biju-patnaik-university-of-technology,Biju Patnaik University of Technology,,26,7,,150000,4.8,6.2,,,,True,public_dataset,,,reviewed,City missing in supplied source; intentionally left null. Institution type normalized heuristically from source type/name; verify for production. Ownership not explicit enough in supplied source; left null.,Biju Patnaik University of Technology,biju patnaik university of technology,,,,,,,False
240,"Bineswar Brahma Engineering College, Kokrajhar",bineswar-brahma-engineering-college-kokrajhar,"Bineswar Brahma Engineering College, Kokra...",249.0,4,9,,12800,7.2,7.3,,,,True,public_dataset,,,reviewed,City missing in supplied source; intentionally left null. Institution type normalized heuristically from source type/name; verify for production. Ownership not explicit enough in supplied source; left null. City resolved conservatively from institution name (derived_name).,"Bineswar Brahma Engineering College, Kokrajhar",bineswar brahma engineering college kokrajhar,,,,,,,False
241,"Bipin Tripathi Kumaon Institute of Technology, Almora",bipin-tripathi-kumaon-institute-of-technology-almora,Bipin Tripathi Kumaon Institute of Technol...,3924.0,35,9,,71150,4.6,6.4,,,,True,public_dataset,,,reviewed,City missing in supplied source; intentionally left null. Institution type normalized heuristically from source type/name; verify for production. Ownership not explicit enough in supplied source; left null. City resolved conservatively from institution name (derived_name).,"Bipin Tripathi Kumaon Institute of Technology, Almora",bipin tripathi kumaon institute of technology almora,,,,,,,False
242,"Bir Tikendrajit University, Imphal",bir-tikendrajit-university-imphal,"Bir Tikendrajit University, Imphal",2358.0,22,7,,160000,6.0,6.5,,,,True,public_dataset,,,reviewed,City missing in supplied source; intentionally left null. Institution type normalized heuristically from source type/name; verify for production. Ownership not explicit enough in supplied source; left null. City resolved conservatively from institution name (derived_name).,"Bir Tikendrajit University, Imphal",bir tikendrajit university imphal,,,,,,,False
243,Birla Institute of Technology,birla-institute-of-technology,Birla Institute of Technology,1144.0,15,7,,434000,9.1,7.0,82.0,,,True,public_dataset,,,reviewed,Institution type normalized heuristically from source type/name; verify for production. Ownership not explicit enough in supplied source; left null.,Birla Institute of Technology,birla institute of technology,,,,,,,False
244,"Birla Institute of Technology and Science, Pilani",birla-institute-of-technology-and-science-pilani,"Birla Institute of Technology and Science,...",2777.0,29,7,,200000,25.0,9.0,19.0,,,True,public_dataset,,,reviewed,Institution type normalized heuristically from source type/name; verify for production. Ownership not explicit enough in supplied source; left null.,"Birla Institute of Technology and Science, Pilani",birla institute of technology and science pilani,,,,,,,True
245,Birla Institute of Technology Extension Centre,birla-institute-of-technology-extension-centre,Birla Institute of Technology Extension Ce...,,15,9,,285000,8.0,7.8,,,,True,public_dataset,,,reviewed,City missing in supplied source; intentionally left null. Institution type normalized heuristically from source type/name; verify for production. Ownership not explicit enough in supplied source; left null.,Birla Institute of Technology Extension Centre,birla institute of technology extension centre,,,,,,,False
246,Birla Institute of Technology Mesra,birla-institute-of-technology-mesra,Birla Institute of Technology Mesra,1144.0,15,9,2.0,350000,12.0,6.5,,,,True,public_dataset,,,reviewed,Institution type normalized heuristically from source type/name; verify for production.,Birla Institute of Technology Mesra,birla institute of technology mesra,,,,,,,False
247,Birsa Institute of Technology,birsa-institute-of-technology,Birsa Institute of Technology,,15,9,,20362,7.2,7.7,,,,True,public_dataset,,,reviewed,City missing in supplied source; intentionally left null. Institution type normalized heuristically from source type/name; verify for production. Ownership not explicit enough in supplied source; left null.,Birsa Institute of Technology,birsa institute of technology,,,,,,,False
248,Birsa Munda Government Medical College,birsa-munda-government-medical-college,Birsa Munda Government Medical College,1743.0,20,8,1.0,85020,6.5,7.0,,,,True,public_dataset,,,reviewed,Institution type normalized heuristically from source type/name; verify for production.,Birsa Munda Government Medical College,birsa munda government medical college,,,,,,,False
249,Biyani Group of Colleges,biyani-group-of-colleges,Biyani Group of Colleges,2711.0,29,8,2.0,75000,18.0,8.0,,,,True,public_dataset,,,reviewed,Institution type normalized heuristically from source type/name; verify for production.,Biyani Group of Colleges,biyani group of colleges,,,,,,,False
250,BMS College of Engineering,bms-college-of-engineering,BMS College of Engineering,1184.0,16,9,2.0,229110,7.9,8.2,,,,True,public_dataset,,,reviewed,Institution type normalized heuristically from source type/name; verify for production.,BMS College of Engineering,bms college of engineering,,,,,,,False
251,BMS School of Architecture,bms-school-of-architecture,BMS School of Architecture,1184.0,16,14,2.0,301100,6.5,6.5,,,,True,public_dataset,,,reviewed,Institution type normalized heuristically from source type/name; verify for production.,BMS School of Architecture,bms school of architecture,,,,,,,False
252,BPS Govt. Medical College for Women,bps-govt-medical-college-for-women,BPS Govt. Medical College for Women,4247.0,12,8,1.0,103050,6.5,7.0,,,,True,public_dataset,,,reviewed,Institution type normalized heuristically from source type/name; verify for production.,BPS Govt. Medical College for Women,bps govt medical college for women,,,,,,,False
253,Bundelkhand Institute of Engineering & Technology,bundelkhand-institute-of-engineering-and-technology,Bundelkhand Institute of Engineering & Tec...,,34,9,,61800,6.2,7.1,,,,True,public_dataset,,,reviewed,City missing in supplied source; intentionally left null. Institution type normalized heuristically from source type/name; verify for production. Ownership not explicit enough in supplied source; left null.,Bundelkhand Institute of Engineering & Technology,bundelkhand institute of engineering technology,,,,,,,False
254,Bundelkhand Medical College,bundelkhand-medical-college,Bundelkhand Medical College,1728.0,20,8,1.0,114000,6.5,7.0,,,,True,public_dataset,,,reviewed,Institution type normalized heuristically from source type/name; verify for production.,Bundelkhand Medical College,bundelkhand medical college,,,,,,,False
255,BV Raju Institute of Technology,bv-raju-institute-of-technology,BV Raju Institute of Technology,,32,9,,120000,8.4,8.5,,,,True,public_dataset,,,reviewed,City missing in supplied source; intentionally left null. Institution type normalized heuristically from source type/name; verify for production. Ownership not explicit enough in supplied source; left null.,BV Raju Institute of Technology,bv raju institute of technology,,,,,,,False
256,"C. U. Shah University, Wadhwan",c-u-shah-university-wadhwan,"C. U. Shah University, Wadhwan",878.0,11,7,,77800,7.4,7.7,,,,True,public_dataset,,,reviewed,City missing in supplied source; intentionally left null. Institution type normalized heuristically from source type/name; verify for production. Ownership not explicit enough in supplied source; left null. City resolved conservatively from institution name (derived_name).,"C. U. Shah University, Wadhwan",c u shah university wadhwan,,,,,,,False
257,"C. V. Raman Global University, Bhubaneswar",c-v-raman-global-university-bhubaneswar,"C. V. Raman Global University, Bhubaneswar",4239.0,26,7,,119000,7.5,7.6,,,,True,public_dataset,,,reviewed,City missing in supplied source; intentionally left null. Institution type normalized heuristically from source type/name; verify for production. Ownership not explicit enough in supplied source; left null. City resolved conservatively from institution name (derived_name).,"C. V. Raman Global University, Bhubaneswar",c v raman global university bhubaneswar,,,,,,,False
258,Calcutta University,calcutta-university,Calcutta University,4128.0,36,7,,200000,8.0,7.0,18.0,,,True,public_dataset,,,reviewed,Institution type normalized heuristically from source type/name; verify for production. Ownership not explicit enough in supplied source; left null.,Calcutta University,calcutta university,,,,,,,True
259,Calicut University,calicut-university,Calicut University,1452.0,17,7,,200000,7.0,7.0,89.0,,,True,public_dataset,,,reviewed,Institution type normalized heuristically from source type/name; verify for production. Ownership not explicit enough in supplied source; left null.,Calicut University,calicut university,,,,,,,False
260,Cambridge Institute of Technology,cambridge-institute-of-technology,Cambridge Institute of Technology,,15,9,,71250,4.8,5.5,,,,True,public_dataset,,,reviewed,City missing in supplied source; intentionally left null. Institution type normalized heuristically from source type/name; verify for production. Ownership not explicit enough in supplied source; left null.,Cambridge Institute of Technology,cambridge institute of technology,,,,,,,False
261,Capital University,capital-university,Capital University,,15,7,,110000,8.1,8.2,,,,True,public_dataset,,,reviewed,City missing in supplied source; intentionally left null. Institution type normalized heuristically from source type/name; verify for production. Ownership not explicit enough in supplied source; left null.,Capital University,capital university,,,,,,,False
262,Career College,career-college,Career College,1559.0,20,8,2.0,20500,6.5,6.5,,,,True,public_dataset,,,reviewed,Institution type normalized heuristically from source type/name; verify for production.,Career College,career college,,,,,,,False
263,Career Point University,career-point-university,Career Point University,979.0,13,7,2.0,48000,6.5,7.5,,,,True,public_dataset,,,reviewed,Institution type normalized heuristically from source type/name; verify for production.,Career Point University,career point university,,,,,,,False
264,Central Agricultural University,central-agricultural-university,Central Agricultural University,,22,7,,2980,6.8,7.5,,,,True,public_dataset,,,reviewed,City missing in supplied source; intentionally left null. Institution type normalized heuristically from source type/name; verify for production. Ownership not explicit enough in supplied source; left null.,Central Agricultural University,central agricultural university,,,,,,,False
265,Central Institute of plastics engineering & Technology-,central-institute-of-plastics-engineering-and-technology,Central Institute of plastics engineering...,,11,8,,65000,7.5,7.5,,,,True,public_dataset,,,reviewed,City missing in supplied source; intentionally left null. Institution type normalized heuristically from source type/name; verify for production. Ownership not explicit enough in supplied source; left null.,Central Institute of plastics engineering & Technology-,central institute of plastics engineering technology,,,,,,,False
266,Central Institute of Technology,central-institute-of-technology,Central Institute of Technology,,4,9,,111200,5.3,7.0,,,,True,public_dataset,,,reviewed,City missing in supplied source; intentionally left null. Institution type normalized heuristically from source type/name; verify for production. Ownership not explicit enough in supplied source; left null.,Central Institute of Technology,central institute of technology,,,,,,,False
267,Central Institute of Temperate Horticultural,central-institute-of-temperate-horticultural,Central Institute of Temperate Horticultural,4246.0,37,8,1.0,120000,6.5,7.0,,,,True,public_dataset,,,reviewed,Institution type normalized heuristically from source type/name; verify for production.,Central Institute of Temperate Horticultural,central institute of temperate horticultural,,,,,,,False
268,Central University of Haryana,central-university-of-haryana,Central University of Haryana,928.0,12,7,1.0,18616,6.5,7.0,,,,True,public_dataset,,,reviewed,Institution type normalized heuristically from source type/name; verify for production.,Central University of Haryana,central university of haryana,,,,,,,False
269,Central University of Himachal Pradesh,central-university-of-himachal-pradesh,Central University of Himachal Pradesh,986.0,13,7,1.0,23600,6.5,7.0,,,,True,public_dataset,,,reviewed,Institution type normalized heuristically from source type/name; verify for production.,Central University of Himachal Pradesh,central university of himachal pradesh,,,,,,,False
270,Central University Of Jammu,central-university-of-jammu,Central University Of Jammu,4240.0,37,7,1.0,24430,10.0,7.0,,,,True,public_dataset,,,reviewed,Institution type normalized heuristically from source type/name; verify for production.,Central University Of Jammu,central university of jammu,,,,,,,False
271,"Central University of Jammu, Jammu",central-university-of-jammu-jammu,"Central University of Jammu, Jammu",,39,7,3.0,11715,7.3,8.2,,,,True,public_dataset,,,reviewed,City missing in supplied source; intentionally left null. Institution type normalized heuristically from source type/name; verify for production.,"Central University of Jammu, Jammu",central university of jammu jammu,,,,,,,False
272,Central University of Kashmir,central-university-of-kashmir,Central University of Kashmir,4246.0,37,7,1.0,12440,6.5,7.8,,,,True,public_dataset,,,reviewed,Institution type normalized heuristically from source type/name; verify for production.,Central University of Kashmir,central university of kashmir,,,,,,,False
273,Central University of Punjab,central-university-of-punjab,Central University of Punjab,4251.0,28,7,3.0,200000,7.5,7.0,83.0,,,True,public_dataset,,,reviewed,Institution type normalized heuristically from source type/name; verify for production.,Central University of Punjab,central university of punjab,,,,,,,False
274,Central University of Tamil Nadu,central-university-of-tamil-nadu,Central University of Tamil Nadu,4258.0,31,7,3.0,200000,7.0,7.0,99.0,,,True,public_dataset,,,reviewed,Institution type normalized heuristically from source type/name; verify for production.,Central University of Tamil Nadu,central university of tamil nadu,,,,,,,False
275,"Centre for Distance and Online Education, Panjab University",centre-for-distance-and-online-education-panjab-university,"Centre for Distance and Online Education,...",418.0,6,18,1.0,22900,6.5,7.0,,,,True,public_dataset,,,reviewed,Institution type normalized heuristically from source type/name; verify for production.,"Centre for Distance and Online Education, Panjab University",centre for distance and online education panjab university,,,,,,,False
276,Centurion University of Technology and Management,centurion-university-of-technology-and-management,Centurion University of Technology and Man...,,2,7,,125000,7.4,7.8,,,,True,public_dataset,,,reviewed,City missing in supplied source; intentionally left null. Institution type normalized heuristically from source type/name; verify for production. Ownership not explicit enough in supplied source; left null.,Centurion University of Technology and Management,centurion university of technology and management,,,,,,,False
277,"CEPT University, Ahmedabad",cept-university-ahmedabad,"CEPT University, Ahmedabad",575.0,11,7,,198000,8.1,8.2,,,,True,public_dataset,,,reviewed,City missing in supplied source; intentionally left null. Institution type normalized heuristically from source type/name; verify for production. Ownership not explicit enough in supplied source; left null. City resolved conservatively from institution name (derived_name).,"CEPT University, Ahmedabad",cept university ahmedabad,,,,,,,False
278,CGC University,cgc-university,CGC University,418.0,6,7,2.0,178000,6.5,6.5,,,,True,public_dataset,,,reviewed,Institution type normalized heuristically from source type/name; verify for production.,CGC University,cgc university,,,,,,,False
279,"Chaibasa Engineering College, Techno India Group, Chaibasa",chaibasa-engineering-college-techno-india-group-chaibasa,"Chaibasa Engineering College, Techno India...",1084.0,15,9,,150000,6.4,7.2,,,,True,public_dataset,,,reviewed,City missing in supplied source; intentionally left null. Institution type normalized heuristically from source type/name; verify for production. Ownership not explicit enough in supplied source; left null. City resolved conservatively from institution name (derived_name).,"Chaibasa Engineering College, Techno India Group, Chaibasa",chaibasa engineering college techno india group chaibasa,,,,,,,False
280,Chaitanya Bharathi Institute of Technology,chaitanya-bharathi-institute-of-technology,Chaitanya Bharathi Institute of Technology,,32,9,,134000,8.6,8.2,,,,True,public_dataset,,,reviewed,City missing in supplied source; intentionally left null. Institution type normalized heuristically from source type/name; verify for production. Ownership not explicit enough in supplied source; left null.,Chaitanya Bharathi Institute of Technology,chaitanya bharathi institute of technology,,,,,,,False
281,Chandigarh Business School of Administration Landran,chandigarh-business-school-of-administration-landran,Chandigarh Business School of Administrati...,2607.0,28,16,2.0,100200,50.0,8.5,,,,True,public_dataset,,,reviewed,Institution type normalized heuristically from source type/name; verify for production.,Chandigarh Business School of Administration Landran,chandigarh business school of administration landran,,,,,,,False
282,Chandigarh College of Hotel Management and Catering Technology Landran,chandigarh-college-of-hotel-management-and-catering-technology-landran,Chandigarh College of Hotel Management and...,2607.0,28,8,2.0,480000,45.5,8.5,,,,True,public_dataset,,,reviewed,Institution type normalized heuristically from source type/name; verify for production.,Chandigarh College of Hotel Management and Catering Technology Landran,chandigarh college of hotel management and catering technology landran,,,,,,,False
283,Chandigarh Group of Colleges,chandigarh-group-of-colleges,Chandigarh Group of Colleges,,28,8,,94000,8.6,8.1,,,,True,public_dataset,,,reviewed,City missing in supplied source; intentionally left null. Institution type normalized heuristically from source type/name; verify for production. Ownership not explicit enough in supplied source; left null.,Chandigarh Group of Colleges,chandigarh group of colleges,,,,,,,False
284,Chandigarh Group of Colleges Landran,chandigarh-group-of-colleges-landran,Chandigarh Group of Colleges Landran,2607.0,28,8,2.0,166000,50.0,8.5,,,,True,public_dataset,,,reviewed,Institution type normalized heuristically from source type/name; verify for production.,Chandigarh Group of Colleges Landran,chandigarh group of colleges landran,,,,,,,False
285,Chandigarh Institute of Hotel Management and Catering Technology,chandigarh-institute-of-hotel-management-and-catering-technology,Chandigarh Institute of Hotel Management a...,418.0,6,8,1.0,300000,6.5,7.0,,,,True,public_dataset,,,reviewed,Institution type normalized heuristically from source type/name; verify for production.,Chandigarh Institute of Hotel Management and Catering Technology,chandigarh institute of hotel management and catering technology,,,,,,,False
286,Chandigarh University,chandigarh-university,Chandigarh University,2607.0,28,7,,224500,6.7,7.8,20.0,,,True,public_dataset,,,reviewed,Institution type normalized heuristically from source type/name; verify for production. Ownership not explicit enough in supplied source; left null.,Chandigarh University,chandigarh university,,,,,,,True
287,Chandigarh University Online,chandigarh-university-online,Chandigarh University Online,2607.0,28,7,2.0,79000,6.5,6.5,,,,True,public_dataset,,,reviewed,Institution type normalized heuristically from source type/name; verify for production.,Chandigarh University Online,chandigarh university online,,,,,,,False
288,Chandragupt Institute of Management,chandragupt-institute-of-management,Chandragupt Institute of Management,387.0,5,8,2.0,385000,16.4,8.0,,,,True,public_dataset,,,reviewed,Institution type normalized heuristically from source type/name; verify for production.,Chandragupt Institute of Management,chandragupt institute of management,,,,,,,False
289,Charutar Vidya Mandal University Anand,charutar-vidya-mandal-university-anand,Charutar Vidya Mandal University Anand,855.0,11,7,2.0,186000,15.4,8.0,,,,True,public_dataset,,,reviewed,Institution type normalized heuristically from source type/name; verify for production.,Charutar Vidya Mandal University Anand,charutar vidya mandal university anand,,,,,,,False
290,Chaudhary Charan Singh Haryana Agricultural University,chaudhary-charan-singh-haryana-agricultural-university,Chaudhary Charan Singh Haryana Agricultura...,909.0,12,7,1.0,25225,6.5,7.0,,,,True,public_dataset,,,reviewed,Institution type normalized heuristically from source type/name; verify for production.,Chaudhary Charan Singh Haryana Agricultural University,chaudhary charan singh haryana agricultural university,,,,,,,False
291,Chaudhary Sarwan Kumar Himachal Pradesh Krishi Vishvavidyalaya,chaudhary-sarwan-kumar-himachal-pradesh-krishi-vishvavidyalaya,Chaudhary Sarwan Kumar Himachal Pradesh Kr...,1001.0,13,8,1.0,43818,6.5,7.0,,,,True,public_dataset,,,reviewed,Institution type normalized heuristically from source type/name; verify for production.,Chaudhary Sarwan Kumar Himachal Pradesh Krishi Vishvavidyalaya,chaudhary sarwan kumar himachal pradesh krishi vishvavidyalaya,,,,,,,False
292,Chettinad Academy of Research and Education,chettinad-academy-of-research-and-education,Chettinad Academy of Research and Education,4259.0,31,7,,200000,7.0,7.0,79.0,,,True,public_dataset,,,reviewed,Institution type normalized heuristically from source type/name; verify for production. Ownership not explicit enough in supplied source; left null.,Chettinad Academy of Research and Education,chettinad academy of research and education,,,,,,,False
293,Chhatrapati Shivaji Institute of Technology,chhatrapati-shivaji-institute-of-technology,Chhatrapati Shivaji Institute of Technology,,7,9,,75000,6.9,7.2,,,,True,public_dataset,,,reviewed,City missing in supplied source; intentionally left null. Institution type normalized heuristically from source type/name; verify for production. Ownership not explicit enough in supplied source; left null.,Chhatrapati Shivaji Institute of Technology,chhatrapati shivaji institute of technology,,,,,,,False
294,Chhattisgarh Engineering College,chhattisgarh-engineering-college,Chhattisgarh Engineering College,,7,9,,60000,5.0,5.8,,,,True,public_dataset,,,reviewed,City missing in supplied source; intentionally left null. Institution type normalized heuristically from source type/name; verify for production. Ownership not explicit enough in supplied source; left null.,Chhattisgarh Engineering College,chhattisgarh engineering college,,,,,,,False
295,Chhotu Ram Rural Institute Of Technology,chhotu-ram-rural-institute-of-technology,Chhotu Ram Rural Institute Of Technology,,38,9,,33450,8.1,8.4,,,,True,public_dataset,,,reviewed,City missing in supplied source; intentionally left null. Institution type normalized heuristically from source type/name; verify for production. Ownership not explicit enough in supplied source; left null.,Chhotu Ram Rural Institute Of Technology,chhotu ram rural institute of technology,,,,,,,False
296,Chitkara College of Pharmacy,chitkara-college-of-pharmacy,Chitkara College of Pharmacy,2617.0,28,12,2.0,200000,6.5,6.5,,,,True,public_dataset,,,reviewed,Institution type normalized heuristically from source type/name; verify for production.,Chitkara College of Pharmacy,chitkara college of pharmacy,,,,,,,False
297,Chitkara School of Hospitality,chitkara-school-of-hospitality,Chitkara School of Hospitality,418.0,6,8,2.0,220000,6.5,6.5,,,,True,public_dataset,,,reviewed,Institution type normalized heuristically from source type/name; verify for production.,Chitkara School of Hospitality,chitkara school of hospitality,,,,,,,False
298,Chitkara University,chitkara-university,Chitkara University,2625.0,28,7,,430000,8.0,7.0,90.0,,,True,public_dataset,,,reviewed,Institution type normalized heuristically from source type/name; verify for production. Ownership not explicit enough in supplied source; left null.,Chitkara University,chitkara university,,,,,,,False
299,Chitkara University Online,chitkara-university-online,Chitkara University Online,2617.0,28,7,2.0,200000,6.5,6.5,,,,True,public_dataset,,,reviewed,Institution type normalized heuristically from source type/name; verify for production.,Chitkara University Online,chitkara university online,,,,,,,False
300,Chitkara University Punjab,chitkara-university-punjab,Chitkara University Punjab,2625.0,28,7,2.0,350000,8.0,6.5,,,,True,public_dataset,,,reviewed,Institution type normalized heuristically from source type/name; verify for production.,Chitkara University Punjab,chitkara university punjab,,,,,,,False
301,"Chitkara University, Chitkara School of Mass Communication",chitkara-university-chitkara-school-of-mass-communication,"Chitkara University, Chitkara School of Ma...",2617.0,28,7,2.0,140000,6.5,6.5,,,,True,public_dataset,,,reviewed,Institution type normalized heuristically from source type/name; verify for production.,"Chitkara University, Chitkara School of Mass Communication",chitkara university chitkara school of mass communication,,,,,,,False
302,"Chitkara University, Chitkara School of Planning and Architecture",chitkara-university-chitkara-school-of-planning-and-architecture,"Chitkara University, Chitkara School of Pl...",2617.0,28,14,2.0,200000,6.5,6.5,,,,True,public_dataset,,,reviewed,Institution type normalized heuristically from source type/name; verify for production.,"Chitkara University, Chitkara School of Planning and Architecture",chitkara university chitkara school of planning and architecture,,,,,,,False
303,"Chitkara University, Solan",chitkara-university-solan,"Chitkara University, Solan",1015.0,13,7,,160000,8.8,8.2,,,,True,public_dataset,,,reviewed,City missing in supplied source; intentionally left null. Institution type normalized heuristically from source type/name; verify for production. Ownership not explicit enough in supplied source; left null. City resolved conservatively from institution name (derived_name).,"Chitkara University, Solan",chitkara university solan,,,,,,,False
304,Chouksey Engineering College,chouksey-engineering-college,Chouksey Engineering College,,7,9,,72230,7.0,8.0,,,,True,public_dataset,,,reviewed,City missing in supplied source; intentionally left null. Institution type normalized heuristically from source type/name; verify for production. Ownership not explicit enough in supplied source; left null.,Chouksey Engineering College,chouksey engineering college,,,,,,,False
305,"Christ College of Engineering and Technology, Pondicherry",christ-college-of-engineering-and-technology-pondicherry,Christ College of Engineering and Technolo...,2527.0,27,9,,116000,6.5,7.0,,,,True,public_dataset,,,reviewed,City missing in supplied source; intentionally left null. Institution type normalized heuristically from source type/name; verify for production. Ownership not explicit enough in supplied source; left null. City resolved conservatively from institution name (derived_name).,"Christ College of Engineering and Technology, Pondicherry",christ college of engineering and technology pondicherry,,,,,,,False
306,Christ University,christ-university,Christ University,1184.0,16,7,,45000,5.0,7.0,60.0,,,True,public_dataset,,,reviewed,Institution type normalized heuristically from source type/name; verify for production. Ownership not explicit enough in supplied source; left null.,Christ University,christ university,,,,,,,True
307,Christ University Bangalore,christ-university-bangalore,Christ University Bangalore,1184.0,16,7,2.0,154000,7.0,8.3,,,,True,public_dataset,,,reviewed,Institution type normalized heuristically from source type/name; verify for production.,Christ University Bangalore,christ university bangalore,,,,,,,False
308,Christian College of Engineering and Technology,christian-college-of-engineering-and-technology,Christian College of Engineering and Techn...,,7,9,,76900,5.8,6.8,,,,True,public_dataset,,,reviewed,City missing in supplied source; intentionally left null. Institution type normalized heuristically from source type/name; verify for production. Ownership not explicit enough in supplied source; left null.,Christian College of Engineering and Technology,christian college of engineering and technology,,,,,,,False
309,Christian Dental College,christian-dental-college,Christian Dental College,2598.0,28,11,2.0,220000,6.5,6.5,,,,True,public_dataset,,,reviewed,Institution type normalized heuristically from source type/name; verify for production.,Christian Dental College,christian dental college,,,,,,,False
310,Christian Medical College,christian-medical-college,Christian Medical College,2598.0,28,8,2.0,3300000,10.0,6.5,,,,True,public_dataset,,,reviewed,Institution type normalized heuristically from source type/name; verify for production.,Christian Medical College,christian medical college,,,,,,,False
311,CIPET: Centre for Skilling and Technical Support,cipet-centre-for-skilling-and-technical-support,CIPET: Centre for Skilling and Technical S...,,26,8,,32680,6.9,6.7,,,,True,public_dataset,,,reviewed,City missing in supplied source; intentionally left null. Institution type normalized heuristically from source type/name; verify for production. Ownership not explicit enough in supplied source; left null.,CIPET: Centre for Skilling and Technical Support,cipet centre for skilling and technical support,,,,,,,False
312,Cluster University of Jammu,cluster-university-of-jammu,Cluster University of Jammu,4240.0,37,7,1.0,47230,6.5,7.0,,,,True,public_dataset,,,reviewed,Institution type normalized heuristically from source type/name; verify for production.,Cluster University of Jammu,cluster university of jammu,,,,,,,False
313,Cluster University of Srinagar,cluster-university-of-srinagar,Cluster University of Srinagar,,39,7,,150000,7.2,8.2,,,,True,public_dataset,,,reviewed,City missing in supplied source; intentionally left null. Institution type normalized heuristically from source type/name; verify for production. Ownership not explicit enough in supplied source; left null.,Cluster University of Srinagar,cluster university of srinagar,,,,,,,False
314,CMC Vellore,cmc-vellore,CMC Vellore,3178.0,31,8,,100000,8.0,7.0,,,,True,public_dataset,,,reviewed,Ownership not explicit enough in supplied source; left null.,CMC Vellore,cmc vellore,,,,,,,False
315,"CMJ University, Ri-Bhoi",cmj-university-ri-bhoi,"CMJ University, Ri-Bhoi",2378.0,23,7,,375000,8.2,8.3,,,,True,public_dataset,,,reviewed,City missing in supplied source; intentionally left null. Institution type normalized heuristically from source type/name; verify for production. Ownership not explicit enough in supplied source; left null. City resolved conservatively from institution name (derived_name).,"CMJ University, Ri-Bhoi",cmj university ri bhoi,,,,,,,False
316,CMR Engineering College,cmr-engineering-college,CMR Engineering College,,32,9,,75000,9.0,8.8,,,,True,public_dataset,,,reviewed,City missing in supplied source; intentionally left null. Institution type normalized heuristically from source type/name; verify for production. Ownership not explicit enough in supplied source; left null.,CMR Engineering College,cmr engineering college,,,,,,,False
317,Cochin University of Science and Technology,cochin-university-of-science-and-technology,Cochin University of Science and Technology,1415.0,17,7,,46600,9.5,8.0,34.0,,,True,public_dataset,,,reviewed,Institution type normalized heuristically from source type/name; verify for production. Ownership not explicit enough in supplied source; left null.,Cochin University of Science and Technology,cochin university of science and technology,,,,,,,True
318,"Cochin University of Science and Technology, School",cochin-university-of-science-and-technology-school,Cochin University of Science and Technolog...,,17,7,,86040,8.2,8.3,,,,True,public_dataset,,,reviewed,City missing in supplied source; intentionally left null. Institution type normalized heuristically from source type/name; verify for production. Ownership not explicit enough in supplied source; left null.,"Cochin University of Science and Technology, School",cochin university of science and technology school,,,,,,,False
319,COEP Pune,coep-pune,COEP Pune,2206.0,21,8,1.0,75000,8.0,7.8,57.0,,,True,public_dataset,,,reviewed,Institution type normalized heuristically from source type/name; verify for production.,COEP Pune,coep pune,,,,,,,True
320,Coimbatore Institute of Technology,coimbatore-institute-of-technology,Coimbatore Institute of Technology,2897.0,31,9,,23670,8.4,8.0,,,,True,public_dataset,,,reviewed,City missing in supplied source; intentionally left null. Institution type normalized heuristically from source type/name; verify for production. Ownership not explicit enough in supplied source; left null. City resolved conservatively from institution name (derived_name).,Coimbatore Institute of Technology,coimbatore institute of technology,,,,,,,False
321,College of Agricultural Engineering and Post Harvest Technology,college-of-agricultural-engineering-and-post-harvest-technology,College of Agricultural Engineering and Po...,,30,8,,4280,6.6,6.8,,,,True,public_dataset,,,reviewed,City missing in supplied source; intentionally left null. Institution type normalized heuristically from source type/name; verify for production. Ownership not explicit enough in supplied source; left null.,College of Agricultural Engineering and Post Harvest Technology,college of agricultural engineering and post harvest technology,,,,,,,False
322,"College of Engineering Thalassery, Kannur",college-of-engineering-thalassery-kannur,"College of Engineering Thalassery, Kannur",1432.0,17,9,,38250,6.6,7.2,,,,True,public_dataset,,,reviewed,City missing in supplied source; intentionally left null. Institution type normalized heuristically from source type/name; verify for production. Ownership not explicit enough in supplied source; left null. City resolved conservatively from institution name (derived_name).,"College of Engineering Thalassery, Kannur",college of engineering thalassery kannur,,,,,,,False
323,"College of Engineering, Trivandrum",college-of-engineering-trivandrum,"College of Engineering, Trivandrum",1493.0,17,9,,200000,8.4,8.4,,,,True,public_dataset,,,reviewed,City missing in supplied source; intentionally left null. Institution type normalized heuristically from source type/name; verify for production. Ownership not explicit enough in supplied source; left null. City resolved conservatively from institution name (derived_name).,"College of Engineering, Trivandrum",college of engineering trivandrum,,,,,,,False
324,"College of Technology, GB Pant University of",college-of-technology-gb-pant-university-of,"College of Technology, GB Pant University of",,35,7,,65344,6.0,7.0,,,,True,public_dataset,,,reviewed,City missing in supplied source; intentionally left null. Institution type normalized heuristically from source type/name; verify for production. Ownership not explicit enough in supplied source; left null.,"College of Technology, GB Pant University of",college of technology gb pant university of,,,,,,,False
325,"College of Technology, GB Pant University of Agriculture & Technology",college-of-technology-gb-pant-university-of-agriculture-and-technology,"College of Technology, GB Pant University...",4260.0,35,7,1.0,57164,6.0,6.0,,,,True,public_dataset,,,reviewed,Institution type normalized heuristically from source type/name; verify for production.,"College of Technology, GB Pant University of Agriculture & Technology",college of technology gb pant university of agriculture technology,,,,,,,False
326,College of Vocational Studies,college-of-vocational-studies,College of Vocational Studies,4254.0,38,8,1.0,18800,23.1,8.5,,,,True,public_dataset,,,reviewed,Institution type normalized heuristically from source type/name; verify for production.,College of Vocational Studies,college of vocational studies,,,,,,,False
327,Columbia Institute of Engineering and Technology,columbia-institute-of-engineering-and-technology,Columbia Institute of Engineering and Tech...,,7,9,,59940,8.7,8.1,,,,True,public_dataset,,,reviewed,City missing in supplied source; intentionally left null. Institution type normalized heuristically from source type/name; verify for production. Ownership not explicit enough in supplied source; left null.,Columbia Institute of Engineering and Technology,columbia institute of engineering and technology,,,,,,,False
328,"CSIR-Institute of Minerals and Materials Technology,",csir-institute-of-minerals-and-materials-technology,CSIR-Institute of Minerals and Materials T...,,26,8,,150000,7.3,7.0,,,,True,public_dataset,,,reviewed,City missing in supplied source; intentionally left null. Institution type normalized heuristically from source type/name; verify for production. Ownership not explicit enough in supplied source; left null.,"CSIR-Institute of Minerals and Materials Technology,",csir institute of minerals and materials technology,,,,,,,False
329,CT Institute of Hospitality Management,ct-institute-of-hospitality-management,CT Institute of Hospitality Management,2585.0,28,8,2.0,240000,6.5,6.5,,,,True,public_dataset,,,reviewed,Institution type normalized heuristically from source type/name; verify for production.,CT Institute of Hospitality Management,ct institute of hospitality management,,,,,,,False
330,Culinary College of Hotel Management and Catering Technology,culinary-college-of-hotel-management-and-catering-technology,Culinary College of Hotel Management and C...,3935.0,35,8,2.0,70000,6.5,6.5,,,,True,public_dataset,,,reviewed,Institution type normalized heuristically from source type/name; verify for production.,Culinary College of Hotel Management and Catering Technology,culinary college of hotel management and catering technology,,,,,,,False
331,"CVR College of Engineering, Ibrahimpatnam, Rangareddi",cvr-college-of-engineering-ibrahimpatnam-rangareddi,"CVR College of Engineering, Ibrahimpatnam,...",3262.0,32,9,,121650,8.6,8.3,,,,True,public_dataset,,,reviewed,City missing in supplied source; intentionally left null. Institution type normalized heuristically from source type/name; verify for production. Ownership not explicit enough in supplied source; left null. City resolved conservatively from institution name (derived_name).,"CVR College of Engineering, Ibrahimpatnam, Rangareddi",cvr college of engineering ibrahimpatnam rangareddi,,,,,,,False
332,DAIICT Gandhinagar,daiict-gandhinagar,DAIICT Gandhinagar,659.0,11,8,2.0,375000,13.0,8.8,,,,True,public_dataset,,,reviewed,Institution type normalized heuristically from source type/name; verify for production.,DAIICT Gandhinagar,daiict gandhinagar,,,,,,,False
333,Darbhanga College of Engineering,darbhanga-college-of-engineering,Darbhanga College of Engineering,325.0,5,9,1.0,29130,17.4,6.7,,,,True,public_dataset,,,reviewed,Institution type normalized heuristically from source type/name; verify for production.,Darbhanga College of Engineering,darbhanga college of engineering,,,,,,,False
334,Darbhanga Medical College,darbhanga-medical-college,Darbhanga Medical College,325.0,5,8,1.0,102150,6.5,7.0,,,,True,public_dataset,,,reviewed,Institution type normalized heuristically from source type/name; verify for production.,Darbhanga Medical College,darbhanga medical college,,,,,,,False
335,Datta Meghe Institute of Higher Education and Research,datta-meghe-institute-of-higher-education-and-research,Datta Meghe Institute of Higher Education...,2348.0,21,18,,200000,7.0,7.0,42.0,,,True,public_dataset,,,reviewed,Institution type normalized heuristically from source type/name; verify for production. Ownership not explicit enough in supplied source; left null.,Datta Meghe Institute of Higher Education and Research,datta meghe institute of higher education and research,,,,,,,True
336,Daulat Ram College,daulat-ram-college,Daulat Ram College,4254.0,38,8,1.0,32100,23.1,8.5,,,,True,public_dataset,,,reviewed,Institution type normalized heuristically from source type/name; verify for production.,Daulat Ram College,daulat ram college,,,,,,,False
337,DAV Centenary College,dav-centenary-college,DAV Centenary College,897.0,12,8,2.0,31269,6.5,6.5,,,,True,public_dataset,,,reviewed,Institution type normalized heuristically from source type/name; verify for production.,DAV Centenary College,dav centenary college,,,,,,,False
338,DAV College For Women,dav-college-for-women,DAV College For Women,2570.0,28,8,2.0,52046,6.5,6.5,,,,True,public_dataset,,,reviewed,Institution type normalized heuristically from source type/name; verify for production.,DAV College For Women,dav college for women,,,,,,,False
339,DAV PG College Dehradun,dav-pg-college-dehradun,DAV PG College Dehradun,3935.0,35,8,2.0,30000,6.5,6.5,,,,True,public_dataset,,,reviewed,Institution type normalized heuristically from source type/name; verify for production.,DAV PG College Dehradun,dav pg college dehradun,,,,,,,False
340,DAV University,dav-university,DAV University,2585.0,28,7,2.0,86400,32.0,8.5,,,,True,public_dataset,,,reviewed,Institution type normalized heuristically from source type/name; verify for production.,DAV University,dav university,,,,,,,False
341,"DAV University, Jalandhar",dav-university-jalandhar,"DAV University, Jalandhar",2585.0,28,7,,136000,8.0,7.9,,,,True,public_dataset,,,reviewed,City missing in supplied source; intentionally left null. Institution type normalized heuristically from source type/name; verify for production. Ownership not explicit enough in supplied source; left null. City resolved conservatively from institution name (derived_name).,"DAV University, Jalandhar",dav university jalandhar,,,,,,,False
342,Dayalbagh Educational Institute,dayalbagh-educational-institute,Dayalbagh Educational Institute,3303.0,34,18,1.0,5150,6.5,7.0,,,,True,public_dataset,,,reviewed,Institution type normalized heuristically from source type/name; verify for production.,Dayalbagh Educational Institute,dayalbagh educational institute,,,,,,,False
343,"Dayalbagh Educational Institute Faculty of Engineering, Agra",dayalbagh-educational-institute-faculty-of-engineering-agra,Dayalbagh Educational Institute Faculty of...,3303.0,34,18,,51300,8.2,8.0,,,,True,public_dataset,,,reviewed,City missing in supplied source; intentionally left null. Institution type normalized heuristically from source type/name; verify for production. Ownership not explicit enough in supplied source; left null. City resolved conservatively from institution name (derived_name).,"Dayalbagh Educational Institute Faculty of Engineering, Agra",dayalbagh educational institute faculty of engineering agra,,,,,,,False
344,Dayanand Medical College and Hospital,dayanand-medical-college-and-hospital,Dayanand Medical College and Hospital,2598.0,28,8,2.0,486450,6.5,6.5,,,,True,public_dataset,,,reviewed,Institution type normalized heuristically from source type/name; verify for production.,Dayanand Medical College and Hospital,dayanand medical college and hospital,,,,,,,False
345,Dayanand Women's Training College,dayanand-women-s-training-college,Dayanand Women's Training College,3935.0,35,8,2.0,3046,6.5,6.5,,,,True,public_dataset,,,reviewed,Institution type normalized heuristically from source type/name; verify for production.,Dayanand Women's Training College,dayanand women s training college,,,,,,,False
346,Dayananda Sagar College of Engineering,dayananda-sagar-college-of-engineering,Dayananda Sagar College of Engineering,1184.0,16,9,,96106,7.7,8.0,,,,True,public_dataset,,,reviewed,City missing in supplied source; intentionally left null. Institution type normalized heuristically from source type/name; verify for production. Ownership not explicit enough in supplied source; left null. City resolved conservatively from institution name (derived_name_exception).,Dayananda Sagar College of Engineering,dayananda sagar college of engineering,,,,,,,False
347,DBS Global University,dbs-global-university,DBS Global University,3935.0,35,7,2.0,467000,24.0,8.5,,,,True,public_dataset,,,reviewed,Institution type normalized heuristically from source type/name; verify for production.,DBS Global University,dbs global university,,,,,,,False
348,Deenbandhu Chhotu Ram University of Science and Technology,deenbandhu-chhotu-ram-university-of-science-and-technology,Deenbandhu Chhotu Ram University of Scienc...,4247.0,12,7,1.0,60055,6.5,7.0,,,,True,public_dataset,,,reviewed,Institution type normalized heuristically from source type/name; verify for production.,Deenbandhu Chhotu Ram University of Science and Technology,deenbandhu chhotu ram university of science and technology,,,,,,,False
349,Defence Institute of Advanced Technology,defence-institute-of-advanced-technology,Defence Institute of Advanced Technology,,21,8,,153600,8.6,8.8,,,,True,public_dataset,,,reviewed,City missing in supplied source; intentionally left null. Institution type normalized heuristically from source type/name; verify for production. Ownership not explicit enough in supplied source; left null.,Defence Institute of Advanced Technology,defence institute of advanced technology,,,,,,,False
350,"Delhi School of Economics, University of Delhi",delhi-school-of-economics-university-of-delhi,"Delhi School of Economics, University of D...",4254.0,38,7,1.0,11751,26.5,8.5,,,,True,public_dataset,,,reviewed,Institution type normalized heuristically from source type/name; verify for production.,"Delhi School of Economics, University of Delhi",delhi school of economics university of delhi,,,,,,,False
351,Delhi Technical Campus,delhi-technical-campus,Delhi Technical Campus,,12,8,,69500,8.2,8.2,,,,True,public_dataset,,,reviewed,City missing in supplied source; intentionally left null. Institution type normalized heuristically from source type/name; verify for production. Ownership not explicit enough in supplied source; left null.,Delhi Technical Campus,delhi technical campus,,,,,,,False
352,Delhi Technological University,delhi-technological-university,Delhi Technological University,513.0,9,7,,247700,15.8,7.0,48.0,,,True,public_dataset,,,reviewed,Institution type normalized heuristically from source type/name; verify for production. Ownership not explicit enough in supplied source; left null.,Delhi Technological University,delhi technological university,,,,,,,True
353,"Department of Business Economics, University of Delhi",department-of-business-economics-university-of-delhi,"Department of Business Economics, Universi...",4254.0,38,7,1.0,49850,24.8,8.5,,,,True,public_dataset,,,reviewed,Institution type normalized heuristically from source type/name; verify for production.,"Department of Business Economics, University of Delhi",department of business economics university of delhi,,,,,,,False
354,Department of Laws Panjab University,department-of-laws-panjab-university,Department of Laws Panjab University,418.0,6,10,1.0,15115,6.5,7.0,,,,True,public_dataset,,,reviewed,Institution type normalized heuristically from source type/name; verify for production.,Department of Laws Panjab University,department of laws panjab university,,,,,,,False
355,"Department of Management Sciences, IIT Kanpur",department-of-management-sciences-iit-kanpur,"Department of Management Sciences, IIT Kanpur",3597.0,34,16,1.0,1350000,24.0,8.5,,,,True,public_dataset,,,reviewed,Institution type normalized heuristically from source type/name; verify for production.,"Department of Management Sciences, IIT Kanpur",department of management sciences iit kanpur,,,,,,,False
356,"Department of Management Studies, Indian Institute of Technology",department-of-management-studies-indian-institute-of-technology,"Department of Management Studies, Indian I...",3968.0,35,16,1.0,596250,24.0,8.5,,,,True,public_dataset,,,reviewed,Institution type normalized heuristically from source type/name; verify for production.,"Department of Management Studies, Indian Institute of Technology",department of management studies indian institute of technology,,,,,,,False
357,"Department of Management Studies, MNIT",department-of-management-studies-mnit,"Department of Management Studies, MNIT",2711.0,29,16,1.0,171287,16.0,8.0,,,,True,public_dataset,,,reviewed,Institution type normalized heuristically from source type/name; verify for production.,"Department of Management Studies, MNIT",department of management studies mnit,,,,,,,False
358,"Department of Management, BITS",department-of-management-bits,"Department of Management, BITS",2777.0,29,8,2.0,638175,27.0,8.5,,,,True,public_dataset,,,reviewed,Institution type normalized heuristically from source type/name; verify for production.,"Department of Management, BITS",department of management bits,,,,,,,False
359,Dev Bhoomi Institute of Technology,dev-bhoomi-institute-of-technology,Dev Bhoomi Institute of Technology,,35,9,,119700,7.5,7.2,,,,True,public_dataset,,,reviewed,City missing in supplied source; intentionally left null. Institution type normalized heuristically from source type/name; verify for production. Ownership not explicit enough in supplied source; left null.,Dev Bhoomi Institute of Technology,dev bhoomi institute of technology,,,,,,,False
360,Dev Bhoomi Uttarakhand University,dev-bhoomi-uttarakhand-university,Dev Bhoomi Uttarakhand University,3935.0,35,7,2.0,152400,40.0,8.5,,,,True,public_dataset,,,reviewed,Institution type normalized heuristically from source type/name; verify for production.,Dev Bhoomi Uttarakhand University,dev bhoomi uttarakhand university,,,,,,,False
361,Dharmashastra National Law University,dharmashastra-national-law-university,Dharmashastra National Law University,1612.0,20,5,1.0,261653,6.5,7.0,,,,True,public_dataset,,,reviewed,Institution type normalized heuristically from source type/name; verify for production.,Dharmashastra National Law University,dharmashastra national law university,,,,,,,False
362,Dharmsinh Desai University,dharmsinh-desai-university,Dharmsinh Desai University,767.0,11,7,2.0,185000,25.0,7.7,,,,True,public_dataset,,,reviewed,Institution type normalized heuristically from source type/name; verify for production.,Dharmsinh Desai University,dharmsinh desai university,,,,,,,False
363,Dhirubhai Ambani Institute of Information and Communication,dhirubhai-ambani-institute-of-information-and-communication,Dhirubhai Ambani Institute of Information...,659.0,11,8,,154000,9.2,8.7,,,,True,public_dataset,,,reviewed,Institution type normalized heuristically from source type/name; verify for production. Ownership not explicit enough in supplied source; left null.,Dhirubhai Ambani Institute of Information and Communication,dhirubhai ambani institute of information and communication,,,,,,,False
364,Dibrugarh Polytechnic,dibrugarh-polytechnic,Dibrugarh Polytechnic,223.0,4,17,,7600,1.0,2.0,,,,True,public_dataset,,,reviewed,City missing in supplied source; intentionally left null. Institution type normalized heuristically from source type/name; verify for production. Ownership not explicit enough in supplied source; left null. City resolved conservatively from institution name (derived_name).,Dibrugarh Polytechnic,dibrugarh polytechnic,,,,,,,False
365,"Dibrugarh University, Dibrugarh",dibrugarh-university-dibrugarh,"Dibrugarh University, Dibrugarh",223.0,4,7,,110130,6.5,7.8,,,,True,public_dataset,,,reviewed,City missing in supplied source; intentionally left null. Institution type normalized heuristically from source type/name; verify for production. Ownership not explicit enough in supplied source; left null. City resolved conservatively from institution name (derived_name).,"Dibrugarh University, Dibrugarh",dibrugarh university dibrugarh,,,,,,,False
366,Directorate of Coldwater Fisheries Research,directorate-of-coldwater-fisheries-research,Directorate of Coldwater Fisheries Research,4261.0,35,8,1.0,120000,6.5,7.0,,,,True,public_dataset,,,reviewed,Institution type normalized heuristically from source type/name; verify for production.,Directorate of Coldwater Fisheries Research,directorate of coldwater fisheries research,,,,,,,False
367,"Directorate of Distance Education, University of Jammu",directorate-of-distance-education-university-of-jammu,"Directorate of Distance Education, Univers...",4240.0,37,18,1.0,10690,5.6,6.0,,,,True,public_dataset,,,reviewed,Institution type normalized heuristically from source type/name; verify for production.,"Directorate of Distance Education, University of Jammu",directorate of distance education university of jammu,,,,,,,False
368,Disha Institute of Management and Technology,disha-institute-of-management-and-technology,Disha Institute of Management and Technology,,7,8,,150000,6.3,8.1,,,,True,public_dataset,,,reviewed,City missing in supplied source; intentionally left null. Institution type normalized heuristically from source type/name; verify for production. Ownership not explicit enough in supplied source; left null.,Disha Institute of Management and Technology,disha institute of management and technology,,,,,,,False
369,DIT University,dit-university,DIT University,3935.0,35,7,2.0,240300,58.0,7.8,,,,True,public_dataset,,,reviewed,Institution type normalized heuristically from source type/name; verify for production.,DIT University,dit university,,,,,,,False
370,DJ Sanghvi College of Engineering,dj-sanghvi-college-of-engineering,DJ Sanghvi College of Engineering,2123.0,21,9,2.0,280000,9.5,6.5,,,,True,public_dataset,,,reviewed,Institution type normalized heuristically from source type/name; verify for production.,DJ Sanghvi College of Engineering,dj sanghvi college of engineering,,,,,,,False
371,DMS - Department of Management Studies IIT,dms-department-of-management-studies-iit,DMS - Department of Management Studies IIT,4254.0,38,16,1.0,43150,41.1,8.5,,,,True,public_dataset,,,reviewed,Institution type normalized heuristically from source type/name; verify for production.,DMS - Department of Management Studies IIT,dms department of management studies iit,,,,,,,False
372,Doaba Group of Colleges,doaba-group-of-colleges,Doaba Group of Colleges,2607.0,28,8,2.0,318000,6.5,6.5,,,,True,public_dataset,,,reviewed,Institution type normalized heuristically from source type/name; verify for production.,Doaba Group of Colleges,doaba group of colleges,,,,,,,False
373,Dogra Law College,dogra-law-college,Dogra Law College,4240.0,37,10,2.0,40353,6.5,6.5,,,,True,public_dataset,,,reviewed,Institution type normalized heuristically from source type/name; verify for production.,Dogra Law College,dogra law college,,,,,,,False
374,Dolphin PG Institute of BioMedical & Natural Sciences,dolphin-pg-institute-of-biomedical-and-natural-sciences,Dolphin PG Institute of BioMedical & Natur...,3935.0,35,19,2.0,108000,6.5,6.5,,,,True,public_dataset,,,reviewed,Institution type normalized heuristically from source type/name; verify for production.,Dolphin PG Institute of BioMedical & Natural Sciences,dolphin pg institute of biomedical natural sciences,,,,,,,False
375,Don Bosco College of Engineering and Technology,don-bosco-college-of-engineering-and-technology,Don Bosco College of Engineering and Techn...,,4,9,,157000,7.3,8.5,,,,True,public_dataset,,,reviewed,City missing in supplied source; intentionally left null. Institution type normalized heuristically from source type/name; verify for production. Ownership not explicit enough in supplied source; left null.,Don Bosco College of Engineering and Technology,don bosco college of engineering and technology,,,,,,,False
376,Doon Institute of Education,doon-institute-of-education,Doon Institute of Education,3935.0,35,18,2.0,55000,6.5,6.5,,,,True,public_dataset,,,reviewed,Institution type normalized heuristically from source type/name; verify for production.,Doon Institute of Education,doon institute of education,,,,,,,False
377,"Doon University, Dehradun",doon-university-dehradun,"Doon University, Dehradun",3935.0,35,7,,34750,6.3,7.2,,,,True,public_dataset,,,reviewed,City missing in supplied source; intentionally left null. Institution type normalized heuristically from source type/name; verify for production. Ownership not explicit enough in supplied source; left null. City resolved conservatively from institution name (derived_name).,"Doon University, Dehradun",doon university dehradun,,,,,,,False
378,Doon Valley College of Education,doon-valley-college-of-education,Doon Valley College of Education,3935.0,35,18,2.0,45000,6.5,6.5,,,,True,public_dataset,,,reviewed,Institution type normalized heuristically from source type/name; verify for production.,Doon Valley College of Education,doon valley college of education,,,,,,,False
379,Doraha Institute of Management and Technology,doraha-institute-of-management-and-technology,Doraha Institute of Management and Technology,2598.0,28,8,2.0,69200,6.5,6.5,,,,True,public_dataset,,,reviewed,Institution type normalized heuristically from source type/name; verify for production.,Doraha Institute of Management and Technology,doraha institute of management and technology,,,,,,,False
380,Dr BR Ambedkar National Institute of Technology,dr-br-ambedkar-national-institute-of-technology,Dr BR Ambedkar National Institute of Techn...,2585.0,28,9,1.0,164000,52.0,7.9,,,,True,public_dataset,,,reviewed,Institution type normalized heuristically from source type/name; verify for production.,Dr BR Ambedkar National Institute of Technology,dr br ambedkar national institute of technology,,,,,,,False
381,Dr IT School of Business,dr-it-school-of-business,Dr IT School of Business,2617.0,28,8,2.0,100200,6.5,6.5,,,,True,public_dataset,,,reviewed,Institution type normalized heuristically from source type/name; verify for production.,Dr IT School of Business,dr it school of business,,,,,,,False
382,Dr Rajendra Prasad Government Medical College,dr-rajendra-prasad-government-medical-college,Dr Rajendra Prasad Government Medical College,986.0,13,8,1.0,60000,6.5,7.0,,,,True,public_dataset,,,reviewed,Institution type normalized heuristically from source type/name; verify for production.,Dr Rajendra Prasad Government Medical College,dr rajendra prasad government medical college,,,,,,,False
383,Dr SN Medical College & Hospital,dr-sn-medical-college-and-hospital,Dr SN Medical College & Hospital,2720.0,29,8,1.0,125300,6.5,7.0,,,,True,public_dataset,,,reviewed,Institution type normalized heuristically from source type/name; verify for production.,Dr SN Medical College & Hospital,dr sn medical college hospital,,,,,,,False
384,Dr YS Parmar University of Horticulture and Forestry,dr-ys-parmar-university-of-horticulture-and-forestry,Dr YS Parmar University of Horticulture an...,1015.0,13,7,1.0,68500,6.5,7.0,,,,True,public_dataset,,,reviewed,Institution type normalized heuristically from source type/name; verify for production.,Dr YS Parmar University of Horticulture and Forestry,dr ys parmar university of horticulture and forestry,,,,,,,False
385,Dr. A. P. J. Abdul Kalam University,dr-a-p-j-abdul-kalam-university,Dr. A. P. J. Abdul Kalam University,1609.0,20,7,2.0,283400,6.5,6.5,,,,True,public_dataset,,,reviewed,Institution type normalized heuristically from source type/name; verify for production.,Dr. A. P. J. Abdul Kalam University,dr a p j abdul kalam university,,,,,,,False
386,Dr. Ambedkar Institute of Technology,dr-ambedkar-institute-of-technology,Dr. Ambedkar Institute of Technology,,16,9,,30200,6.7,7.2,,,,True,public_dataset,,,reviewed,City missing in supplied source; intentionally left null. Institution type normalized heuristically from source type/name; verify for production. Ownership not explicit enough in supplied source; left null.,Dr. Ambedkar Institute of Technology,dr ambedkar institute of technology,,,,,,,False
387,"Dr. B R Ambedkar Institute of Technology, Port Blair",dr-b-r-ambedkar-institute-of-technology-port-blair,"Dr. B R Ambedkar Institute of Technology,...",,40,9,,12083,6.0,6.5,,,,True,public_dataset,,,reviewed,City missing in supplied source; intentionally left null. Institution type normalized heuristically from source type/name; verify for production. Ownership not explicit enough in supplied source; left null.,"Dr. B R Ambedkar Institute of Technology, Port Blair",dr b r ambedkar institute of technology port blair,,,,,,,False
388,Dr. B. R. Ambedkar Polytechnic College,dr-b-r-ambedkar-polytechnic-college,Dr. B. R. Ambedkar Polytechnic College,,27,17,,6000,6.0,6.5,,,,True,public_dataset,,,reviewed,City missing in supplied source; intentionally left null. Institution type normalized heuristically from source type/name; verify for production. Ownership not explicit enough in supplied source; left null.,Dr. B. R. Ambedkar Polytechnic College,dr b r ambedkar polytechnic college,,,,,,,False
389,Dr. B.C. Roy Engineering College,dr-b-c-roy-engineering-college,Dr. B.C. Roy Engineering College,,36,9,,108980,7.2,7.7,,,,True,public_dataset,,,reviewed,City missing in supplied source; intentionally left null. Institution type normalized heuristically from source type/name; verify for production. Ownership not explicit enough in supplied source; left null.,Dr. B.C. Roy Engineering College,dr b c roy engineering college,,,,,,,False
390,Dr. B.R. Ambedkar National Law University,dr-b-r-ambedkar-national-law-university,Dr. B.R. Ambedkar National Law University,4247.0,12,5,1.0,148500,9.0,7.0,,,,True,public_dataset,,,reviewed,Institution type normalized heuristically from source type/name; verify for production.,Dr. B.R. Ambedkar National Law University,dr b r ambedkar national law university,,,,,,,False
391,Dr. Baba Saheb Ambedkar Medical College & Hospital,dr-baba-saheb-ambedkar-medical-college-and-hospital,Dr. Baba Saheb Ambedkar Medical College &...,4254.0,38,8,1.0,111000,6.5,7.0,,,,True,public_dataset,,,reviewed,Institution type normalized heuristically from source type/name; verify for production.,Dr. Baba Saheb Ambedkar Medical College & Hospital,dr baba saheb ambedkar medical college hospital,,,,,,,False
392,Dr. D. Y. Patil Vidyapeeth,dr-d-y-patil-vidyapeeth,Dr. D. Y. Patil Vidyapeeth,2206.0,21,7,,200000,8.0,7.0,44.0,,,True,public_dataset,,,reviewed,Institution type normalized heuristically from source type/name; verify for production. Ownership not explicit enough in supplied source; left null.,Dr. D. Y. Patil Vidyapeeth,dr d y patil vidyapeeth,,,,,,,True
393,Dr. Hari singh Gour University,dr-hari-singh-gour-university,Dr. Hari singh Gour University,1728.0,20,7,1.0,8160,4.2,5.5,,,,True,public_dataset,,,reviewed,Institution type normalized heuristically from source type/name; verify for production.,Dr. Hari singh Gour University,dr hari singh gour university,,,,,,,False
394,"Dr. LAXMINARAYAN PANDEY GOVT. MEDICAL COLLEGE, RATLAM",dr-laxminarayan-pandey-govt-medical-college-ratlam,Dr. LAXMINARAYAN PANDEY GOVT. MEDICAL COLL...,1723.0,20,8,1.0,115350,6.5,7.0,,,,True,public_dataset,,,reviewed,Institution type normalized heuristically from source type/name; verify for production.,"Dr. LAXMINARAYAN PANDEY GOVT. MEDICAL COLLEGE, RATLAM",dr laxminarayan pandey govt medical college ratlam,,,,,,,False
395,Dr. Radhakrishnan Govt. Medical College,dr-radhakrishnan-govt-medical-college,Dr. Radhakrishnan Govt. Medical College,979.0,13,8,1.0,60000,6.5,7.0,,,,True,public_dataset,,,reviewed,Institution type normalized heuristically from source type/name; verify for production.,Dr. Radhakrishnan Govt. Medical College,dr radhakrishnan govt medical college,,,,,,,False
396,Dr. Ram Manohar Lohia Institute of Medical Sciences,dr-ram-manohar-lohia-institute-of-medical-sciences,Dr. Ram Manohar Lohia Institute of Medical...,3661.0,34,19,1.0,49700,6.5,7.0,,,,True,public_dataset,,,reviewed,Institution type normalized heuristically from source type/name; verify for production.,Dr. Ram Manohar Lohia Institute of Medical Sciences,dr ram manohar lohia institute of medical sciences,,,,,,,False
397,Dr. S. S. Bhatnagar University Institute of,dr-s-s-bhatnagar-university-institute-of,Dr. S. S. Bhatnagar University Institute of,,6,7,,394000,7.1,7.1,,,,True,public_dataset,,,reviewed,City missing in supplied source; intentionally left null. Institution type normalized heuristically from source type/name; verify for production. Ownership not explicit enough in supplied source; left null.,Dr. S. S. Bhatnagar University Institute of,dr s s bhatnagar university institute of,,,,,,,False
398,Dr. Y. S. Parmar Medical College Nahan,dr-y-s-parmar-medical-college-nahan,Dr. Y. S. Parmar Medical College Nahan,1014.0,13,8,1.0,60000,6.5,7.0,,,,True,public_dataset,,,reviewed,Institution type normalized heuristically from source type/name; verify for production.,Dr. Y. S. Parmar Medical College Nahan,dr y s parmar medical college nahan,,,,,,,False
399,Dr.Ambedkar Institute of Hotel Management Catering and Nutrition,dr-ambedkar-institute-of-hotel-management-catering-and-nutrition,Dr.Ambedkar Institute of Hotel Management...,418.0,6,8,1.0,147135,6.5,7.0,,,,True,public_dataset,,,reviewed,Institution type normalized heuristically from source type/name; verify for production.,Dr.Ambedkar Institute of Hotel Management Catering and Nutrition,dr ambedkar institute of hotel management catering and nutrition,,,,,,,False
400,Dronacharya College of Engineering,dronacharya-college-of-engineering,Dronacharya College of Engineering,906.0,12,9,2.0,141100,6.0,6.5,,,,True,public_dataset,,,reviewed,Institution type normalized heuristically from source type/name; verify for production.,Dronacharya College of Engineering,dronacharya college of engineering,,,,,,,False
401,DTU Delhi Technological University,dtu-delhi-technological-university,DTU Delhi Technological University,513.0,9,7,4.0,200000,15.8,8.5,,,,True,public_dataset,,,reviewed,Imported from supplied college source and normalized for MVP.,DTU Delhi Technological University,dtu delhi technological university,,,,,,,False
402,"Duliajan College, Dibrugarh",duliajan-college-dibrugarh,"Duliajan College, Dibrugarh",223.0,4,8,,150000,8.7,8.7,,,,True,public_dataset,,,reviewed,City missing in supplied source; intentionally left null. Institution type normalized heuristically from source type/name; verify for production. Ownership not explicit enough in supplied source; left null. City resolved conservatively from institution name (derived_name).,"Duliajan College, Dibrugarh",duliajan college dibrugarh,,,,,,,False
403,Dwarkadas J Sanghvi College of Engineering,dwarkadas-j-sanghvi-college-of-engineering,Dwarkadas J Sanghvi College of Engineering,,21,9,,194000,8.3,8.2,,,,True,public_dataset,,,reviewed,City missing in supplied source; intentionally left null. Institution type normalized heuristically from source type/name; verify for production. Ownership not explicit enough in supplied source; left null.,Dwarkadas J Sanghvi College of Engineering,dwarkadas j sanghvi college of engineering,,,,,,,False
404,Dyal Singh College,dyal-singh-college,Dyal Singh College,4254.0,38,8,1.0,14705,23.5,8.5,,,,True,public_dataset,,,reviewed,Institution type normalized heuristically from source type/name; verify for production.,Dyal Singh College,dyal singh college,,,,,,,False
405,Dyal Singh Evening College,dyal-singh-evening-college,Dyal Singh Evening College,4254.0,38,8,1.0,14700,6.5,7.0,,,,True,public_dataset,,,reviewed,Institution type normalized heuristically from source type/name; verify for production.,Dyal Singh Evening College,dyal singh evening college,,,,,,,False
406,ESIC Medical College,esic-medical-college,ESIC Medical College,897.0,12,8,1.0,100000,6.5,7.0,,,,True,public_dataset,,,reviewed,Institution type normalized heuristically from source type/name; verify for production.,ESIC Medical College,esic medical college,,,,,,,False
407,Eternal University,eternal-university,Eternal University,1014.0,13,7,2.0,53300,3.0,7.5,,,,True,public_dataset,,,reviewed,Institution type normalized heuristically from source type/name; verify for production.,Eternal University,eternal university,,,,,,,False
408,"Faculty of Engineering and Technology, Jain University",faculty-of-engineering-and-technology-jain-university,"Faculty of Engineering and Technology, Jai...",,16,7,,197500,7.7,8.1,,,,True,public_dataset,,,reviewed,City missing in supplied source; intentionally left null. Institution type normalized heuristically from source type/name; verify for production. Ownership not explicit enough in supplied source; left null.,"Faculty of Engineering and Technology, Jain University",faculty of engineering and technology jain university,,,,,,,False
409,"Faculty of Engineering and Technology, Shoolini University",faculty-of-engineering-and-technology-shoolini-university,"Faculty of Engineering and Technology, Sho...",1015.0,13,7,2.0,260000,42.0,8.5,,,,True,public_dataset,,,reviewed,Institution type normalized heuristically from source type/name; verify for production.,"Faculty of Engineering and Technology, Shoolini University",faculty of engineering and technology shoolini university,,,,,,,False
410,"Faculty of Hospitality Management and Catering Technology, M. S. Ramaiah University of Applied Sciences",faculty-of-hospitality-management-and-catering-technology-m-s-ramaiah-university-of-applied-sciences,Faculty of Hospitality Management and Cate...,1184.0,16,7,2.0,179000,6.5,6.5,,,,True,public_dataset,,,reviewed,Institution type normalized heuristically from source type/name; verify for production.,"Faculty of Hospitality Management and Catering Technology, M. S. Ramaiah University of Applied Sciences",faculty of hospitality management and catering technology m s ramaiah university of applied sciences,,,,,,,False
411,"Faculty of Management Studies, The Maharaja Sayajirao University of Baroda",faculty-of-management-studies-the-maharaja-sayajirao-university-of-baroda,"Faculty of Management Studies, The Maharaj...",852.0,11,16,1.0,45100,6.5,7.0,,,,True,public_dataset,,,reviewed,Institution type normalized heuristically from source type/name; verify for production.,"Faculty of Management Studies, The Maharaja Sayajirao University of Baroda",faculty of management studies the maharaja sayajirao university of baroda,,,,,,,False
412,"Faculty of Pharmaceutical Sciences, Shoolini University",faculty-of-pharmaceutical-sciences-shoolini-university,"Faculty of Pharmaceutical Sciences, Shooli...",1015.0,13,7,2.0,183500,6.5,6.5,,,,True,public_dataset,,,reviewed,Institution type normalized heuristically from source type/name; verify for production.,"Faculty of Pharmaceutical Sciences, Shoolini University",faculty of pharmaceutical sciences shoolini university,,,,,,,False
413,"Faculty of Technology and Engineering, Maharaja Sayajirao",faculty-of-technology-and-engineering-maharaja-sayajirao,"Faculty of Technology and Engineering, Mah...",,11,8,,7640,8.3,8.1,,,,True,public_dataset,,,reviewed,City missing in supplied source; intentionally left null. Institution type normalized heuristically from source type/name; verify for production. Ownership not explicit enough in supplied source; left null.,"Faculty of Technology and Engineering, Maharaja Sayajirao",faculty of technology and engineering maharaja sayajirao,,,,,,,False
414,"Faculty of Technology and Engineering, Maharaja Sayajirao University of Baroda",faculty-of-technology-and-engineering-maharaja-sayajirao-university-of-baroda,"Faculty of Technology and Engineering, Mah...",852.0,11,7,1.0,105000,11.0,7.0,,,,True,public_dataset,,,reviewed,Institution type normalized heuristically from source type/name; verify for production.,"Faculty of Technology and Engineering, Maharaja Sayajirao University of Baroda",faculty of technology and engineering maharaja sayajirao university of baroda,,,,,,,False
415,Federal Institute of Science and Technology,federal-institute-of-science-and-technology,Federal Institute of Science and Technology,,17,19,,75100,8.0,8.1,,,,True,public_dataset,,,reviewed,City missing in supplied source; intentionally left null. Institution type normalized heuristically from source type/name; verify for production. Ownership not explicit enough in supplied source; left null.,Federal Institute of Science and Technology,federal institute of science and technology,,,,,,,False
416,Film and Television Institute of India,film-and-television-institute-of-india,Film and Television Institute of India,2206.0,21,8,1.0,120000,6.5,7.0,,,,True,public_dataset,,,reviewed,Institution type normalized heuristically from source type/name; verify for production.,Film and Television Institute of India,film and television institute of india,,,,,,,False
417,FMS Delhi,fms-delhi,FMS Delhi,513.0,9,8,1.0,232000,34.1,9.1,,,,True,public_dataset,,,reviewed,Institution type normalized heuristically from source type/name; verify for production.,FMS Delhi,fms delhi,,,,,,,False
418,FMS Delhi Faculty of Management Studies,fms-delhi-faculty-of-management-studies,FMS Delhi Faculty of Management Studies,4254.0,38,16,1.0,116000,34.1,9.1,,,,True,public_dataset,,,reviewed,Institution type normalized heuristically from source type/name; verify for production.,FMS Delhi Faculty of Management Studies,fms delhi faculty of management studies,,,,,,,False
419,FORE School of Management,fore-school-of-management,FORE School of Management,4254.0,38,16,2.0,2077000,29.0,8.5,,,,True,public_dataset,,,reviewed,Institution type normalized heuristically from source type/name; verify for production.,FORE School of Management,fore school of management,,,,,,,False
420,Forest Research Institute,forest-research-institute,Forest Research Institute,3935.0,35,8,1.0,43000,6.5,7.0,,,,True,public_dataset,,,reviewed,Institution type normalized heuristically from source type/name; verify for production.,Forest Research Institute,forest research institute,,,,,,,False
421,G. Pulla Reddy Engineering College,g-pulla-reddy-engineering-college,G. Pulla Reddy Engineering College,,2,9,,80000,8.2,8.3,,,,True,public_dataset,,,reviewed,City missing in supplied source; intentionally left null. Institution type normalized heuristically from source type/name; verify for production. Ownership not explicit enough in supplied source; left null.,G. Pulla Reddy Engineering College,g pulla reddy engineering college,,,,,,,False
422,G.B. Pant Universtiy of Agriculture and Technology,g-b-pant-universtiy-of-agriculture-and-technology,G.B. Pant Universtiy of Agriculture and Te...,4260.0,35,7,,200000,7.0,7.0,88.0,,,True,public_dataset,,,reviewed,Institution type normalized heuristically from source type/name; verify for production. Ownership not explicit enough in supplied source; left null.,G.B. Pant Universtiy of Agriculture and Technology,g b pant universtiy of agriculture and technology,,,,,,,False
423,Gajra Raja Medical College,gajra-raja-medical-college,Gajra Raja Medical College,1596.0,20,8,1.0,121000,6.5,7.0,,,,True,public_dataset,,,reviewed,Institution type normalized heuristically from source type/name; verify for production.,Gajra Raja Medical College,gajra raja medical college,,,,,,,False
424,Galgotias University,galgotias-university,Galgotias University,3522.0,34,7,2.0,177000,39.0,7.6,,,,True,public_dataset,,,reviewed,Institution type normalized heuristically from source type/name; verify for production.,Galgotias University,galgotias university,,,,,,,False
425,Gandhi Institute for Technology,gandhi-institute-for-technology,Gandhi Institute for Technology,,26,8,,81000,6.6,7.4,,,,True,public_dataset,,,reviewed,City missing in supplied source; intentionally left null. Institution type normalized heuristically from source type/name; verify for production. Ownership not explicit enough in supplied source; left null.,Gandhi Institute for Technology,gandhi institute for technology,,,,,,,False
426,Gandhi Medical College,gandhi-medical-college,Gandhi Medical College,1559.0,20,8,1.0,116255,6.5,7.0,,,,True,public_dataset,,,reviewed,Institution type normalized heuristically from source type/name; verify for production.,Gandhi Medical College,gandhi medical college,,,,,,,False
427,Ganpat University,ganpat-university,Ganpat University,759.0,11,7,2.0,140000,12.0,8.1,,,,True,public_dataset,,,reviewed,Institution type normalized heuristically from source type/name; verify for production.,Ganpat University,ganpat university,,,,,,,False
428,Gauhati University,gauhati-university,Gauhati University,236.0,4,7,,40950,7.0,7.0,40.0,,,True,public_dataset,,,reviewed,Institution type normalized heuristically from source type/name; verify for production. Ownership not explicit enough in supplied source; left null.,Gauhati University,gauhati university,,,,,,,True
429,Gautam Buddha University,gautam-buddha-university,Gautam Buddha University,3522.0,34,7,1.0,54100,22.0,8.5,,,,True,public_dataset,,,reviewed,Institution type normalized heuristically from source type/name; verify for production.,Gautam Buddha University,gautam buddha university,,,,,,,False
430,Gaya College of Engineering,gaya-college-of-engineering,Gaya College of Engineering,335.0,5,9,1.0,70630,7.5,6.5,,,,True,public_dataset,,,reviewed,Institution type normalized heuristically from source type/name; verify for production.,Gaya College of Engineering,gaya college of engineering,,,,,,,False
431,"Gaya College of Engineering, Gaya",gaya-college-of-engineering-gaya,"Gaya College of Engineering, Gaya",335.0,5,9,,100000,5.3,7.1,,,,True,public_dataset,,,reviewed,City missing in supplied source; intentionally left null. Institution type normalized heuristically from source type/name; verify for production. Ownership not explicit enough in supplied source; left null. City resolved conservatively from institution name (derived_name).,"Gaya College of Engineering, Gaya",gaya college of engineering gaya,,,,,,,False
432,Gayatri Vidya Parishad College of Engineering,gayatri-vidya-parishad-college-of-engineering,Gayatri Vidya Parishad College of Engineering,,2,9,,276000,8.1,7.7,,,,True,public_dataset,,,reviewed,City missing in supplied source; intentionally left null. Institution type normalized heuristically from source type/name; verify for production. Ownership not explicit enough in supplied source; left null.,Gayatri Vidya Parishad College of Engineering,gayatri vidya parishad college of engineering,,,,,,,False
433,GGS College of Modern Technology,ggs-college-of-modern-technology,GGS College of Modern Technology,2607.0,28,8,2.0,80900,9.0,7.0,,,,True,public_dataset,,,reviewed,Institution type normalized heuristically from source type/name; verify for production.,GGS College of Modern Technology,ggs college of modern technology,,,,,,,False
434,GH Raisoni College of Engineering,gh-raisoni-college-of-engineering,GH Raisoni College of Engineering,,21,9,,560000,8.0,8.4,,,,True,public_dataset,,,reviewed,City missing in supplied source; intentionally left null. Institution type normalized heuristically from source type/name; verify for production. Ownership not explicit enough in supplied source; left null.,GH Raisoni College of Engineering,gh raisoni college of engineering,,,,,,,False
435,Gian Jyoti Institute of Management and Technology,gian-jyoti-institute-of-management-and-technology,Gian Jyoti Institute of Management and Tec...,2607.0,28,8,2.0,103950,12.0,7.5,,,,True,public_dataset,,,reviewed,Institution type normalized heuristically from source type/name; verify for production.,Gian Jyoti Institute of Management and Technology,gian jyoti institute of management and technology,,,,,,,False
436,Giani Zail Singh Campus College of Engineering and Technology,giani-zail-singh-campus-college-of-engineering-and-technology,Giani Zail Singh Campus College of Enginee...,4251.0,28,9,1.0,104600,4.0,5.5,,,,True,public_dataset,,,reviewed,Institution type normalized heuristically from source type/name; verify for production.,Giani Zail Singh Campus College of Engineering and Technology,giani zail singh campus college of engineering and technology,,,,,,,False
437,GIDC Rajju Shroff Rofel Institute of Management Studies,gidc-rajju-shroff-rofel-institute-of-management-studies,GIDC Rajju Shroff Rofel Institute of Manag...,861.0,11,16,2.0,92200,6.5,6.5,,,,True,public_dataset,,,reviewed,Institution type normalized heuristically from source type/name; verify for production.,GIDC Rajju Shroff Rofel Institute of Management Studies,gidc rajju shroff rofel institute of management studies,,,,,,,False
438,"Girijananda Chowdhury Institute of Management & Technology,",girijananda-chowdhury-institute-of-management-and-technology,Girijananda Chowdhury Institute of Managem...,,4,8,,144000,6.4,7.3,,,,True,public_dataset,,,reviewed,City missing in supplied source; intentionally left null. Institution type normalized heuristically from source type/name; verify for production. Ownership not explicit enough in supplied source; left null.,"Girijananda Chowdhury Institute of Management & Technology,",girijananda chowdhury institute of management technology,,,,,,,False
439,GITA Autonomous College,gita-autonomous-college,GITA Autonomous College,,26,8,,108000,8.3,8.7,,,,True,public_dataset,,,reviewed,City missing in supplied source; intentionally left null. Institution type normalized heuristically from source type/name; verify for production. Ownership not explicit enough in supplied source; left null.,GITA Autonomous College,gita autonomous college,,,,,,,False
440,GL Bajaj Institute of Management and Research,gl-bajaj-institute-of-management-and-research,GL Bajaj Institute of Management and Research,3522.0,34,8,2.0,785000,23.0,8.5,,,,True,public_dataset,,,reviewed,Institution type normalized heuristically from source type/name; verify for production.,GL Bajaj Institute of Management and Research,gl bajaj institute of management and research,,,,,,,False
441,GL Bajaj Institute of Technology,gl-bajaj-institute-of-technology,GL Bajaj Institute of Technology,3522.0,34,9,2.0,350000,6.5,6.5,,,,True,public_dataset,,,reviewed,Institution type normalized heuristically from source type/name; verify for production.,GL Bajaj Institute of Technology,gl bajaj institute of technology,,,,,,,False
442,"GLA University, Mathura",gla-university-mathura,"GLA University, Mathura",3691.0,34,7,,178000,8.2,8.2,,,,True,public_dataset,,,reviewed,City missing in supplied source; intentionally left null. Institution type normalized heuristically from source type/name; verify for production. Ownership not explicit enough in supplied source; left null. City resolved conservatively from institution name (derived_name).,"GLA University, Mathura",gla university mathura,,,,,,,False
443,Global Group of Institutes,global-group-of-institutes,Global Group of Institutes,2536.0,28,8,2.0,100200,30.0,8.5,,,,True,public_dataset,,,reviewed,Institution type normalized heuristically from source type/name; verify for production.,Global Group of Institutes,global group of institutes,,,,,,,False
444,"Global Institute, Amritsar",global-institute-amritsar,"Global Institute, Amritsar",2536.0,28,8,,318000,7.9,8.3,,,,True,public_dataset,,,reviewed,City missing in supplied source; intentionally left null. Institution type normalized heuristically from source type/name; verify for production. Ownership not explicit enough in supplied source; left null. City resolved conservatively from institution name (derived_name).,"Global Institute, Amritsar",global institute amritsar,,,,,,,False
445,"Glocal University, Saharanpur",glocal-university-saharanpur,"Glocal University, Saharanpur",3822.0,34,7,,144000,7.2,7.1,,,,True,public_dataset,,,reviewed,City missing in supplied source; intentionally left null. Institution type normalized heuristically from source type/name; verify for production. Ownership not explicit enough in supplied source; left null. City resolved conservatively from institution name (derived_name).,"Glocal University, Saharanpur",glocal university saharanpur,,,,,,,False
446,GNA University,gna-university,GNA University,2619.0,28,7,2.0,200000,30.5,8.5,,,,True,public_dataset,,,reviewed,Institution type normalized heuristically from source type/name; verify for production.,GNA University,gna university,,,,,,,False
447,GNLU Gandhinagar,gnlu-gandhinagar,GNLU Gandhinagar,659.0,11,5,4.0,145000,14.0,8.2,5.0,,,True,public_dataset,,,reviewed,Imported from supplied college source and normalized for MVP.,GNLU Gandhinagar,gnlu gandhinagar,,,,,,,True
448,Goa College of Engineering,goa-college-of-engineering,Goa College of Engineering,,10,9,,59500,6.7,7.5,,,,True,public_dataset,,,reviewed,City missing in supplied source; intentionally left null. Institution type normalized heuristically from source type/name; verify for production. Ownership not explicit enough in supplied source; left null.,Goa College of Engineering,goa college of engineering,,,,,,,False
449,"Goa University, North Goa",goa-university-north-goa,"Goa University, North Goa",551.0,10,7,,17290,8.0,7.9,,,,True,public_dataset,,,reviewed,City missing in supplied source; intentionally left null. Institution type normalized heuristically from source type/name; verify for production. Ownership not explicit enough in supplied source; left null. City resolved conservatively from institution name (derived_name).,"Goa University, North Goa",goa university north goa,,,,,,,False
450,Gokaraju Rangaraju Institute of Engineering and Technology,gokaraju-rangaraju-institute-of-engineering-and-technology,Gokaraju Rangaraju Institute of Engineerin...,,32,9,,122000,8.1,8.0,,,,True,public_dataset,,,reviewed,City missing in supplied source; intentionally left null. Institution type normalized heuristically from source type/name; verify for production. Ownership not explicit enough in supplied source; left null.,Gokaraju Rangaraju Institute of Engineering and Technology,gokaraju rangaraju institute of engineering and technology,,,,,,,False
451,Gopal Narayan Singh University,gopal-narayan-singh-university,Gopal Narayan Singh University,4262.0,5,7,2.0,119500,6.5,6.5,,,,True,public_dataset,,,reviewed,Institution type normalized heuristically from source type/name; verify for production.,Gopal Narayan Singh University,gopal narayan singh university,,,,,,,False
452,Goswami Ganesh Dutta Sanatan Dharma College,goswami-ganesh-dutta-sanatan-dharma-college,Goswami Ganesh Dutta Sanatan Dharma College,418.0,6,8,2.0,3700,6.5,6.5,,,,True,public_dataset,,,reviewed,Institution type normalized heuristically from source type/name; verify for production.,Goswami Ganesh Dutta Sanatan Dharma College,goswami ganesh dutta sanatan dharma college,,,,,,,False
453,Government College for Women,government-college-for-women,Government College for Women,4246.0,37,8,1.0,3458,6.5,7.0,,,,True,public_dataset,,,reviewed,Institution type normalized heuristically from source type/name; verify for production.,Government College for Women,government college for women,,,,,,,False
454,Government College of Education,government-college-of-education,Government College of Education,418.0,6,18,1.0,22970,6.5,7.0,,,,True,public_dataset,,,reviewed,Institution type normalized heuristically from source type/name; verify for production.,Government College of Education,government college of education,,,,,,,False
455,Government College of Engineering and Technology,government-college-of-engineering-and-technology,Government College of Engineering and Tech...,4240.0,37,9,1.0,42920,8.0,5.7,,,,True,public_dataset,,,reviewed,Institution type normalized heuristically from source type/name; verify for production.,Government College of Engineering and Technology,government college of engineering and technology,,,,,,,False
456,"Government College of Engineering, Kendujhar",government-college-of-engineering-kendujhar,"Government College of Engineering, Kendujhar",2479.0,26,9,1.0,140000,5.1,7.0,,,,True,public_dataset,,,reviewed,City missing in supplied source; intentionally left null. Institution type normalized heuristically from source type/name; verify for production. City resolved conservatively from institution name (derived_name).,"Government College of Engineering, Kendujhar",government college of engineering kendujhar,,,,,,,False
457,Government Degree College,government-degree-college,Government Degree College,4240.0,37,8,1.0,7290,6.5,7.0,,,,True,public_dataset,,,reviewed,Institution type normalized heuristically from source type/name; verify for production.,Government Degree College,government degree college,,,,,,,False
458,Government Degree College for Boys,government-degree-college-for-boys,Government Degree College for Boys,4257.0,37,8,1.0,21960,6.5,7.0,,,,True,public_dataset,,,reviewed,Institution type normalized heuristically from source type/name; verify for production.,Government Degree College for Boys,government degree college for boys,,,,,,,False
459,"Government Degree College for Boys, Udhampur",government-degree-college-for-boys-udhampur,"Government Degree College for Boys, Udhampur",,39,8,1.0,150000,5.3,6.6,,,,True,public_dataset,,,reviewed,City missing in supplied source; intentionally left null. Institution type normalized heuristically from source type/name; verify for production.,"Government Degree College for Boys, Udhampur",government degree college for boys udhampur,,,,,,,False
460,Government Degree College for Women,government-degree-college-for-women,Government Degree College for Women,4263.0,37,8,1.0,2530,6.5,7.0,,,,True,public_dataset,,,reviewed,Institution type normalized heuristically from source type/name; verify for production.,Government Degree College for Women,government degree college for women,,,,,,,False
461,Government Dental College,government-dental-college,Government Dental College,4246.0,37,11,1.0,120000,6.5,7.0,,,,True,public_dataset,,,reviewed,Institution type normalized heuristically from source type/name; verify for production.,Government Dental College,government dental college,,,,,,,False
462,Government Doon Medical College,government-doon-medical-college,Government Doon Medical College,3935.0,35,8,1.0,165500,6.5,7.0,,,,True,public_dataset,,,reviewed,Institution type normalized heuristically from source type/name; verify for production.,Government Doon Medical College,government doon medical college,,,,,,,False
463,Government Home Science College,government-home-science-college,Government Home Science College,418.0,6,19,1.0,33215,6.5,7.0,,,,True,public_dataset,,,reviewed,Institution type normalized heuristically from source type/name; verify for production.,Government Home Science College,government home science college,,,,,,,False
464,Government Industrial Training Institute,government-industrial-training-institute,Government Industrial Training Institute,418.0,6,8,1.0,150000,6.0,6.5,,,,True,public_dataset,,,reviewed,Institution type normalized heuristically from source type/name; verify for production.,Government Industrial Training Institute,government industrial training institute,,,,,,,False
465,Government Institute of Medical Sciences,government-institute-of-medical-sciences,Government Institute of Medical Sciences,3522.0,34,19,1.0,151100,6.5,7.0,,,,True,public_dataset,,,reviewed,Institution type normalized heuristically from source type/name; verify for production.,Government Institute of Medical Sciences,government institute of medical sciences,,,,,,,False
466,Government MAM College,government-mam-college,Government MAM College,4240.0,37,8,1.0,14068,6.5,7.0,,,,True,public_dataset,,,reviewed,Institution type normalized heuristically from source type/name; verify for production.,Government MAM College,government mam college,,,,,,,False
467,Government Medical College,government-medical-college,Government Medical College,2536.0,28,8,1.0,998000,6.5,7.0,,,,True,public_dataset,,,reviewed,Institution type normalized heuristically from source type/name; verify for production.,Government Medical College,government medical college,,,,,,,False
468,Government Medical College / Rajindra Hospital,government-medical-college-rajindra-hospital,Government Medical College / Rajindra Hosp...,2617.0,28,8,1.0,174000,6.5,7.0,,,,True,public_dataset,,,reviewed,Institution type normalized heuristically from source type/name; verify for production.,Government Medical College / Rajindra Hospital,government medical college rajindra hospital,,,,,,,False
469,Government Medical College and Hospital,government-medical-college-and-hospital,Government Medical College and Hospital,418.0,6,8,1.0,25000,6.5,7.0,,,,True,public_dataset,,,reviewed,Institution type normalized heuristically from source type/name; verify for production.,Government Medical College and Hospital,government medical college and hospital,,,,,,,False
470,"Government Medical College and Hospital , Purnea",government-medical-college-and-hospital-purnea,"Government Medical College and Hospital ,...",4264.0,5,8,1.0,120000,6.5,7.0,,,,True,public_dataset,,,reviewed,Institution type normalized heuristically from source type/name; verify for production.,"Government Medical College and Hospital , Purnea",government medical college and hospital purnea,,,,,,,False
471,Government Polytechnic College,government-polytechnic-college,Government Polytechnic College,,39,17,1.0,2130,6.0,6.5,,,,True,public_dataset,,,reviewed,City missing in supplied source; intentionally left null. Institution type normalized heuristically from source type/name; verify for production.,Government Polytechnic College,government polytechnic college,,,,,,,False
472,"Government Polytechnic College, Anantnag",government-polytechnic-college-anantnag,"Government Polytechnic College, Anantnag",,39,17,1.0,2130,6.0,6.5,,,,True,public_dataset,,,reviewed,City missing in supplied source; intentionally left null. Institution type normalized heuristically from source type/name; verify for production.,"Government Polytechnic College, Anantnag",government polytechnic college anantnag,,,,,,,False
473,"Government Polytechnic College, Bandipora",government-polytechnic-college-bandipora,"Government Polytechnic College, Bandipora",,39,17,1.0,2330,6.0,6.5,,,,True,public_dataset,,,reviewed,City missing in supplied source; intentionally left null. Institution type normalized heuristically from source type/name; verify for production.,"Government Polytechnic College, Bandipora",government polytechnic college bandipora,,,,,,,False
474,"Government Polytechnic College, Baramulla",government-polytechnic-college-baramulla,"Government Polytechnic College, Baramulla",,39,17,1.0,2130,6.0,6.5,,,,True,public_dataset,,,reviewed,City missing in supplied source; intentionally left null. Institution type normalized heuristically from source type/name; verify for production.,"Government Polytechnic College, Baramulla",government polytechnic college baramulla,,,,,,,False
475,"Government Polytechnic College, Budgam",government-polytechnic-college-budgam,"Government Polytechnic College, Budgam",,39,17,1.0,2130,6.0,6.5,,,,True,public_dataset,,,reviewed,City missing in supplied source; intentionally left null. Institution type normalized heuristically from source type/name; verify for production.,"Government Polytechnic College, Budgam",government polytechnic college budgam,,,,,,,False
476,"Government Polytechnic College, Sopore",government-polytechnic-college-sopore,"Government Polytechnic College, Sopore",,39,17,1.0,2130,6.0,6.5,,,,True,public_dataset,,,reviewed,City missing in supplied source; intentionally left null. Institution type normalized heuristically from source type/name; verify for production.,"Government Polytechnic College, Sopore",government polytechnic college sopore,,,,,,,False
477,Government Polytechnic for Women,government-polytechnic-for-women,Government Polytechnic for Women,,6,17,1.0,7225,6.0,6.5,,,,True,public_dataset,,,reviewed,City missing in supplied source; intentionally left null. Institution type normalized heuristically from source type/name; verify for production.,Government Polytechnic for Women,government polytechnic for women,,,,,,,False
478,"Government Polytechnic For Women, Jammu",government-polytechnic-for-women-jammu,"Government Polytechnic For Women, Jammu",,39,17,1.0,2130,6.0,6.5,,,,True,public_dataset,,,reviewed,City missing in supplied source; intentionally left null. Institution type normalized heuristically from source type/name; verify for production.,"Government Polytechnic For Women, Jammu",government polytechnic for women jammu,,,,,,,False
479,"Government Polytechnic Kargil, Kargil",government-polytechnic-kargil-kargil,"Government Polytechnic Kargil, Kargil",,39,17,1.0,2130,6.0,6.5,,,,True,public_dataset,,,reviewed,City missing in supplied source; intentionally left null. Institution type normalized heuristically from source type/name; verify for production.,"Government Polytechnic Kargil, Kargil",government polytechnic kargil kargil,,,,,,,False
480,"Government Polytechnic Laying, Itanagar",government-polytechnic-laying-itanagar,"Government Polytechnic Laying, Itanagar",182.0,3,17,1.0,150000,6.0,6.5,,,,True,public_dataset,,,reviewed,City missing in supplied source; intentionally left null. Institution type normalized heuristically from source type/name; verify for production. City resolved conservatively from institution name (derived_name).,"Government Polytechnic Laying, Itanagar",government polytechnic laying itanagar,,,,,,,False
481,"Government Polytechnic Roing, Roing",government-polytechnic-roing-roing,"Government Polytechnic Roing, Roing",,3,17,1.0,15050,6.0,6.5,,,,True,public_dataset,,,reviewed,City missing in supplied source; intentionally left null. Institution type normalized heuristically from source type/name; verify for production.,"Government Polytechnic Roing, Roing",government polytechnic roing roing,,,,,,,False
482,"Government Polytechnic Sedem, Tuensang",government-polytechnic-sedem-tuensang,"Government Polytechnic Sedem, Tuensang",2408.0,25,17,1.0,10500,6.0,6.5,,,,True,public_dataset,,,reviewed,City missing in supplied source; intentionally left null. Institution type normalized heuristically from source type/name; verify for production. City resolved conservatively from institution name (derived_name).,"Government Polytechnic Sedem, Tuensang",government polytechnic sedem tuensang,,,,,,,False
483,"Government Polytechnic Seithekema C, Dimapur",government-polytechnic-seithekema-c-dimapur,"Government Polytechnic Seithekema C, Dimapur",2402.0,25,17,1.0,8000,6.0,6.5,,,,True,public_dataset,,,reviewed,City missing in supplied source; intentionally left null. Institution type normalized heuristically from source type/name; verify for production. City resolved conservatively from institution name (derived_name).,"Government Polytechnic Seithekema C, Dimapur",government polytechnic seithekema c dimapur,,,,,,,False
484,Government Polytechnic Tsunazho,government-polytechnic-tsunazho,Government Polytechnic Tsunazho,,25,17,1.0,7550,6.0,6.5,,,,True,public_dataset,,,reviewed,City missing in supplied source; intentionally left null. Institution type normalized heuristically from source type/name; verify for production.,Government Polytechnic Tsunazho,government polytechnic tsunazho,,,,,,,False
485,"Government Polytechnic, Bicholim",government-polytechnic-bicholim,"Government Polytechnic, Bicholim",,10,17,1.0,150000,6.0,6.5,,,,True,public_dataset,,,reviewed,City missing in supplied source; intentionally left null. Institution type normalized heuristically from source type/name; verify for production.,"Government Polytechnic, Bicholim",government polytechnic bicholim,,,,,,,False
486,"Government Polytechnic, Curchorem",government-polytechnic-curchorem,"Government Polytechnic, Curchorem",538.0,10,17,1.0,16000,6.0,6.5,,,,True,public_dataset,,,reviewed,City missing in supplied source; intentionally left null. Institution type normalized heuristically from source type/name; verify for production. City resolved conservatively from institution name (derived_name).,"Government Polytechnic, Curchorem",government polytechnic curchorem,,,,,,,False
487,"Government Polytechnic, Daman",government-polytechnic-daman,"Government Polytechnic, Daman",,41,17,1.0,3575,6.0,6.5,,,,True,public_dataset,,,reviewed,City missing in supplied source; intentionally left null. Institution type normalized heuristically from source type/name; verify for production.,"Government Polytechnic, Daman",government polytechnic daman,,,,,,,False
488,"Government Polytechnic, Imphal",government-polytechnic-imphal,"Government Polytechnic, Imphal",2358.0,22,17,1.0,150000,6.0,6.5,,,,True,public_dataset,,,reviewed,City missing in supplied source; intentionally left null. Institution type normalized heuristically from source type/name; verify for production. City resolved conservatively from institution name (derived_name).,"Government Polytechnic, Imphal",government polytechnic imphal,,,,,,,False
489,"Government Polytechnic, Kohima",government-polytechnic-kohima,"Government Polytechnic, Kohima",2403.0,25,17,1.0,7450,6.0,6.5,,,,True,public_dataset,,,reviewed,City missing in supplied source; intentionally left null. Institution type normalized heuristically from source type/name; verify for production. City resolved conservatively from institution name (derived_name).,"Government Polytechnic, Kohima",government polytechnic kohima,,,,,,,False
490,"Government Polytechnic, Kulgam",government-polytechnic-kulgam,"Government Polytechnic, Kulgam",,39,17,1.0,4500,6.0,6.5,,,,True,public_dataset,,,reviewed,City missing in supplied source; intentionally left null. Institution type normalized heuristically from source type/name; verify for production.,"Government Polytechnic, Kulgam",government polytechnic kulgam,,,,,,,False
491,Govind Ballabh Pant Engineering College,govind-ballabh-pant-engineering-college,Govind Ballabh Pant Engineering College,,35,9,,69015,5.1,6.4,,,,True,public_dataset,,,reviewed,City missing in supplied source; intentionally left null. Institution type normalized heuristically from source type/name; verify for production. Ownership not explicit enough in supplied source; left null.,Govind Ballabh Pant Engineering College,govind ballabh pant engineering college,,,,,,,False
492,Govind Ballabh Pant University of Agriculture and Technology,govind-ballabh-pant-university-of-agriculture-and-technology,Govind Ballabh Pant University of Agricult...,4260.0,35,7,1.0,61024,6.5,7.0,,,,True,public_dataset,,,reviewed,Institution type normalized heuristically from source type/name; verify for production.,Govind Ballabh Pant University of Agriculture and Technology,govind ballabh pant university of agriculture and technology,,,,,,,False
493,Govt College of Teacher Education,govt-college-of-teacher-education,Govt College of Teacher Education,986.0,13,18,1.0,10000,6.5,7.0,,,,True,public_dataset,,,reviewed,Institution type normalized heuristically from source type/name; verify for production.,Govt College of Teacher Education,govt college of teacher education,,,,,,,False
494,"Govt Engineering College, Bilaspur",govt-engineering-college-bilaspur,"Govt Engineering College, Bilaspur",435.0,7,9,1.0,12725,5.5,6.9,,,,True,public_dataset,,,reviewed,City missing in supplied source; intentionally left null. Institution type normalized heuristically from source type/name; verify for production. City resolved conservatively from institution name (derived_name).,"Govt Engineering College, Bilaspur",govt engineering college bilaspur,,,,,,,False
495,"Govt. Gandhi Memorial Science College, Jammu",govt-gandhi-memorial-science-college-jammu,"Govt. Gandhi Memorial Science College, Jammu",,39,19,1.0,150000,4.2,6.7,,,,True,public_dataset,,,reviewed,City missing in supplied source; intentionally left null. Institution type normalized heuristically from source type/name; verify for production.,"Govt. Gandhi Memorial Science College, Jammu",govt gandhi memorial science college jammu,,,,,,,False
496,Graphic Era Hill University,graphic-era-hill-university,Graphic Era Hill University,3935.0,35,7,2.0,412500,47.9,8.1,,,,True,public_dataset,,,reviewed,Institution type normalized heuristically from source type/name; verify for production.,Graphic Era Hill University,graphic era hill university,,,,,,,False
497,Graphic Era Hill University Bhimtal Campus,graphic-era-hill-university-bhimtal-campus,Graphic Era Hill University Bhimtal Campus,4265.0,35,7,2.0,220500,47.9,8.1,,,,True,public_dataset,,,reviewed,Institution type normalized heuristically from source type/name; verify for production.,Graphic Era Hill University Bhimtal Campus,graphic era hill university bhimtal campus,,,,,,,False
498,Graphic Era University,graphic-era-university,Graphic Era University,3935.0,35,7,2.0,323400,8.5,7.5,52.0,,,True,public_dataset,,,reviewed,Institution type normalized heuristically from source type/name; verify for production.,Graphic Era University,graphic era university,,,,,,,True
499,"Graphic Era University, School of Engineering and",graphic-era-university-school-of-engineering-and,"Graphic Era University, School of Engineer...",3935.0,35,7,,236400,8.8,8.2,,,,True,public_dataset,,,reviewed,Institution type normalized heuristically from source type/name; verify for production. Ownership not explicit enough in supplied source; left null.,"Graphic Era University, School of Engineering and",graphic era university school of engineering and,,,,,,,False
500,Great Lakes Institute of Management,great-lakes-institute-of-management,Great Lakes Institute of Management,906.0,12,8,2.0,1808000,22.5,8.5,,,,True,public_dataset,,,reviewed,Institution type normalized heuristically from source type/name; verify for production.,Great Lakes Institute of Management,great lakes institute of management,,,,,,,False
501,"Green Hills Engineering College, Solan",green-hills-engineering-college-solan,"Green Hills Engineering College, Solan",1015.0,13,9,,80700,4.4,6.0,,,,True,public_dataset,,,reviewed,City missing in supplied source; intentionally left null. Institution type normalized heuristically from source type/name; verify for production. Ownership not explicit enough in supplied source; left null. City resolved conservatively from institution name (derived_name).,"Green Hills Engineering College, Solan",green hills engineering college solan,,,,,,,False
502,"GSFC University, Vadodara",gsfc-university-vadodara,"GSFC University, Vadodara",852.0,11,7,,121250,7.9,8.1,,,,True,public_dataset,,,reviewed,City missing in supplied source; intentionally left null. Institution type normalized heuristically from source type/name; verify for production. Ownership not explicit enough in supplied source; left null. City resolved conservatively from institution name (derived_name).,"GSFC University, Vadodara",gsfc university vadodara,,,,,,,False
503,GSVM Medical College,gsvm-medical-college,GSVM Medical College,3597.0,34,8,1.0,39600,6.5,7.0,,,,True,public_dataset,,,reviewed,Institution type normalized heuristically from source type/name; verify for production.,GSVM Medical College,gsvm medical college,,,,,,,False
504,Gudlavalleru Engineering College,gudlavalleru-engineering-college,Gudlavalleru Engineering College,53.0,2,9,,81600,7.5,8.2,,,,True,public_dataset,,,reviewed,City missing in supplied source; intentionally left null. Institution type normalized heuristically from source type/name; verify for production. Ownership not explicit enough in supplied source; left null. City resolved conservatively from institution name (derived_name).,Gudlavalleru Engineering College,gudlavalleru engineering college,,,,,,,False
505,Gujarat National Law University,gujarat-national-law-university,Gujarat National Law University,4266.0,11,5,1.0,216000,11.0,7.0,,,,True,public_dataset,,,reviewed,Institution type normalized heuristically from source type/name; verify for production.,Gujarat National Law University,gujarat national law university,,,,,,,False
506,Gujarat University,gujarat-university,Gujarat University,575.0,11,7,,200000,7.5,7.0,76.0,,,True,public_dataset,,,reviewed,Institution type normalized heuristically from source type/name; verify for production. Ownership not explicit enough in supplied source; left null.,Gujarat University,gujarat university,,,,,,,False
507,Gulzar Group of Institutes,gulzar-group-of-institutes,Gulzar Group of Institutes,2598.0,28,8,2.0,121200,17.0,8.0,,,,True,public_dataset,,,reviewed,Institution type normalized heuristically from source type/name; verify for production.,Gulzar Group of Institutes,gulzar group of institutes,,,,,,,False
508,Guru Gobind Singh Indraprastha University,guru-gobind-singh-indraprastha-university,Guru Gobind Singh Indraprastha University,513.0,9,7,,189500,10.0,7.8,80.0,,,True,public_dataset,,,reviewed,Institution type normalized heuristically from source type/name; verify for production. Ownership not explicit enough in supplied source; left null.,Guru Gobind Singh Indraprastha University,guru gobind singh indraprastha university,,,,,,,False
509,Guru Kashi University,guru-kashi-university,Guru Kashi University,4251.0,28,7,2.0,4000,6.5,6.5,,,,True,public_dataset,,,reviewed,Institution type normalized heuristically from source type/name; verify for production.,Guru Kashi University,guru kashi university,,,,,,,False
510,"Guru Kashi University, Bathinda",guru-kashi-university-bathinda,"Guru Kashi University, Bathinda",4251.0,28,7,,92680,7.2,7.5,,,,True,public_dataset,,,reviewed,City missing in supplied source; intentionally left null. Institution type normalized heuristically from source type/name; verify for production. Ownership not explicit enough in supplied source; left null. City resolved conservatively from institution name (derived_name).,"Guru Kashi University, Bathinda",guru kashi university bathinda,,,,,,,False
511,Guru Nanak Dev Engineering College,guru-nanak-dev-engineering-college,Guru Nanak Dev Engineering College,2598.0,28,9,2.0,120619,10.0,7.7,,,,True,public_dataset,,,reviewed,Institution type normalized heuristically from source type/name; verify for production.,Guru Nanak Dev Engineering College,guru nanak dev engineering college,,,,,,,False
512,Gurugram University,gurugram-university,Gurugram University,906.0,12,7,1.0,20470,6.5,7.0,,,,True,public_dataset,,,reviewed,Institution type normalized heuristically from source type/name; verify for production.,Gurugram University,gurugram university,,,,,,,False
513,"Gurugram University, Gurgaon",gurugram-university-gurgaon,"Gurugram University, Gurgaon",,38,7,,40000,8.0,8.2,,,,True,public_dataset,,,reviewed,City missing in supplied source; intentionally left null. Institution type normalized heuristically from source type/name; verify for production. Ownership not explicit enough in supplied source; left null.,"Gurugram University, Gurgaon",gurugram university gurgaon,,,,,,,False
514,"Gurukul Vidyapeeth, Chandigarh",gurukul-vidyapeeth-chandigarh,"Gurukul Vidyapeeth, Chandigarh",418.0,6,8,,150000,2.0,3.5,,,,True,public_dataset,,,reviewed,City missing in supplied source; intentionally left null. Institution type normalized heuristically from source type/name; verify for production. Ownership not explicit enough in supplied source; left null. City resolved conservatively from institution name (derived_name).,"Gurukul Vidyapeeth, Chandigarh",gurukul vidyapeeth chandigarh,,,,,,,False
515,H.D. Jain College,h-d-jain-college,H.D. Jain College,288.0,5,8,2.0,1800,6.5,6.5,,,,True,public_dataset,,,reviewed,Institution type normalized heuristically from source type/name; verify for production.,H.D. Jain College,h d jain college,,,,,,,False
516,Haldia Institute of Technology,haldia-institute-of-technology,Haldia Institute of Technology,4084.0,36,9,,116350,7.2,7.8,,,,True,public_dataset,,,reviewed,City missing in supplied source; intentionally left null. Institution type normalized heuristically from source type/name; verify for production. Ownership not explicit enough in supplied source; left null. City resolved conservatively from institution name (derived_name).,Haldia Institute of Technology,haldia institute of technology,,,,,,,False
517,Harcourt Butler Technological University,harcourt-butler-technological-university,Harcourt Butler Technological University,,34,7,,135000,7.8,7.3,,,,True,public_dataset,,,reviewed,City missing in supplied source; intentionally left null. Institution type normalized heuristically from source type/name; verify for production. Ownership not explicit enough in supplied source; left null.,Harcourt Butler Technological University,harcourt butler technological university,,,,,,,False
518,Hargovandas Lakhmichand College of Commerce (H L College of Commerce),hargovandas-lakhmichand-college-of-commerce-h-l-college-of-commerce,Hargovandas Lakhmichand College of Commerc...,575.0,11,8,1.0,40000,0.3,5.5,,,,True,public_dataset,,,reviewed,Institution type normalized heuristically from source type/name; verify for production.,Hargovandas Lakhmichand College of Commerce (H L College of Commerce),hargovandas lakhmichand college of commerce h l college of commerce,,,,,,,False
519,Hemchandracharya North Gujarat University,hemchandracharya-north-gujarat-university,Hemchandracharya North Gujarat University,792.0,11,7,1.0,26130,6.5,7.0,,,,True,public_dataset,,,reviewed,Institution type normalized heuristically from source type/name; verify for production.,Hemchandracharya North Gujarat University,hemchandracharya north gujarat university,,,,,,,False
520,Heritage Institute of Hotel and Tourism,heritage-institute-of-hotel-and-tourism,Heritage Institute of Hotel and Tourism,1013.0,13,8,2.0,330000,6.5,6.5,,,,True,public_dataset,,,reviewed,Institution type normalized heuristically from source type/name; verify for production.,Heritage Institute of Hotel and Tourism,heritage institute of hotel and tourism,,,,,,,False
521,Heritage Institute of Technology,heritage-institute-of-technology,Heritage Institute of Technology,,36,9,,116200,7.6,7.8,,,,True,public_dataset,,,reviewed,City missing in supplied source; intentionally left null. Institution type normalized heuristically from source type/name; verify for production. Ownership not explicit enough in supplied source; left null.,Heritage Institute of Technology,heritage institute of technology,,,,,,,False
522,Himachal Institute of Engineering and Technology,himachal-institute-of-engineering-and-technology,Himachal Institute of Engineering and Tech...,986.0,13,9,2.0,73000,6.5,7.5,,,,True,public_dataset,,,reviewed,Institution type normalized heuristically from source type/name; verify for production.,Himachal Institute of Engineering and Technology,himachal institute of engineering and technology,,,,,,,False
523,Himachal Pradesh University,himachal-pradesh-university,Himachal Pradesh University,1013.0,13,7,1.0,3234,6.5,7.0,,,,True,public_dataset,,,reviewed,Institution type normalized heuristically from source type/name; verify for production.,Himachal Pradesh University,himachal pradesh university,,,,,,,False
524,Himachal Pradesh University Business School,himachal-pradesh-university-business-school,Himachal Pradesh University Business School,1013.0,13,16,1.0,25000,6.5,7.0,,,,True,public_dataset,,,reviewed,Institution type normalized heuristically from source type/name; verify for production.,Himachal Pradesh University Business School,himachal pradesh university business school,,,,,,,False
525,Himalayan Group of Professional Institutions,himalayan-group-of-professional-institutions,Himalayan Group of Professional Institutions,1014.0,13,8,2.0,92570,20.0,8.5,,,,True,public_dataset,,,reviewed,Institution type normalized heuristically from source type/name; verify for production.,Himalayan Group of Professional Institutions,himalayan group of professional institutions,,,,,,,False
526,"Himalayan Group of Professional Institutions, Sirmaur",himalayan-group-of-professional-institutions-sirmaur,Himalayan Group of Professional Institutio...,1014.0,13,8,,84200,8.2,8.2,,,,True,public_dataset,,,reviewed,City missing in supplied source; intentionally left null. Institution type normalized heuristically from source type/name; verify for production. Ownership not explicit enough in supplied source; left null. City resolved conservatively from institution name (derived_name).,"Himalayan Group of Professional Institutions, Sirmaur",himalayan group of professional institutions sirmaur,,,,,,,False
527,Himalayan Institute of Medical Sciences,himalayan-institute-of-medical-sciences,Himalayan Institute of Medical Sciences,3935.0,35,19,2.0,2357000,6.5,6.5,,,,True,public_dataset,,,reviewed,Institution type normalized heuristically from source type/name; verify for production.,Himalayan Institute of Medical Sciences,himalayan institute of medical sciences,,,,,,,False
528,Himalayan University,himalayan-university,Himalayan University,4267.0,3,7,,81000,8.1,8.6,,,,True,public_dataset,,,reviewed,Institution type normalized heuristically from source type/name; verify for production. Ownership not explicit enough in supplied source; left null.,Himalayan University,himalayan university,,,,,,,False
529,Himgiri Zee University,himgiri-zee-university,Himgiri Zee University,,35,7,,90000,7.7,7.9,,,,True,public_dataset,,,reviewed,City missing in supplied source; intentionally left null. Institution type normalized heuristically from source type/name; verify for production. Ownership not explicit enough in supplied source; left null.,Himgiri Zee University,himgiri zee university,,,,,,,False
530,Hindustan College of Engineering,hindustan-college-of-engineering,Hindustan College of Engineering,,17,9,,50000,8.0,8.0,,,,True,public_dataset,,,reviewed,City missing in supplied source; intentionally left null. Institution type normalized heuristically from source type/name; verify for production. Ownership not explicit enough in supplied source; left null.,Hindustan College of Engineering,hindustan college of engineering,,,,,,,False
531,Homi Bhabha National Institute,homi-bhabha-national-institute,Homi Bhabha National Institute,2123.0,21,7,,50000,18.0,9.0,16.0,,,True,public_dataset,,,reviewed,Institution type normalized heuristically from source type/name; verify for production. Ownership not explicit enough in supplied source; left null.,Homi Bhabha National Institute,homi bhabha national institute,,,,,,,True
532,Hotel & Catering Management Institute,hotel-and-catering-management-institute,Hotel & Catering Management Institute,418.0,6,16,2.0,69200,6.5,6.5,,,,True,public_dataset,,,reviewed,Institution type normalized heuristically from source type/name; verify for production.,Hotel & Catering Management Institute,hotel catering management institute,,,,,,,False
533,Hyderabad Central University,hyderabad-central-university,Hyderabad Central University,3216.0,32,7,3.0,100000,9.0,7.5,,,,True,public_dataset,,,reviewed,Imported from supplied college source and normalized for MVP.,Hyderabad Central University,hyderabad central university,,,,,,,False
534,I.K. Gujral Punjab Technical University,i-k-gujral-punjab-technical-university,I.K. Gujral Punjab Technical University,2585.0,28,7,1.0,126200,6.5,8.1,,,,True,public_dataset,,,reviewed,Institution type normalized heuristically from source type/name; verify for production.,I.K. Gujral Punjab Technical University,i k gujral punjab technical university,,,,,,,False
535,IBMR Business School,ibmr-business-school,IBMR Business School,906.0,12,16,2.0,457500,15.0,8.0,,,,True,public_dataset,,,reviewed,Institution type normalized heuristically from source type/name; verify for production.,IBMR Business School,ibmr business school,,,,,,,False
536,ICFAI Business School,icfai-business-school,ICFAI Business School,3935.0,35,16,2.0,702000,10.7,7.0,,,,True,public_dataset,,,reviewed,Institution type normalized heuristically from source type/name; verify for production.,ICFAI Business School,icfai business school,,,,,,,False
537,ICFAI University,icfai-university,ICFAI University,965.0,13,7,2.0,36800,6.5,6.5,,,,True,public_dataset,,,reviewed,Institution type normalized heuristically from source type/name; verify for production.,ICFAI University,icfai university,,,,,,,False
538,"ICFAI University, Baddi",icfai-university-baddi,"ICFAI University, Baddi",965.0,13,7,,95000,8.0,8.0,,,,True,public_dataset,,,reviewed,City missing in supplied source; intentionally left null. Institution type normalized heuristically from source type/name; verify for production. Ownership not explicit enough in supplied source; left null. City resolved conservatively from institution name (derived_name).,"ICFAI University, Baddi",icfai university baddi,,,,,,,False
539,"ICFAI University, Dehradun",icfai-university-dehradun,"ICFAI University, Dehradun",3935.0,35,7,,156000,7.3,7.8,,,,True,public_dataset,,,reviewed,City missing in supplied source; intentionally left null. Institution type normalized heuristically from source type/name; verify for production. Ownership not explicit enough in supplied source; left null. City resolved conservatively from institution name (derived_name).,"ICFAI University, Dehradun",icfai university dehradun,,,,,,,False
540,"ICFAI University, Raipur",icfai-university-raipur,"ICFAI University, Raipur",483.0,7,7,,100000,8.6,8.6,,,,True,public_dataset,,,reviewed,City missing in supplied source; intentionally left null. Institution type normalized heuristically from source type/name; verify for production. Ownership not explicit enough in supplied source; left null. City resolved conservatively from institution name (derived_name).,"ICFAI University, Raipur",icfai university raipur,,,,,,,False
541,"ICFAI University, West Tripura",icfai-university-west-tripura,"ICFAI University, West Tripura",3300.0,33,7,,130000,7.6,8.0,,,,True,public_dataset,,,reviewed,City missing in supplied source; intentionally left null. Institution type normalized heuristically from source type/name; verify for production. Ownership not explicit enough in supplied source; left null. City resolved conservatively from institution name (derived_name).,"ICFAI University, West Tripura",icfai university west tripura,,,,,,,False
542,ICL Institute of Engineering and Technology,icl-institute-of-engineering-and-technology,ICL Institute of Engineering and Technology,881.0,12,9,2.0,85000,6.5,6.5,,,,True,public_dataset,,,reviewed,Institution type normalized heuristically from source type/name; verify for production.,ICL Institute of Engineering and Technology,icl institute of engineering and technology,,,,,,,False
543,IEC University Baddi,iec-university-baddi,IEC University Baddi,965.0,13,7,,118600,8.0,7.6,,,,True,public_dataset,,,reviewed,City missing in supplied source; intentionally left null. Institution type normalized heuristically from source type/name; verify for production. Ownership not explicit enough in supplied source; left null. City resolved conservatively from institution name (derived_name).,IEC University Baddi,iec university baddi,,,,,,,False
544,"IFTM University, Moradabad",iftm-university-moradabad,"IFTM University, Moradabad",3713.0,34,7,,107000,6.8,7.8,,,,True,public_dataset,,,reviewed,City missing in supplied source; intentionally left null. Institution type normalized heuristically from source type/name; verify for production. Ownership not explicit enough in supplied source; left null. City resolved conservatively from institution name (derived_name).,"IFTM University, Moradabad",iftm university moradabad,,,,,,,False
545,IGNOU,ignou,IGNOU,513.0,9,7,3.0,100000,6.0,7.5,,,,True,public_dataset,,,reviewed,Imported from supplied college source and normalized for MVP.,IGNOU,ignou,,,,,,,False
546,IIEST Shibpur,iiest-shibpur,IIEST Shibpur,4093.0,36,8,1.0,110000,10.0,7.8,,,,True,public_dataset,,,reviewed,Institution type normalized heuristically from source type/name; verify for production.,IIEST Shibpur,iiest shibpur,,,,,,,False
547,IIFT Delhi Indian Institute of Foreign Trade,iift-delhi-indian-institute-of-foreign-trade,IIFT Delhi Indian Institute of Foreign Trade,4254.0,38,8,1.0,675462,27.3,7.0,,,,True,public_dataset,,,reviewed,Institution type normalized heuristically from source type/name; verify for production.,IIFT Delhi Indian Institute of Foreign Trade,iift delhi indian institute of foreign trade,,,,,,,False
548,IIHMR University,iihmr-university,IIHMR University,2711.0,29,7,2.0,1250000,35.6,8.5,,,,True,public_dataset,,,reviewed,Institution type normalized heuristically from source type/name; verify for production.,IIHMR University,iihmr university,,,,,,,False
549,IILM Institute for Business & Management,iilm-institute-for-business-and-management,IILM Institute for Business & Management,906.0,12,8,2.0,340000,10.0,7.0,,,,True,public_dataset,,,reviewed,Institution type normalized heuristically from source type/name; verify for production.,IILM Institute for Business & Management,iilm institute for business management,,,,,,,False
550,"IILM University, Gurgaon",iilm-university-gurgaon,"IILM University, Gurgaon",906.0,12,7,,330000,8.6,8.4,,,,True,public_dataset,,,reviewed,City missing in supplied source; intentionally left null. Institution type normalized heuristically from source type/name; verify for production. Ownership not explicit enough in supplied source; left null. City resolved conservatively from institution name (derived_name).,"IILM University, Gurgaon",iilm university gurgaon,,,,,,,False
551,IIS (Deemed to be University),iis-deemed-to-be-university,IIS (Deemed to be University),,29,7,6.0,99300,7.9,8.3,,,,True,public_dataset,,,reviewed,City missing in supplied source; intentionally left null. Institution type normalized heuristically from source type/name; verify for production. Ownership not explicit enough in supplied source; left null.,IIS (Deemed to be University),iis deemed to be university,,,,,,,False
552,IISc Bangalore,iisc-bangalore,IISc Bangalore,1184.0,16,7,3.0,90000,26.4,9.6,,,,True,public_dataset,,,reviewed,Imported from supplied college source and normalized for MVP.,IISc Bangalore,iisc bangalore,,,,,,,False
553,IMI - International Management Institute,imi-international-management-institute,IMI - International Management Institute,4254.0,38,16,2.0,2200000,14.0,6.5,,,,True,public_dataset,,,reviewed,Institution type normalized heuristically from source type/name; verify for production.,IMI - International Management Institute,imi international management institute,,,,,,,False
554,IMS Unison University,ims-unison-university,IMS Unison University,3935.0,35,7,2.0,122000,41.6,8.5,,,,True,public_dataset,,,reviewed,Institution type normalized heuristically from source type/name; verify for production.,IMS Unison University,ims unison university,,,,,,,False
555,IMT - Institute of Management Technology,imt-institute-of-management-technology,IMT - Institute of Management Technology,3505.0,34,8,2.0,3042976,41.5,8.5,,,,True,public_dataset,,,reviewed,Institution type normalized heuristically from source type/name; verify for production.,IMT - Institute of Management Technology,imt institute of management technology,,,,,,,False
556,Indian Institute of Aeronautical Engineering,indian-institute-of-aeronautical-engineering,Indian Institute of Aeronautical Engineering,,35,8,,300000,8.0,8.3,,,,True,public_dataset,,,reviewed,City missing in supplied source; intentionally left null. Institution type normalized heuristically from source type/name; verify for production. Ownership not explicit enough in supplied source; left null.,Indian Institute of Aeronautical Engineering,indian institute of aeronautical engineering,,,,,,,False
557,Indian Institute of Chemical Technology,indian-institute-of-chemical-technology,Indian Institute of Chemical Technology,,32,8,,150000,7.7,7.7,,,,True,public_dataset,,,reviewed,City missing in supplied source; intentionally left null. Institution type normalized heuristically from source type/name; verify for production. Ownership not explicit enough in supplied source; left null.,Indian Institute of Chemical Technology,indian institute of chemical technology,,,,,,,False
558,Indian Institute of Forest Management,indian-institute-of-forest-management,Indian Institute of Forest Management,1559.0,20,8,1.0,738000,20.5,8.5,,,,True,public_dataset,,,reviewed,Institution type normalized heuristically from source type/name; verify for production.,Indian Institute of Forest Management,indian institute of forest management,,,,,,,False
559,"Indian Institute of Information Technology , Kottayam",indian-institute-of-information-technology-kottayam,Indian Institute of Information Technology...,1441.0,17,8,,198950,8.6,8.3,,,,True,public_dataset,,,reviewed,City missing in supplied source; intentionally left null. Institution type normalized heuristically from source type/name; verify for production. Ownership not explicit enough in supplied source; left null. City resolved conservatively from institution name (derived_name).,"Indian Institute of Information Technology , Kottayam",indian institute of information technology kottayam,,,,,,,False
560,Indian Institute of Information Technology Design and,indian-institute-of-information-technology-design-and,Indian Institute of Information Technology...,,2,8,,144600,7.2,7.4,,,,True,public_dataset,,,reviewed,City missing in supplied source; intentionally left null. Institution type normalized heuristically from source type/name; verify for production. Ownership not explicit enough in supplied source; left null.,Indian Institute of Information Technology Design and,indian institute of information technology design and,,,,,,,False
561,Indian Institute of Information Technology Design and Manufacturing,indian-institute-of-information-technology-design-and-manufacturing,Indian Institute of Information Technology...,1612.0,20,8,1.0,174000,6.5,7.0,,,,True,public_dataset,,,reviewed,Institution type normalized heuristically from source type/name; verify for production.,Indian Institute of Information Technology Design and Manufacturing,indian institute of information technology design and manufacturing,,,,,,,False
562,Indian Institute of Information Technology Sri City,indian-institute-of-information-technology-sri-city,Indian Institute of Information Technology...,,2,8,,103000,7.3,7.0,,,,True,public_dataset,,,reviewed,City missing in supplied source; intentionally left null. Institution type normalized heuristically from source type/name; verify for production. Ownership not explicit enough in supplied source; left null.,Indian Institute of Information Technology Sri City,indian institute of information technology sri city,,,,,,,False
563,Indian Institute of Information Technology Vadodara,indian-institute-of-information-technology-vadodara,Indian Institute of Information Technology...,659.0,11,8,1.0,290220,56.3,7.8,,,,True,public_dataset,,,reviewed,Institution type normalized heuristically from source type/name; verify for production.,Indian Institute of Information Technology Vadodara,indian institute of information technology vadodara,,,,,,,False
564,"Indian Institute of Information Technology, Bhopal",indian-institute-of-information-technology-bhopal,Indian Institute of Information Technology...,1559.0,20,8,,179500,5.0,6.0,,,,True,public_dataset,,,reviewed,City missing in supplied source; intentionally left null. Institution type normalized heuristically from source type/name; verify for production. Ownership not explicit enough in supplied source; left null. City resolved conservatively from institution name (derived_name).,"Indian Institute of Information Technology, Bhopal",indian institute of information technology bhopal,,,,,,,False
565,Indian Institute of Science,indian-institute-of-science,Indian Institute of Science,1184.0,16,19,1.0,220800,26.4,9.0,,,,True,public_dataset,,,reviewed,Institution type normalized heuristically from source type/name; verify for production.,Indian Institute of Science,indian institute of science,,,,,,,False
566,"Indian Institute of Science, Bengaluru",indian-institute-of-science-bengaluru,"Indian Institute of Science, Bengaluru",1184.0,16,7,,90000,7.0,9.6,1.0,,,True,public_dataset,,,reviewed,Institution type normalized heuristically from source type/name; verify for production. Ownership not explicit enough in supplied source; left null.,"Indian Institute of Science, Bengaluru",indian institute of science bengaluru,,,,,,,True
567,"Indian Institute of Science, Department of Management Studies",indian-institute-of-science-department-of-management-studies,"Indian Institute of Science, Department of...",1184.0,16,16,1.0,266500,37.5,8.5,,,,True,public_dataset,,,reviewed,Institution type normalized heuristically from source type/name; verify for production.,"Indian Institute of Science, Department of Management Studies",indian institute of science department of management studies,,,,,,,False
568,Indian Institute of Space Science and Technology,indian-institute-of-space-science-and-technology,Indian Institute of Space Science and Tech...,,17,19,,142400,7.7,8.1,,,,True,public_dataset,,,reviewed,City missing in supplied source; intentionally left null. Institution type normalized heuristically from source type/name; verify for production. Ownership not explicit enough in supplied source; left null.,Indian Institute of Space Science and Technology,indian institute of space science and technology,,,,,,,False
569,Indian School of Business,indian-school-of-business,Indian School of Business,2607.0,28,8,2.0,4542480,33.2,9.1,,,,True,public_dataset,,,reviewed,Institution type normalized heuristically from source type/name; verify for production.,Indian School of Business,indian school of business,,,,,,,False
570,Indira Gandhi Delhi Technical University For Women,indira-gandhi-delhi-technical-university-for-women,Indira Gandhi Delhi Technical University F...,,38,7,,88000,8.3,7.6,,,,True,public_dataset,,,reviewed,City missing in supplied source; intentionally left null. Institution type normalized heuristically from source type/name; verify for production. Ownership not explicit enough in supplied source; left null.,Indira Gandhi Delhi Technical University For Women,indira gandhi delhi technical university for women,,,,,,,False
571,Indira Gandhi Institute of Medical Sciences,indira-gandhi-institute-of-medical-sciences,Indira Gandhi Institute of Medical Sciences,387.0,5,19,1.0,70000,6.5,7.0,,,,True,public_dataset,,,reviewed,Institution type normalized heuristically from source type/name; verify for production.,Indira Gandhi Institute of Medical Sciences,indira gandhi institute of medical sciences,,,,,,,False
572,"Indira Gandhi Institute of Technology, Dhenkanal",indira-gandhi-institute-of-technology-dhenkanal,"Indira Gandhi Institute of Technology, Dhe...",2454.0,26,9,,34500,6.7,7.8,,,,True,public_dataset,,,reviewed,City missing in supplied source; intentionally left null. Institution type normalized heuristically from source type/name; verify for production. Ownership not explicit enough in supplied source; left null. City resolved conservatively from institution name (derived_name).,"Indira Gandhi Institute of Technology, Dhenkanal",indira gandhi institute of technology dhenkanal,,,,,,,False
573,Indira Gandhi Medical College,indira-gandhi-medical-college,Indira Gandhi Medical College,1013.0,13,8,1.0,60000,6.5,7.0,,,,True,public_dataset,,,reviewed,Institution type normalized heuristically from source type/name; verify for production.,Indira Gandhi Medical College,indira gandhi medical college,,,,,,,False
574,Indira Gandhi National Forest Academy,indira-gandhi-national-forest-academy,Indira Gandhi National Forest Academy,,35,8,,184500,9.0,8.7,,,,True,public_dataset,,,reviewed,City missing in supplied source; intentionally left null. Institution type normalized heuristically from source type/name; verify for production. Ownership not explicit enough in supplied source; left null.,Indira Gandhi National Forest Academy,indira gandhi national forest academy,,,,,,,False
575,Indira Gandhi Polytechnic College,indira-gandhi-polytechnic-college,Indira Gandhi Polytechnic College,,27,17,,7095,6.0,6.5,,,,True,public_dataset,,,reviewed,City missing in supplied source; intentionally left null. Institution type normalized heuristically from source type/name; verify for production. Ownership not explicit enough in supplied source; left null.,Indira Gandhi Polytechnic College,indira gandhi polytechnic college,,,,,,,False
576,Indo Global College of Engineering,indo-global-college-of-engineering,Indo Global College of Engineering,2607.0,28,9,2.0,100200,6.5,6.5,,,,True,public_dataset,,,reviewed,Institution type normalized heuristically from source type/name; verify for production.,Indo Global College of Engineering,indo global college of engineering,,,,,,,False
577,Indo Swiss Training Centre,indo-swiss-training-centre,Indo Swiss Training Centre,418.0,6,8,1.0,20000,9.0,8.6,,,,True,public_dataset,,,reviewed,Institution type normalized heuristically from source type/name; verify for production.,Indo Swiss Training Centre,indo swiss training centre,,,,,,,False
578,Indraprastha Institute of Information Technology,indraprastha-institute-of-information-technology,Indraprastha Institute of Information Tech...,4254.0,38,8,1.0,462000,49.0,8.7,,,,True,public_dataset,,,reviewed,Institution type normalized heuristically from source type/name; verify for production.,Indraprastha Institute of Information Technology,indraprastha institute of information technology,,,,,,,False
579,Indraprastha Institute of Technology and Management,indraprastha-institute-of-technology-and-management,Indraprastha Institute of Technology and M...,,38,9,,125000,8.7,8.3,,,,True,public_dataset,,,reviewed,City missing in supplied source; intentionally left null. Institution type normalized heuristically from source type/name; verify for production. Ownership not explicit enough in supplied source; left null.,Indraprastha Institute of Technology and Management,indraprastha institute of technology and management,,,,,,,False
580,Indubhai Parekh School of Architecture,indubhai-parekh-school-of-architecture,Indubhai Parekh School of Architecture,801.0,11,14,2.0,129000,6.5,6.5,,,,True,public_dataset,,,reviewed,Institution type normalized heuristically from source type/name; verify for production.,Indubhai Parekh School of Architecture,indubhai parekh school of architecture,,,,,,,False
581,Indus International University,indus-international-university,Indus International University,1019.0,13,7,2.0,62000,6.5,6.8,,,,True,public_dataset,,,reviewed,Institution type normalized heuristically from source type/name; verify for production.,Indus International University,indus international university,,,,,,,False
582,Indus University,indus-university,Indus University,575.0,11,7,2.0,110600,30.0,8.5,,,,True,public_dataset,,,reviewed,Institution type normalized heuristically from source type/name; verify for production.,Indus University,indus university,,,,,,,False
583,"Indus University, Ahmedabad",indus-university-ahmedabad,"Indus University, Ahmedabad",575.0,11,7,,96000,6.8,7.5,,,,True,public_dataset,,,reviewed,City missing in supplied source; intentionally left null. Institution type normalized heuristically from source type/name; verify for production. Ownership not explicit enough in supplied source; left null. City resolved conservatively from institution name (derived_name).,"Indus University, Ahmedabad",indus university ahmedabad,,,,,,,False
584,Institute of Advanced Studies in Education,institute-of-advanced-studies-in-education,Institute of Advanced Studies in Education,,29,18,,79400,7.5,8.2,,,,True,public_dataset,,,reviewed,City missing in supplied source; intentionally left null. Institution type normalized heuristically from source type/name; verify for production. Ownership not explicit enough in supplied source; left null.,Institute of Advanced Studies in Education,institute of advanced studies in education,,,,,,,False
585,Institute of Aeronautical Engineering,institute-of-aeronautical-engineering,Institute of Aeronautical Engineering,,32,8,,90000,8.0,8.3,,,,True,public_dataset,,,reviewed,City missing in supplied source; intentionally left null. Institution type normalized heuristically from source type/name; verify for production. Ownership not explicit enough in supplied source; left null.,Institute of Aeronautical Engineering,institute of aeronautical engineering,,,,,,,False
586,"Institute of Architecture & Planning, Nirma University",institute-of-architecture-and-planning-nirma-university,"Institute of Architecture & Planning, Nirm...",575.0,11,14,2.0,152200,6.5,6.5,,,,True,public_dataset,,,reviewed,Institution type normalized heuristically from source type/name; verify for production.,"Institute of Architecture & Planning, Nirma University",institute of architecture planning nirma university,,,,,,,False
587,Institute of Chemical Technology,institute-of-chemical-technology,Institute of Chemical Technology,2123.0,21,7,,85350,12.0,8.5,35.0,,,True,public_dataset,,,reviewed,Institution type normalized heuristically from source type/name; verify for production. Ownership not explicit enough in supplied source; left null.,Institute of Chemical Technology,institute of chemical technology,,,,,,,True
588,"Institute of Communication and Information Technology, Kohima",institute-of-communication-and-information-technology-kohima,Institute of Communication and Information...,2403.0,25,8,,150000,6.0,6.5,,,,True,public_dataset,,,reviewed,City missing in supplied source; intentionally left null. Institution type normalized heuristically from source type/name; verify for production. Ownership not explicit enough in supplied source; left null. City resolved conservatively from institution name (derived_name).,"Institute of Communication and Information Technology, Kohima",institute of communication and information technology kohima,,,,,,,False
589,Institute of Dental Sciences,institute-of-dental-sciences,Institute of Dental Sciences,4240.0,37,19,2.0,345000,6.5,6.5,,,,True,public_dataset,,,reviewed,Institution type normalized heuristically from source type/name; verify for production.,Institute of Dental Sciences,institute of dental sciences,,,,,,,False
590,"Institute of Engineering and Technology, Devi Ahilya University",institute-of-engineering-and-technology-devi-ahilya-university,"Institute of Engineering and Technology, D...",1609.0,20,7,2.0,105950,57.0,7.7,,,,True,public_dataset,,,reviewed,Institution type normalized heuristically from source type/name; verify for production.,"Institute of Engineering and Technology, Devi Ahilya University",institute of engineering and technology devi ahilya university,,,,,,,False
591,Institute of Hotel Management,institute-of-hotel-management,Institute of Hotel Management,2576.0,28,8,1.0,109600,3.6,5.5,,,,True,public_dataset,,,reviewed,Institution type normalized heuristically from source type/name; verify for production.,Institute of Hotel Management,institute of hotel management,,,,,,,False
592,Institute of Hotel Management Catering and Nutrition,institute-of-hotel-management-catering-and-nutrition,Institute of Hotel Management Catering and...,1013.0,13,8,1.0,129415,6.5,7.0,,,,True,public_dataset,,,reviewed,Institution type normalized heuristically from source type/name; verify for production.,Institute of Hotel Management Catering and Nutrition,institute of hotel management catering and nutrition,,,,,,,False
593,Institute of Hotel Management Catering Technology and Applied Nutrition,institute-of-hotel-management-catering-technology-and-applied-nutrition,Institute of Hotel Management Catering Tec...,4246.0,37,8,1.0,106900,6.5,7.0,,,,True,public_dataset,,,reviewed,Institution type normalized heuristically from source type/name; verify for production.,Institute of Hotel Management Catering Technology and Applied Nutrition,institute of hotel management catering technology and applied nutrition,,,,,,,False
594,Institute of Information Technology & Management,institute-of-information-technology-and-management,Institute of Information Technology & Mana...,,20,8,,77000,8.5,8.5,,,,True,public_dataset,,,reviewed,City missing in supplied source; intentionally left null. Institution type normalized heuristically from source type/name; verify for production. Ownership not explicit enough in supplied source; left null.,Institute of Information Technology & Management,institute of information technology management,,,,,,,False
595,Institute of Infrastructure Technology Research and Management,institute-of-infrastructure-technology-research-and-management,Institute of Infrastructure Technology Res...,575.0,11,8,1.0,128000,6.5,7.6,,,,True,public_dataset,,,reviewed,Institution type normalized heuristically from source type/name; verify for production.,Institute of Infrastructure Technology Research and Management,institute of infrastructure technology research and management,,,,,,,False
596,"Institute of Law, Nirma University",institute-of-law-nirma-university,"Institute of Law, Nirma University",575.0,11,10,2.0,400700,19.5,8.0,,,,True,public_dataset,,,reviewed,Institution type normalized heuristically from source type/name; verify for production.,"Institute of Law, Nirma University",institute of law nirma university,,,,,,,False
597,"Institute of Management Studies, Banaras Hindu University",institute-of-management-studies-banaras-hindu-university,"Institute of Management Studies, Banaras H...",3915.0,34,16,1.0,70000,23.5,8.5,,,,True,public_dataset,,,reviewed,Institution type normalized heuristically from source type/name; verify for production.,"Institute of Management Studies, Banaras Hindu University",institute of management studies banaras hindu university,,,,,,,False
598,Institute of Medical Sciences,institute-of-medical-sciences,Institute of Medical Sciences,3915.0,34,19,1.0,149000,6.5,7.0,,,,True,public_dataset,,,reviewed,Institution type normalized heuristically from source type/name; verify for production.,Institute of Medical Sciences,institute of medical sciences,,,,,,,False
599,Institute of Rural Management,institute-of-rural-management,Institute of Rural Management,581.0,11,8,2.0,1074508,31.2,8.5,,,,True,public_dataset,,,reviewed,Institution type normalized heuristically from source type/name; verify for production.,Institute of Rural Management,institute of rural management,,,,,,,False
600,Institute of Technical Education and Research,institute-of-technical-education-and-research,Institute of Technical Education and Research,,26,18,,250000,8.3,8.2,,,,True,public_dataset,,,reviewed,City missing in supplied source; intentionally left null. Institution type normalized heuristically from source type/name; verify for production. Ownership not explicit enough in supplied source; left null.,Institute of Technical Education and Research,institute of technical education and research,,,,,,,False
601,"Institute of Technology, Nirma University, Ahmedabad",institute-of-technology-nirma-university-ahmedabad,"Institute of Technology, Nirma University,...",575.0,11,7,,197200,8.0,8.3,,,,True,public_dataset,,,reviewed,City missing in supplied source; intentionally left null. Institution type normalized heuristically from source type/name; verify for production. Ownership not explicit enough in supplied source; left null. City resolved conservatively from institution name (derived_name).,"Institute of Technology, Nirma University, Ahmedabad",institute of technology nirma university ahmedabad,,,,,,,False
602,"Integral University, Lucknow",integral-university-lucknow,"Integral University, Lucknow",3661.0,34,7,,140000,6.5,7.4,,,,True,public_dataset,,,reviewed,City missing in supplied source; intentionally left null. Institution type normalized heuristically from source type/name; verify for production. Ownership not explicit enough in supplied source; left null. City resolved conservatively from institution name (derived_name).,"Integral University, Lucknow",integral university lucknow,,,,,,,False
603,International Institute of Hotel Management,international-institute-of-hotel-management,International Institute of Hotel Management,,10,8,,150000,9.1,8.7,,,,True,public_dataset,,,reviewed,City missing in supplied source; intentionally left null. Institution type normalized heuristically from source type/name; verify for production. Ownership not explicit enough in supplied source; left null.,International Institute of Hotel Management,international institute of hotel management,,,,,,,False
604,International Institute of Information Technology,international-institute-of-information-technology,International Institute of Information Tec...,1184.0,16,8,2.0,460000,6.5,8.7,,,,True,public_dataset,,,reviewed,Institution type normalized heuristically from source type/name; verify for production.,International Institute of Information Technology,international institute of information technology,,,,,,,False
605,International Institute of Information Technology Hyderabad,international-institute-of-information-technology-hyderabad,International Institute of Information Tec...,3216.0,32,7,,340000,25.0,9.0,74.0,,,True,public_dataset,,,reviewed,Institution type normalized heuristically from source type/name; verify for production. Ownership not explicit enough in supplied source; left null.,International Institute of Information Technology Hyderabad,international institute of information technology hyderabad,,,,,,,False
606,IPS Academy,ips-academy,IPS Academy,1609.0,20,8,2.0,126700,6.5,6.5,,,,True,public_dataset,,,reviewed,Institution type normalized heuristically from source type/name; verify for production.,IPS Academy,ips academy,,,,,,,False
607,ISF College of pharmacy,isf-college-of-pharmacy,ISF College of pharmacy,2606.0,28,12,2.0,90000,5.0,6.0,,,,True,public_dataset,,,reviewed,Institution type normalized heuristically from source type/name; verify for production.,ISF College of pharmacy,isf college of pharmacy,,,,,,,False
608,ISI Kolkata,isi-kolkata,ISI Kolkata,4128.0,36,7,3.0,80000,18.0,9.0,,,,True,public_dataset,,,reviewed,Imported from supplied college source and normalized for MVP.,ISI Kolkata,isi kolkata,,,,,,,False
609,Islamic University of Science and Technology,islamic-university-of-science-and-technology,Islamic University of Science and Technology,4268.0,37,7,1.0,76200,6.5,7.4,,,,True,public_dataset,,,reviewed,Institution type normalized heuristically from source type/name; verify for production.,Islamic University of Science and Technology,islamic university of science and technology,,,,,,,False
610,"ITM University, Raipur",itm-university-raipur,"ITM University, Raipur",483.0,7,7,,120000,7.2,7.4,,,,True,public_dataset,,,reviewed,City missing in supplied source; intentionally left null. Institution type normalized heuristically from source type/name; verify for production. Ownership not explicit enough in supplied source; left null. City resolved conservatively from institution name (derived_name).,"ITM University, Raipur",itm university raipur,,,,,,,False
611,"ITM University, School of Management",itm-university-school-of-management,"ITM University, School of Management",1596.0,20,16,2.0,205000,45.0,8.5,,,,True,public_dataset,,,reviewed,Institution type normalized heuristically from source type/name; verify for production.,"ITM University, School of Management",itm university school of management,,,,,,,False
612,"J.C. Bose University Of Science And Technology,",j-c-bose-university-of-science-and-technology,J.C. Bose University Of Science And Techno...,,38,7,,83625,7.7,7.3,,,,True,public_dataset,,,reviewed,City missing in supplied source; intentionally left null. Institution type normalized heuristically from source type/name; verify for production. Ownership not explicit enough in supplied source; left null.,"J.C. Bose University Of Science And Technology,",j c bose university of science and technology,,,,,,,False
613,"J.C. Bose University Of Science And Technology, YMCA",j-c-bose-university-of-science-and-technology-ymca,J.C. Bose University Of Science And Techno...,897.0,12,7,1.0,112866,47.0,8.5,,,https://jcboseust.ac.in/,True,public_dataset,,,reviewed,Institution type normalized heuristically from source type/name; verify for production.,"J.C. Bose University Of Science And Technology, YMCA",j c bose university of science and technology ymca,,,,,,,False
614,J.S. University,j-s-university,J.S. University,,34,7,,47500,8.2,8.5,,,,True,public_dataset,,,reviewed,City missing in supplied source; intentionally left null. Institution type normalized heuristically from source type/name; verify for production. Ownership not explicit enough in supplied source; left null.,J.S. University,j s university,,,,,,,False
615,Jabalpur Engineering College,jabalpur-engineering-college,Jabalpur Engineering College,1612.0,20,9,1.0,14369,7.0,7.2,,,,True,public_dataset,,,reviewed,Institution type normalized heuristically from source type/name; verify for production.,Jabalpur Engineering College,jabalpur engineering college,,,,,,,False
616,Jadavpur University,jadavpur-university,Jadavpur University,4128.0,36,7,,2400,8.0,7.0,9.0,,,True,public_dataset,,,reviewed,Institution type normalized heuristically from source type/name; verify for production. Ownership not explicit enough in supplied source; left null.,Jadavpur University,jadavpur university,,,,,,,True
617,"Jagannath University, Jaipur",jagannath-university-jaipur,"Jagannath University, Jaipur",2711.0,29,7,,114000,6.9,7.3,,,,True,public_dataset,,,reviewed,City missing in supplied source; intentionally left null. Institution type normalized heuristically from source type/name; verify for production. Ownership not explicit enough in supplied source; left null. City resolved conservatively from institution name (derived_name).,"Jagannath University, Jaipur",jagannath university jaipur,,,,,,,False
618,Jagran Lakecity University,jagran-lakecity-university,Jagran Lakecity University,1559.0,20,7,2.0,180000,12.0,8.0,,,,True,public_dataset,,,reviewed,Institution type normalized heuristically from source type/name; verify for production.,Jagran Lakecity University,jagran lakecity university,,,,,,,False
619,Jai Narain Vyas University,jai-narain-vyas-university,Jai Narain Vyas University,2720.0,29,7,1.0,2570,6.5,7.0,,,,True,public_dataset,,,reviewed,Institution type normalized heuristically from source type/name; verify for production.,Jai Narain Vyas University,jai narain vyas university,,,,,,,False
620,Jai Prakash University,jai-prakash-university,Jai Prakash University,321.0,5,7,1.0,3846,6.5,7.0,,,,True,public_dataset,,,reviewed,Institution type normalized heuristically from source type/name; verify for production.,Jai Prakash University,jai prakash university,,,,,,,False
621,"Jain University, Bangalore",jain-university-bangalore,"Jain University, Bangalore",1184.0,16,7,,200000,8.0,7.0,65.0,,,True,public_dataset,,,reviewed,Institution type normalized heuristically from source type/name; verify for production. Ownership not explicit enough in supplied source; left null.,"Jain University, Bangalore",jain university bangalore,,,,,,,True
622,"Jaipur Engineering College and Research Centre, Jaipur",jaipur-engineering-college-and-research-centre-jaipur,Jaipur Engineering College and Research Ce...,2711.0,29,9,,92000,8.1,7.7,,,,True,public_dataset,,,reviewed,City missing in supplied source; intentionally left null. Institution type normalized heuristically from source type/name; verify for production. Ownership not explicit enough in supplied source; left null. City resolved conservatively from institution name (derived_name).,"Jaipur Engineering College and Research Centre, Jaipur",jaipur engineering college and research centre jaipur,,,,,,,False
623,Jaipur National University,jaipur-national-university,Jaipur National University,2711.0,29,7,,114000,6.7,7.5,,,,True,public_dataset,,,reviewed,City missing in supplied source; intentionally left null. Institution type normalized heuristically from source type/name; verify for production. Ownership not explicit enough in supplied source; left null. City resolved conservatively from institution name (derived_name).,Jaipur National University,jaipur national university,,,,,,,False
624,Jaipuria Institute of Management,jaipuria-institute-of-management,Jaipuria Institute of Management,3661.0,34,8,2.0,755000,36.6,8.5,,,,True,public_dataset,,,reviewed,Institution type normalized heuristically from source type/name; verify for production.,Jaipuria Institute of Management,jaipuria institute of management,,,,,,,False
625,Jalpaiguri Government Engineering College,jalpaiguri-government-engineering-college,Jalpaiguri Government Engineering College,4100.0,36,9,1.0,14877,7.3,7.8,,,,True,public_dataset,,,reviewed,City missing in supplied source; intentionally left null. Institution type normalized heuristically from source type/name; verify for production. City resolved conservatively from institution name (derived_name).,Jalpaiguri Government Engineering College,jalpaiguri government engineering college,,,,,,,False
626,Jamia Hamdard,jamia-hamdard,Jamia Hamdard,513.0,9,7,,115000,8.0,7.0,40.0,,,True,public_dataset,,,reviewed,Institution type normalized heuristically from source type/name; verify for production. Ownership not explicit enough in supplied source; left null.,Jamia Hamdard,jamia hamdard,,,,,,,True
627,Jamia Millia Islamia,jamia-millia-islamia,Jamia Millia Islamia,513.0,9,7,,90000,9.0,8.2,3.0,,,True,public_dataset,,,reviewed,Institution type normalized heuristically from source type/name; verify for production. Ownership not explicit enough in supplied source; left null.,Jamia Millia Islamia,jamia millia islamia,,,,,,,True
628,"Jamia Millia Islamia University, New Delhi",jamia-millia-islamia-university-new-delhi,"Jamia Millia Islamia University, New Delhi",4254.0,38,7,,16150,7.2,8.0,,,,True,public_dataset,,,reviewed,City missing in supplied source; intentionally left null. Institution type normalized heuristically from source type/name; verify for production. Ownership not explicit enough in supplied source; left null. City resolved conservatively from institution name (derived_name).,"Jamia Millia Islamia University, New Delhi",jamia millia islamia university new delhi,,,,,,,False
629,Jamia Tul Banat Saifni,jamia-tul-banat-saifni,Jamia Tul Banat Saifni,4246.0,37,8,2.0,43000,6.5,6.5,,,,True,public_dataset,,,reviewed,Institution type normalized heuristically from source type/name; verify for production.,Jamia Tul Banat Saifni,jamia tul banat saifni,,,,,,,False
630,Jammu Institute of Ayurveda and Research College,jammu-institute-of-ayurveda-and-research-college,Jammu Institute of Ayurveda and Research C...,4240.0,37,8,2.0,354665,6.5,6.5,,,,True,public_dataset,,,reviewed,Institution type normalized heuristically from source type/name; verify for production.,Jammu Institute of Ayurveda and Research College,jammu institute of ayurveda and research college,,,,,,,False
631,Jawahar Lal Nehru Medical College,jawahar-lal-nehru-medical-college,Jawahar Lal Nehru Medical College,3310.0,34,8,1.0,239200,6.5,7.0,,,,True,public_dataset,,,reviewed,Institution type normalized heuristically from source type/name; verify for production.,Jawahar Lal Nehru Medical College,jawahar lal nehru medical college,,,,,,,False
632,Jawaharlal Nehru Government Engineering College,jawaharlal-nehru-government-engineering-college,Jawaharlal Nehru Government Engineering Co...,1016.0,13,9,1.0,60000,6.5,6.6,,,,True,public_dataset,,,reviewed,Institution type normalized heuristically from source type/name; verify for production.,Jawaharlal Nehru Government Engineering College,jawaharlal nehru government engineering college,,,,,,,False
633,Jawaharlal Nehru Medical College,jawaharlal-nehru-medical-college,Jawaharlal Nehru Medical College,2647.0,29,8,1.0,125265,6.5,7.0,,,,True,public_dataset,,,reviewed,Institution type normalized heuristically from source type/name; verify for production.,Jawaharlal Nehru Medical College,jawaharlal nehru medical college,,,,,,,False
634,Jawaharlal Nehru Technological University,jawaharlal-nehru-technological-university,Jawaharlal Nehru Technological University,,2,7,,100000,7.1,7.4,,,,True,public_dataset,,,reviewed,City missing in supplied source; intentionally left null. Institution type normalized heuristically from source type/name; verify for production. Ownership not explicit enough in supplied source; left null.,Jawaharlal Nehru Technological University,jawaharlal nehru technological university,,,,,,,False
635,Jawaharlal Nehru University,jawaharlal-nehru-university,Jawaharlal Nehru University,513.0,9,7,,200000,8.5,8.8,2.0,,,True,public_dataset,,,reviewed,Institution type normalized heuristically from source type/name; verify for production. Ownership not explicit enough in supplied source; left null.,Jawaharlal Nehru University,jawaharlal nehru university,,,,,,,True
636,Jaypee Institute of Information Technology University,jaypee-institute-of-information-technology-university,Jaypee Institute of Information Technology...,3751.0,34,7,2.0,406000,11.0,7.8,,,,True,public_dataset,,,reviewed,Institution type normalized heuristically from source type/name; verify for production.,Jaypee Institute of Information Technology University,jaypee institute of information technology university,,,,,,,False
637,Jaypee University of Engineering and Technology,jaypee-university-of-engineering-and-technology,Jaypee University of Engineering and Techn...,,20,7,,189500,7.4,7.9,,,,True,public_dataset,,,reviewed,City missing in supplied source; intentionally left null. Institution type normalized heuristically from source type/name; verify for production. Ownership not explicit enough in supplied source; left null.,Jaypee University of Engineering and Technology,jaypee university of engineering and technology,,,,,,,False
638,JECRC University,jecrc-university,JECRC University,,29,7,,185000,8.1,8.1,,,,True,public_dataset,,,reviewed,City missing in supplied source; intentionally left null. Institution type normalized heuristically from source type/name; verify for production. Ownership not explicit enough in supplied source; left null.,JECRC University,jecrc university,,,,,,,False
639,Jhalawar Hospital & Medical College,jhalawar-hospital-and-medical-college,Jhalawar Hospital & Medical College,2716.0,29,10,1.0,125246,6.5,7.0,,,,True,public_dataset,,,reviewed,Institution type normalized heuristically from source type/name; verify for production.,Jhalawar Hospital & Medical College,jhalawar hospital medical college,,,,,,,False
640,Jharkhand Rai University,jharkhand-rai-university,Jharkhand Rai University,,15,7,,85000,6.9,7.7,,,,True,public_dataset,,,reviewed,City missing in supplied source; intentionally left null. Institution type normalized heuristically from source type/name; verify for production. Ownership not explicit enough in supplied source; left null.,Jharkhand Rai University,jharkhand rai university,,,,,,,False
641,JIIT Noida,jiit-noida,JIIT Noida,3751.0,34,20,2.0,450000,11.0,8.0,,,,True,public_dataset,,,reviewed,Institution type normalized heuristically from source type/name; verify for production.,JIIT Noida,jiit noida,,,,,,,False
642,JIS College of Engineering,jis-college-of-engineering,JIS College of Engineering,,36,9,,129800,7.8,7.9,,,,True,public_dataset,,,reviewed,City missing in supplied source; intentionally left null. Institution type normalized heuristically from source type/name; verify for production. Ownership not explicit enough in supplied source; left null.,JIS College of Engineering,jis college of engineering,,,,,,,False
643,Jiwaji University,jiwaji-university,Jiwaji University,1596.0,20,7,1.0,23320,5.0,6.0,,,,True,public_dataset,,,reviewed,Institution type normalized heuristically from source type/name; verify for production.,Jiwaji University,jiwaji university,,,,,,,False
644,"JNTUA College of Engineering, Ananthapur",jntua-college-of-engineering-ananthapur,"JNTUA College of Engineering, Ananthapur",,2,9,,25000,6.3,7.0,,,,True,public_dataset,,,reviewed,City missing in supplied source; intentionally left null. Institution type normalized heuristically from source type/name; verify for production. Ownership not explicit enough in supplied source; left null.,"JNTUA College of Engineering, Ananthapur",jntua college of engineering ananthapur,,,,,,,False
645,JNTUH Hyderabad,jntuh-hyderabad,JNTUH Hyderabad,3216.0,32,7,4.0,150000,8.5,7.5,,,,True,public_dataset,,,reviewed,Imported from supplied college source and normalized for MVP.,JNTUH Hyderabad,jntuh hyderabad,,,,,,,False
646,"JNTUK University College of Engineering, Kakinada, East",jntuk-university-college-of-engineering-kakinada-east,"JNTUK University College of Engineering, K...",63.0,2,7,,10000,7.0,7.7,,,,True,public_dataset,,,reviewed,City missing in supplied source; intentionally left null. Institution type normalized heuristically from source type/name; verify for production. Ownership not explicit enough in supplied source; left null. City resolved conservatively from institution name (derived_name).,"JNTUK University College of Engineering, Kakinada, East",jntuk university college of engineering kakinada east,,,,,,,False
647,Jorhat Engineering College,jorhat-engineering-college,Jorhat Engineering College,243.0,4,9,,11000,7.1,7.7,,,,True,public_dataset,,,reviewed,City missing in supplied source; intentionally left null. Institution type normalized heuristically from source type/name; verify for production. Ownership not explicit enough in supplied source; left null. City resolved conservatively from institution name (derived_name).,Jorhat Engineering College,jorhat engineering college,,,,,,,False
648,"Jowai Polytechnic, Jowai",jowai-polytechnic-jowai,"Jowai Polytechnic, Jowai",,23,17,,1500,6.0,6.5,,,,True,public_dataset,,,reviewed,City missing in supplied source; intentionally left null. Institution type normalized heuristically from source type/name; verify for production. Ownership not explicit enough in supplied source; left null.,"Jowai Polytechnic, Jowai",jowai polytechnic jowai,,,,,,,False
649,JSS Academy of Higher Education and Research,jss-academy-of-higher-education-and-research,JSS Academy of Higher Education and Research,1321.0,16,7,,200000,8.0,7.0,24.0,,,True,public_dataset,,,reviewed,Institution type normalized heuristically from source type/name; verify for production. Ownership not explicit enough in supplied source; left null.,JSS Academy of Higher Education and Research,jss academy of higher education and research,,,,,,,True
650,JUIT Waknaghat,juit-waknaghat,JUIT Waknaghat,1015.0,13,8,2.0,400000,8.0,6.5,,,,True,public_dataset,,,reviewed,Institution type normalized heuristically from source type/name; verify for production.,JUIT Waknaghat,juit waknaghat,,,,,,,False
651,K L University,k-l-university,K L University,,2,7,,250000,8.3,8.3,,,,True,public_dataset,,,reviewed,City missing in supplied source; intentionally left null. Institution type normalized heuristically from source type/name; verify for production. Ownership not explicit enough in supplied source; left null.,K L University,k l university,,,,,,,False
652,K. J. Somaiya College of Engineering,k-j-somaiya-college-of-engineering,K. J. Somaiya College of Engineering,,21,9,,286000,8.0,8.2,,,,True,public_dataset,,,reviewed,City missing in supplied source; intentionally left null. Institution type normalized heuristically from source type/name; verify for production. Ownership not explicit enough in supplied source; left null.,K. J. Somaiya College of Engineering,k j somaiya college of engineering,,,,,,,False
653,K.R. Mangalam University,k-r-mangalam-university,K.R. Mangalam University,906.0,12,7,2.0,120000,56.6,8.5,,,,True,public_dataset,,,reviewed,Institution type normalized heuristically from source type/name; verify for production.,K.R. Mangalam University,k r mangalam university,,,,,,,False
654,Kakatiya Institute of Technology & Science,kakatiya-institute-of-technology-and-science,Kakatiya Institute of Technology & Science,,32,9,,125960,7.9,8.2,,,,True,public_dataset,,,reviewed,City missing in supplied source; intentionally left null. Institution type normalized heuristically from source type/name; verify for production. Ownership not explicit enough in supplied source; left null.,Kakatiya Institute of Technology & Science,kakatiya institute of technology science,,,,,,,False
655,Kalasalingam Academy of Research and Education,kalasalingam-academy-of-research-and-education,Kalasalingam Academy of Research and Educa...,3114.0,31,7,,200000,6.5,7.0,30.0,,,True,public_dataset,,,reviewed,Institution type normalized heuristically from source type/name; verify for production. Ownership not explicit enough in supplied source; left null.,Kalasalingam Academy of Research and Education,kalasalingam academy of research and education,,,,,,,True
656,Kalinga Institute of Industrial Technology,kalinga-institute-of-industrial-technology,Kalinga Institute of Industrial Technology,4239.0,26,7,,200000,8.5,8.0,15.0,,,True,public_dataset,,,reviewed,Institution type normalized heuristically from source type/name; verify for production. Ownership not explicit enough in supplied source; left null.,Kalinga Institute of Industrial Technology,kalinga institute of industrial technology,,,,,,,True
657,Kalpana Chawla Government Medical College,kalpana-chawla-government-medical-college,Kalpana Chawla Government Medical College,921.0,12,8,1.0,80000,6.5,7.0,,,,True,public_dataset,,,reviewed,Institution type normalized heuristically from source type/name; verify for production.,Kalpana Chawla Government Medical College,kalpana chawla government medical college,,,,,,,False
658,Kalyani Government Engineering College,kalyani-government-engineering-college,Kalyani Government Engineering College,4113.0,36,9,1.0,16155,7.4,7.9,,,,True,public_dataset,,,reviewed,City missing in supplied source; intentionally left null. Institution type normalized heuristically from source type/name; verify for production. City resolved conservatively from institution name (derived_name).,Kalyani Government Engineering College,kalyani government engineering college,,,,,,,False
659,Kamla Nehru College for Women,kamla-nehru-college-for-women,Kamla Nehru College for Women,2589.0,28,8,2.0,350000,6.5,6.5,,,,True,public_dataset,,,reviewed,Institution type normalized heuristically from source type/name; verify for production.,Kamla Nehru College for Women,kamla nehru college for women,,,,,,,False
660,Kanya Mahavidyalaya,kanya-mahavidyalaya,Kanya Mahavidyalaya,2585.0,28,8,2.0,20510,6.5,6.5,,,,True,public_dataset,,,reviewed,Institution type normalized heuristically from source type/name; verify for production.,Kanya Mahavidyalaya,kanya mahavidyalaya,,,,,,,False
661,Karaikal Polytechnic College,karaikal-polytechnic-college,Karaikal Polytechnic College,2525.0,27,17,,6000,6.0,6.5,,,,True,public_dataset,,,reviewed,City missing in supplied source; intentionally left null. Institution type normalized heuristically from source type/name; verify for production. Ownership not explicit enough in supplied source; left null. City resolved conservatively from institution name (derived_name).,Karaikal Polytechnic College,karaikal polytechnic college,,,,,,,False
662,Karunya Institute of Technology and Sciences,karunya-institute-of-technology-and-sciences,Karunya Institute of Technology and Sciences,,31,9,,213500,7.5,7.9,,,,True,public_dataset,,,reviewed,City missing in supplied source; intentionally left null. Institution type normalized heuristically from source type/name; verify for production. Ownership not explicit enough in supplied source; left null.,Karunya Institute of Technology and Sciences,karunya institute of technology and sciences,,,,,,,False
663,Kashmir Government Polytechnic,kashmir-government-polytechnic,Kashmir Government Polytechnic,,39,17,1.0,2130,7.0,7.5,,,,True,public_dataset,,,reviewed,City missing in supplied source; intentionally left null. Institution type normalized heuristically from source type/name; verify for production.,Kashmir Government Polytechnic,kashmir government polytechnic,,,,,,,False
664,Kashmir Law College,kashmir-law-college,Kashmir Law College,4246.0,37,10,2.0,105000,6.5,6.5,,,,True,public_dataset,,,reviewed,Institution type normalized heuristically from source type/name; verify for production.,Kashmir Law College,kashmir law college,,,,,,,False
665,Katihar Engineering College,katihar-engineering-college,Katihar Engineering College,353.0,5,9,,150000,7.0,7.5,,,,True,public_dataset,,,reviewed,Institution type normalized heuristically from source type/name; verify for production. Ownership not explicit enough in supplied source; left null.,Katihar Engineering College,katihar engineering college,,,,,,,False
666,Katihar Medical College,katihar-medical-college,Katihar Medical College,353.0,5,8,2.0,1405000,6.5,6.5,,,,True,public_dataset,,,reviewed,Institution type normalized heuristically from source type/name; verify for production.,Katihar Medical College,katihar medical college,,,,,,,False
667,Kaziranga University,kaziranga-university,Kaziranga University,,4,7,,130500,7.2,7.5,,,,True,public_dataset,,,reviewed,City missing in supplied source; intentionally left null. Institution type normalized heuristically from source type/name; verify for production. Ownership not explicit enough in supplied source; left null.,Kaziranga University,kaziranga university,,,,,,,False
668,KC Group of Institutions,kc-group-of-institutions,KC Group of Institutions,1019.0,13,8,2.0,274000,6.5,6.5,,,,True,public_dataset,,,reviewed,Institution type normalized heuristically from source type/name; verify for production.,KC Group of Institutions,kc group of institutions,,,,,,,False
669,KC Law College,kc-law-college,KC Law College,4240.0,37,10,2.0,350000,6.5,6.5,,,,True,public_dataset,,,reviewed,Institution type normalized heuristically from source type/name; verify for production.,KC Law College,kc law college,,,,,,,False
670,Kerala University,kerala-university,Kerala University,1493.0,17,7,,200000,7.5,7.0,21.0,,,True,public_dataset,,,reviewed,Institution type normalized heuristically from source type/name; verify for production. Ownership not explicit enough in supplied source; left null.,Kerala University,kerala university,,,,,,,True
671,Keshav Memorial Institute of Technology,keshav-memorial-institute-of-technology,Keshav Memorial Institute of Technology,,32,9,,111500,9.0,8.2,,,,True,public_dataset,,,reviewed,City missing in supplied source; intentionally left null. Institution type normalized heuristically from source type/name; verify for production. Ownership not explicit enough in supplied source; left null.,Keshav Memorial Institute of Technology,keshav memorial institute of technology,,,,,,,False
672,Khalsa College,khalsa-college,Khalsa College,2536.0,28,8,2.0,59960,6.5,6.5,,,,True,public_dataset,,,reviewed,Institution type normalized heuristically from source type/name; verify for production.,Khalsa College,khalsa college,,,,,,,False
673,"Khelhoshe Polytechnic Atoizu, Kohima",khelhoshe-polytechnic-atoizu-kohima,"Khelhoshe Polytechnic Atoizu, Kohima",2403.0,25,17,,11100,6.0,6.5,,,,True,public_dataset,,,reviewed,City missing in supplied source; intentionally left null. Institution type normalized heuristically from source type/name; verify for production. Ownership not explicit enough in supplied source; left null. City resolved conservatively from institution name (derived_name).,"Khelhoshe Polytechnic Atoizu, Kohima",khelhoshe polytechnic atoizu kohima,,,,,,,False
674,KIET Group of Institutions,kiet-group-of-institutions,KIET Group of Institutions,3505.0,34,8,2.0,350000,6.5,6.5,,,,True,public_dataset,,,reviewed,Institution type normalized heuristically from source type/name; verify for production.,KIET Group of Institutions,kiet group of institutions,,,,,,,False
675,KIIT University Bhubaneswar,kiit-university-bhubaneswar,KIIT University Bhubaneswar,4239.0,26,20,2.0,350000,8.5,8.0,,,,True,public_dataset,,,reviewed,Institution type normalized heuristically from source type/name; verify for production.,KIIT University Bhubaneswar,kiit university bhubaneswar,,,,,,,False
676,King George`s Medical University,king-george-s-medical-university,King George`s Medical University,3661.0,34,7,,41600,11.0,7.0,53.0,,,True,public_dataset,,,reviewed,Institution type normalized heuristically from source type/name; verify for production. Ownership not explicit enough in supplied source; left null.,King George`s Medical University,king george s medical university,,,,,,,True
677,"Kirodimal Institute of Technology, Raigarh",kirodimal-institute-of-technology-raigarh,"Kirodimal Institute of Technology, Raigarh",482.0,7,9,,31500,7.0,7.0,,,,True,public_dataset,,,reviewed,City missing in supplied source; intentionally left null. Institution type normalized heuristically from source type/name; verify for production. Ownership not explicit enough in supplied source; left null. City resolved conservatively from institution name (derived_name).,"Kirodimal Institute of Technology, Raigarh",kirodimal institute of technology raigarh,,,,,,,False
678,"Kite Polytechnic College, Budgam",kite-polytechnic-college-budgam,"Kite Polytechnic College, Budgam",,39,17,,150000,6.0,6.5,,,,True,public_dataset,,,reviewed,City missing in supplied source; intentionally left null. Institution type normalized heuristically from source type/name; verify for production. Ownership not explicit enough in supplied source; left null.,"Kite Polytechnic College, Budgam",kite polytechnic college budgam,,,,,,,False
679,"KK College of Engineering and Management, Dhanbad",kk-college-of-engineering-and-management-dhanbad,"KK College of Engineering and Management,...",1093.0,15,9,,89570,4.7,6.5,,,,True,public_dataset,,,reviewed,City missing in supplied source; intentionally left null. Institution type normalized heuristically from source type/name; verify for production. Ownership not explicit enough in supplied source; left null. City resolved conservatively from institution name (derived_name).,"KK College of Engineering and Management, Dhanbad",kk college of engineering and management dhanbad,,,,,,,False
680,KL University Vijayawada,kl-university-vijayawada,KL University Vijayawada,161.0,2,7,2.0,350000,8.0,6.5,,,,True,public_dataset,,,reviewed,Institution type normalized heuristically from source type/name; verify for production.,KL University Vijayawada,kl university vijayawada,,,,,,,False
681,KLE Society's Institute of Hotel Management and Catering Technology,kle-society-s-institute-of-hotel-management-and-catering-technology,KLE Society's Institute of Hotel Managemen...,1184.0,16,8,2.0,110000,6.5,6.5,,,,True,public_dataset,,,reviewed,Institution type normalized heuristically from source type/name; verify for production.,KLE Society's Institute of Hotel Management and Catering Technology,kle society s institute of hotel management and catering technology,,,,,,,False
682,KLE Society's Law College,kle-society-s-law-college,KLE Society's Law College,1184.0,16,10,2.0,120000,6.5,6.5,,,,True,public_dataset,,,reviewed,Institution type normalized heuristically from source type/name; verify for production.,KLE Society's Law College,kle society s law college,,,,,,,False
683,"KLE Technological University, Hubli",kle-technological-university-hubli,"KLE Technological University, Hubli",,16,7,,15000,8.4,8.4,,,,True,public_dataset,,,reviewed,City missing in supplied source; intentionally left null. Institution type normalized heuristically from source type/name; verify for production. Ownership not explicit enough in supplied source; left null.,"KLE Technological University, Hubli",kle technological university hubli,,,,,,,False
684,"KMCT College of Engineering, Kozhikode",kmct-college-of-engineering-kozhikode,"KMCT College of Engineering, Kozhikode",1443.0,17,9,,75000,5.7,7.3,,,,True,public_dataset,,,reviewed,City missing in supplied source; intentionally left null. Institution type normalized heuristically from source type/name; verify for production. Ownership not explicit enough in supplied source; left null. City resolved conservatively from institution name (derived_name).,"KMCT College of Engineering, Kozhikode",kmct college of engineering kozhikode,,,,,,,False
685,Koneru Lakshmaiah Education Foundation University (K L College of Engineering),koneru-lakshmaiah-education-foundation-university-k-l-college-of-engineering,Koneru Lakshmaiah Education Foundation Uni...,4269.0,2,18,,200000,8.0,7.0,22.0,,,True,public_dataset,,,reviewed,Institution type normalized heuristically from source type/name; verify for production. Ownership not explicit enough in supplied source; left null.,Koneru Lakshmaiah Education Foundation University (K L College of Engineering),koneru lakshmaiah education foundation university k l college of engineering,,,,,,,True
686,Kongu Engineering College,kongu-engineering-college,Kongu Engineering College,,31,9,,60000,8.3,8.3,,,,True,public_dataset,,,reviewed,City missing in supplied source; intentionally left null. Institution type normalized heuristically from source type/name; verify for production. Ownership not explicit enough in supplied source; left null.,Kongu Engineering College,kongu engineering college,,,,,,,False
687,Krea University,krea-university,Krea University,4270.0,2,7,2.0,1200000,10.0,6.5,,,,True,public_dataset,,,reviewed,Institution type normalized heuristically from source type/name; verify for production.,Krea University,krea university,,,,,,,False
688,Krishna Engineering College,krishna-engineering-college,Krishna Engineering College,,7,9,,75200,6.6,7.4,,,,True,public_dataset,,,reviewed,City missing in supplied source; intentionally left null. Institution type normalized heuristically from source type/name; verify for production. Ownership not explicit enough in supplied source; left null.,Krishna Engineering College,krishna engineering college,,,,,,,False
689,Krupajal Engineering College,krupajal-engineering-college,Krupajal Engineering College,,26,9,,72000,4.9,6.3,,,,True,public_dataset,,,reviewed,City missing in supplied source; intentionally left null. Institution type normalized heuristically from source type/name; verify for production. Ownership not explicit enough in supplied source; left null.,Krupajal Engineering College,krupajal engineering college,,,,,,,False
690,Kumaraguru College of Technology,kumaraguru-college-of-technology,Kumaraguru College of Technology,,31,8,,50000,7.9,8.2,,,,True,public_dataset,,,reviewed,City missing in supplied source; intentionally left null. Institution type normalized heuristically from source type/name; verify for production. Ownership not explicit enough in supplied source; left null.,Kumaraguru College of Technology,kumaraguru college of technology,,,,,,,False
691,Kurukshetra University,kurukshetra-university,Kurukshetra University,924.0,12,7,1.0,12690,6.5,7.0,,,,True,public_dataset,,,reviewed,Institution type normalized heuristically from source type/name; verify for production.,Kurukshetra University,kurukshetra university,,,,,,,False
692,L.D. College of Engineering,l-d-college-of-engineering,L.D. College of Engineering,575.0,11,9,1.0,1280,10.0,8.1,,,,True,public_dataset,,,reviewed,Institution type normalized heuristically from source type/name; verify for production.,L.D. College of Engineering,l d college of engineering,,,,,,,False
693,Lady Hardinge Medical College,lady-hardinge-medical-college,Lady Hardinge Medical College,4254.0,38,8,1.0,1655,6.5,7.0,,,,True,public_dataset,,,reviewed,Institution type normalized heuristically from source type/name; verify for production.,Lady Hardinge Medical College,lady hardinge medical college,,,,,,,False
694,Lakhmi Chand Institute of Technology,lakhmi-chand-institute-of-technology,Lakhmi Chand Institute of Technology,,7,9,,71230,5.1,7.2,,,,True,public_dataset,,,reviewed,City missing in supplied source; intentionally left null. Institution type normalized heuristically from source type/name; verify for production. Ownership not explicit enough in supplied source; left null.,Lakhmi Chand Institute of Technology,lakhmi chand institute of technology,,,,,,,False
695,Lakshmi Narain College of Technology,lakshmi-narain-college-of-technology,Lakshmi Narain College of Technology,1559.0,20,8,2.0,48600,12.0,5.7,,,,True,public_dataset,,,reviewed,Institution type normalized heuristically from source type/name; verify for production.,Lakshmi Narain College of Technology,lakshmi narain college of technology,,,,,,,False
696,Langat Singh College,langat-singh-college,Langat Singh College,379.0,5,8,2.0,855,5.0,6.0,,,,True,public_dataset,,,reviewed,Institution type normalized heuristically from source type/name; verify for production.,Langat Singh College,langat singh college,,,,,,,False
697,Law College Dehradun,law-college-dehradun,Law College Dehradun,3935.0,35,10,2.0,164850,6.5,6.5,,,,True,public_dataset,,,reviewed,Institution type normalized heuristically from source type/name; verify for production.,Law College Dehradun,law college dehradun,,,,,,,False
698,"Lingaya's Vidyapeeth, Faridabad",lingaya-s-vidyapeeth-faridabad,"Lingaya's Vidyapeeth, Faridabad",897.0,12,8,,134500,7.3,7.8,,,,True,public_dataset,,,reviewed,City missing in supplied source; intentionally left null. Institution type normalized heuristically from source type/name; verify for production. Ownership not explicit enough in supplied source; left null. City resolved conservatively from institution name (derived_name).,"Lingaya's Vidyapeeth, Faridabad",lingaya s vidyapeeth faridabad,,,,,,,False
699,LJ University,lj-university,LJ University,575.0,11,7,2.0,103000,15.0,8.0,,,,True,public_dataset,,,reviewed,Institution type normalized heuristically from source type/name; verify for production.,LJ University,lj university,,,,,,,False
700,Lloyd Law College,lloyd-law-college,Lloyd Law College,3522.0,34,10,2.0,900000,6.5,6.5,,,,True,public_dataset,,,reviewed,Institution type normalized heuristically from source type/name; verify for production.,Lloyd Law College,lloyd law college,,,,,,,False
701,LLRM Medical College,llrm-medical-college,LLRM Medical College,3700.0,34,8,1.0,43000,6.5,7.0,,,,True,public_dataset,,,reviewed,Institution type normalized heuristically from source type/name; verify for production.,LLRM Medical College,llrm medical college,,,,,,,False
702,"LM Thapar School of Management, Derabassi",lm-thapar-school-of-management-derabassi,"LM Thapar School of Management, Derabassi",418.0,6,16,2.0,670000,24.8,8.5,,,,True,public_dataset,,,reviewed,Institution type normalized heuristically from source type/name; verify for production.,"LM Thapar School of Management, Derabassi",lm thapar school of management derabassi,,,,,,,False
703,LNCT University,lnct-university,LNCT University,1559.0,20,7,2.0,60000,6.5,9.0,,,,True,public_dataset,,,reviewed,Institution type normalized heuristically from source type/name; verify for production.,LNCT University,lnct university,,,,,,,False
704,Loknayak Jai Prakash Institute Of Technology,loknayak-jai-prakash-institute-of-technology,Loknayak Jai Prakash Institute Of Technology,,5,9,,150000,6.3,7.9,,,,True,public_dataset,,,reviewed,City missing in supplied source; intentionally left null. Institution type normalized heuristically from source type/name; verify for production. Ownership not explicit enough in supplied source; left null.,Loknayak Jai Prakash Institute Of Technology,loknayak jai prakash institute of technology,,,,,,,False
705,"Longowal Polytechnic College, Chandigarh",longowal-polytechnic-college-chandigarh,"Longowal Polytechnic College, Chandigarh",418.0,6,17,,150000,6.0,6.5,,,,True,public_dataset,,,reviewed,City missing in supplied source; intentionally left null. Institution type normalized heuristically from source type/name; verify for production. Ownership not explicit enough in supplied source; left null. City resolved conservatively from institution name (derived_name).,"Longowal Polytechnic College, Chandigarh",longowal polytechnic college chandigarh,,,,,,,False
706,Lovely Professional University,lovely-professional-university,Lovely Professional University,2619.0,28,7,,349000,7.0,7.5,27.0,,,True,public_dataset,,,reviewed,Institution type normalized heuristically from source type/name; verify for production. Ownership not explicit enough in supplied source; left null.,Lovely Professional University,lovely professional university,,,,,,,True
707,LPU Online,lpu-online,LPU Online,2585.0,28,8,2.0,100000,7.2,6.5,,,,True,public_dataset,,,reviewed,Institution type normalized heuristically from source type/name; verify for production.,LPU Online,lpu online,,,,,,,False
708,LR Group of Institutes,lr-group-of-institutes,LR Group of Institutes,1015.0,13,8,2.0,85820,8.0,6.5,,,,True,public_dataset,,,reviewed,Institution type normalized heuristically from source type/name; verify for production.,LR Group of Institutes,lr group of institutes,,,,,,,False
709,LR Institute of Engineering and Technology,lr-institute-of-engineering-and-technology,LR Institute of Engineering and Technology,1015.0,13,9,2.0,296000,6.0,6.5,,,,True,public_dataset,,,reviewed,Institution type normalized heuristically from source type/name; verify for production.,LR Institute of Engineering and Technology,lr institute of engineering and technology,,,,,,,False
710,"LR Institute of Engineering and Technology, Solan",lr-institute-of-engineering-and-technology-solan,LR Institute of Engineering and Technology...,1015.0,13,9,,296000,5.0,6.4,,,,True,public_dataset,,,reviewed,City missing in supplied source; intentionally left null. Institution type normalized heuristically from source type/name; verify for production. Ownership not explicit enough in supplied source; left null. City resolved conservatively from institution name (derived_name).,"LR Institute of Engineering and Technology, Solan",lr institute of engineering and technology solan,,,,,,,False
711,Madan Mohan Malaviya University of Technology,madan-mohan-malaviya-university-of-technology,Madan Mohan Malaviya University of Technology,3518.0,34,7,,275200,9.0,7.0,94.0,,,True,public_dataset,,,reviewed,Institution type normalized heuristically from source type/name; verify for production. Ownership not explicit enough in supplied source; left null.,Madan Mohan Malaviya University of Technology,madan mohan malaviya university of technology,,,,,,,False
712,Madhav University,madhav-university,Madhav University,4271.0,29,7,,70000,7.3,7.8,,,,True,public_dataset,,,reviewed,Institution type normalized heuristically from source type/name; verify for production. Ownership not explicit enough in supplied source; left null.,Madhav University,madhav university,,,,,,,False
713,Madhubani Medical College,madhubani-medical-college,Madhubani Medical College,366.0,5,8,2.0,5400000,6.5,6.5,,,,True,public_dataset,,,reviewed,Institution type normalized heuristically from source type/name; verify for production.,Madhubani Medical College,madhubani medical college,,,,,,,False
714,Madurai Kamaraj University,madurai-kamaraj-university,Madurai Kamaraj University,2991.0,31,7,,200000,7.0,7.0,63.0,,,True,public_dataset,,,reviewed,Institution type normalized heuristically from source type/name; verify for production. Ownership not explicit enough in supplied source; left null.,Madurai Kamaraj University,madurai kamaraj university,,,,,,,True
715,Maharaja Agrasen Himalayan Garhwal University,maharaja-agrasen-himalayan-garhwal-university,Maharaja Agrasen Himalayan Garhwal University,3941.0,35,7,2.0,20000,6.5,6.5,,,,True,public_dataset,,,reviewed,Institution type normalized heuristically from source type/name; verify for production.,Maharaja Agrasen Himalayan Garhwal University,maharaja agrasen himalayan garhwal university,,,,,,,False
716,Maharaja Agrasen University,maharaja-agrasen-university,Maharaja Agrasen University,1015.0,13,7,2.0,133800,7.5,7.5,,,,True,public_dataset,,,reviewed,Institution type normalized heuristically from source type/name; verify for production.,Maharaja Agrasen University,maharaja agrasen university,,,,,,,False
717,"Maharaja Ranjit Singh Punjab Technical University, Bathinda",maharaja-ranjit-singh-punjab-technical-university-bathinda,Maharaja Ranjit Singh Punjab Technical Uni...,4251.0,28,7,,170600,8.1,8.2,,,,True,public_dataset,,,reviewed,City missing in supplied source; intentionally left null. Institution type normalized heuristically from source type/name; verify for production. Ownership not explicit enough in supplied source; left null. City resolved conservatively from institution name (derived_name).,"Maharaja Ranjit Singh Punjab Technical University, Bathinda",maharaja ranjit singh punjab technical university bathinda,,,,,,,False
718,Maharaja Sayajirao University of Baroda,maharaja-sayajirao-university-of-baroda,Maharaja Sayajirao University of Baroda,852.0,11,7,1.0,10900,6.5,7.0,,,,True,public_dataset,,,reviewed,Institution type normalized heuristically from source type/name; verify for production.,Maharaja Sayajirao University of Baroda,maharaja sayajirao university of baroda,,,,,,,False
719,Maharaja Surajmal Institute of Technology,maharaja-surajmal-institute-of-technology,Maharaja Surajmal Institute of Technology,,38,9,,135300,7.7,7.3,,,,True,public_dataset,,,reviewed,City missing in supplied source; intentionally left null. Institution type normalized heuristically from source type/name; verify for production. Ownership not explicit enough in supplied source; left null.,Maharaja Surajmal Institute of Technology,maharaja surajmal institute of technology,,,,,,,False
720,Maharana Pratap Government College,maharana-pratap-government-college,Maharana Pratap Government College,1019.0,13,8,1.0,725,6.5,7.0,,,,True,public_dataset,,,reviewed,Institution type normalized heuristically from source type/name; verify for production.,Maharana Pratap Government College,maharana pratap government college,,,,,,,False
721,Maharana Pratap University of Agriculture and Technology,maharana-pratap-university-of-agriculture-and-technology,Maharana Pratap University of Agriculture...,,29,7,,87800,7.9,8.0,,,,True,public_dataset,,,reviewed,City missing in supplied source; intentionally left null. Institution type normalized heuristically from source type/name; verify for production. Ownership not explicit enough in supplied source; left null.,Maharana Pratap University of Agriculture and Technology,maharana pratap university of agriculture and technology,,,,,,,False
722,Maharani Laxmi Bai Medical College,maharani-laxmi-bai-medical-college,Maharani Laxmi Bai Medical College,3575.0,34,8,1.0,42000,6.5,7.0,,,,True,public_dataset,,,reviewed,Institution type normalized heuristically from source type/name; verify for production.,Maharani Laxmi Bai Medical College,maharani laxmi bai medical college,,,,,,,False
723,Maharishi Markandeshwar (Deemed to be University),maharishi-markandeshwar-deemed-to-be-university,Maharishi Markandeshwar (Deemed to be Univ...,881.0,12,7,6.0,1883300,7.0,7.0,71.0,,,True,public_dataset,,,reviewed,Institution type normalized heuristically from source type/name; verify for production. Ownership not explicit enough in supplied source; left null.,Maharishi Markandeshwar (Deemed to be University),maharishi markandeshwar deemed to be university,,,,,,,False
724,Maharshi Dayanand University,maharshi-dayanand-university,Maharshi Dayanand University,950.0,12,7,1.0,4962,6.5,7.0,,,,True,public_dataset,,,reviewed,Institution type normalized heuristically from source type/name; verify for production.,Maharshi Dayanand University,maharshi dayanand university,,,,,,,False
725,Mahatma Gandhi Government Engineering College,mahatma-gandhi-government-engineering-college,Mahatma Gandhi Government Engineering College,,13,9,1.0,120000,4.0,5.8,,,,True,public_dataset,,,reviewed,City missing in supplied source; intentionally left null. Institution type normalized heuristically from source type/name; verify for production.,Mahatma Gandhi Government Engineering College,mahatma gandhi government engineering college,,,,,,,False
726,Mahatma Gandhi Medical College and Hospital,mahatma-gandhi-medical-college-and-hospital,Mahatma Gandhi Medical College and Hospital,2711.0,29,8,2.0,2250000,6.5,6.5,,,,True,public_dataset,,,reviewed,Institution type normalized heuristically from source type/name; verify for production.,Mahatma Gandhi Medical College and Hospital,mahatma gandhi medical college and hospital,,,,,,,False
727,Mahatma Gandhi Memorial Medical College,mahatma-gandhi-memorial-medical-college,Mahatma Gandhi Memorial Medical College,1609.0,20,8,1.0,118000,6.5,7.0,,,,True,public_dataset,,,reviewed,Institution type normalized heuristically from source type/name; verify for production.,Mahatma Gandhi Memorial Medical College,mahatma gandhi memorial medical college,,,,,,,False
728,Mahatma Gandhi University,mahatma-gandhi-university,Mahatma Gandhi University,1441.0,17,7,,16000,7.3,7.0,37.0,,,True,public_dataset,,,reviewed,Institution type normalized heuristically from source type/name; verify for production. Ownership not explicit enough in supplied source; left null.,Mahatma Gandhi University,mahatma gandhi university,,,,,,,True
729,Mahatma Jyotiba Phule Rohilkhand University,mahatma-jyotiba-phule-rohilkhand-university,Mahatma Jyotiba Phule Rohilkhand University,3367.0,34,7,1.0,20900,6.5,7.0,,,,True,public_dataset,,,reviewed,Institution type normalized heuristically from source type/name; verify for production.,Mahatma Jyotiba Phule Rohilkhand University,mahatma jyotiba phule rohilkhand university,,,,,,,False
730,"Mahindra University, Hyderabad",mahindra-university-hyderabad,"Mahindra University, Hyderabad",3216.0,32,7,,470000,7.8,8.8,,,,True,public_dataset,,,reviewed,City missing in supplied source; intentionally left null. Institution type normalized heuristically from source type/name; verify for production. Ownership not explicit enough in supplied source; left null. City resolved conservatively from institution name (derived_name).,"Mahindra University, Hyderabad",mahindra university hyderabad,,,,,,,False
731,Malaviya National Institute of Technology,malaviya-national-institute-of-technology,Malaviya National Institute of Technology,2711.0,29,9,1.0,345187,12.0,8.2,,,,True,public_dataset,,,reviewed,Institution type normalized heuristically from source type/name; verify for production.,Malaviya National Institute of Technology,malaviya national institute of technology,,,,,,,False
732,Malla Reddy Engineering College,malla-reddy-engineering-college,Malla Reddy Engineering College,,32,9,,103000,7.1,7.4,,,,True,public_dataset,,,reviewed,City missing in supplied source; intentionally left null. Institution type normalized heuristically from source type/name; verify for production. Ownership not explicit enough in supplied source; left null.,Malla Reddy Engineering College,malla reddy engineering college,,,,,,,False
733,Manakula Vinayagar Institute of Technology,manakula-vinayagar-institute-of-technology,Manakula Vinayagar Institute of Technology,,27,9,,244000,7.5,7.4,,,,True,public_dataset,,,reviewed,City missing in supplied source; intentionally left null. Institution type normalized heuristically from source type/name; verify for production. Ownership not explicit enough in supplied source; left null.,Manakula Vinayagar Institute of Technology,manakula vinayagar institute of technology,,,,,,,False
734,Manav Bharti University,manav-bharti-university,Manav Bharti University,1015.0,13,7,2.0,25000,6.5,6.2,,,,True,public_dataset,,,reviewed,Institution type normalized heuristically from source type/name; verify for production.,Manav Bharti University,manav bharti university,,,,,,,False
735,Manav Rachna International Institute Of Research And,manav-rachna-international-institute-of-research-and,Manav Rachna International Institute Of Re...,,38,8,,181500,6.5,7.2,,,,True,public_dataset,,,reviewed,City missing in supplied source; intentionally left null. Institution type normalized heuristically from source type/name; verify for production. Ownership not explicit enough in supplied source; left null.,Manav Rachna International Institute Of Research And,manav rachna international institute of research and,,,,,,,False
736,Manav Rachna International Institute of Research and Studies,manav-rachna-international-institute-of-research-and-studies,Manav Rachna International Institute of Re...,897.0,12,7,,200500,7.0,7.0,92.0,,,True,public_dataset,,,reviewed,Institution type normalized heuristically from source type/name; verify for production. Ownership not explicit enough in supplied source; left null.,Manav Rachna International Institute of Research and Studies,manav rachna international institute of research and studies,,,,,,,False
737,Manav Rachna University,manav-rachna-university,Manav Rachna University,,12,7,,244000,7.3,7.8,,,,True,public_dataset,,,reviewed,City missing in supplied source; intentionally left null. Institution type normalized heuristically from source type/name; verify for production. Ownership not explicit enough in supplied source; left null.,Manav Rachna University,manav rachna university,,,,,,,False
738,"Manav Rachna University, Faculty of Engineering",manav-rachna-university-faculty-of-engineering,"Manav Rachna University, Faculty of Engine...",897.0,12,7,2.0,5240000,34.0,8.5,,,,True,public_dataset,,,reviewed,Institution type normalized heuristically from source type/name; verify for production.,"Manav Rachna University, Faculty of Engineering",manav rachna university faculty of engineering,,,,,,,False
739,Mangalam College of Engineering Ettumanoor,mangalam-college-of-engineering-ettumanoor,Mangalam College of Engineering Ettumanoor,,17,9,,75000,6.4,6.9,,,,True,public_dataset,,,reviewed,City missing in supplied source; intentionally left null. Institution type normalized heuristically from source type/name; verify for production. Ownership not explicit enough in supplied source; left null.,Mangalam College of Engineering Ettumanoor,mangalam college of engineering ettumanoor,,,,,,,False
740,Manipal Academy of Higher Education,manipal-academy-of-higher-education,Manipal Academy of Higher Education,1305.0,16,8,,335000,7.8,8.4,,,,True,public_dataset,,,reviewed,City missing in supplied source; intentionally left null. Institution type normalized heuristically from source type/name; verify for production. Ownership not explicit enough in supplied source; left null. City resolved conservatively from institution name (derived_name).,Manipal Academy of Higher Education,manipal academy of higher education,,,,,,,False
741,"Manipal Academy of Higher Education, Manipal",manipal-academy-of-higher-education-manipal,"Manipal Academy of Higher Education, Manipal",1305.0,16,7,,200000,10.5,8.3,4.0,,,True,public_dataset,,,reviewed,Institution type normalized heuristically from source type/name; verify for production. Ownership not explicit enough in supplied source; left null.,"Manipal Academy of Higher Education, Manipal",manipal academy of higher education manipal,,,,,,,True
742,Manipal University,manipal-university,Manipal University,2711.0,29,7,2.0,350000,10.5,8.4,,,,True,public_dataset,,,reviewed,Institution type normalized heuristically from source type/name; verify for production.,Manipal University,manipal university,,,,,,,False
743,"Manipal University, Jaipur",manipal-university-jaipur,"Manipal University, Jaipur",2711.0,29,7,,200000,8.0,7.0,64.0,,,True,public_dataset,,,reviewed,Institution type normalized heuristically from source type/name; verify for production. Ownership not explicit enough in supplied source; left null.,"Manipal University, Jaipur",manipal university jaipur,,,,,,,True
744,Manipur Technical University,manipur-technical-university,Manipur Technical University,,22,7,,63000,6.0,8.3,,,,True,public_dataset,,,reviewed,City missing in supplied source; intentionally left null. Institution type normalized heuristically from source type/name; verify for production. Ownership not explicit enough in supplied source; left null.,Manipur Technical University,manipur technical university,,,,,,,False
745,Manipur University,manipur-university,Manipur University,,22,7,,61250,7.2,8.1,,,,True,public_dataset,,,reviewed,City missing in supplied source; intentionally left null. Institution type normalized heuristically from source type/name; verify for production. Ownership not explicit enough in supplied source; left null.,Manipur University,manipur university,,,,,,,False
746,"Manonmaniam Sundaranar University, Tirunelveli",manonmaniam-sundaranar-university-tirunelveli,"Manonmaniam Sundaranar University, Tirunel...",3141.0,31,7,,200000,6.5,7.0,93.0,,,True,public_dataset,,,reviewed,Institution type normalized heuristically from source type/name; verify for production. Ownership not explicit enough in supplied source; left null.,"Manonmaniam Sundaranar University, Tirunelveli",manonmaniam sundaranar university tirunelveli,,,,,,,False
747,Mar Athanasius College of Engineering,mar-athanasius-college-of-engineering,Mar Athanasius College of Engineering,,17,9,,8225,8.1,8.4,,,,True,public_dataset,,,reviewed,City missing in supplied source; intentionally left null. Institution type normalized heuristically from source type/name; verify for production. Ownership not explicit enough in supplied source; left null.,Mar Athanasius College of Engineering,mar athanasius college of engineering,,,,,,,False
748,Marian Engineering College,marian-engineering-college,Marian Engineering College,,17,9,,96050,7.9,7.8,,,,True,public_dataset,,,reviewed,City missing in supplied source; intentionally left null. Institution type normalized heuristically from source type/name; verify for production. Ownership not explicit enough in supplied source; left null.,Marian Engineering College,marian engineering college,,,,,,,False
749,Marwari College,marwari-college,Marwari College,310.0,5,8,2.0,1196,7.0,6.5,,,,True,public_dataset,,,reviewed,Institution type normalized heuristically from source type/name; verify for production.,Marwari College,marwari college,,,,,,,False
750,"Maryland Institute of Technology And Management, Jamshedpur",maryland-institute-of-technology-and-management-jamshedpur,Maryland Institute of Technology And Manag...,1113.0,15,9,,62000,6.3,6.8,,,,True,public_dataset,,,reviewed,City missing in supplied source; intentionally left null. Institution type normalized heuristically from source type/name; verify for production. Ownership not explicit enough in supplied source; left null. City resolved conservatively from institution name (derived_name).,"Maryland Institute of Technology And Management, Jamshedpur",maryland institute of technology and management jamshedpur,,,,,,,False
751,"Masterpro Institute of Technology, Srinagar",masterpro-institute-of-technology-srinagar,"Masterpro Institute of Technology, Srinagar",,39,9,,150000,6.0,6.5,,,,True,public_dataset,,,reviewed,City missing in supplied source; intentionally left null. Institution type normalized heuristically from source type/name; verify for production. Ownership not explicit enough in supplied source; left null.,"Masterpro Institute of Technology, Srinagar",masterpro institute of technology srinagar,,,,,,,False
752,Masters' Union,masters-union,Masters' Union,906.0,12,8,2.0,3400384,18.0,6.5,,,,True,public_dataset,,,reviewed,Institution type normalized heuristically from source type/name; verify for production.,Masters' Union,masters union,,,,,,,False
753,Mata Gujri Memorial Medical College & Lions Seva Kendra Hospital,mata-gujri-memorial-medical-college-and-lions-seva-kendra-hospital,Mata Gujri Memorial Medical College & Lion...,358.0,5,8,2.0,1113000,6.5,6.5,,,,True,public_dataset,,,reviewed,Institution type normalized heuristically from source type/name; verify for production.,Mata Gujri Memorial Medical College & Lions Seva Kendra Hospital,mata gujri memorial medical college lions seva kendra hospital,,,,,,,False
754,Mata Gujri University,mata-gujri-university,Mata Gujri University,358.0,5,7,2.0,121000,6.5,6.5,,,,True,public_dataset,,,reviewed,Institution type normalized heuristically from source type/name; verify for production.,Mata Gujri University,mata gujri university,,,,,,,False
755,"Matrusri Engineering College, Hyderabad",matrusri-engineering-college-hyderabad,"Matrusri Engineering College, Hyderabad",3216.0,32,9,,90000,7.0,7.0,,,,True,public_dataset,,,reviewed,City missing in supplied source; intentionally left null. Institution type normalized heuristically from source type/name; verify for production. Ownership not explicit enough in supplied source; left null. City resolved conservatively from institution name (derived_name).,"Matrusri Engineering College, Hyderabad",matrusri engineering college hyderabad,,,,,,,False
756,Maulana Abul Kalam Azad University of Technology,maulana-abul-kalam-azad-university-of-technology,Maulana Abul Kalam Azad University of Tech...,,36,7,,49000,7.7,7.7,,,,True,public_dataset,,,reviewed,City missing in supplied source; intentionally left null. Institution type normalized heuristically from source type/name; verify for production. Ownership not explicit enough in supplied source; left null.,Maulana Abul Kalam Azad University of Technology,maulana abul kalam azad university of technology,,,,,,,False
757,Maulana Azad College of Engineering and Technology,maulana-azad-college-of-engineering-and-technology,Maulana Azad College of Engineering and Te...,4272.0,5,9,,70000,3.5,5.4,,,,True,public_dataset,,,reviewed,Institution type normalized heuristically from source type/name; verify for production. Ownership not explicit enough in supplied source; left null.,Maulana Azad College of Engineering and Technology,maulana azad college of engineering and technology,,,,,,,False
758,Maulana Azad Medical College,maulana-azad-medical-college,Maulana Azad Medical College,4254.0,38,8,1.0,4445,6.5,7.0,,,,True,public_dataset,,,reviewed,Institution type normalized heuristically from source type/name; verify for production.,Maulana Azad Medical College,maulana azad medical college,,,,,,,False
759,Maya Devi University,maya-devi-university,Maya Devi University,3935.0,35,7,2.0,66000,43.6,8.5,,,,True,public_dataset,,,reviewed,Institution type normalized heuristically from source type/name; verify for production.,Maya Devi University,maya devi university,,,,,,,False
760,MBS College of Engineering and Technology,mbs-college-of-engineering-and-technology,MBS College of Engineering and Technology,4240.0,37,9,2.0,49000,6.5,6.5,,,,True,public_dataset,,,reviewed,Institution type normalized heuristically from source type/name; verify for production.,MBS College of Engineering and Technology,mbs college of engineering and technology,,,,,,,False
761,"MBS College of Engineering and Technology, Jammu",mbs-college-of-engineering-and-technology-jammu,"MBS College of Engineering and Technology,...",,39,9,,49000,3.8,5.7,,,,True,public_dataset,,,reviewed,City missing in supplied source; intentionally left null. Institution type normalized heuristically from source type/name; verify for production. Ownership not explicit enough in supplied source; left null.,"MBS College of Engineering and Technology, Jammu",mbs college of engineering and technology jammu,,,,,,,False
762,MDI Gurgaon,mdi-gurgaon,MDI Gurgaon,906.0,12,8,2.0,1670000,26.2,6.5,,,,True,public_dataset,,,reviewed,Institution type normalized heuristically from source type/name; verify for production.,MDI Gurgaon,mdi gurgaon,,,,,,,False
763,"MEA Engineering College, Malappuram",mea-engineering-college-malappuram,"MEA Engineering College, Malappuram",1452.0,17,9,,75000,6.6,8.2,,,,True,public_dataset,,,reviewed,City missing in supplied source; intentionally left null. Institution type normalized heuristically from source type/name; verify for production. Ownership not explicit enough in supplied source; left null. City resolved conservatively from institution name (derived_name).,"MEA Engineering College, Malappuram",mea engineering college malappuram,,,,,,,False
764,Medical College Baroda,medical-college-baroda,Medical College Baroda,852.0,11,8,1.0,29325,6.5,7.0,,,,True,public_dataset,,,reviewed,Institution type normalized heuristically from source type/name; verify for production.,Medical College Baroda,medical college baroda,,,,,,,False
765,Mehr Chand Mahajan Dayanand Anglo Vedic College for Women,mehr-chand-mahajan-dayanand-anglo-vedic-college-for-women,Mehr Chand Mahajan Dayanand Anglo Vedic Co...,418.0,6,8,2.0,31715,5.0,6.0,,,,True,public_dataset,,,reviewed,Institution type normalized heuristically from source type/name; verify for production.,Mehr Chand Mahajan Dayanand Anglo Vedic College for Women,mehr chand mahajan dayanand anglo vedic college for women,,,,,,,False
766,"Mepco Schlenk Engineering College, Sivakasi",mepco-schlenk-engineering-college-sivakasi,"Mepco Schlenk Engineering College, Sivakasi",3110.0,31,9,,134000,7.9,8.1,,,,True,public_dataset,,,reviewed,City missing in supplied source; intentionally left null. Institution type normalized heuristically from source type/name; verify for production. Ownership not explicit enough in supplied source; left null. City resolved conservatively from institution name (derived_name).,"Mepco Schlenk Engineering College, Sivakasi",mepco schlenk engineering college sivakasi,,,,,,,False
767,MICA Ahmedabad,mica-ahmedabad,MICA Ahmedabad,575.0,11,8,2.0,1100000,40.9,8.5,,,,True,public_dataset,,,reviewed,Institution type normalized heuristically from source type/name; verify for production.,MICA Ahmedabad,mica ahmedabad,,,,,,,False
768,Millia Institute of Technology,millia-institute-of-technology,Millia Institute of Technology,,5,9,,81050,5.5,6.9,,,,True,public_dataset,,,reviewed,City missing in supplied source; intentionally left null. Institution type normalized heuristically from source type/name; verify for production. Ownership not explicit enough in supplied source; left null.,Millia Institute of Technology,millia institute of technology,,,,,,,False
769,"MIT University, Shillong",mit-university-shillong,"MIT University, Shillong",2379.0,23,7,,135000,4.5,3.8,,,,True,public_dataset,,,reviewed,City missing in supplied source; intentionally left null. Institution type normalized heuristically from source type/name; verify for production. Ownership not explicit enough in supplied source; left null. City resolved conservatively from institution name (derived_name).,"MIT University, Shillong",mit university shillong,,,,,,,False
770,MIT World Peace University,mit-world-peace-university,MIT World Peace University,,21,7,,310000,7.7,8.0,,,,True,public_dataset,,,reviewed,City missing in supplied source; intentionally left null. Institution type normalized heuristically from source type/name; verify for production. Ownership not explicit enough in supplied source; left null.,MIT World Peace University,mit world peace university,,,,,,,False
771,"Mizoram Polytechnic, Lunglei",mizoram-polytechnic-lunglei,"Mizoram Polytechnic, Lunglei",2394.0,24,17,,5550,6.0,6.5,,,,True,public_dataset,,,reviewed,City missing in supplied source; intentionally left null. Institution type normalized heuristically from source type/name; verify for production. Ownership not explicit enough in supplied source; left null. City resolved conservatively from institution name (derived_name).,"Mizoram Polytechnic, Lunglei",mizoram polytechnic lunglei,,,,,,,False
772,Mizoram University,mizoram-university,Mizoram University,2387.0,24,7,,39150,5.5,7.0,77.0,,,True,public_dataset,,,reviewed,Institution type normalized heuristically from source type/name; verify for production. Ownership not explicit enough in supplied source; left null.,Mizoram University,mizoram university,,,,,,,False
773,"Mizoram University, School of Engineering and Technology",mizoram-university-school-of-engineering-and-technology,"Mizoram University, School of Engineering...",,24,7,,29000,5.5,5.7,,,,True,public_dataset,,,reviewed,City missing in supplied source; intentionally left null. Institution type normalized heuristically from source type/name; verify for production. Ownership not explicit enough in supplied source; left null.,"Mizoram University, School of Engineering and Technology",mizoram university school of engineering and technology,,,,,,,False
774,"MKSSS's Cummins College of Engineering for Women,",mksss-s-cummins-college-of-engineering-for-women,MKSSS's Cummins College of Engineering for...,,21,9,,180836,9.0,8.3,,,,True,public_dataset,,,reviewed,City missing in supplied source; intentionally left null. Institution type normalized heuristically from source type/name; verify for production. Ownership not explicit enough in supplied source; left null.,"MKSSS's Cummins College of Engineering for Women,",mksss s cummins college of engineering for women,,,,,,,False
775,MLR Institute of Technology,mlr-institute-of-technology,MLR Institute of Technology,,32,9,,96000,8.0,8.3,,,,True,public_dataset,,,reviewed,City missing in supplied source; intentionally left null. Institution type normalized heuristically from source type/name; verify for production. Ownership not explicit enough in supplied source; left null.,MLR Institute of Technology,mlr institute of technology,,,,,,,False
776,Model Institute of Engineering and Technology,model-institute-of-engineering-and-technology,Model Institute of Engineering and Technology,4240.0,37,9,2.0,113350,18.0,8.0,,,,True,public_dataset,,,reviewed,Institution type normalized heuristically from source type/name; verify for production.,Model Institute of Engineering and Technology,model institute of engineering and technology,,,,,,,False
777,Modern Vidya Niketan,modern-vidya-niketan,Modern Vidya Niketan,,12,8,,135000,6.8,7.0,,,,True,public_dataset,,,reviewed,City missing in supplied source; intentionally left null. Institution type normalized heuristically from source type/name; verify for production. Ownership not explicit enough in supplied source; left null.,Modern Vidya Niketan,modern vidya niketan,,,,,,,False
778,Mody University,mody-university,Mody University,2810.0,29,7,2.0,229000,32.9,8.5,,,,True,public_dataset,,,reviewed,Institution type normalized heuristically from source type/name; verify for production.,Mody University,mody university,,,,,,,False
779,"Monad University, Hapur",monad-university-hapur,"Monad University, Hapur",3531.0,34,7,,151000,8.2,8.0,,,,True,public_dataset,,,reviewed,City missing in supplied source; intentionally left null. Institution type normalized heuristically from source type/name; verify for production. Ownership not explicit enough in supplied source; left null. City resolved conservatively from institution name (derived_name).,"Monad University, Hapur",monad university hapur,,,,,,,False
780,"Morph Academy, Chandigarh",morph-academy-chandigarh,"Morph Academy, Chandigarh",418.0,6,8,,170000,8.5,8.3,,,,True,public_dataset,,,reviewed,City missing in supplied source; intentionally left null. Institution type normalized heuristically from source type/name; verify for production. Ownership not explicit enough in supplied source; left null. City resolved conservatively from institution name (derived_name).,"Morph Academy, Chandigarh",morph academy chandigarh,,,,,,,False
781,MotherHood University,motherhood-university,MotherHood University,3968.0,35,7,2.0,37000,6.5,6.5,,,,True,public_dataset,,,reviewed,Institution type normalized heuristically from source type/name; verify for production.,MotherHood University,motherhood university,,,,,,,False
782,"MotherHood University, Roorkee",motherhood-university-roorkee,"MotherHood University, Roorkee",3968.0,35,7,,71650,8.0,8.0,,,,True,public_dataset,,,reviewed,City missing in supplied source; intentionally left null. Institution type normalized heuristically from source type/name; verify for production. Ownership not explicit enough in supplied source; left null. City resolved conservatively from institution name (derived_name).,"MotherHood University, Roorkee",motherhood university roorkee,,,,,,,False
783,Moti Lal Nehru Medical College,moti-lal-nehru-medical-college,Moti Lal Nehru Medical College,3311.0,34,8,1.0,135000,6.5,7.0,,,,True,public_dataset,,,reviewed,Institution type normalized heuristically from source type/name; verify for production.,Moti Lal Nehru Medical College,moti lal nehru medical college,,,,,,,False
784,Motihari College of Engineering,motihari-college-of-engineering,Motihari College of Engineering,4273.0,5,9,1.0,105000,5.5,6.7,,,,True,public_dataset,,,reviewed,Institution type normalized heuristically from source type/name; verify for production.,Motihari College of Engineering,motihari college of engineering,,,,,,,False
785,Motilal Nehru College (Evening),motilal-nehru-college-evening,Motilal Nehru College (Evening),4254.0,38,8,1.0,12290,6.5,7.0,,,,True,public_dataset,,,reviewed,Institution type normalized heuristically from source type/name; verify for production.,Motilal Nehru College (Evening),motilal nehru college evening,,,,,,,False
786,"Motilal Nehru Government Polytechnic College, Pondicherry",motilal-nehru-government-polytechnic-college-pondicherry,Motilal Nehru Government Polytechnic Colle...,2527.0,27,17,1.0,150000,6.0,6.5,,,,True,public_dataset,,,reviewed,City missing in supplied source; intentionally left null. Institution type normalized heuristically from source type/name; verify for production. City resolved conservatively from institution name (derived_name).,"Motilal Nehru Government Polytechnic College, Pondicherry",motilal nehru government polytechnic college pondicherry,,,,,,,False
787,Mount Carmel College,mount-carmel-college,Mount Carmel College,1184.0,16,8,2.0,119400,21.5,8.5,,,,True,public_dataset,,,reviewed,Institution type normalized heuristically from source type/name; verify for production.,Mount Carmel College,mount carmel college,,,,,,,False
788,MS Ramaiah Institute of Technology,ms-ramaiah-institute-of-technology,MS Ramaiah Institute of Technology,1184.0,16,9,2.0,330000,10.0,8.0,,,,True,public_dataset,,,reviewed,Institution type normalized heuristically from source type/name; verify for production.,MS Ramaiah Institute of Technology,ms ramaiah institute of technology,,,,,,,False
789,Mukesh Patel School of Technology Management and,mukesh-patel-school-of-technology-management-and,Mukesh Patel School of Technology Manageme...,,21,8,,452000,8.1,8.2,,,,True,public_dataset,,,reviewed,City missing in supplied source; intentionally left null. Institution type normalized heuristically from source type/name; verify for production. Ownership not explicit enough in supplied source; left null.,Mukesh Patel School of Technology Management and,mukesh patel school of technology management and,,,,,,,False
790,Mumbai University,mumbai-university,Mumbai University,2123.0,21,7,,200000,9.0,7.0,61.0,,,True,public_dataset,,,reviewed,Institution type normalized heuristically from source type/name; verify for production. Ownership not explicit enough in supplied source; left null.,Mumbai University,mumbai university,,,,,,,True
791,Muzaffarpur Institute of Technology,muzaffarpur-institute-of-technology,Muzaffarpur Institute of Technology,379.0,5,9,1.0,5530,9.0,7.1,,,,True,public_dataset,,,reviewed,Institution type normalized heuristically from source type/name; verify for production.,Muzaffarpur Institute of Technology,muzaffarpur institute of technology,,,,,,,False
792,Mysore University,mysore-university,Mysore University,1321.0,16,7,,200000,7.0,7.0,54.0,,,True,public_dataset,,,reviewed,Institution type normalized heuristically from source type/name; verify for production. Ownership not explicit enough in supplied source; left null.,Mysore University,mysore university,,,,,,,True
793,"Nagaland University, Zunhebotto",nagaland-university-zunhebotto,"Nagaland University, Zunhebotto",,25,7,,26960,7.8,8.1,,,,True,public_dataset,,,reviewed,City missing in supplied source; intentionally left null. Institution type normalized heuristically from source type/name; verify for production. Ownership not explicit enough in supplied source; left null.,"Nagaland University, Zunhebotto",nagaland university zunhebotto,,,,,,,False
794,Nalanda College of Engineering,nalanda-college-of-engineering,Nalanda College of Engineering,4274.0,5,9,1.0,13920,8.6,8.1,,,,True,public_dataset,,,reviewed,Institution type normalized heuristically from source type/name; verify for production.,Nalanda College of Engineering,nalanda college of engineering,,,,,,,False
795,Nalanda Medical College,nalanda-medical-college,Nalanda Medical College,387.0,5,8,1.0,27600,6.5,7.0,,,,True,public_dataset,,,reviewed,Institution type normalized heuristically from source type/name; verify for production.,Nalanda Medical College,nalanda medical college,,,,,,,False
796,NALSAR Hyderabad,nalsar-hyderabad,NALSAR Hyderabad,3216.0,32,5,4.0,198000,18.0,8.8,3.0,,https://nalsar.ac.in/,True,public_dataset,https://nalsar.ac.in/,,reviewed,Imported from supplied college source and normalized for MVP.,NALSAR Hyderabad,nalsar hyderabad,,,,,,,True
797,Namo Medical Education & Research Institute,namo-medical-education-and-research-institute,Namo Medical Education & Research Institute,4266.0,11,18,1.0,58100,6.5,7.0,,,,True,public_dataset,,,reviewed,Institution type normalized heuristically from source type/name; verify for production.,Namo Medical Education & Research Institute,namo medical education research institute,,,,,,,False
798,NANDKUMAR SINGH CHOUHAN GOVERNMENT MEDICAL COLLEGE,nandkumar-singh-chouhan-government-medical-college,NANDKUMAR SINGH CHOUHAN GOVERNMENT MEDICAL...,1635.0,20,8,1.0,126950,6.5,7.0,,,,True,public_dataset,,,reviewed,Institution type normalized heuristically from source type/name; verify for production.,NANDKUMAR SINGH CHOUHAN GOVERNMENT MEDICAL COLLEGE,nandkumar singh chouhan government medical college,,,,,,,False
799,Narayan Medical College & Hospital,narayan-medical-college-and-hospital,Narayan Medical College & Hospital,398.0,5,8,2.0,1475000,6.5,6.5,,,,True,public_dataset,,,reviewed,Institution type normalized heuristically from source type/name; verify for production.,Narayan Medical College & Hospital,narayan medical college hospital,,,,,,,False
800,Narayana Business School,narayana-business-school,Narayana Business School,575.0,11,16,2.0,985000,20.0,8.5,,,,True,public_dataset,,,reviewed,Institution type normalized heuristically from source type/name; verify for production.,Narayana Business School,narayana business school,,,,,,,False
801,Narsee Monjee Institute of Management Studies,narsee-monjee-institute-of-management-studies,Narsee Monjee Institute of Management Studies,418.0,6,16,2.0,150000,22.0,8.5,,,,True,public_dataset,,,reviewed,Institution type normalized heuristically from source type/name; verify for production.,Narsee Monjee Institute of Management Studies,narsee monjee institute of management studies,,,,,,,False
802,Narula Institute of Technology,narula-institute-of-technology,Narula Institute of Technology,,36,9,,129800,7.8,8.0,,,,True,public_dataset,,,reviewed,City missing in supplied source; intentionally left null. Institution type normalized heuristically from source type/name; verify for production. Ownership not explicit enough in supplied source; left null.,Narula Institute of Technology,narula institute of technology,,,,,,,False
803,National Centre for Antarctic and Ocean Research,national-centre-for-antarctic-and-ocean-research,National Centre for Antarctic and Ocean Re...,,10,8,,150000,6.0,9.2,,,,True,public_dataset,,,reviewed,City missing in supplied source; intentionally left null. Institution type normalized heuristically from source type/name; verify for production. Ownership not explicit enough in supplied source; left null.,National Centre for Antarctic and Ocean Research,national centre for antarctic and ocean research,,,,,,,False
804,National Council For Hotel Management and Catering Technology,national-council-for-hotel-management-and-catering-technology,National Council For Hotel Management and...,3751.0,34,8,1.0,125915,6.5,7.0,,,,True,public_dataset,,,reviewed,Institution type normalized heuristically from source type/name; verify for production.,National Council For Hotel Management and Catering Technology,national council for hotel management and catering technology,,,,,,,False
805,National Institute of Electronics & Information Technology,national-institute-of-electronics-and-information-technology,National Institute of Electronics & Inform...,,17,8,,60000,8.8,8.4,,,,True,public_dataset,,,reviewed,City missing in supplied source; intentionally left null. Institution type normalized heuristically from source type/name; verify for production. Ownership not explicit enough in supplied source; left null.,National Institute of Electronics & Information Technology,national institute of electronics information technology,,,,,,,False
806,National Institute of Fashion Technology Mumbai,national-institute-of-fashion-technology-mumbai,National Institute of Fashion Technology M...,2123.0,21,8,1.0,120000,6.5,7.0,,,,True,public_dataset,,,reviewed,Institution type normalized heuristically from source type/name; verify for production.,National Institute of Fashion Technology Mumbai,national institute of fashion technology mumbai,,,,,,,False
807,National Institute of Fashion Technology Patna,national-institute-of-fashion-technology-patna,National Institute of Fashion Technology P...,387.0,5,8,1.0,347900,6.5,7.0,,,,True,public_dataset,,,reviewed,Institution type normalized heuristically from source type/name; verify for production.,National Institute of Fashion Technology Patna,national institute of fashion technology patna,,,,,,,False
808,National Institute of Food Technology Entrepreneurship and,national-institute-of-food-technology-entrepreneurship-and,National Institute of Food Technology Entr...,,38,8,,171550,8.5,8.1,,,,True,public_dataset,,,reviewed,City missing in supplied source; intentionally left null. Institution type normalized heuristically from source type/name; verify for production. Ownership not explicit enough in supplied source; left null.,National Institute of Food Technology Entrepreneurship and,national institute of food technology entrepreneurship and,,,,,,,False
809,National Institute of Foundry & Forge Technology,national-institute-of-foundry-and-forge-technology,National Institute of Foundry & Forge Tech...,,15,8,,47450,8.8,8.4,,,,True,public_dataset,,,reviewed,City missing in supplied source; intentionally left null. Institution type normalized heuristically from source type/name; verify for production. Ownership not explicit enough in supplied source; left null.,National Institute of Foundry & Forge Technology,national institute of foundry forge technology,,,,,,,False
810,National Institute of Industrial Engineering,national-institute-of-industrial-engineering,National Institute of Industrial Engineering,,21,8,,598000,9.3,9.0,,,,True,public_dataset,,,reviewed,City missing in supplied source; intentionally left null. Institution type normalized heuristically from source type/name; verify for production. Ownership not explicit enough in supplied source; left null.,National Institute of Industrial Engineering,national institute of industrial engineering,,,,,,,False
811,National Institute of Mental Health and Neuro Sciences,national-institute-of-mental-health-and-neuro-sciences,National Institute of Mental Health and Ne...,1184.0,16,19,1.0,91150,6.5,7.0,,,,True,public_dataset,,,reviewed,Institution type normalized heuristically from source type/name; verify for production.,National Institute of Mental Health and Neuro Sciences,national institute of mental health and neuro sciences,,,,,,,False
812,National Institute of Oceanography,national-institute-of-oceanography,National Institute of Oceanography,,10,8,,14000,8.3,8.8,,,,True,public_dataset,,,reviewed,City missing in supplied source; intentionally left null. Institution type normalized heuristically from source type/name; verify for production. Ownership not explicit enough in supplied source; left null.,National Institute of Oceanography,national institute of oceanography,,,,,,,False
813,National Institute of Pharmaceutical Education and Research,national-institute-of-pharmaceutical-education-and-research,National Institute of Pharmaceutical Educa...,2607.0,28,18,1.0,140348,6.5,7.0,,,,True,public_dataset,,,reviewed,Institution type normalized heuristically from source type/name; verify for production.,National Institute of Pharmaceutical Education and Research,national institute of pharmaceutical education and research,,,,,,,False
814,National Institute of Science and Technology,national-institute-of-science-and-technology,National Institute of Science and Technology,,26,19,,121500,7.8,7.9,,,,True,public_dataset,,,reviewed,City missing in supplied source; intentionally left null. Institution type normalized heuristically from source type/name; verify for production. Ownership not explicit enough in supplied source; left null.,National Institute of Science and Technology,national institute of science and technology,,,,,,,False
815,National Institute of Technical Teachers Training and,national-institute-of-technical-teachers-training-and,National Institute of Technical Teachers T...,,12,8,,44696,7.7,7.7,,,,True,public_dataset,,,reviewed,City missing in supplied source; intentionally left null. Institution type normalized heuristically from source type/name; verify for production. Ownership not explicit enough in supplied source; left null.,National Institute of Technical Teachers Training and,national institute of technical teachers training and,,,,,,,False
816,National Institute of Technical Teachers Training and Research,national-institute-of-technical-teachers-training-and-research,National Institute of Technical Teachers T...,418.0,6,8,1.0,75500,6.5,7.0,,,,True,public_dataset,,,reviewed,Institution type normalized heuristically from source type/name; verify for production.,National Institute of Technical Teachers Training and Research,national institute of technical teachers training and research,,,,,,,False
817,National Institute of Technology Uttarakhand,national-institute-of-technology-uttarakhand,National Institute of Technology Uttarakhand,4275.0,35,9,1.0,162043,12.5,7.5,,,,True,public_dataset,,,reviewed,Institution type normalized heuristically from source type/name; verify for production.,National Institute of Technology Uttarakhand,national institute of technology uttarakhand,,,,,,,False
818,National Law School of India University,national-law-school-of-india-university,National Law School of India University,1184.0,16,10,2.0,454500,18.0,8.0,,,,True,public_dataset,,,reviewed,Institution type normalized heuristically from source type/name; verify for production.,National Law School of India University,national law school of india university,,,,,,,False
819,National Law University,national-law-university,National Law University,4254.0,38,5,1.0,195000,14.0,7.5,,,,True,public_dataset,,,reviewed,Institution type normalized heuristically from source type/name; verify for production.,National Law University,national law university,,,,,,,False
820,Navrachana University,navrachana-university,Navrachana University,,11,7,,114000,7.2,7.7,,,,True,public_dataset,,,reviewed,City missing in supplied source; intentionally left null. Institution type normalized heuristically from source type/name; verify for production. Ownership not explicit enough in supplied source; left null.,Navrachana University,navrachana university,,,,,,,False
821,NDMC Medical College,ndmc-medical-college,NDMC Medical College,4254.0,38,8,1.0,225000,6.5,7.0,,,,True,public_dataset,,,reviewed,Institution type normalized heuristically from source type/name; verify for production.,NDMC Medical College,ndmc medical college,,,,,,,False
822,NEHU Shillong,nehu-shillong,NEHU Shillong,2379.0,23,7,3.0,100000,6.5,7.5,,,,True,public_dataset,,,reviewed,Imported from supplied college source and normalized for MVP.,NEHU Shillong,nehu shillong,,,,,,,False
823,Netaji Subhas Medical College & Hospital,netaji-subhas-medical-college-and-hospital,Netaji Subhas Medical College & Hospital,387.0,5,8,2.0,1946200,6.5,6.5,,,,True,public_dataset,,,reviewed,Institution type normalized heuristically from source type/name; verify for production.,Netaji Subhas Medical College & Hospital,netaji subhas medical college hospital,,,,,,,False
824,Netaji Subhas University,netaji-subhas-university,Netaji Subhas University,4276.0,15,7,,50000,8.5,9.0,100.0,,,True,public_dataset,,,reviewed,Institution type normalized heuristically from source type/name; verify for production. Ownership not explicit enough in supplied source; left null.,Netaji Subhas University,netaji subhas university,,,,,,,False
825,Netaji Subhash Chandra Bose Medical College,netaji-subhash-chandra-bose-medical-college,Netaji Subhash Chandra Bose Medical College,1612.0,20,8,1.0,72600,6.5,7.0,,,,True,public_dataset,,,reviewed,Institution type normalized heuristically from source type/name; verify for production.,Netaji Subhash Chandra Bose Medical College,netaji subhash chandra bose medical college,,,,,,,False
826,NETES Institute of Technology and Science,netes-institute-of-technology-and-science,NETES Institute of Technology and Science,,4,9,,90000,7.0,6.8,,,,True,public_dataset,,,reviewed,City missing in supplied source; intentionally left null. Institution type normalized heuristically from source type/name; verify for production. Ownership not explicit enough in supplied source; left null.,NETES Institute of Technology and Science,netes institute of technology and science,,,,,,,False
827,New Horizon College of Engineering,new-horizon-college-of-engineering,New Horizon College of Engineering,,16,9,,250000,7.8,8.0,,,,True,public_dataset,,,reviewed,City missing in supplied source; intentionally left null. Institution type normalized heuristically from source type/name; verify for production. Ownership not explicit enough in supplied source; left null.,New Horizon College of Engineering,new horizon college of engineering,,,,,,,False
828,NID Ahmedabad,nid-ahmedabad,NID Ahmedabad,575.0,11,8,1.0,120000,6.5,7.0,,,,True,public_dataset,,,reviewed,Institution type normalized heuristically from source type/name; verify for production.,NID Ahmedabad,nid ahmedabad,,,,,,,False
829,NIFT Delhi,nift-delhi,NIFT Delhi,513.0,9,8,1.0,120000,6.5,7.0,,,,True,public_dataset,,,reviewed,Institution type normalized heuristically from source type/name; verify for production.,NIFT Delhi,nift delhi,,,,,,,False
830,Nilai Institute of Technology,nilai-institute-of-technology,Nilai Institute of Technology,,15,9,,75000,6.0,6.5,,,,True,public_dataset,,,reviewed,City missing in supplied source; intentionally left null. Institution type normalized heuristically from source type/name; verify for production. Ownership not explicit enough in supplied source; left null.,Nilai Institute of Technology,nilai institute of technology,,,,,,,False
831,NIMS University,nims-university,NIMS University,2711.0,29,7,2.0,2580000,6.0,6.0,,,,True,public_dataset,,,reviewed,Institution type normalized heuristically from source type/name; verify for production.,NIMS University,nims university,,,,,,,False
832,Nirma University,nirma-university,Nirma University,575.0,11,7,2.0,245800,10.0,8.4,,,,True,public_dataset,,,reviewed,Institution type normalized heuristically from source type/name; verify for production.,Nirma University,nirma university,,,,,,,False
833,NITTE,nitte,NITTE,1304.0,16,7,,200000,8.0,7.0,66.0,,,True,public_dataset,,,reviewed,Institution type normalized heuristically from source type/name; verify for production. Ownership not explicit enough in supplied source; left null.,NITTE,nitte,,,,,,,False
834,Nitte Meenakshi Institute of Technology,nitte-meenakshi-institute-of-technology,Nitte Meenakshi Institute of Technology,,16,9,,58806,7.6,7.8,,,,True,public_dataset,,,reviewed,City missing in supplied source; intentionally left null. Institution type normalized heuristically from source type/name; verify for production. Ownership not explicit enough in supplied source; left null.,Nitte Meenakshi Institute of Technology,nitte meenakshi institute of technology,,,,,,,False
835,NLIU Bhopal,nliu-bhopal,NLIU Bhopal,1559.0,20,5,4.0,140000,11.0,7.5,12.0,,,True,public_dataset,,,reviewed,Imported from supplied college source and normalized for MVP.,NLIU Bhopal,nliu bhopal,,,,,,,True
836,NLSIU Bangalore,nlsiu-bangalore,NLSIU Bangalore,1184.0,16,5,4.0,216200,16.0,9.3,,,https://www.nls.ac.in/,True,public_dataset,https://www.nls.ac.in/,,reviewed,Imported from supplied college source and normalized for MVP.,NLSIU Bangalore,nlsiu bangalore,,,,,,,False
837,NLU Delhi,nlu-delhi,NLU Delhi,513.0,9,5,4.0,210000,21.0,9.0,2.0,,,True,public_dataset,,,reviewed,Imported from supplied college source and normalized for MVP.,NLU Delhi,nlu delhi,,,,,,,True
838,NLU Jodhpur,nlu-jodhpur,NLU Jodhpur,2720.0,29,5,4.0,160000,12.0,7.8,8.0,,,True,public_dataset,,,reviewed,Imported from supplied college source and normalized for MVP.,NLU Jodhpur,nlu jodhpur,,,,,,,True
839,NMAM Institute of Technology,nmam-institute-of-technology,NMAM Institute of Technology,,16,9,,163000,7.5,7.9,,,,True,public_dataset,,,reviewed,City missing in supplied source; intentionally left null. Institution type normalized heuristically from source type/name; verify for production. Ownership not explicit enough in supplied source; left null.,NMAM Institute of Technology,nmam institute of technology,,,,,,,False
840,NMIMS University Mumbai,nmims-university-mumbai,NMIMS University Mumbai,2123.0,21,7,2.0,2100000,23.0,8.5,,,,True,public_dataset,,,reviewed,Institution type normalized heuristically from source type/name; verify for production.,NMIMS University Mumbai,nmims university mumbai,,,,,,,False
841,Noida Institute of Engineering and Technology,noida-institute-of-engineering-and-technology,Noida Institute of Engineering and Technology,3751.0,34,9,,614000,7.8,7.6,,,,True,public_dataset,,,reviewed,City missing in supplied source; intentionally left null. Institution type normalized heuristically from source type/name; verify for production. Ownership not explicit enough in supplied source; left null. City resolved conservatively from institution name (derived_name).,Noida Institute of Engineering and Technology,noida institute of engineering and technology,,,,,,,False
842,North East Frontier Technical University,north-east-frontier-technical-university,North East Frontier Technical University,,3,7,,150000,8.7,8.3,,,,True,public_dataset,,,reviewed,City missing in supplied source; intentionally left null. Institution type normalized heuristically from source type/name; verify for production. Ownership not explicit enough in supplied source; left null.,North East Frontier Technical University,north east frontier technical university,,,,,,,False
843,North Eastern Regional Institute of Science and Technology,north-eastern-regional-institute-of-science-and-technology,North Eastern Regional Institute of Scienc...,,3,19,,20470,5.1,6.9,,,,True,public_dataset,,,reviewed,City missing in supplied source; intentionally left null. Institution type normalized heuristically from source type/name; verify for production. Ownership not explicit enough in supplied source; left null.,North Eastern Regional Institute of Science and Technology,north eastern regional institute of science and technology,,,,,,,False
844,North-Eastern Hill University,north-eastern-hill-university,North-Eastern Hill University,,23,7,,5060,6.6,7.9,,,,True,public_dataset,,,reviewed,City missing in supplied source; intentionally left null. Institution type normalized heuristically from source type/name; verify for production. Ownership not explicit enough in supplied source; left null.,North-Eastern Hill University,north eastern hill university,,,,,,,False
845,Northern India Institute of Fashion Technology,northern-india-institute-of-fashion-technology,Northern India Institute of Fashion Techno...,2607.0,28,8,1.0,119750,6.5,7.0,,,,True,public_dataset,,,reviewed,Institution type normalized heuristically from source type/name; verify for production.,Northern India Institute of Fashion Technology,northern india institute of fashion technology,,,,,,,False
846,NSS College of Engineering,nss-college-of-engineering,NSS College of Engineering,,17,9,,8739,8.2,8.3,,,,True,public_dataset,,,reviewed,City missing in supplied source; intentionally left null. Institution type normalized heuristically from source type/name; verify for production. Ownership not explicit enough in supplied source; left null.,NSS College of Engineering,nss college of engineering,,,,,,,False
847,NSUT Delhi,nsut-delhi,NSUT Delhi,513.0,9,7,4.0,185000,14.0,8.3,,,,True,public_dataset,,,reviewed,Imported from supplied college source and normalized for MVP.,NSUT Delhi,nsut delhi,,,,,,,False
848,NUJS Kolkata,nujs-kolkata,NUJS Kolkata,4128.0,36,5,4.0,210000,16.0,9.0,,,,True,public_dataset,,,reviewed,Imported from supplied college source and normalized for MVP.,NUJS Kolkata,nujs kolkata,,,,,,,False
849,"O.P. Jindal Global University, Jindal Global Law School",o-p-jindal-global-university-jindal-global-law-school,"O.P. Jindal Global University, Jindal Glob...",4247.0,12,10,2.0,700000,18.0,6.5,,,,True,public_dataset,,,reviewed,Institution type normalized heuristically from source type/name; verify for production.,"O.P. Jindal Global University, Jindal Global Law School",o p jindal global university jindal global law school,,,,,,,False
850,OP Jindal Global University,op-jindal-global-university,OP Jindal Global University,4247.0,12,7,2.0,70000,18.0,6.5,,,,True,public_dataset,,,reviewed,Institution type normalized heuristically from source type/name; verify for production.,OP Jindal Global University,op jindal global university,,,,,,,False
851,OP Jindal University,op-jindal-university,OP Jindal University,,7,7,,131000,8.4,8.9,,,,True,public_dataset,,,reviewed,City missing in supplied source; intentionally left null. Institution type normalized heuristically from source type/name; verify for production. Ownership not explicit enough in supplied source; left null.,OP Jindal University,op jindal university,,,,,,,False
852,"OPJS University, Churu",opjs-university-churu,"OPJS University, Churu",2692.0,29,7,,71200,6.3,7.2,,,,True,public_dataset,,,reviewed,City missing in supplied source; intentionally left null. Institution type normalized heuristically from source type/name; verify for production. Ownership not explicit enough in supplied source; left null. City resolved conservatively from institution name (derived_name).,"OPJS University, Churu",opjs university churu,,,,,,,False
853,Oriental University,oriental-university,Oriental University,,20,7,,65000,7.1,7.2,,,,True,public_dataset,,,reviewed,City missing in supplied source; intentionally left null. Institution type normalized heuristically from source type/name; verify for production. Ownership not explicit enough in supplied source; left null.,Oriental University,oriental university,,,,,,,False
854,Orissa Engineering College,orissa-engineering-college,Orissa Engineering College,,26,9,,86500,7.3,7.5,,,,True,public_dataset,,,reviewed,City missing in supplied source; intentionally left null. Institution type normalized heuristically from source type/name; verify for production. Ownership not explicit enough in supplied source; left null.,Orissa Engineering College,orissa engineering college,,,,,,,False
855,Osmania University,osmania-university,Osmania University,3216.0,32,7,,27770,8.4,7.0,43.0,,,True,public_dataset,,,reviewed,Institution type normalized heuristically from source type/name; verify for production. Ownership not explicit enough in supplied source; left null.,Osmania University,osmania university,,,,,,,True
856,P.P. Savani University,p-p-savani-university,P.P. Savani University,831.0,11,7,2.0,97650,6.5,6.5,,,,True,public_dataset,,,reviewed,Institution type normalized heuristically from source type/name; verify for production.,P.P. Savani University,p p savani university,,,,,,,False
857,"P.P. Savani University, Surat",p-p-savani-university-surat,"P.P. Savani University, Surat",831.0,11,7,,111500,8.7,9.3,,,,True,public_dataset,,,reviewed,City missing in supplied source; intentionally left null. Institution type normalized heuristically from source type/name; verify for production. Ownership not explicit enough in supplied source; left null. City resolved conservatively from institution name (derived_name).,"P.P. Savani University, Surat",p p savani university surat,,,,,,,False
858,P.U. Swami Sarvanand Giri Regional Centre,p-u-swami-sarvanand-giri-regional-centre,P.U. Swami Sarvanand Giri Regional Centre,2580.0,28,8,1.0,114305,6.5,7.0,,,,True,public_dataset,,,reviewed,Institution type normalized heuristically from source type/name; verify for production.,P.U. Swami Sarvanand Giri Regional Centre,p u swami sarvanand giri regional centre,,,,,,,False
859,"Pacific University, Udaipur",pacific-university-udaipur,"Pacific University, Udaipur",2827.0,29,7,,80000,7.2,7.7,,,,True,public_dataset,,,reviewed,City missing in supplied source; intentionally left null. Institution type normalized heuristically from source type/name; verify for production. Ownership not explicit enough in supplied source; left null. City resolved conservatively from institution name (derived_name).,"Pacific University, Udaipur",pacific university udaipur,,,,,,,False
860,"Padre Conceicao College of Engineering, Salcete",padre-conceicao-college-of-engineering-salcete,"Padre Conceicao College of Engineering, Sa...",,10,9,,130000,6.8,6.6,,,,True,public_dataset,,,reviewed,City missing in supplied source; intentionally left null. Institution type normalized heuristically from source type/name; verify for production. Ownership not explicit enough in supplied source; left null.,"Padre Conceicao College of Engineering, Salcete",padre conceicao college of engineering salcete,,,,,,,False
861,Pandit Bhagwat Dayal Sharma University of Health Sciences,pandit-bhagwat-dayal-sharma-university-of-health-sciences,Pandit Bhagwat Dayal Sharma University of...,950.0,12,7,1.0,24125,6.5,7.0,,,,True,public_dataset,,,reviewed,Institution type normalized heuristically from source type/name; verify for production.,Pandit Bhagwat Dayal Sharma University of Health Sciences,pandit bhagwat dayal sharma university of health sciences,,,,,,,False
862,"Pandit Deendayal Energy University, School of Technology",pandit-deendayal-energy-university-school-of-technology,"Pandit Deendayal Energy University, School...",659.0,11,7,2.0,253000,42.0,8.5,,,,True,public_dataset,,,reviewed,Institution type normalized heuristically from source type/name; verify for production.,"Pandit Deendayal Energy University, School of Technology",pandit deendayal energy university school of technology,,,,,,,False
863,Pandit Deendayal Petroleum University / (Energy,pandit-deendayal-petroleum-university-energy,Pandit Deendayal Petroleum University / (E...,,11,7,,253000,8.1,8.6,,,,True,public_dataset,,,reviewed,City missing in supplied source; intentionally left null. Institution type normalized heuristically from source type/name; verify for production. Ownership not explicit enough in supplied source; left null.,Pandit Deendayal Petroleum University / (Energy,pandit deendayal petroleum university energy,,,,,,,False
864,"Pandit Deendayal Petroleum University, School of Technology",pandit-deendayal-petroleum-university-school-of-technology,"Pandit Deendayal Petroleum University, Sch...",,11,7,,253000,7.9,8.6,,,,True,public_dataset,,,reviewed,City missing in supplied source; intentionally left null. Institution type normalized heuristically from source type/name; verify for production. Ownership not explicit enough in supplied source; left null.,"Pandit Deendayal Petroleum University, School of Technology",pandit deendayal petroleum university school of technology,,,,,,,False
865,Pandit Deendayal Upadhyay Medical College,pandit-deendayal-upadhyay-medical-college,Pandit Deendayal Upadhyay Medical College,801.0,11,8,1.0,25000,6.5,7.0,,,,True,public_dataset,,,reviewed,Institution type normalized heuristically from source type/name; verify for production.,Pandit Deendayal Upadhyay Medical College,pandit deendayal upadhyay medical college,,,,,,,False
866,Panjab University,panjab-university,Panjab University,418.0,6,7,4.0,20885,8.0,7.5,38.0,,,True,public_dataset,,,reviewed,Imported from supplied college source and normalized for MVP.,Panjab University,panjab university,,,,,,,True
867,Parala Maharaja Engineering College,parala-maharaja-engineering-college,Parala Maharaja Engineering College,,26,9,,33400,5.7,7.3,,,,True,public_dataset,,,reviewed,City missing in supplied source; intentionally left null. Institution type normalized heuristically from source type/name; verify for production. Ownership not explicit enough in supplied source; left null.,Parala Maharaja Engineering College,parala maharaja engineering college,,,,,,,False
868,Parul University,parul-university,Parul University,852.0,11,7,2.0,102300,46.0,8.5,,,,True,public_dataset,,,reviewed,Institution type normalized heuristically from source type/name; verify for production.,Parul University,parul university,,,,,,,False
869,Patna Law College,patna-law-college,Patna Law College,387.0,5,10,1.0,2220,6.5,7.0,,,,True,public_dataset,,,reviewed,Institution type normalized heuristically from source type/name; verify for production.,Patna Law College,patna law college,,,,,,,False
870,Patna Medical College & Hospital,patna-medical-college-and-hospital,Patna Medical College & Hospital,387.0,5,8,1.0,9500,6.5,7.0,,,,True,public_dataset,,,reviewed,Institution type normalized heuristically from source type/name; verify for production.,Patna Medical College & Hospital,patna medical college hospital,,,,,,,False
871,Patna University,patna-university,Patna University,387.0,5,7,4.0,150000,6.5,7.5,,,,True,public_dataset,,,reviewed,Imported from supplied college source and normalized for MVP.,Patna University,patna university,,,,,,,False
872,"PDM University, Bahadurgarh, Bahadurgarh",pdm-university-bahadurgarh-bahadurgarh,"PDM University, Bahadurgarh, Bahadurgarh",884.0,12,7,,100200,7.1,7.4,,,,True,public_dataset,,,reviewed,City missing in supplied source; intentionally left null. Institution type normalized heuristically from source type/name; verify for production. Ownership not explicit enough in supplied source; left null. City resolved conservatively from institution name (derived_name).,"PDM University, Bahadurgarh, Bahadurgarh",pdm university bahadurgarh bahadurgarh,,,,,,,False
873,Periyar University,periyar-university,Periyar University,3097.0,31,7,,200000,6.5,7.0,56.0,,,True,public_dataset,,,reviewed,Institution type normalized heuristically from source type/name; verify for production. Ownership not explicit enough in supplied source; left null.,Periyar University,periyar university,,,,,,,True
874,Perunthalaivar Kamarajar Institute of Engineering and Technology,perunthalaivar-kamarajar-institute-of-engineering-and-technology,Perunthalaivar Kamarajar Institute of Engi...,,27,9,,31915,8.0,8.0,,,,True,public_dataset,,,reviewed,City missing in supplied source; intentionally left null. Institution type normalized heuristically from source type/name; verify for production. Ownership not explicit enough in supplied source; left null.,Perunthalaivar Kamarajar Institute of Engineering and Technology,perunthalaivar kamarajar institute of engineering and technology,,,,,,,False
875,PES College of Engineering,pes-college-of-engineering,PES College of Engineering,1184.0,16,9,,76800,7.3,7.7,,,,True,public_dataset,,,reviewed,Institution type normalized heuristically from source type/name; verify for production. Ownership not explicit enough in supplied source; left null.,PES College of Engineering,pes college of engineering,,,,,,,False
876,"PG Government College for Girls, Chandigarh",pg-government-college-for-girls-chandigarh,"PG Government College for Girls, Chandigarh",418.0,6,8,1.0,55260,8.2,8.1,,,,True,public_dataset,,,reviewed,City missing in supplied source; intentionally left null. Institution type normalized heuristically from source type/name; verify for production. City resolved conservatively from institution name (derived_name).,"PG Government College for Girls, Chandigarh",pg government college for girls chandigarh,,,,,,,False
877,Pimpri Chinchwad College of Engineering,pimpri-chinchwad-college-of-engineering,Pimpri Chinchwad College of Engineering,2200.0,21,9,,138559,8.6,8.1,,,,True,public_dataset,,,reviewed,City missing in supplied source; intentionally left null. Institution type normalized heuristically from source type/name; verify for production. Ownership not explicit enough in supplied source; left null. City resolved conservatively from institution name (derived_name_prefix).,Pimpri Chinchwad College of Engineering,pimpri chinchwad college of engineering,,,,,,,False
878,Plaksha University,plaksha-university,Plaksha University,2607.0,28,7,2.0,880000,15.0,8.5,,,,True,public_dataset,,,reviewed,Institution type normalized heuristically from source type/name; verify for production.,Plaksha University,plaksha university,,,,,,,False
879,"Plaksha, Mohali",plaksha-mohali,"Plaksha, Mohali",2607.0,28,8,,690000,6.0,6.5,,,,True,public_dataset,,,reviewed,City missing in supplied source; intentionally left null. Institution type normalized heuristically from source type/name; verify for production. Ownership not explicit enough in supplied source; left null. City resolved conservatively from institution name (derived_name).,"Plaksha, Mohali",plaksha mohali,,,,,,,False
880,"Plastindia International University, Dadra & Nagar Haveli",plastindia-international-university-dadra-and-nagar-haveli,"Plastindia International University, Dadra...",,42,7,,150000,6.0,6.5,,,,True,public_dataset,,,reviewed,City missing in supplied source; intentionally left null. Institution type normalized heuristically from source type/name; verify for production. Ownership not explicit enough in supplied source; left null.,"Plastindia International University, Dadra & Nagar Haveli",plastindia international university dadra nagar haveli,,,,,,,False
881,Pondicherry University,pondicherry-university,Pondicherry University,2527.0,27,7,3.0,26218,8.0,7.8,,,,True,public_dataset,,,reviewed,Imported from supplied college source and normalized for MVP.,Pondicherry University,pondicherry university,,,,,,,False
882,"Poornima College of Engineering, Jaipur",poornima-college-of-engineering-jaipur,"Poornima College of Engineering, Jaipur",2711.0,29,9,,170000,7.6,7.5,,,,True,public_dataset,,,reviewed,City missing in supplied source; intentionally left null. Institution type normalized heuristically from source type/name; verify for production. Ownership not explicit enough in supplied source; left null. City resolved conservatively from institution name (derived_name).,"Poornima College of Engineering, Jaipur",poornima college of engineering jaipur,,,,,,,False
883,Post Graduate Government College for Girls,post-graduate-government-college-for-girls,Post Graduate Government College for Girls,418.0,6,8,1.0,27092,6.5,7.0,,,,True,public_dataset,,,reviewed,Institution type normalized heuristically from source type/name; verify for production.,Post Graduate Government College for Girls,post graduate government college for girls,,,,,,,False
884,Post Graduate Institute of Medical Education & Research,post-graduate-institute-of-medical-education-and-research,Post Graduate Institute of Medical Educati...,418.0,6,18,1.0,3030,6.5,7.0,,,,True,public_dataset,,,reviewed,Institution type normalized heuristically from source type/name; verify for production.,Post Graduate Institute of Medical Education & Research,post graduate institute of medical education research,,,,,,,False
885,"Pragjyotish College, Guwahati",pragjyotish-college-guwahati,"Pragjyotish College, Guwahati",236.0,4,8,,24000,4.3,6.5,,,,True,public_dataset,,,reviewed,City missing in supplied source; intentionally left null. Institution type normalized heuristically from source type/name; verify for production. Ownership not explicit enough in supplied source; left null. City resolved conservatively from institution name (derived_name).,"Pragjyotish College, Guwahati",pragjyotish college guwahati,,,,,,,False
886,Prasad V. Potluri Siddhartha Institute of Technology,prasad-v-potluri-siddhartha-institute-of-technology,Prasad V. Potluri Siddhartha Institute of...,,2,9,,280000,7.9,7.9,,,,True,public_dataset,,,reviewed,City missing in supplied source; intentionally left null. Institution type normalized heuristically from source type/name; verify for production. Ownership not explicit enough in supplied source; left null.,Prasad V. Potluri Siddhartha Institute of Technology,prasad v potluri siddhartha institute of technology,,,,,,,False
887,Presidency University Kolkata,presidency-university-kolkata,Presidency University Kolkata,4128.0,36,7,4.0,150000,7.5,7.5,,,,True,public_dataset,,,reviewed,Imported from supplied college source and normalized for MVP.,Presidency University Kolkata,presidency university kolkata,,,,,,,False
888,"Presidency University, Bangalore",presidency-university-bangalore,"Presidency University, Bangalore",1184.0,16,7,,210000,8.2,8.3,,,,True,public_dataset,,,reviewed,City missing in supplied source; intentionally left null. Institution type normalized heuristically from source type/name; verify for production. Ownership not explicit enough in supplied source; left null. City resolved conservatively from institution name (derived_name).,"Presidency University, Bangalore",presidency university bangalore,,,,,,,False
889,Prestige Institute of Management and Research,prestige-institute-of-management-and-research,Prestige Institute of Management and Research,1609.0,20,8,2.0,159000,32.0,8.5,,,,True,public_dataset,,,reviewed,Institution type normalized heuristically from source type/name; verify for production.,Prestige Institute of Management and Research,prestige institute of management and research,,,,,,,False
890,PSG College of Technology,psg-college-of-technology,PSG College of Technology,2897.0,31,8,2.0,87000,7.5,9.0,51.0,,,True,public_dataset,,,reviewed,Institution type normalized heuristically from source type/name; verify for production.,PSG College of Technology,psg college of technology,,,,,,,True
891,"PSV College of Engineering and Technology, Pondicherry",psv-college-of-engineering-and-technology-pondicherry,"PSV College of Engineering and Technology,...",2527.0,27,9,,30000,5.0,5.3,,,,True,public_dataset,,,reviewed,City missing in supplied source; intentionally left null. Institution type normalized heuristically from source type/name; verify for production. Ownership not explicit enough in supplied source; left null. City resolved conservatively from institution name (derived_name).,"PSV College of Engineering and Technology, Pondicherry",psv college of engineering and technology pondicherry,,,,,,,False
892,Pt Bhagwat Dayal Sharma Post Graduate Institute of Medical Sciences,pt-bhagwat-dayal-sharma-post-graduate-institute-of-medical-sciences,Pt Bhagwat Dayal Sharma Post Graduate Inst...,950.0,12,19,1.0,12395,6.5,7.0,,,,True,public_dataset,,,reviewed,Institution type normalized heuristically from source type/name; verify for production.,Pt Bhagwat Dayal Sharma Post Graduate Institute of Medical Sciences,pt bhagwat dayal sharma post graduate institute of medical sciences,,,,,,,False
893,Pt. Jawahar Lal Nehru Government Medical College and Hospital,pt-jawahar-lal-nehru-government-medical-college-and-hospital,Pt. Jawahar Lal Nehru Government Medical C...,968.0,13,8,1.0,60000,6.5,7.0,,,,True,public_dataset,,,reviewed,Institution type normalized heuristically from source type/name; verify for production.,Pt. Jawahar Lal Nehru Government Medical College and Hospital,pt jawahar lal nehru government medical college and hospital,,,,,,,False
894,Pune University SPPU,pune-university-sppu,Pune University SPPU,2206.0,21,7,4.0,150000,9.0,7.5,,,,True,public_dataset,,,reviewed,Imported from supplied college source and normalized for MVP.,Pune University SPPU,pune university sppu,,,,,,,False
895,Punjab Agricultural University,punjab-agricultural-university,Punjab Agricultural University,2598.0,28,7,,94960,7.0,7.0,57.0,,,True,public_dataset,,,reviewed,Institution type normalized heuristically from source type/name; verify for production. Ownership not explicit enough in supplied source; left null.,Punjab Agricultural University,punjab agricultural university,,,,,,,True
896,Punjab Engineering College University of Technology,punjab-engineering-college-university-of-technology,Punjab Engineering College University of T...,418.0,6,7,1.0,207000,52.0,8.0,,,,True,public_dataset,,,reviewed,Institution type normalized heuristically from source type/name; verify for production.,Punjab Engineering College University of Technology,punjab engineering college university of technology,,,,,,,False
897,Punjab Institute of Medical Sciences,punjab-institute-of-medical-sciences,Punjab Institute of Medical Sciences,2585.0,28,19,2.0,529500,6.5,6.5,,,,True,public_dataset,,,reviewed,Institution type normalized heuristically from source type/name; verify for production.,Punjab Institute of Medical Sciences,punjab institute of medical sciences,,,,,,,False
898,Purnea College of Engineering,purnea-college-of-engineering,Purnea College of Engineering,4264.0,5,9,,150000,6.0,8.5,,,,True,public_dataset,,,reviewed,Institution type normalized heuristically from source type/name; verify for production. Ownership not explicit enough in supplied source; left null.,Purnea College of Engineering,purnea college of engineering,,,,,,,False
899,Quantum University,quantum-university,Quantum University,3968.0,35,7,2.0,172500,33.5,8.5,,,,True,public_dataset,,,reviewed,Institution type normalized heuristically from source type/name; verify for production.,Quantum University,quantum university,,,,,,,False
900,Quest Group of Institutions,quest-group-of-institutions,Quest Group of Institutions,2607.0,28,8,2.0,100200,6.5,6.5,,,,True,public_dataset,,,reviewed,Institution type normalized heuristically from source type/name; verify for production.,Quest Group of Institutions,quest group of institutions,,,,,,,False
901,R V College of Engineering,r-v-college-of-engineering,R V College of Engineering,,16,9,,350000,9.0,8.5,,,,True,public_dataset,,,reviewed,City missing in supplied source; intentionally left null. Institution type normalized heuristically from source type/name; verify for production. Ownership not explicit enough in supplied source; left null.,R V College of Engineering,r v college of engineering,,,,,,,False
902,R V S College of Engineering and Technology,r-v-s-college-of-engineering-and-technology,R V S College of Engineering and Technology,,27,9,,40000,6.0,6.5,,,,True,public_dataset,,,reviewed,City missing in supplied source; intentionally left null. Institution type normalized heuristically from source type/name; verify for production. Ownership not explicit enough in supplied source; left null.,R V S College of Engineering and Technology,r v s college of engineering and technology,,,,,,,False
903,R.H. Patel Institute of Management,r-h-patel-institute-of-management,R.H. Patel Institute of Management,719.0,11,8,2.0,56000,6.5,6.5,,,,True,public_dataset,,,reviewed,Institution type normalized heuristically from source type/name; verify for production.,R.H. Patel Institute of Management,r h patel institute of management,,,,,,,False
904,Radha Govind University,radha-govind-university,Radha Govind University,,15,7,,60000,8.4,8.6,,,,True,public_dataset,,,reviewed,City missing in supplied source; intentionally left null. Institution type normalized heuristically from source type/name; verify for production. Ownership not explicit enough in supplied source; left null.,Radha Govind University,radha govind university,,,,,,,False
905,Raghu Engineering College,raghu-engineering-college,Raghu Engineering College,,2,9,,85000,8.5,8.1,,,,True,public_dataset,,,reviewed,City missing in supplied source; intentionally left null. Institution type normalized heuristically from source type/name; verify for production. Ownership not explicit enough in supplied source; left null.,Raghu Engineering College,raghu engineering college,,,,,,,False
906,Raipur Institute of Technology,raipur-institute-of-technology,Raipur Institute of Technology,483.0,7,9,,273000,8.0,8.0,,,,True,public_dataset,,,reviewed,City missing in supplied source; intentionally left null. Institution type normalized heuristically from source type/name; verify for production. Ownership not explicit enough in supplied source; left null. City resolved conservatively from institution name (derived_name).,Raipur Institute of Technology,raipur institute of technology,,,,,,,False
907,Rajagiri School of Engineering & Technology,rajagiri-school-of-engineering-and-technology,Rajagiri School of Engineering & Technology,,17,8,,87000,8.6,8.2,,,,True,public_dataset,,,reviewed,City missing in supplied source; intentionally left null. Institution type normalized heuristically from source type/name; verify for production. Ownership not explicit enough in supplied source; left null.,Rajagiri School of Engineering & Technology,rajagiri school of engineering technology,,,,,,,False
908,Rajalakshmi Engineering College,rajalakshmi-engineering-college,Rajalakshmi Engineering College,,31,9,,50000,8.3,7.8,,,,True,public_dataset,,,reviewed,City missing in supplied source; intentionally left null. Institution type normalized heuristically from source type/name; verify for production. Ownership not explicit enough in supplied source; left null.,Rajalakshmi Engineering College,rajalakshmi engineering college,,,,,,,False
909,Rajasthan University,rajasthan-university,Rajasthan University,2711.0,29,7,4.0,150000,6.0,7.5,,,,True,public_dataset,,,reviewed,Imported from supplied college source and normalized for MVP.,Rajasthan University,rajasthan university,,,,,,,False
910,Rajasthan University of Health Sciences,rajasthan-university-of-health-sciences,Rajasthan University of Health Sciences,2711.0,29,7,1.0,85000,6.5,7.0,,,,True,public_dataset,,,reviewed,Institution type normalized heuristically from source type/name; verify for production.,Rajasthan University of Health Sciences,rajasthan university of health sciences,,,,,,,False
911,Rajeev Gandhi Memorial College of Engineering and,rajeev-gandhi-memorial-college-of-engineering-and,Rajeev Gandhi Memorial College of Engineer...,,2,9,,69100,6.2,7.4,,,,True,public_dataset,,,reviewed,City missing in supplied source; intentionally left null. Institution type normalized heuristically from source type/name; verify for production. Ownership not explicit enough in supplied source; left null.,Rajeev Gandhi Memorial College of Engineering and,rajeev gandhi memorial college of engineering and,,,,,,,False
912,"Rajiv Gandhi College of Engineering and Technology, Pondicherry",rajiv-gandhi-college-of-engineering-and-technology-pondicherry,Rajiv Gandhi College of Engineering and Te...,2527.0,27,9,,40000,6.9,6.8,,,,True,public_dataset,,,reviewed,City missing in supplied source; intentionally left null. Institution type normalized heuristically from source type/name; verify for production. Ownership not explicit enough in supplied source; left null. City resolved conservatively from institution name (derived_name).,"Rajiv Gandhi College of Engineering and Technology, Pondicherry",rajiv gandhi college of engineering and technology pondicherry,,,,,,,False
913,Rajiv Gandhi Government Polytechnic,rajiv-gandhi-government-polytechnic,Rajiv Gandhi Government Polytechnic,,3,17,1.0,15350,6.0,6.5,,,,True,public_dataset,,,reviewed,City missing in supplied source; intentionally left null. Institution type normalized heuristically from source type/name; verify for production.,Rajiv Gandhi Government Polytechnic,rajiv gandhi government polytechnic,,,,,,,False
914,Rajiv Gandhi govt. Engineering college,rajiv-gandhi-govt-engineering-college,Rajiv Gandhi govt. Engineering college,986.0,13,9,1.0,56870,6.0,7.0,,,,True,public_dataset,,,reviewed,Institution type normalized heuristically from source type/name; verify for production.,Rajiv Gandhi govt. Engineering college,rajiv gandhi govt engineering college,,,,,,,False
915,"Rajiv Gandhi govt. Engineering college, Kangra",rajiv-gandhi-govt-engineering-college-kangra,"Rajiv Gandhi govt. Engineering college, Ka...",986.0,13,9,1.0,61070,5.6,7.5,,,,True,public_dataset,,,reviewed,City missing in supplied source; intentionally left null. Institution type normalized heuristically from source type/name; verify for production. City resolved conservatively from institution name (derived_name).,"Rajiv Gandhi govt. Engineering college, Kangra",rajiv gandhi govt engineering college kangra,,,,,,,False
916,Rajiv Gandhi Institute of Petroleum Technology,rajiv-gandhi-institute-of-petroleum-technology,Rajiv Gandhi Institute of Petroleum Techno...,3317.0,34,8,1.0,256000,24.0,8.6,,,,True,public_dataset,,,reviewed,Institution type normalized heuristically from source type/name; verify for production.,Rajiv Gandhi Institute of Petroleum Technology,rajiv gandhi institute of petroleum technology,,,,,,,False
917,Rajiv Gandhi National University of Law,rajiv-gandhi-national-university-of-law,Rajiv Gandhi National University of Law,2617.0,28,10,1.0,242500,10.0,7.0,,,,True,public_dataset,,,reviewed,Institution type normalized heuristically from source type/name; verify for production.,Rajiv Gandhi National University of Law,rajiv gandhi national university of law,,,,,,,False
918,Rajiv Gandhi Proudyogiki Vishwavidyalaya,rajiv-gandhi-proudyogiki-vishwavidyalaya,Rajiv Gandhi Proudyogiki Vishwavidyalaya,1559.0,20,8,1.0,44500,18.0,8.0,,,,True,public_dataset,,,reviewed,Institution type normalized heuristically from source type/name; verify for production.,Rajiv Gandhi Proudyogiki Vishwavidyalaya,rajiv gandhi proudyogiki vishwavidyalaya,,,,,,,False
919,Rajiv Gandhi University,rajiv-gandhi-university,Rajiv Gandhi University,,3,7,,19850,5.4,7.0,,,,True,public_dataset,,,reviewed,City missing in supplied source; intentionally left null. Institution type normalized heuristically from source type/name; verify for production. Ownership not explicit enough in supplied source; left null.,Rajiv Gandhi University,rajiv gandhi university,,,,,,,False
920,"Rajiv Gandhi University of Knowledge Technologies,",rajiv-gandhi-university-of-knowledge-technologies,Rajiv Gandhi University of Knowledge Techn...,,2,7,,39000,7.7,8.2,,,,True,public_dataset,,,reviewed,City missing in supplied source; intentionally left null. Institution type normalized heuristically from source type/name; verify for production. Ownership not explicit enough in supplied source; left null.,"Rajiv Gandhi University of Knowledge Technologies,",rajiv gandhi university of knowledge technologies,,,,,,,False
921,"Rama University, Kanpur",rama-university-kanpur,"Rama University, Kanpur",3597.0,34,7,,90000,6.6,6.7,,,,True,public_dataset,,,reviewed,City missing in supplied source; intentionally left null. Institution type normalized heuristically from source type/name; verify for production. Ownership not explicit enough in supplied source; left null. City resolved conservatively from institution name (derived_name).,"Rama University, Kanpur",rama university kanpur,,,,,,,False
922,Ramaiah Institute of Technology,ramaiah-institute-of-technology,Ramaiah Institute of Technology,,16,9,,86226,8.3,8.4,,,,True,public_dataset,,,reviewed,City missing in supplied source; intentionally left null. Institution type normalized heuristically from source type/name; verify for production. Ownership not explicit enough in supplied source; left null.,Ramaiah Institute of Technology,ramaiah institute of technology,,,,,,,False
923,Ramchandra Chandarvansi Institute of Technology,ramchandra-chandarvansi-institute-of-technology,Ramchandra Chandarvansi Institute of Techn...,,15,9,,63200,7.0,7.7,,,,True,public_dataset,,,reviewed,City missing in supplied source; intentionally left null. Institution type normalized heuristically from source type/name; verify for production. Ownership not explicit enough in supplied source; left null.,Ramchandra Chandarvansi Institute of Technology,ramchandra chandarvansi institute of technology,,,,,,,False
924,Ramgarh Engineering College,ramgarh-engineering-college,Ramgarh Engineering College,1143.0,15,9,,150000,4.6,6.7,,,,True,public_dataset,,,reviewed,City missing in supplied source; intentionally left null. Institution type normalized heuristically from source type/name; verify for production. Ownership not explicit enough in supplied source; left null. City resolved conservatively from institution name (derived_name).,Ramgarh Engineering College,ramgarh engineering college,,,,,,,False
925,"Ramgovind Institute of Technology, Kodarma",ramgovind-institute-of-technology-kodarma,"Ramgovind Institute of Technology, Kodarma",1126.0,15,9,,34000,2.5,4.9,,,,True,public_dataset,,,reviewed,City missing in supplied source; intentionally left null. Institution type normalized heuristically from source type/name; verify for production. Ownership not explicit enough in supplied source; left null. City resolved conservatively from institution name (derived_name).,"Ramgovind Institute of Technology, Kodarma",ramgovind institute of technology kodarma,,,,,,,False
926,Ramrao Adik Institute of Technology,ramrao-adik-institute-of-technology,Ramrao Adik Institute of Technology,,21,9,,325000,8.7,8.6,,,,True,public_dataset,,,reviewed,City missing in supplied source; intentionally left null. Institution type normalized heuristically from source type/name; verify for production. Ownership not explicit enough in supplied source; left null.,Ramrao Adik Institute of Technology,ramrao adik institute of technology,,,,,,,False
927,Ras Bihari Bose Subharti University,ras-bihari-bose-subharti-university,Ras Bihari Bose Subharti University,3935.0,35,7,2.0,240000,6.5,6.5,,,,True,public_dataset,,,reviewed,Institution type normalized heuristically from source type/name; verify for production.,Ras Bihari Bose Subharti University,ras bihari bose subharti university,,,,,,,False
928,Rashtrakavi Ramdhari Singh Dinkar College of Engineering,rashtrakavi-ramdhari-singh-dinkar-college-of-engineering,Rashtrakavi Ramdhari Singh Dinkar College...,,5,9,,2630,4.7,6.5,,,,True,public_dataset,,,reviewed,City missing in supplied source; intentionally left null. Institution type normalized heuristically from source type/name; verify for production. Ownership not explicit enough in supplied source; left null.,Rashtrakavi Ramdhari Singh Dinkar College of Engineering,rashtrakavi ramdhari singh dinkar college of engineering,,,,,,,False
929,Rashtrasant Tukadoji Maharaj Nagpur University,rashtrasant-tukadoji-maharaj-nagpur-university,Rashtrasant Tukadoji Maharaj Nagpur Univer...,2134.0,21,7,,33600,6.9,7.5,,,,True,public_dataset,,,reviewed,City missing in supplied source; intentionally left null. Institution type normalized heuristically from source type/name; verify for production. Ownership not explicit enough in supplied source; left null. City resolved conservatively from institution name (derived_name).,Rashtrasant Tukadoji Maharaj Nagpur University,rashtrasant tukadoji maharaj nagpur university,,,,,,,False
930,"Rayat Bahra University, Mohali",rayat-bahra-university-mohali,"Rayat Bahra University, Mohali",2607.0,28,7,,100000,7.4,7.7,,,,True,public_dataset,,,reviewed,City missing in supplied source; intentionally left null. Institution type normalized heuristically from source type/name; verify for production. Ownership not explicit enough in supplied source; left null. City resolved conservatively from institution name (derived_name).,"Rayat Bahra University, Mohali",rayat bahra university mohali,,,,,,,False
931,RDJM Medical College & Hospital,rdjm-medical-college-and-hospital,RDJM Medical College & Hospital,379.0,5,8,2.0,1390000,6.5,6.5,,,,True,public_dataset,,,reviewed,Institution type normalized heuristically from source type/name; verify for production.,RDJM Medical College & Hospital,rdjm medical college hospital,,,,,,,False
932,"Regency Institute of Technology, Yanam",regency-institute-of-technology-yanam,"Regency Institute of Technology, Yanam",2528.0,27,9,,41263,4.4,5.7,,,,True,public_dataset,,,reviewed,City missing in supplied source; intentionally left null. Institution type normalized heuristically from source type/name; verify for production. Ownership not explicit enough in supplied source; left null. City resolved conservatively from institution name (derived_name).,"Regency Institute of Technology, Yanam",regency institute of technology yanam,,,,,,,False
933,Regional Institute of Science and Technolog,regional-institute-of-science-and-technolog,Regional Institute of Science and Technolog,,23,19,,125000,7.0,8.2,,,,True,public_dataset,,,reviewed,City missing in supplied source; intentionally left null. Institution type normalized heuristically from source type/name; verify for production. Ownership not explicit enough in supplied source; left null.,Regional Institute of Science and Technolog,regional institute of science and technolog,,,,,,,False
934,"REVA University, Bangalore",reva-university-bangalore,"REVA University, Bangalore",1184.0,16,7,,225000,7.8,8.4,,,,True,public_dataset,,,reviewed,City missing in supplied source; intentionally left null. Institution type normalized heuristically from source type/name; verify for production. Ownership not explicit enough in supplied source; left null. City resolved conservatively from institution name (derived_name).,"REVA University, Bangalore",reva university bangalore,,,,,,,False
935,Rewa Engineering College,rewa-engineering-college,Rewa Engineering College,1726.0,20,9,1.0,49800,6.0,7.0,,,,True,public_dataset,,,reviewed,Institution type normalized heuristically from source type/name; verify for production.,Rewa Engineering College,rewa engineering college,,,,,,,False
936,RIMT University,rimt-university,RIMT University,4277.0,28,7,2.0,193000,6.0,6.0,,,,True,public_dataset,,,reviewed,Institution type normalized heuristically from source type/name; verify for production.,RIMT University,rimt university,,,,,,,False
937,"RIMT University, Gobindgarh",rimt-university-gobindgarh,"RIMT University, Gobindgarh",4277.0,28,7,,135000,6.7,7.6,,,,True,public_dataset,,,reviewed,City missing in supplied source; intentionally left null. Institution type normalized heuristically from source type/name; verify for production. Ownership not explicit enough in supplied source; left null. City resolved conservatively from institution name (derived_name).,"RIMT University, Gobindgarh",rimt university gobindgarh,,,,,,,False
938,RK University,rk-university,RK University,,11,7,,76500,7.8,8.5,,,,True,public_dataset,,,reviewed,City missing in supplied source; intentionally left null. Institution type normalized heuristically from source type/name; verify for production. Ownership not explicit enough in supplied source; left null.,RK University,rk university,,,,,,,False
939,"RKDF University, Bhopal",rkdf-university-bhopal,"RKDF University, Bhopal",1559.0,20,7,,55000,6.5,7.6,,,,True,public_dataset,,,reviewed,City missing in supplied source; intentionally left null. Institution type normalized heuristically from source type/name; verify for production. Ownership not explicit enough in supplied source; left null. City resolved conservatively from institution name (derived_name).,"RKDF University, Bhopal",rkdf university bhopal,,,,,,,False
940,"RKDF University, Ranchi",rkdf-university-ranchi,"RKDF University, Ranchi",1144.0,15,7,,110000,6.0,6.5,,,,True,public_dataset,,,reviewed,City missing in supplied source; intentionally left null. Institution type normalized heuristically from source type/name; verify for production. Ownership not explicit enough in supplied source; left null. City resolved conservatively from institution name (derived_name).,"RKDF University, Ranchi",rkdf university ranchi,,,,,,,False
941,RNT Medical College,rnt-medical-college,RNT Medical College,2827.0,29,8,1.0,125246,6.5,7.0,,,,True,public_dataset,,,reviewed,Institution type normalized heuristically from source type/name; verify for production.,RNT Medical College,rnt medical college,,,,,,,False
942,Roorkee Institute of Technology,roorkee-institute-of-technology,Roorkee Institute of Technology,3968.0,35,9,2.0,109900,18.0,8.0,,,,True,public_dataset,,,reviewed,Institution type normalized heuristically from source type/name; verify for production.,Roorkee Institute of Technology,roorkee institute of technology,,,,,,,False
943,Royal Global University,royal-global-university,Royal Global University,,4,7,,142000,6.5,7.6,,,,True,public_dataset,,,reviewed,City missing in supplied source; intentionally left null. Institution type normalized heuristically from source type/name; verify for production. Ownership not explicit enough in supplied source; left null.,Royal Global University,royal global university,,,,,,,False
944,Royal School of Engineering and Technology,royal-school-of-engineering-and-technology,Royal School of Engineering and Technology,,4,9,,142000,4.0,6.2,,,,True,public_dataset,,,reviewed,City missing in supplied source; intentionally left null. Institution type normalized heuristically from source type/name; verify for production. Ownership not explicit enough in supplied source; left null.,Royal School of Engineering and Technology,royal school of engineering and technology,,,,,,,False
945,"RP Sharma Institute of Technology, Patna",rp-sharma-institute-of-technology-patna,"RP Sharma Institute of Technology, Patna",387.0,5,9,,85000,5.1,6.8,,,,True,public_dataset,,,reviewed,City missing in supplied source; intentionally left null. Institution type normalized heuristically from source type/name; verify for production. Ownership not explicit enough in supplied source; left null. City resolved conservatively from institution name (derived_name).,"RP Sharma Institute of Technology, Patna",rp sharma institute of technology patna,,,,,,,False
946,RSR Rungta College of Engineering and Technology,rsr-rungta-college-of-engineering-and-technology,RSR Rungta College of Engineering and Tech...,,7,9,,75100,7.3,7.5,,,,True,public_dataset,,,reviewed,City missing in supplied source; intentionally left null. Institution type normalized heuristically from source type/name; verify for production. Ownership not explicit enough in supplied source; left null.,RSR Rungta College of Engineering and Technology,rsr rungta college of engineering and technology,,,,,,,False
947,RTC Institute of Technology,rtc-institute-of-technology,RTC Institute of Technology,,15,9,,78800,7.4,7.7,,,,True,public_dataset,,,reviewed,City missing in supplied source; intentionally left null. Institution type normalized heuristically from source type/name; verify for production. Ownership not explicit enough in supplied source; left null.,RTC Institute of Technology,rtc institute of technology,,,,,,,False
948,RTM Nagpur University,rtm-nagpur-university,RTM Nagpur University,2134.0,21,7,4.0,150000,7.0,7.5,,,,True,public_dataset,,,reviewed,Imported from supplied college source and normalized for MVP.,RTM Nagpur University,rtm nagpur university,,,,,,,False
949,RUHS College of Medical Sciences,ruhs-college-of-medical-sciences,RUHS College of Medical Sciences,2711.0,29,19,1.0,125246,6.5,7.0,,,,True,public_dataset,,,reviewed,Institution type normalized heuristically from source type/name; verify for production.,RUHS College of Medical Sciences,ruhs college of medical sciences,,,,,,,False
950,Rungta College of Engineering and Technology,rungta-college-of-engineering-and-technology,Rungta College of Engineering and Technology,,7,9,,76100,8.2,7.7,,,,True,public_dataset,,,reviewed,City missing in supplied source; intentionally left null. Institution type normalized heuristically from source type/name; verify for production. Ownership not explicit enough in supplied source; left null.,Rungta College of Engineering and Technology,rungta college of engineering and technology,,,,,,,False
951,RV College of Architecture,rv-college-of-architecture,RV College of Architecture,1184.0,16,14,2.0,113060,6.5,6.5,,,,True,public_dataset,,,reviewed,Institution type normalized heuristically from source type/name; verify for production.,RV College of Architecture,rv college of architecture,,,,,,,False
952,RV College of Engineering,rv-college-of-engineering,RV College of Engineering,1184.0,16,9,2.0,155000,8.0,7.7,63.0,,,True,public_dataset,,,reviewed,Institution type normalized heuristically from source type/name; verify for production.,RV College of Engineering,rv college of engineering,,,,,,,True
953,RVS College of Engineering and Technology,rvs-college-of-engineering-and-technology,RVS College of Engineering and Technology,,15,9,,89400,7.5,7.7,,,,True,public_dataset,,,reviewed,City missing in supplied source; intentionally left null. Institution type normalized heuristically from source type/name; verify for production. Ownership not explicit enough in supplied source; left null.,RVS College of Engineering and Technology,rvs college of engineering and technology,,,,,,,False
954,S.R.M. Institute of Science and Technology,s-r-m-institute-of-science-and-technology,S.R.M. Institute of Science and Technology,2885.0,31,7,,200000,7.6,7.0,12.0,,,True,public_dataset,,,reviewed,Institution type normalized heuristically from source type/name; verify for production. Ownership not explicit enough in supplied source; left null.,S.R.M. Institute of Science and Technology,s r m institute of science and technology,,,,,,,True
955,Sagi Ramakrishnam Raju Engineering College,sagi-ramakrishnam-raju-engineering-college,Sagi Ramakrishnam Raju Engineering College,,2,9,,30000,8.2,8.2,,,,True,public_dataset,,,reviewed,City missing in supplied source; intentionally left null. Institution type normalized heuristically from source type/name; verify for production. Ownership not explicit enough in supplied source; left null.,Sagi Ramakrishnam Raju Engineering College,sagi ramakrishnam raju engineering college,,,,,,,False
956,Saharsa College of Engineering,saharsa-college-of-engineering,Saharsa College of Engineering,401.0,5,9,,150000,6.0,7.7,,,,True,public_dataset,,,reviewed,City missing in supplied source; intentionally left null. Institution type normalized heuristically from source type/name; verify for production. Ownership not explicit enough in supplied source; left null. City resolved conservatively from institution name (derived_name).,Saharsa College of Engineering,saharsa college of engineering,,,,,,,False
957,Sahibzada Ajit Singh Group of Institutions,sahibzada-ajit-singh-group-of-institutions,Sahibzada Ajit Singh Group of Institutions,2607.0,28,8,2.0,71200,6.5,6.5,,,,True,public_dataset,,,reviewed,Institution type normalized heuristically from source type/name; verify for production.,Sahibzada Ajit Singh Group of Institutions,sahibzada ajit singh group of institutions,,,,,,,False
958,Sahrdaya College of Engineering,sahrdaya-college-of-engineering,Sahrdaya College of Engineering,,17,9,,35000,6.6,7.1,,,,True,public_dataset,,,reviewed,City missing in supplied source; intentionally left null. Institution type normalized heuristically from source type/name; verify for production. Ownership not explicit enough in supplied source; left null.,Sahrdaya College of Engineering,sahrdaya college of engineering,,,,,,,False
959,"Sai Nath University, Ranchi",sai-nath-university-ranchi,"Sai Nath University, Ranchi",1144.0,15,7,,53000,6.9,6.8,,,,True,public_dataset,,,reviewed,City missing in supplied source; intentionally left null. Institution type normalized heuristically from source type/name; verify for production. Ownership not explicit enough in supplied source; left null. City resolved conservatively from institution name (derived_name).,"Sai Nath University, Ranchi",sai nath university ranchi,,,,,,,False
960,"Saintgits College of Engineering, Kottayam",saintgits-college-of-engineering-kottayam,"Saintgits College of Engineering, Kottayam",1441.0,17,9,,75000,7.8,8.3,,,,True,public_dataset,,,reviewed,City missing in supplied source; intentionally left null. Institution type normalized heuristically from source type/name; verify for production. Ownership not explicit enough in supplied source; left null. City resolved conservatively from institution name (derived_name).,"Saintgits College of Engineering, Kottayam",saintgits college of engineering kottayam,,,,,,,False
961,SAL Education Campus,sal-education-campus,SAL Education Campus,575.0,11,8,2.0,64000,6.5,6.5,,,,True,public_dataset,,,reviewed,Institution type normalized heuristically from source type/name; verify for production.,SAL Education Campus,sal education campus,,,,,,,False
962,"Sandip University, Madhuban",sandip-university-madhuban,"Sandip University, Madhuban",,5,7,,160000,8.2,8.4,,,,True,public_dataset,,,reviewed,City missing in supplied source; intentionally left null. Institution type normalized heuristically from source type/name; verify for production. Ownership not explicit enough in supplied source; left null.,"Sandip University, Madhuban",sandip university madhuban,,,,,,,False
963,"Sangam University, School of Management Studies",sangam-university-school-of-management-studies,"Sangam University, School of Management St...",2675.0,29,16,2.0,138500,6.5,6.5,,,,True,public_dataset,,,reviewed,Institution type normalized heuristically from source type/name; verify for production.,"Sangam University, School of Management Studies",sangam university school of management studies,,,,,,,False
964,Sanjay Gandhi Postgraduate Institute of Medical Sciences,sanjay-gandhi-postgraduate-institute-of-medical-sciences,Sanjay Gandhi Postgraduate Institute of Me...,3661.0,34,19,1.0,43250,6.5,7.0,,,,True,public_dataset,,,reviewed,Institution type normalized heuristically from source type/name; verify for production.,Sanjay Gandhi Postgraduate Institute of Medical Sciences,sanjay gandhi postgraduate institute of medical sciences,,,,,,,False
965,Sanskriti University,sanskriti-university,Sanskriti University,,34,7,,115000,6.9,7.0,,,,True,public_dataset,,,reviewed,City missing in supplied source; intentionally left null. Institution type normalized heuristically from source type/name; verify for production. Ownership not explicit enough in supplied source; left null.,Sanskriti University,sanskriti university,,,,,,,False
966,Sant Baba Bhag Singh University,sant-baba-bhag-singh-university,Sant Baba Bhag Singh University,2585.0,28,7,2.0,46850,7.0,8.5,,,,True,public_dataset,,,reviewed,Institution type normalized heuristically from source type/name; verify for production.,Sant Baba Bhag Singh University,sant baba bhag singh university,,,,,,,False
967,Sant Longowal Institute of Engineering and Technology,sant-longowal-institute-of-engineering-and-technology,Sant Longowal Institute of Engineering and...,4278.0,28,7,,88000,8.5,7.5,85.0,,,True,public_dataset,,,reviewed,Institution type normalized heuristically from source type/name; verify for production. Ownership not explicit enough in supplied source; left null.,Sant Longowal Institute of Engineering and Technology,sant longowal institute of engineering and technology,,,,,,,False
968,Sarala Birla University,sarala-birla-university,Sarala Birla University,,15,7,,131200,8.4,8.5,,,,True,public_dataset,,,reviewed,City missing in supplied source; intentionally left null. Institution type normalized heuristically from source type/name; verify for production. Ownership not explicit enough in supplied source; left null.,Sarala Birla University,sarala birla university,,,,,,,False
969,Sardar Patel Medical College,sardar-patel-medical-college,Sardar Patel Medical College,2680.0,29,8,1.0,125300,6.5,7.0,,,,True,public_dataset,,,reviewed,Institution type normalized heuristically from source type/name; verify for production.,Sardar Patel Medical College,sardar patel medical college,,,,,,,False
970,Sardar Patel University,sardar-patel-university,Sardar Patel University,855.0,11,7,1.0,89907,6.0,7.8,,,,True,public_dataset,,,reviewed,Institution type normalized heuristically from source type/name; verify for production.,Sardar Patel University,sardar patel university,,,,,,,False
971,Sardar Vallabhbhai National Institute of Technology,sardar-vallabhbhai-national-institute-of-technology,Sardar Vallabhbhai National Institute of T...,831.0,11,9,1.0,185000,10.2,8.0,,,,True,public_dataset,,,reviewed,Institution type normalized heuristically from source type/name; verify for production.,Sardar Vallabhbhai National Institute of Technology,sardar vallabhbhai national institute of technology,,,,,,,False
972,Sarojini Naidu Medical College,sarojini-naidu-medical-college,Sarojini Naidu Medical College,3303.0,34,8,1.0,36000,6.5,7.0,,,,True,public_dataset,,,reviewed,Institution type normalized heuristically from source type/name; verify for production.,Sarojini Naidu Medical College,sarojini naidu medical college,,,,,,,False
973,Sarvajanik University,sarvajanik-university,Sarvajanik University,831.0,11,7,2.0,49750,23.0,8.5,,,,True,public_dataset,,,reviewed,Institution type normalized heuristically from source type/name; verify for production.,Sarvajanik University,sarvajanik university,,,,,,,False
974,SASTRA University,sastra-university,SASTRA University,3123.0,31,7,2.0,350000,7.5,6.5,,,,True,public_dataset,,,reviewed,Institution type normalized heuristically from source type/name; verify for production.,SASTRA University,sastra university,,,,,,,False
975,"SASTRA University, Thanjavur",sastra-university-thanjavur,"SASTRA University, Thanjavur",3123.0,31,7,,167000,8.7,8.1,,,,True,public_dataset,,,reviewed,City missing in supplied source; intentionally left null. Institution type normalized heuristically from source type/name; verify for production. Ownership not explicit enough in supplied source; left null. City resolved conservatively from institution name (derived_name).,"SASTRA University, Thanjavur",sastra university thanjavur,,,,,,,False
976,Sathyabama Institute of Science and Technology,sathyabama-institute-of-science-and-technology,Sathyabama Institute of Science and Techno...,2885.0,31,7,,200000,6.5,7.0,51.0,,,True,public_dataset,,,reviewed,Institution type normalized heuristically from source type/name; verify for production. Ownership not explicit enough in supplied source; left null.,Sathyabama Institute of Science and Technology,sathyabama institute of science and technology,,,,,,,True
977,Saurashtra University,saurashtra-university,Saurashtra University,801.0,11,7,1.0,120000,6.5,7.0,,,,True,public_dataset,,,reviewed,Institution type normalized heuristically from source type/name; verify for production.,Saurashtra University,saurashtra university,,,,,,,False
978,Saveetha Engineering College,saveetha-engineering-college,Saveetha Engineering College,,31,9,,85000,7.7,8.0,,,,True,public_dataset,,,reviewed,City missing in supplied source; intentionally left null. Institution type normalized heuristically from source type/name; verify for production. Ownership not explicit enough in supplied source; left null.,Saveetha Engineering College,saveetha engineering college,,,,,,,False
979,Saveetha Institute of Medical and Technical Sciences,saveetha-institute-of-medical-and-technical-sciences,Saveetha Institute of Medical and Technica...,2885.0,31,7,,200000,7.0,7.0,11.0,,,True,public_dataset,,,reviewed,Institution type normalized heuristically from source type/name; verify for production. Ownership not explicit enough in supplied source; left null.,Saveetha Institute of Medical and Technical Sciences,saveetha institute of medical and technical sciences,,,,,,,True
980,Savitribai Phule Pune University,savitribai-phule-pune-university,Savitribai Phule Pune University,2206.0,21,7,,200000,9.0,8.0,23.0,,,True,public_dataset,,,reviewed,Institution type normalized heuristically from source type/name; verify for production. Ownership not explicit enough in supplied source; left null.,Savitribai Phule Pune University,savitribai phule pune university,,,,,,,True
981,SCD Government College,scd-government-college,SCD Government College,2598.0,28,8,1.0,7600,6.5,7.0,,,,True,public_dataset,,,reviewed,Institution type normalized heuristically from source type/name; verify for production.,SCD Government College,scd government college,,,,,,,False
982,Scholar's Institute of Technology and Management,scholar-s-institute-of-technology-and-management,Scholar's Institute of Technology and Mana...,,4,9,,125000,3.0,5.5,,,,True,public_dataset,,,reviewed,City missing in supplied source; intentionally left null. Institution type normalized heuristically from source type/name; verify for production. Ownership not explicit enough in supplied source; left null.,Scholar's Institute of Technology and Management,scholar s institute of technology and management,,,,,,,False
983,"School of Engineering and Technology, NCU",school-of-engineering-and-technology-ncu,"School of Engineering and Technology, NCU",,38,9,,260000,6.0,9.0,,,,True,public_dataset,,,reviewed,City missing in supplied source; intentionally left null. Institution type normalized heuristically from source type/name; verify for production. Ownership not explicit enough in supplied source; left null.,"School of Engineering and Technology, NCU",school of engineering and technology ncu,,,,,,,False
984,"School of Law, Christ University",school-of-law-christ-university,"School of Law, Christ University",1184.0,16,10,2.0,322000,6.5,6.5,,,,True,public_dataset,,,reviewed,Institution type normalized heuristically from source type/name; verify for production.,"School of Law, Christ University",school of law christ university,,,,,,,False
985,School of Management - IIT Mandi,school-of-management-iit-mandi,School of Management - IIT Mandi,995.0,13,16,1.0,407000,6.5,7.0,,,,True,public_dataset,,,reviewed,Institution type normalized heuristically from source type/name; verify for production.,School of Management - IIT Mandi,school of management iit mandi,,,,,,,False
986,Seacom Skills University,seacom-skills-university,Seacom Skills University,,36,7,,82000,6.7,7.5,,,,True,public_dataset,,,reviewed,City missing in supplied source; intentionally left null. Institution type normalized heuristically from source type/name; verify for production. Ownership not explicit enough in supplied source; left null.,Seacom Skills University,seacom skills university,,,,,,,False
987,"Seemanta Engineering College, Mayurbhanj",seemanta-engineering-college-mayurbhanj,"Seemanta Engineering College, Mayurbhanj",2493.0,26,9,,220000,7.0,8.0,,,,True,public_dataset,,,reviewed,City missing in supplied source; intentionally left null. Institution type normalized heuristically from source type/name; verify for production. Ownership not explicit enough in supplied source; left null. City resolved conservatively from institution name (derived_name).,"Seemanta Engineering College, Mayurbhanj",seemanta engineering college mayurbhanj,,,,,,,False
988,Seth Jai Parkash Mukand Lal Institute of,seth-jai-parkash-mukand-lal-institute-of,Seth Jai Parkash Mukand Lal Institute of,,12,8,,89090,6.8,7.3,,,,True,public_dataset,,,reviewed,City missing in supplied source; intentionally left null. Institution type normalized heuristically from source type/name; verify for production. Ownership not explicit enough in supplied source; left null.,Seth Jai Parkash Mukand Lal Institute of,seth jai parkash mukand lal institute of,,,,,,,False
989,Shaheed Bhagat Singh Evening College,shaheed-bhagat-singh-evening-college,Shaheed Bhagat Singh Evening College,4254.0,38,8,1.0,16575,6.5,7.0,,,,True,public_dataset,,,reviewed,Institution type normalized heuristically from source type/name; verify for production.,Shaheed Bhagat Singh Evening College,shaheed bhagat singh evening college,,,,,,,False
990,Shanmugha Arts Science Technology and Research Academy,shanmugha-arts-science-technology-and-research-academy,Shanmugha Arts Science Technology and Rese...,3123.0,31,7,,200000,7.5,7.0,28.0,,,True,public_dataset,,,reviewed,Institution type normalized heuristically from source type/name; verify for production. Ownership not explicit enough in supplied source; left null.,Shanmugha Arts Science Technology and Research Academy,shanmugha arts science technology and research academy,,,,,,,True
991,Sharda University,sharda-university,Sharda University,3522.0,34,7,2.0,163770,7.0,6.5,86.0,,,True,public_dataset,,,reviewed,Institution type normalized heuristically from source type/name; verify for production.,Sharda University,sharda university,,,,,,,False
992,"Sharda University, School of Medical Sciences and Research",sharda-university-school-of-medical-sciences-and-research,"Sharda University, School of Medical Scien...",3522.0,34,7,2.0,1269319,6.5,6.5,,,,True,public_dataset,,,reviewed,Institution type normalized heuristically from source type/name; verify for production.,"Sharda University, School of Medical Sciences and Research",sharda university school of medical sciences and research,,,,,,,False
993,Sher-e-Kashmir University of Agricultural Sciences and Technology,sher-e-kashmir-university-of-agricultural-sciences-and-technology,Sher-e-Kashmir University of Agricultural...,,39,7,,60000,5.9,7.4,,,,True,public_dataset,,,reviewed,City missing in supplied source; intentionally left null. Institution type normalized heuristically from source type/name; verify for production. Ownership not explicit enough in supplied source; left null.,Sher-e-Kashmir University of Agricultural Sciences and Technology,sher e kashmir university of agricultural sciences and technology,,,,,,,False
994,Sher-e-Kashmir University of Agricultural Sciences and Technology of Jammu,sher-e-kashmir-university-of-agricultural-sciences-and-technology-of-jammu,Sher-e-Kashmir University of Agricultural...,4240.0,37,7,1.0,26900,6.5,7.0,,,,True,public_dataset,,,reviewed,Institution type normalized heuristically from source type/name; verify for production.,Sher-e-Kashmir University of Agricultural Sciences and Technology of Jammu,sher e kashmir university of agricultural sciences and technology of jammu,,,,,,,False
995,Sher-e-Kashmir University of Agricultural Sciences and Technology of Kashmir,sher-e-kashmir-university-of-agricultural-sciences-and-technology-of-kashmir,Sher-e-Kashmir University of Agricultural...,4246.0,37,7,1.0,30600,6.5,7.0,,,,True,public_dataset,,,reviewed,Institution type normalized heuristically from source type/name; verify for production.,Sher-e-Kashmir University of Agricultural Sciences and Technology of Kashmir,sher e kashmir university of agricultural sciences and technology of kashmir,,,,,,,False
996,Sher-i-Kashmir Institute of Medical Sciences,sher-i-kashmir-institute-of-medical-sciences,Sher-i-Kashmir Institute of Medical Sciences,4246.0,37,19,1.0,94500,6.5,7.0,,,,True,public_dataset,,,reviewed,Institution type normalized heuristically from source type/name; verify for production.,Sher-i-Kashmir Institute of Medical Sciences,sher i kashmir institute of medical sciences,,,,,,,False
997,Shershah College of Engineering,shershah-college-of-engineering,Shershah College of Engineering,,5,9,,5000,6.5,7.6,,,,True,public_dataset,,,reviewed,City missing in supplied source; intentionally left null. Institution type normalized heuristically from source type/name; verify for production. Ownership not explicit enough in supplied source; left null.,Shershah College of Engineering,shershah college of engineering,,,,,,,False
998,"Shillong Polytechnic, Mawlai",shillong-polytechnic-mawlai,"Shillong Polytechnic, Mawlai",2379.0,23,17,,150000,6.0,6.5,,,,True,public_dataset,,,reviewed,City missing in supplied source; intentionally left null. Institution type normalized heuristically from source type/name; verify for production. Ownership not explicit enough in supplied source; left null. City resolved conservatively from institution name (derived_name).,"Shillong Polytechnic, Mawlai",shillong polytechnic mawlai,,,,,,,False
999,Shiv Nadar University,shiv-nadar-university,Shiv Nadar University,3522.0,34,7,2.0,200000,12.0,8.5,62.0,,,True,public_dataset,,,reviewed,Institution type normalized heuristically from source type/name; verify for production.,Shiv Nadar University,shiv nadar university,,,,,,,True
1000,"Shiva Group of Institutions, Bilaspur",shiva-group-of-institutions-bilaspur,"Shiva Group of Institutions, Bilaspur",967.0,13,8,,72200,3.5,5.0,,,,True,public_dataset,,,reviewed,City missing in supplied source; intentionally left null. Institution type normalized heuristically from source type/name; verify for production. Ownership not explicit enough in supplied source; left null. City resolved conservatively from institution name (derived_name).,"Shiva Group of Institutions, Bilaspur",shiva group of institutions bilaspur,,,,,,,False
1001,Shivaji College,shivaji-college,Shivaji College,4254.0,38,8,1.0,20570,24.0,8.5,,,,True,public_dataset,,,reviewed,Institution type normalized heuristically from source type/name; verify for production.,Shivaji College,shivaji college,,,,,,,False
1002,Shivalik College of Engineering,shivalik-college-of-engineering,Shivalik College of Engineering,3935.0,35,9,2.0,143900,42.0,7.2,,,,True,public_dataset,,,reviewed,Institution type normalized heuristically from source type/name; verify for production.,Shivalik College of Engineering,shivalik college of engineering,,,,,,,False
1003,"Shobhit University, Meerut",shobhit-university-meerut,"Shobhit University, Meerut",3700.0,34,7,,111200,7.0,7.8,,,,True,public_dataset,,,reviewed,City missing in supplied source; intentionally left null. Institution type normalized heuristically from source type/name; verify for production. Ownership not explicit enough in supplied source; left null. City resolved conservatively from institution name (derived_name).,"Shobhit University, Meerut",shobhit university meerut,,,,,,,False
1004,Shoolini University,shoolini-university,Shoolini University,1015.0,13,7,2.0,260000,42.0,8.5,,,,True,public_dataset,,,reviewed,Institution type normalized heuristically from source type/name; verify for production.,Shoolini University,shoolini university,,,,,,,False
1005,Shoolini University of Biotechnology and Management Sciences,shoolini-university-of-biotechnology-and-management-sciences,Shoolini University of Biotechnology and M...,1015.0,13,7,,200000,8.0,7.0,70.0,,,True,public_dataset,,,reviewed,Institution type normalized heuristically from source type/name; verify for production. Ownership not explicit enough in supplied source; left null.,Shoolini University of Biotechnology and Management Sciences,shoolini university of biotechnology and management sciences,,,,,,,False
1006,Shree Narayan Medical Institute & Hospital,shree-narayan-medical-institute-and-hospital,Shree Narayan Medical Institute & Hospital,401.0,5,8,2.0,1600000,6.5,6.5,,,,True,public_dataset,,,reviewed,Institution type normalized heuristically from source type/name; verify for production.,Shree Narayan Medical Institute & Hospital,shree narayan medical institute hospital,,,,,,,False
1007,"Shree Rayeshwar Institute of Engineering and Information Technology, North Goa",shree-rayeshwar-institute-of-engineering-and-information-technology-north-goa,Shree Rayeshwar Institute of Engineering a...,551.0,10,9,,102300,7.2,6.6,,,,True,public_dataset,,,reviewed,City missing in supplied source; intentionally left null. Institution type normalized heuristically from source type/name; verify for production. Ownership not explicit enough in supplied source; left null. City resolved conservatively from institution name (derived_name).,"Shree Rayeshwar Institute of Engineering and Information Technology, North Goa",shree rayeshwar institute of engineering and information technology north goa,,,,,,,False
1008,Shri Govind Guru University,shri-govind-guru-university,Shri Govind Guru University,664.0,11,7,1.0,1465,6.5,7.0,,,,True,public_dataset,,,reviewed,Institution type normalized heuristically from source type/name; verify for production.,Shri Govind Guru University,shri govind guru university,,,,,,,False
1009,Shri Govindram Seksaria Institute of Technology and,shri-govindram-seksaria-institute-of-technology-and,Shri Govindram Seksaria Institute of Techn...,1609.0,20,9,,75550,7.5,7.4,,,,True,public_dataset,,,reviewed,Institution type normalized heuristically from source type/name; verify for production. Ownership not explicit enough in supplied source; left null.,Shri Govindram Seksaria Institute of Technology and,shri govindram seksaria institute of technology and,,,,,,,False
1010,Shri Guru Ram Rai Institute of Medical and Health Sciences,shri-guru-ram-rai-institute-of-medical-and-health-sciences,Shri Guru Ram Rai Institute of Medical and...,3935.0,35,19,2.0,2185000,6.5,6.5,,,,True,public_dataset,,,reviewed,Institution type normalized heuristically from source type/name; verify for production.,Shri Guru Ram Rai Institute of Medical and Health Sciences,shri guru ram rai institute of medical and health sciences,,,,,,,False
1011,Shri Guru Ram Rai University,shri-guru-ram-rai-university,Shri Guru Ram Rai University,3935.0,35,7,2.0,40050,12.0,7.5,,,,True,public_dataset,,,reviewed,Institution type normalized heuristically from source type/name; verify for production.,Shri Guru Ram Rai University,shri guru ram rai university,,,,,,,False
1012,Shri Krishna Medical College,shri-krishna-medical-college,Shri Krishna Medical College,379.0,5,8,1.0,49800,6.5,7.0,,,,True,public_dataset,,,reviewed,Institution type normalized heuristically from source type/name; verify for production.,Shri Krishna Medical College,shri krishna medical college,,,,,,,False
1013,Shri Lal Bahadur Shastri Government Medical College & Hospital,shri-lal-bahadur-shastri-government-medical-college-and-hospital,Shri Lal Bahadur Shastri Government Medica...,995.0,13,8,1.0,60000,6.5,7.0,,,,True,public_dataset,,,reviewed,Institution type normalized heuristically from source type/name; verify for production.,Shri Lal Bahadur Shastri Government Medical College & Hospital,shri lal bahadur shastri government medical college hospital,,,,,,,False
1014,Shri Mata Vaishno Devi University,shri-mata-vaishno-devi-university,Shri Mata Vaishno Devi University,4279.0,37,7,1.0,163990,19.5,7.6,,,,True,public_dataset,,,reviewed,Institution type normalized heuristically from source type/name; verify for production.,Shri Mata Vaishno Devi University,shri mata vaishno devi university,,,,,,,False
1015,Shri Ram College of Commerce,shri-ram-college-of-commerce,Shri Ram College of Commerce,4254.0,38,8,1.0,32420,35.0,8.5,,,,True,public_dataset,,,reviewed,Institution type normalized heuristically from source type/name; verify for production.,Shri Ram College of Commerce,shri ram college of commerce,,,,,,,False
1016,Shri Ramdeobaba College of Engineering and Management,shri-ramdeobaba-college-of-engineering-and-management,Shri Ramdeobaba College of Engineering and...,,21,9,,145000,8.3,8.1,,,,True,public_dataset,,,reviewed,City missing in supplied source; intentionally left null. Institution type normalized heuristically from source type/name; verify for production. Ownership not explicit enough in supplied source; left null.,Shri Ramdeobaba College of Engineering and Management,shri ramdeobaba college of engineering and management,,,,,,,False
1017,Shri Rawatpura Sarkar University,shri-rawatpura-sarkar-university,Shri Rawatpura Sarkar University,,7,7,,40600,8.5,8.5,,,,True,public_dataset,,,reviewed,City missing in supplied source; intentionally left null. Institution type normalized heuristically from source type/name; verify for production. Ownership not explicit enough in supplied source; left null.,Shri Rawatpura Sarkar University,shri rawatpura sarkar university,,,,,,,False
1018,Shri Shankaracharya Group of Institutions,shri-shankaracharya-group-of-institutions,Shri Shankaracharya Group of Institutions,,7,8,,283000,7.0,7.6,,,,True,public_dataset,,,reviewed,City missing in supplied source; intentionally left null. Institution type normalized heuristically from source type/name; verify for production. Ownership not explicit enough in supplied source; left null.,Shri Shankaracharya Group of Institutions,shri shankaracharya group of institutions,,,,,,,False
1019,Shri Shankaracharya Institute of Professional Management and,shri-shankaracharya-institute-of-professional-management-and,Shri Shankaracharya Institute of Professio...,,7,8,,73880,7.7,8.0,,,,True,public_dataset,,,reviewed,City missing in supplied source; intentionally left null. Institution type normalized heuristically from source type/name; verify for production. Ownership not explicit enough in supplied source; left null.,Shri Shankaracharya Institute of Professional Management and,shri shankaracharya institute of professional management and,,,,,,,False
1020,Shri Vaishnav Institute of Management and Science,shri-vaishnav-institute-of-management-and-science,Shri Vaishnav Institute of Management and...,1609.0,20,19,2.0,61500,9.0,7.0,,,,True,public_dataset,,,reviewed,Institution type normalized heuristically from source type/name; verify for production.,Shri Vaishnav Institute of Management and Science,shri vaishnav institute of management and science,,,,,,,False
1021,Shri Vishnu Engineering College for Women,shri-vishnu-engineering-college-for-women,Shri Vishnu Engineering College for Women,,2,9,,95000,8.8,8.8,,,,True,public_dataset,,,reviewed,City missing in supplied source; intentionally left null. Institution type normalized heuristically from source type/name; verify for production. Ownership not explicit enough in supplied source; left null.,Shri Vishnu Engineering College for Women,shri vishnu engineering college for women,,,,,,,False
1022,"Shridhar University, Pilani",shridhar-university-pilani,"Shridhar University, Pilani",2777.0,29,7,,99300,7.3,6.7,,,,True,public_dataset,,,reviewed,City missing in supplied source; intentionally left null. Institution type normalized heuristically from source type/name; verify for production. Ownership not explicit enough in supplied source; left null. City resolved conservatively from institution name (derived_name).,"Shridhar University, Pilani",shridhar university pilani,,,,,,,False
1023,Shrimant Rajmata Vijayaraje Scindia Medical College Shivpuri,shrimant-rajmata-vijayaraje-scindia-medical-college-shivpuri,Shrimant Rajmata Vijayaraje Scindia Medica...,1750.0,20,8,1.0,130000,6.5,7.0,,,,True,public_dataset,,,reviewed,Institution type normalized heuristically from source type/name; verify for production.,Shrimant Rajmata Vijayaraje Scindia Medical College Shivpuri,shrimant rajmata vijayaraje scindia medical college shivpuri,,,,,,,False
1024,Siddaganga Institute of Technology,siddaganga-institute-of-technology,Siddaganga Institute of Technology,,16,9,,79475,8.0,7.8,,,,True,public_dataset,,,reviewed,City missing in supplied source; intentionally left null. Institution type normalized heuristically from source type/name; verify for production. Ownership not explicit enough in supplied source; left null.,Siddaganga Institute of Technology,siddaganga institute of technology,,,,,,,False
1025,Sikkim Manipal University,sikkim-manipal-university,Sikkim Manipal University,,30,7,,260000,6.8,7.4,,,,True,public_dataset,,,reviewed,City missing in supplied source; intentionally left null. Institution type normalized heuristically from source type/name; verify for production. Ownership not explicit enough in supplied source; left null.,Sikkim Manipal University,sikkim manipal university,,,,,,,False
1026,Siksha `O` Anusandhan,siksha-o-anusandhan,Siksha `O` Anusandhan,4239.0,26,7,,200000,7.5,7.0,14.0,,,True,public_dataset,,,reviewed,Institution type normalized heuristically from source type/name; verify for production. Ownership not explicit enough in supplied source; left null.,Siksha `O` Anusandhan,siksha o anusandhan,,,,,,,True
1027,Silicon Institute of Technology,silicon-institute-of-technology,Silicon Institute of Technology,,26,9,,600000,7.7,7.7,,,,True,public_dataset,,,reviewed,City missing in supplied source; intentionally left null. Institution type normalized heuristically from source type/name; verify for production. Ownership not explicit enough in supplied source; left null.,Silicon Institute of Technology,silicon institute of technology,,,,,,,False
1028,Siliguri Institute of Technology,siliguri-institute-of-technology,Siliguri Institute of Technology,4215.0,36,9,,393000,7.2,7.8,,,,True,public_dataset,,,reviewed,City missing in supplied source; intentionally left null. Institution type normalized heuristically from source type/name; verify for production. Ownership not explicit enough in supplied source; left null. City resolved conservatively from institution name (derived_name).,Siliguri Institute of Technology,siliguri institute of technology,,,,,,,False
1029,"Singhania University, Jhunjhunu",singhania-university-jhunjhunu,"Singhania University, Jhunjhunu",,29,7,,42000,7.0,7.1,,,,True,public_dataset,,,reviewed,City missing in supplied source; intentionally left null. Institution type normalized heuristically from source type/name; verify for production. Ownership not explicit enough in supplied source; left null.,"Singhania University, Jhunjhunu",singhania university jhunjhunu,,,,,,,False
1030,Sister Nivedita University,sister-nivedita-university,Sister Nivedita University,,36,7,,149500,7.8,8.2,,,,True,public_dataset,,,reviewed,City missing in supplied source; intentionally left null. Institution type normalized heuristically from source type/name; verify for production. Ownership not explicit enough in supplied source; left null.,Sister Nivedita University,sister nivedita university,,,,,,,False
1031,Sitamarhi Institute of Technology,sitamarhi-institute-of-technology,Sitamarhi Institute of Technology,410.0,5,9,,150000,4.7,5.6,,,,True,public_dataset,,,reviewed,Institution type normalized heuristically from source type/name; verify for production. Ownership not explicit enough in supplied source; left null.,Sitamarhi Institute of Technology,sitamarhi institute of technology,,,,,,,False
1032,Sityog Institute of Technology,sityog-institute-of-technology,Sityog Institute of Technology,291.0,5,9,2.0,120000,5.7,6.0,,,,True,public_dataset,,,reviewed,Institution type normalized heuristically from source type/name; verify for production.,Sityog Institute of Technology,sityog institute of technology,,,,,,,False
1033,"Sityog Institute of Technology, Aurangabad",sityog-institute-of-technology-aurangabad,"Sityog Institute of Technology, Aurangabad",291.0,5,9,,111000,6.2,7.3,,,,True,public_dataset,,,reviewed,City missing in supplied source; intentionally left null. Institution type normalized heuristically from source type/name; verify for production. Ownership not explicit enough in supplied source; left null. City resolved conservatively from institution name (derived_name).,"Sityog Institute of Technology, Aurangabad",sityog institute of technology aurangabad,,,,,,,False
1034,SMS Medical College,sms-medical-college,SMS Medical College,2711.0,29,8,1.0,125300,6.5,7.0,,,,True,public_dataset,,,reviewed,Institution type normalized heuristically from source type/name; verify for production.,SMS Medical College,sms medical college,,,,,,,False
1035,SOIL Institute of Management,soil-institute-of-management,SOIL Institute of Management,906.0,12,8,2.0,1533226,20.7,8.5,,,,True,public_dataset,,,reviewed,Institution type normalized heuristically from source type/name; verify for production.,SOIL Institute of Management,soil institute of management,,,,,,,False
1036,"Sona College of Technology, Salem",sona-college-of-technology-salem,"Sona College of Technology, Salem",3097.0,31,8,,200000,7.9,8.1,,,,True,public_dataset,,,reviewed,City missing in supplied source; intentionally left null. Institution type normalized heuristically from source type/name; verify for production. Ownership not explicit enough in supplied source; left null. City resolved conservatively from institution name (derived_name).,"Sona College of Technology, Salem",sona college of technology salem,,,,,,,False
1037,Sophia Homeopathic Medical College and Research Center,sophia-homeopathic-medical-college-and-research-center,Sophia Homeopathic Medical College and Res...,1596.0,20,8,2.0,315000,6.5,6.5,,,,True,public_dataset,,,reviewed,Institution type normalized heuristically from source type/name; verify for production.,Sophia Homeopathic Medical College and Research Center,sophia homeopathic medical college and research center,,,,,,,False
1038,SRCC Delhi,srcc-delhi,SRCC Delhi,513.0,9,8,1.0,45000,10.0,7.0,,,,True,public_dataset,,,reviewed,Institution type normalized heuristically from source type/name; verify for production.,SRCC Delhi,srcc delhi,,,,,,,False
1039,Sree Chitra Thirunal College of Engineering,sree-chitra-thirunal-college-of-engineering,Sree Chitra Thirunal College of Engineering,,17,9,,62668,8.3,8.0,,,,True,public_dataset,,,reviewed,City missing in supplied source; intentionally left null. Institution type normalized heuristically from source type/name; verify for production. Ownership not explicit enough in supplied source; left null.,Sree Chitra Thirunal College of Engineering,sree chitra thirunal college of engineering,,,,,,,False
1040,Sree Vidyanikethan Engineering College,sree-vidyanikethan-engineering-college,Sree Vidyanikethan Engineering College,,2,9,,280000,8.4,8.5,,,,True,public_dataset,,,reviewed,City missing in supplied source; intentionally left null. Institution type normalized heuristically from source type/name; verify for production. Ownership not explicit enough in supplied source; left null.,Sree Vidyanikethan Engineering College,sree vidyanikethan engineering college,,,,,,,False
1041,Sreenidhi Institute of Science and Technology,sreenidhi-institute-of-science-and-technology,Sreenidhi Institute of Science and Technology,,32,19,,520000,7.7,7.6,,,,True,public_dataset,,,reviewed,City missing in supplied source; intentionally left null. Institution type normalized heuristically from source type/name; verify for production. Ownership not explicit enough in supplied source; left null.,Sreenidhi Institute of Science and Technology,sreenidhi institute of science and technology,,,,,,,False
1042,Sri Aurobindo Institute of Medical Sciences,sri-aurobindo-institute-of-medical-sciences,Sri Aurobindo Institute of Medical Sciences,1609.0,20,19,2.0,1625700,6.5,6.5,,,,True,public_dataset,,,reviewed,Institution type normalized heuristically from source type/name; verify for production.,Sri Aurobindo Institute of Medical Sciences,sri aurobindo institute of medical sciences,,,,,,,False
1043,Sri Balaji Vidyapeeth Mahatma Gandhi Medical College,sri-balaji-vidyapeeth-mahatma-gandhi-medical-college,Sri Balaji Vidyapeeth Mahatma Gandhi Medic...,2527.0,27,7,,200000,7.0,7.0,68.0,,,True,public_dataset,,,reviewed,Institution type normalized heuristically from source type/name; verify for production. Ownership not explicit enough in supplied source; left null.,Sri Balaji Vidyapeeth Mahatma Gandhi Medical College,sri balaji vidyapeeth mahatma gandhi medical college,,,,,,,False
1044,"Sri Chakra Maritime College, Pondicherry",sri-chakra-maritime-college-pondicherry,"Sri Chakra Maritime College, Pondicherry",2527.0,27,8,,150000,6.0,6.5,,,,True,public_dataset,,,reviewed,City missing in supplied source; intentionally left null. Institution type normalized heuristically from source type/name; verify for production. Ownership not explicit enough in supplied source; left null. City resolved conservatively from institution name (derived_name).,"Sri Chakra Maritime College, Pondicherry",sri chakra maritime college pondicherry,,,,,,,False
1045,Sri Guru Granth Sahib World University,sri-guru-granth-sahib-world-university,Sri Guru Granth Sahib World University,2568.0,28,7,2.0,68000,13.0,8.8,,,,True,public_dataset,,,reviewed,Institution type normalized heuristically from source type/name; verify for production.,Sri Guru Granth Sahib World University,sri guru granth sahib world university,,,,,,,False
1046,Sri Guru Ram Das Institute of Medical Sciences & Research,sri-guru-ram-das-institute-of-medical-sciences-and-research,Sri Guru Ram Das Institute of Medical Scie...,2536.0,28,19,2.0,1042000,6.5,6.5,,,,True,public_dataset,,,reviewed,Institution type normalized heuristically from source type/name; verify for production.,Sri Guru Ram Das Institute of Medical Sciences & Research,sri guru ram das institute of medical sciences research,,,,,,,False
1047,Sri Guru Ram Das University of Health Sciences,sri-guru-ram-das-university-of-health-sciences,Sri Guru Ram Das University of Health Scie...,2536.0,28,7,2.0,4554000,6.5,6.5,,,,True,public_dataset,,,reviewed,Institution type normalized heuristically from source type/name; verify for production.,Sri Guru Ram Das University of Health Sciences,sri guru ram das university of health sciences,,,,,,,False
1048,Sri Jayachamarajendra College of Engineering,sri-jayachamarajendra-college-of-engineering,Sri Jayachamarajendra College of Engineering,,16,9,,475000,8.7,8.3,,,,True,public_dataset,,,reviewed,City missing in supplied source; intentionally left null. Institution type normalized heuristically from source type/name; verify for production. Ownership not explicit enough in supplied source; left null.,Sri Jayachamarajendra College of Engineering,sri jayachamarajendra college of engineering,,,,,,,False
1049,Sri Krishna College of Engineering and Technology,sri-krishna-college-of-engineering-and-technology,Sri Krishna College of Engineering and Tec...,,31,9,,50000,8.2,8.1,,,,True,public_dataset,,,reviewed,City missing in supplied source; intentionally left null. Institution type normalized heuristically from source type/name; verify for production. Ownership not explicit enough in supplied source; left null.,Sri Krishna College of Engineering and Technology,sri krishna college of engineering and technology,,,,,,,False
1050,"Sri Manakula Vinayagar Engineering College, Pondicherry",sri-manakula-vinayagar-engineering-college-pondicherry,Sri Manakula Vinayagar Engineering College...,2527.0,27,9,,40000,8.1,7.5,,,,True,public_dataset,,,reviewed,City missing in supplied source; intentionally left null. Institution type normalized heuristically from source type/name; verify for production. Ownership not explicit enough in supplied source; left null. City resolved conservatively from institution name (derived_name).,"Sri Manakula Vinayagar Engineering College, Pondicherry",sri manakula vinayagar engineering college pondicherry,,,,,,,False
1051,"Sri Manakula Vinayagar Polytechnic College, Pondicherry",sri-manakula-vinayagar-polytechnic-college-pondicherry,Sri Manakula Vinayagar Polytechnic College...,2527.0,27,17,,17500,6.0,6.5,,,,True,public_dataset,,,reviewed,City missing in supplied source; intentionally left null. Institution type normalized heuristically from source type/name; verify for production. Ownership not explicit enough in supplied source; left null. City resolved conservatively from institution name (derived_name).,"Sri Manakula Vinayagar Polytechnic College, Pondicherry",sri manakula vinayagar polytechnic college pondicherry,,,,,,,False
1052,Sri Ramachandra Institute of Higher Education and Research,sri-ramachandra-institute-of-higher-education-and-research,Sri Ramachandra Institute of Higher Educat...,2885.0,31,18,,200000,10.0,7.0,55.0,,,True,public_dataset,,,reviewed,Institution type normalized heuristically from source type/name; verify for production. Ownership not explicit enough in supplied source; left null.,Sri Ramachandra Institute of Higher Education and Research,sri ramachandra institute of higher education and research,,,,,,,True
1053,Sri Ramakrishna Engineering College,sri-ramakrishna-engineering-college,Sri Ramakrishna Engineering College,,31,9,,55000,8.3,8.1,,,,True,public_dataset,,,reviewed,City missing in supplied source; intentionally left null. Institution type normalized heuristically from source type/name; verify for production. Ownership not explicit enough in supplied source; left null.,Sri Ramakrishna Engineering College,sri ramakrishna engineering college,,,,,,,False
1054,Sri Sai College of Education,sri-sai-college-of-education,Sri Sai College of Education,2616.0,28,18,2.0,44000,6.5,6.5,,,,True,public_dataset,,,reviewed,Institution type normalized heuristically from source type/name; verify for production.,Sri Sai College of Education,sri sai college of education,,,,,,,False
1055,Sri Sai University,sri-sai-university,Sri Sai University,,13,7,,90000,6.8,7.4,,,,True,public_dataset,,,reviewed,City missing in supplied source; intentionally left null. Institution type normalized heuristically from source type/name; verify for production. Ownership not explicit enough in supplied source; left null.,Sri Sai University,sri sai university,,,,,,,False
1056,"Sri Sairam Engineering College, Chennai",sri-sairam-engineering-college-chennai,"Sri Sairam Engineering College, Chennai",2885.0,31,9,,50000,7.9,7.7,,,,True,public_dataset,,,reviewed,City missing in supplied source; intentionally left null. Institution type normalized heuristically from source type/name; verify for production. Ownership not explicit enough in supplied source; left null. City resolved conservatively from institution name (derived_name).,"Sri Sairam Engineering College, Chennai",sri sairam engineering college chennai,,,,,,,False
1057,Sri Vasavi Engineering College,sri-vasavi-engineering-college,Sri Vasavi Engineering College,,2,9,,189000,7.6,7.9,,,,True,public_dataset,,,reviewed,City missing in supplied source; intentionally left null. Institution type normalized heuristically from source type/name; verify for production. Ownership not explicit enough in supplied source; left null.,Sri Vasavi Engineering College,sri vasavi engineering college,,,,,,,False
1058,Sri Venkateswara University,sri-venkateswara-university,Sri Venkateswara University,154.0,2,7,,65000,8.1,7.0,87.0,,,True,public_dataset,,,reviewed,Institution type normalized heuristically from source type/name; verify for production. Ownership not explicit enough in supplied source; left null.,Sri Venkateswara University,sri venkateswara university,,,,,,,False
1059,"Sri Venkateswara University College of Engineering, Tirupati",sri-venkateswara-university-college-of-engineering-tirupati,Sri Venkateswara University College of Eng...,154.0,2,7,,16395,6.9,7.8,,,,True,public_dataset,,,reviewed,City missing in supplied source; intentionally left null. Institution type normalized heuristically from source type/name; verify for production. Ownership not explicit enough in supplied source; left null. City resolved conservatively from institution name (derived_name).,"Sri Venkateswara University College of Engineering, Tirupati",sri venkateswara university college of engineering tirupati,,,,,,,False
1060,"SRM Engineering College, Kanchipuram",srm-engineering-college-kanchipuram,"SRM Engineering College, Kanchipuram",2947.0,31,9,,260000,7.1,7.2,,,,True,public_dataset,,,reviewed,City missing in supplied source; intentionally left null. Institution type normalized heuristically from source type/name; verify for production. Ownership not explicit enough in supplied source; left null. City resolved conservatively from institution name (derived_name).,"SRM Engineering College, Kanchipuram",srm engineering college kanchipuram,,,,,,,False
1061,SRM Institute of Science and Technology Kattankulathur,srm-institute-of-science-and-technology-kattankulathur,SRM Institute of Science and Technology Ka...,2885.0,31,19,2.0,350000,7.6,7.8,,,,True,public_dataset,,,reviewed,Institution type normalized heuristically from source type/name; verify for production.,SRM Institute of Science and Technology Kattankulathur,srm institute of science and technology kattankulathur,,,,,,,False
1062,SRM University AP Amaravati,srm-university-ap-amaravati,SRM University AP Amaravati,4280.0,2,7,2.0,350000,7.0,6.5,,,,True,public_dataset,,,reviewed,Institution type normalized heuristically from source type/name; verify for production.,SRM University AP Amaravati,srm university ap amaravati,,,,,,,False
1063,"SRM University Delhi NCR, Sonepat",srm-university-delhi-ncr-sonepat,"SRM University Delhi NCR, Sonepat",4247.0,12,7,,272000,7.6,7.8,,,,True,public_dataset,,,reviewed,Institution type normalized heuristically from source type/name; verify for production. Ownership not explicit enough in supplied source; left null.,"SRM University Delhi NCR, Sonepat",srm university delhi ncr sonepat,,,,,,,False
1064,"SRM University Sikkim, Gangtok",srm-university-sikkim-gangtok,"SRM University Sikkim, Gangtok",2832.0,30,7,,225000,8.3,8.1,,,,True,public_dataset,,,reviewed,City missing in supplied source; intentionally left null. Institution type normalized heuristically from source type/name; verify for production. Ownership not explicit enough in supplied source; left null. City resolved conservatively from institution name (derived_name).,"SRM University Sikkim, Gangtok",srm university sikkim gangtok,,,,,,,False
1065,SS Jain Subodh PG College,ss-jain-subodh-pg-college,SS Jain Subodh PG College,2711.0,29,8,2.0,25500,6.5,6.5,,,,True,public_dataset,,,reviewed,Institution type normalized heuristically from source type/name; verify for production.,SS Jain Subodh PG College,ss jain subodh pg college,,,,,,,False
1066,SSM College of Engineering and Technology,ssm-college-of-engineering-and-technology,SSM College of Engineering and Technology,4281.0,37,9,2.0,49000,6.5,6.9,,,,True,public_dataset,,,reviewed,Institution type normalized heuristically from source type/name; verify for production.,SSM College of Engineering and Technology,ssm college of engineering and technology,,,,,,,False
1067,SSN College of Engineering,ssn-college-of-engineering,SSN College of Engineering,2885.0,31,9,2.0,50000,9.0,8.6,,,,True,public_dataset,,,reviewed,Institution type normalized heuristically from source type/name; verify for production.,SSN College of Engineering,ssn college of engineering,,,,,,,False
1068,St Aloysius College,st-aloysius-college,St Aloysius College,1612.0,20,8,2.0,24545,6.5,6.5,,,,True,public_dataset,,,reviewed,Institution type normalized heuristically from source type/name; verify for production.,St Aloysius College,st aloysius college,,,,,,,False
1069,St Bede's College,st-bede-s-college,St Bede's College,1013.0,13,8,2.0,26988,6.5,6.5,,,,True,public_dataset,,,reviewed,Institution type normalized heuristically from source type/name; verify for production.,St Bede's College,st bede s college,,,,,,,False
1070,St Joseph's University,st-joseph-s-university,St Joseph's University,1184.0,16,7,2.0,20000,6.5,6.5,,,,True,public_dataset,,,reviewed,Institution type normalized heuristically from source type/name; verify for production.,St Joseph's University,st joseph s university,,,,,,,False
1071,"St Martin's Engineering College, Secunderabad",st-martin-s-engineering-college-secunderabad,"St Martin's Engineering College, Secunderabad",3266.0,32,9,,80000,7.7,7.7,,,,True,public_dataset,,,reviewed,City missing in supplied source; intentionally left null. Institution type normalized heuristically from source type/name; verify for production. Ownership not explicit enough in supplied source; left null. City resolved conservatively from institution name (derived_name).,"St Martin's Engineering College, Secunderabad",st martin s engineering college secunderabad,,,,,,,False
1072,St Wilfred's PG College,st-wilfred-s-pg-college,St Wilfred's PG College,2711.0,29,8,2.0,54500,6.5,6.5,,,,True,public_dataset,,,reviewed,Institution type normalized heuristically from source type/name; verify for production.,St Wilfred's PG College,st wilfred s pg college,,,,,,,False
1073,St. Andrews Institute of Technology and Management,st-andrews-institute-of-technology-and-management,St. Andrews Institute of Technology and Ma...,,12,9,,92000,8.6,8.7,,,,True,public_dataset,,,reviewed,City missing in supplied source; intentionally left null. Institution type normalized heuristically from source type/name; verify for production. Ownership not explicit enough in supplied source; left null.,St. Andrews Institute of Technology and Management,st andrews institute of technology and management,,,,,,,False
1074,"St. Joseph College Of Engineering, Kanchipuram",st-joseph-college-of-engineering-kanchipuram,"St. Joseph College Of Engineering, Kanchip...",2947.0,31,9,,60000,8.0,8.0,,,,True,public_dataset,,,reviewed,City missing in supplied source; intentionally left null. Institution type normalized heuristically from source type/name; verify for production. Ownership not explicit enough in supplied source; left null. City resolved conservatively from institution name (derived_name).,"St. Joseph College Of Engineering, Kanchipuram",st joseph college of engineering kanchipuram,,,,,,,False
1075,St. Joseph's College of Commerce,st-joseph-s-college-of-commerce,St. Joseph's College of Commerce,1184.0,16,8,2.0,136000,30.0,8.5,,,,True,public_dataset,,,reviewed,Institution type normalized heuristically from source type/name; verify for production.,St. Joseph's College of Commerce,st joseph s college of commerce,,,,,,,False
1076,St. Thomas College of Engineering and Technology-,st-thomas-college-of-engineering-and-technology,St. Thomas College of Engineering and Tech...,,17,9,,58150,7.8,8.3,,,,True,public_dataset,,,reviewed,City missing in supplied source; intentionally left null. Institution type normalized heuristically from source type/name; verify for production. Ownership not explicit enough in supplied source; left null.,St. Thomas College of Engineering and Technology-,st thomas college of engineering and technology,,,,,,,False
1077,"St.Joseph University, Dimapur",st-joseph-university-dimapur,"St.Joseph University, Dimapur",2402.0,25,7,,123000,8.1,8.1,,,,True,public_dataset,,,reviewed,City missing in supplied source; intentionally left null. Institution type normalized heuristically from source type/name; verify for production. Ownership not explicit enough in supplied source; left null. City resolved conservatively from institution name (derived_name).,"St.Joseph University, Dimapur",st joseph university dimapur,,,,,,,False
1078,"Starex University, Gurgaon",starex-university-gurgaon,"Starex University, Gurgaon",906.0,12,7,,80000,8.5,8.8,,,,True,public_dataset,,,reviewed,City missing in supplied source; intentionally left null. Institution type normalized heuristically from source type/name; verify for production. Ownership not explicit enough in supplied source; left null. City resolved conservatively from institution name (derived_name).,"Starex University, Gurgaon",starex university gurgaon,,,,,,,False
1079,Sumandeep Vidyapeeth,sumandeep-vidyapeeth,Sumandeep Vidyapeeth,852.0,11,8,2.0,2300000,10.0,7.0,,,,True,public_dataset,,,reviewed,Institution type normalized heuristically from source type/name; verify for production.,Sumandeep Vidyapeeth,sumandeep vidyapeeth,,,,,,,False
1080,SunRise University,sunrise-university,SunRise University,,38,7,,72200,7.9,8.1,,,,True,public_dataset,,,reviewed,City missing in supplied source; intentionally left null. Institution type normalized heuristically from source type/name; verify for production. Ownership not explicit enough in supplied source; left null.,SunRise University,sunrise university,,,,,,,False
1081,Supaul College of Engineering,supaul-college-of-engineering,Supaul College of Engineering,412.0,5,9,,150000,6.0,6.5,,,,True,public_dataset,,,reviewed,City missing in supplied source; intentionally left null. Institution type normalized heuristically from source type/name; verify for production. Ownership not explicit enough in supplied source; left null. City resolved conservatively from institution name (derived_name).,Supaul College of Engineering,supaul college of engineering,,,,,,,False
1082,Suresh Gyan Vihar University,suresh-gyan-vihar-university,Suresh Gyan Vihar University,,29,7,,140000,6.3,7.5,,,,True,public_dataset,,,reviewed,City missing in supplied source; intentionally left null. Institution type normalized heuristically from source type/name; verify for production. Ownership not explicit enough in supplied source; left null.,Suresh Gyan Vihar University,suresh gyan vihar university,,,,,,,False
1083,"Sushant University / Ansal University, Gurgaon",sushant-university-ansal-university-gurgaon,"Sushant University / Ansal University, Gur...",906.0,12,7,,241120,7.0,7.8,,,,True,public_dataset,,,reviewed,City missing in supplied source; intentionally left null. Institution type normalized heuristically from source type/name; verify for production. Ownership not explicit enough in supplied source; left null. City resolved conservatively from institution name (derived_name).,"Sushant University / Ansal University, Gurgaon",sushant university ansal university gurgaon,,,,,,,False
1084,SVKM`s Narsee Monjee Institute of Management Studies,svkm-s-narsee-monjee-institute-of-management-studies,SVKM`s Narsee Monjee Institute of Manageme...,2123.0,21,16,,302000,18.0,7.0,49.0,,,True,public_dataset,,,reviewed,Institution type normalized heuristically from source type/name; verify for production. Ownership not explicit enough in supplied source; left null.,SVKM`s Narsee Monjee Institute of Management Studies,svkm s narsee monjee institute of management studies,,,,,,,True
1085,"Swami Keshvanand Institute of Technology, Management and",swami-keshvanand-institute-of-technology-management-and,"Swami Keshvanand Institute of Technology,...",,29,9,,98900,8.0,7.8,,,,True,public_dataset,,,reviewed,City missing in supplied source; intentionally left null. Institution type normalized heuristically from source type/name; verify for production. Ownership not explicit enough in supplied source; left null.,"Swami Keshvanand Institute of Technology, Management and",swami keshvanand institute of technology management and,,,,,,,False
1086,Swami Rama Himalayan University,swami-rama-himalayan-university,Swami Rama Himalayan University,,35,7,,212250,7.1,7.0,,,,True,public_dataset,,,reviewed,City missing in supplied source; intentionally left null. Institution type normalized heuristically from source type/name; verify for production. Ownership not explicit enough in supplied source; left null.,Swami Rama Himalayan University,swami rama himalayan university,,,,,,,False
1087,Swami Vishwatamanand Saraswati Degree College,swami-vishwatamanand-saraswati-degree-college,Swami Vishwatamanand Saraswati Degree College,4282.0,37,8,2.0,350000,6.5,6.5,,,,True,public_dataset,,,reviewed,Institution type normalized heuristically from source type/name; verify for production.,Swami Vishwatamanand Saraswati Degree College,swami vishwatamanand saraswati degree college,,,,,,,False
1088,Swami Vivekanand Group Of Institutes,swami-vivekanand-group-of-institutes,Swami Vivekanand Group Of Institutes,,6,8,,88960,8.1,8.5,,,,True,public_dataset,,,reviewed,City missing in supplied source; intentionally left null. Institution type normalized heuristically from source type/name; verify for production. Ownership not explicit enough in supplied source; left null.,Swami Vivekanand Group Of Institutes,swami vivekanand group of institutes,,,,,,,False
1089,Swami Vivekanand Industrial Training Centre,swami-vivekanand-industrial-training-centre,Swami Vivekanand Industrial Training Centre,,6,8,,15960,6.0,6.5,,,,True,public_dataset,,,reviewed,City missing in supplied source; intentionally left null. Institution type normalized heuristically from source type/name; verify for production. Ownership not explicit enough in supplied source; left null.,Swami Vivekanand Industrial Training Centre,swami vivekanand industrial training centre,,,,,,,False
1090,Swami Vivekanand Institute of Engineering & Technology,swami-vivekanand-institute-of-engineering-and-technology,Swami Vivekanand Institute of Engineering...,418.0,6,9,2.0,105000,60.0,7.6,,,,True,public_dataset,,,reviewed,Institution type normalized heuristically from source type/name; verify for production.,Swami Vivekanand Institute of Engineering & Technology,swami vivekanand institute of engineering technology,,,,,,,False
1091,Swami Vivekanand Polytechnic College,swami-vivekanand-polytechnic-college,Swami Vivekanand Polytechnic College,,6,17,,32840,6.0,6.5,,,,True,public_dataset,,,reviewed,City missing in supplied source; intentionally left null. Institution type normalized heuristically from source type/name; verify for production. Ownership not explicit enough in supplied source; left null.,Swami Vivekanand Polytechnic College,swami vivekanand polytechnic college,,,,,,,False
1092,"Swami Vivekanand University, Sagar",swami-vivekanand-university-sagar,"Swami Vivekanand University, Sagar",1728.0,20,7,,44000,5.6,6.3,,,,True,public_dataset,,,reviewed,City missing in supplied source; intentionally left null. Institution type normalized heuristically from source type/name; verify for production. Ownership not explicit enough in supplied source; left null. City resolved conservatively from institution name (derived_name).,"Swami Vivekanand University, Sagar",swami vivekanand university sagar,,,,,,,False
1093,Symbiosis International,symbiosis-international,Symbiosis International,2206.0,21,7,,200000,12.0,8.5,31.0,,,True,public_dataset,,,reviewed,Institution type normalized heuristically from source type/name; verify for production. Ownership not explicit enough in supplied source; left null.,Symbiosis International,symbiosis international,,,,,,,True
1094,Tamil Nadu Agricultural University,tamil-nadu-agricultural-university,Tamil Nadu Agricultural University,2897.0,31,7,,200000,6.5,7.0,84.0,,,True,public_dataset,,,reviewed,Institution type normalized heuristically from source type/name; verify for production. Ownership not explicit enough in supplied source; left null.,Tamil Nadu Agricultural University,tamil nadu agricultural university,,,,,,,False
1095,Tamil Nadu Veterinary and Animal Sciences University,tamil-nadu-veterinary-and-animal-sciences-university,Tamil Nadu Veterinary and Animal Sciences...,,31,7,,21415,8.2,8.3,,,,True,public_dataset,,,reviewed,City missing in supplied source; intentionally left null. Institution type normalized heuristically from source type/name; verify for production. Ownership not explicit enough in supplied source; left null.,Tamil Nadu Veterinary and Animal Sciences University,tamil nadu veterinary and animal sciences university,,,,,,,False
1096,"Tantia University, Sriganganagar",tantia-university-sriganganagar,"Tantia University, Sriganganagar",,29,7,,30000,7.1,8.6,,,,True,public_dataset,,,reviewed,City missing in supplied source; intentionally left null. Institution type normalized heuristically from source type/name; verify for production. Ownership not explicit enough in supplied source; left null.,"Tantia University, Sriganganagar",tantia university sriganganagar,,,,,,,False
1097,Tata Institute of Social Sciences,tata-institute-of-social-sciences,Tata Institute of Social Sciences,2123.0,21,7,,320000,12.0,8.8,58.0,,,True,public_dataset,,,reviewed,Institution type normalized heuristically from source type/name; verify for production. Ownership not explicit enough in supplied source; left null.,Tata Institute of Social Sciences,tata institute of social sciences,,,,,,,True
1098,Taxila Business School,taxila-business-school,Taxila Business School,2711.0,29,16,2.0,960000,25.8,8.5,,,,True,public_dataset,,,reviewed,Institution type normalized heuristically from source type/name; verify for production.,Taxila Business School,taxila business school,,,,,,,False
1099,Techno College of Engineering Agartala,techno-college-of-engineering-agartala,Techno College of Engineering Agartala,3282.0,33,9,,98000,7.8,8.0,,,,True,public_dataset,,,reviewed,City missing in supplied source; intentionally left null. Institution type normalized heuristically from source type/name; verify for production. Ownership not explicit enough in supplied source; left null. City resolved conservatively from institution name (derived_name).,Techno College of Engineering Agartala,techno college of engineering agartala,,,,,,,False
1100,"Techno India Salt Lake, Kolkata",techno-india-salt-lake-kolkata,"Techno India Salt Lake, Kolkata",4128.0,36,8,,483800,7.6,7.5,,,,True,public_dataset,,,reviewed,City missing in supplied source; intentionally left null. Institution type normalized heuristically from source type/name; verify for production. Ownership not explicit enough in supplied source; left null. City resolved conservatively from institution name (derived_name).,"Techno India Salt Lake, Kolkata",techno india salt lake kolkata,,,,,,,False
1101,"Techno India University, Kolkata",techno-india-university-kolkata,"Techno India University, Kolkata",4128.0,36,7,,89200,7.8,8.0,,,,True,public_dataset,,,reviewed,City missing in supplied source; intentionally left null. Institution type normalized heuristically from source type/name; verify for production. Ownership not explicit enough in supplied source; left null. City resolved conservatively from institution name (derived_name).,"Techno India University, Kolkata",techno india university kolkata,,,,,,,False
1102,Teerthanker Mahaveer Medical College and Research Center,teerthanker-mahaveer-medical-college-and-research-center,Teerthanker Mahaveer Medical College and R...,3713.0,34,8,2.0,2000000,6.5,6.5,,,,True,public_dataset,,,reviewed,Institution type normalized heuristically from source type/name; verify for production.,Teerthanker Mahaveer Medical College and Research Center,teerthanker mahaveer medical college and research center,,,,,,,False
1103,Tezpur University,tezpur-university,Tezpur University,282.0,4,7,,58186,8.0,7.0,69.0,,,True,public_dataset,,,reviewed,Institution type normalized heuristically from source type/name; verify for production. Ownership not explicit enough in supplied source; left null.,Tezpur University,tezpur university,,,,,,,False
1104,"Tezpur University, School of Engineering Tezpur, Sonitpur",tezpur-university-school-of-engineering-tezpur-sonitpur,"Tezpur University, School of Engineering T...",282.0,4,7,,47186,6.7,8.1,,,,True,public_dataset,,,reviewed,City missing in supplied source; intentionally left null. Institution type normalized heuristically from source type/name; verify for production. Ownership not explicit enough in supplied source; left null. City resolved conservatively from institution name (derived_name_prefix).,"Tezpur University, School of Engineering Tezpur, Sonitpur",tezpur university school of engineering tezpur sonitpur,,,,,,,False
1105,Thakur College of Engineering and Technology,thakur-college-of-engineering-and-technology,Thakur College of Engineering and Technology,,21,9,,147500,7.9,8.2,,,,True,public_dataset,,,reviewed,City missing in supplied source; intentionally left null. Institution type normalized heuristically from source type/name; verify for production. Ownership not explicit enough in supplied source; left null.,Thakur College of Engineering and Technology,thakur college of engineering and technology,,,,,,,False
1106,Thapar Institute of Engineering and Technology (Deemed-to-be-university),thapar-institute-of-engineering-and-technology-deemed-to-be-university,Thapar Institute of Engineering and Techno...,2617.0,28,7,6.0,508000,11.2,8.5,29.0,,,True,public_dataset,,,reviewed,Institution type normalized heuristically from source type/name; verify for production. Ownership not explicit enough in supplied source; left null.,Thapar Institute of Engineering and Technology (Deemed-to-be-university),thapar institute of engineering and technology deemed to be university,,,,,,,True
1107,THDC Institute of Hydro Power Engineering and,thdc-institute-of-hydro-power-engineering-and,THDC Institute of Hydro Power Engineering and,,35,8,,73500,5.6,6.9,,,,True,public_dataset,,,reviewed,City missing in supplied source; intentionally left null. Institution type normalized heuristically from source type/name; verify for production. Ownership not explicit enough in supplied source; left null.,THDC Institute of Hydro Power Engineering and,thdc institute of hydro power engineering and,,,,,,,False
1108,The Business School University of Jammu,the-business-school-university-of-jammu,The Business School University of Jammu,4240.0,37,16,1.0,57219,6.5,7.0,,,,True,public_dataset,,,reviewed,Institution type normalized heuristically from source type/name; verify for production.,The Business School University of Jammu,the business school university of jammu,,,,,,,False
1109,The Global Open University,the-global-open-university,The Global Open University,,25,7,,6525,7.3,7.8,,,,True,public_dataset,,,reviewed,City missing in supplied source; intentionally left null. Institution type normalized heuristically from source type/name; verify for production. Ownership not explicit enough in supplied source; left null.,The Global Open University,the global open university,,,,,,,False
1110,"The Global University, Itanagar",the-global-university-itanagar,"The Global University, Itanagar",182.0,3,7,,90000,6.0,6.5,,,,True,public_dataset,,,reviewed,City missing in supplied source; intentionally left null. Institution type normalized heuristically from source type/name; verify for production. Ownership not explicit enough in supplied source; left null. City resolved conservatively from institution name (derived_name).,"The Global University, Itanagar",the global university itanagar,,,,,,,False
1111,The LNM Institute of Information Technology,the-lnm-institute-of-information-technology,The LNM Institute of Information Technology,2711.0,29,8,2.0,531400,12.0,6.5,,,,True,public_dataset,,,reviewed,Institution type normalized heuristically from source type/name; verify for production.,The LNM Institute of Information Technology,the lnm institute of information technology,,,,,,,False
1112,The Neotia University,the-neotia-university,The Neotia University,,36,7,,144000,7.8,8.2,,,,True,public_dataset,,,reviewed,City missing in supplied source; intentionally left null. Institution type normalized heuristically from source type/name; verify for production. Ownership not explicit enough in supplied source; left null.,The Neotia University,the neotia university,,,,,,,False
1113,"Thejus Engineering College, Thrissur",thejus-engineering-college-thrissur,"Thejus Engineering College, Thrissur",1494.0,17,9,,88400,7.1,8.0,,,,True,public_dataset,,,reviewed,City missing in supplied source; intentionally left null. Institution type normalized heuristically from source type/name; verify for production. Ownership not explicit enough in supplied source; left null. City resolved conservatively from institution name (derived_name).,"Thejus Engineering College, Thrissur",thejus engineering college thrissur,,,,,,,False
1114,Thiagarajar College of Engineering,thiagarajar-college-of-engineering,Thiagarajar College of Engineering,,31,9,,50000,8.7,8.6,,,,True,public_dataset,,,reviewed,City missing in supplied source; intentionally left null. Institution type normalized heuristically from source type/name; verify for production. Ownership not explicit enough in supplied source; left null.,Thiagarajar College of Engineering,thiagarajar college of engineering,,,,,,,False
1115,TIFR Mumbai,tifr-mumbai,TIFR Mumbai,2123.0,21,7,3.0,0,20.0,9.2,,,,True,public_dataset,,,reviewed,Imported from supplied college source and normalized for MVP.,TIFR Mumbai,tifr mumbai,,,,,,,False
1116,TKM College of Engineering,tkm-college-of-engineering,TKM College of Engineering,,17,9,,8410,7.8,8.4,,,,True,public_dataset,,,reviewed,City missing in supplied source; intentionally left null. Institution type normalized heuristically from source type/name; verify for production. Ownership not explicit enough in supplied source; left null.,TKM College of Engineering,tkm college of engineering,,,,,,,False
1117,"Tomi Polytechnic College, Basar",tomi-polytechnic-college-basar,"Tomi Polytechnic College, Basar",175.0,3,17,,45000,6.0,6.5,,,,True,public_dataset,,,reviewed,City missing in supplied source; intentionally left null. Institution type normalized heuristically from source type/name; verify for production. Ownership not explicit enough in supplied source; left null. City resolved conservatively from institution name (derived_name).,"Tomi Polytechnic College, Basar",tomi polytechnic college basar,,,,,,,False
1118,"Trident Academy of Technology, Bhubaneswar",trident-academy-of-technology-bhubaneswar,"Trident Academy of Technology, Bhubaneswar",4239.0,26,8,,108300,7.9,8.0,,,,True,public_dataset,,,reviewed,City missing in supplied source; intentionally left null. Institution type normalized heuristically from source type/name; verify for production. Ownership not explicit enough in supplied source; left null. City resolved conservatively from institution name (derived_name).,"Trident Academy of Technology, Bhubaneswar",trident academy of technology bhubaneswar,,,,,,,False
1119,"Trinity College of Engineering, Trivendrum",trinity-college-of-engineering-trivendrum,"Trinity College of Engineering, Trivendrum",,17,9,,75000,6.1,6.8,,,,True,public_dataset,,,reviewed,City missing in supplied source; intentionally left null. Institution type normalized heuristically from source type/name; verify for production. Ownership not explicit enough in supplied source; left null.,"Trinity College of Engineering, Trivendrum",trinity college of engineering trivendrum,,,,,,,False
1120,"Tripura Institute of Technology, Agartala",tripura-institute-of-technology-agartala,"Tripura Institute of Technology, Agartala",3282.0,33,9,,12180,6.8,7.6,,,,True,public_dataset,,,reviewed,City missing in supplied source; intentionally left null. Institution type normalized heuristically from source type/name; verify for production. Ownership not explicit enough in supplied source; left null. City resolved conservatively from institution name (derived_name).,"Tripura Institute of Technology, Agartala",tripura institute of technology agartala,,,,,,,False
1121,"Tripura University, West Tripura",tripura-university-west-tripura,"Tripura University, West Tripura",3300.0,33,7,,55300,6.0,7.5,,,,True,public_dataset,,,reviewed,City missing in supplied source; intentionally left null. Institution type normalized heuristically from source type/name; verify for production. Ownership not explicit enough in supplied source; left null. City resolved conservatively from institution name (derived_name).,"Tripura University, West Tripura",tripura university west tripura,,,,,,,False
1122,"TTAADC Polytechnic Institute, West Tripura",ttaadc-polytechnic-institute-west-tripura,"TTAADC Polytechnic Institute, West Tripura",3300.0,33,17,,6750,6.0,6.5,,,,True,public_dataset,,,reviewed,City missing in supplied source; intentionally left null. Institution type normalized heuristically from source type/name; verify for production. Ownership not explicit enough in supplied source; left null. City resolved conservatively from institution name (derived_name).,"TTAADC Polytechnic Institute, West Tripura",ttaadc polytechnic institute west tripura,,,,,,,False
1123,Tula's Institute,tula-s-institute,Tula's Institute,3935.0,35,8,2.0,186000,36.5,8.5,,,,True,public_dataset,,,reviewed,Institution type normalized heuristically from source type/name; verify for production.,Tula's Institute,tula s institute,,,,,,,False
1124,"Tula's Institute, Dehradun",tula-s-institute-dehradun,"Tula's Institute, Dehradun",3935.0,35,8,,112500,7.4,7.8,,,,True,public_dataset,,,reviewed,City missing in supplied source; intentionally left null. Institution type normalized heuristically from source type/name; verify for production. Ownership not explicit enough in supplied source; left null. City resolved conservatively from institution name (derived_name).,"Tula's Institute, Dehradun",tula s institute dehradun,,,,,,,False
1125,"Tura Polytechnic College, Tura",tura-polytechnic-college-tura,"Tura Polytechnic College, Tura",2383.0,23,17,,3516,6.0,6.5,,,,True,public_dataset,,,reviewed,City missing in supplied source; intentionally left null. Institution type normalized heuristically from source type/name; verify for production. Ownership not explicit enough in supplied source; left null. City resolved conservatively from institution name (derived_name).,"Tura Polytechnic College, Tura",tura polytechnic college tura,,,,,,,False
1126,UEI Global,uei-global,UEI Global,3661.0,34,8,2.0,300000,24.0,8.5,,,,True,public_dataset,,,reviewed,Institution type normalized heuristically from source type/name; verify for production.,UEI Global,uei global,,,,,,,False
1127,Ujjain Engineering College,ujjain-engineering-college,Ujjain Engineering College,1774.0,20,9,,22751,6.4,6.7,,,,True,public_dataset,,,reviewed,City missing in supplied source; intentionally left null. Institution type normalized heuristically from source type/name; verify for production. Ownership not explicit enough in supplied source; left null. City resolved conservatively from institution name (derived_name).,Ujjain Engineering College,ujjain engineering college,,,,,,,False
1128,"Uka Tarsadia University, Bardoli",uka-tarsadia-university-bardoli,"Uka Tarsadia University, Bardoli",595.0,11,7,,94000,6.9,8.1,,,,True,public_dataset,,,reviewed,City missing in supplied source; intentionally left null. Institution type normalized heuristically from source type/name; verify for production. Ownership not explicit enough in supplied source; left null. City resolved conservatively from institution name (derived_name).,"Uka Tarsadia University, Bardoli",uka tarsadia university bardoli,,,,,,,False
1129,UNIRAJ- University of Rajasthan,uniraj-university-of-rajasthan,UNIRAJ- University of Rajasthan,2711.0,29,7,1.0,2320,6.5,7.0,,,,True,public_dataset,,,reviewed,Institution type normalized heuristically from source type/name; verify for production.,UNIRAJ- University of Rajasthan,uniraj university of rajasthan,,,,,,,False
1130,"Universal Polytechnic College, Chandigarh",universal-polytechnic-college-chandigarh,"Universal Polytechnic College, Chandigarh",418.0,6,17,,150000,6.0,6.5,,,,True,public_dataset,,,reviewed,City missing in supplied source; intentionally left null. Institution type normalized heuristically from source type/name; verify for production. Ownership not explicit enough in supplied source; left null. City resolved conservatively from institution name (derived_name).,"Universal Polytechnic College, Chandigarh",universal polytechnic college chandigarh,,,,,,,False
1131,"University Business School, Panjab University",university-business-school-panjab-university,"University Business School, Panjab University",418.0,6,16,1.0,23945,24.0,8.5,,,,True,public_dataset,,,reviewed,Institution type normalized heuristically from source type/name; verify for production.,"University Business School, Panjab University",university business school panjab university,,,,,,,False
1132,"University College of Engineering and Technology, Vinoba",university-college-of-engineering-and-technology-vinoba,University College of Engineering and Tech...,,15,7,,65100,6.1,7.0,,,,True,public_dataset,,,reviewed,City missing in supplied source; intentionally left null. Institution type normalized heuristically from source type/name; verify for production. Ownership not explicit enough in supplied source; left null.,"University College of Engineering and Technology, Vinoba",university college of engineering and technology vinoba,,,,,,,False
1133,"University Institute of Engineering and Technology, Maharshi",university-institute-of-engineering-and-technology-maharshi,University Institute of Engineering and Te...,,12,7,,74288,5.7,7.2,,,,True,public_dataset,,,reviewed,City missing in supplied source; intentionally left null. Institution type normalized heuristically from source type/name; verify for production. Ownership not explicit enough in supplied source; left null.,"University Institute of Engineering and Technology, Maharshi",university institute of engineering and technology maharshi,,,,,,,False
1134,"University Institute of Information Technology, Himachal Pradesh University",university-institute-of-information-technology-himachal-pradesh-university,University Institute of Information Techno...,1013.0,13,7,1.0,122010,8.0,7.1,,,,True,public_dataset,,,reviewed,Institution type normalized heuristically from source type/name; verify for production.,"University Institute of Information Technology, Himachal Pradesh University",university institute of information technology himachal pradesh university,,,,,,,False
1135,"University Institute of Legal Studies, Panjab University",university-institute-of-legal-studies-panjab-university,"University Institute of Legal Studies, Pan...",418.0,6,7,1.0,88580,6.5,7.0,,,,True,public_dataset,,,reviewed,Institution type normalized heuristically from source type/name; verify for production.,"University Institute of Legal Studies, Panjab University",university institute of legal studies panjab university,,,,,,,False
1136,"University Institute of Technology, Rajiv Gandhi Proudyogiki",university-institute-of-technology-rajiv-gandhi-proudyogiki,"University Institute of Technology, Rajiv...",,20,7,,23920,6.3,6.9,,,,True,public_dataset,,,reviewed,City missing in supplied source; intentionally left null. Institution type normalized heuristically from source type/name; verify for production. Ownership not explicit enough in supplied source; left null.,"University Institute of Technology, Rajiv Gandhi Proudyogiki",university institute of technology rajiv gandhi proudyogiki,,,,,,,False
1137,"University Institute of Technology, University Of Burdwan",university-institute-of-technology-university-of-burdwan,"University Institute of Technology, Univer...",,36,7,,71200,5.4,6.5,,,,True,public_dataset,,,reviewed,City missing in supplied source; intentionally left null. Institution type normalized heuristically from source type/name; verify for production. Ownership not explicit enough in supplied source; left null.,"University Institute of Technology, University Of Burdwan",university institute of technology university of burdwan,,,,,,,False
1138,"University Institute of Tourism and Hospitality Management, Chandigarh University",university-institute-of-tourism-and-hospitality-management-chandigarh-university,University Institute of Tourism and Hospit...,418.0,6,7,2.0,170500,25.0,8.5,,,,True,public_dataset,,,reviewed,Institution type normalized heuristically from source type/name; verify for production.,"University Institute of Tourism and Hospitality Management, Chandigarh University",university institute of tourism and hospitality management chandigarh university,,,,,,,False
1139,University of Agricultural Sciences,university-of-agricultural-sciences,University of Agricultural Sciences,1184.0,16,7,,200000,7.0,7.0,90.0,,,True,public_dataset,,,reviewed,Institution type normalized heuristically from source type/name; verify for production. Ownership not explicit enough in supplied source; left null.,University of Agricultural Sciences,university of agricultural sciences,,,,,,,False
1140,University of Delhi,university-of-delhi,University of Delhi,506.0,9,7,,21390,10.0,8.5,6.0,,,True,public_dataset,,,reviewed,Institution type normalized heuristically from source type/name; verify for production. Ownership not explicit enough in supplied source; left null.,University of Delhi,university of delhi,,,,,,,True
1141,"University of Delhi, Department of Financial Studies",university-of-delhi-department-of-financial-studies,"University of Delhi, Department of Financi...",4254.0,38,7,1.0,48500,32.0,8.5,,,,True,public_dataset,,,reviewed,Institution type normalized heuristically from source type/name; verify for production.,"University of Delhi, Department of Financial Studies",university of delhi department of financial studies,,,,,,,False
1142,University of Hyderabad,university-of-hyderabad,University of Hyderabad,3216.0,32,7,,200000,10.0,8.5,17.0,,,True,public_dataset,,,reviewed,Institution type normalized heuristically from source type/name; verify for production. Ownership not explicit enough in supplied source; left null.,University of Hyderabad,university of hyderabad,,,,,,,True
1143,University of Jammu,university-of-jammu,University of Jammu,4240.0,37,7,,21380,7.0,7.0,50.0,,,True,public_dataset,,,reviewed,Institution type normalized heuristically from source type/name; verify for production. Ownership not explicit enough in supplied source; left null.,University of Jammu,university of jammu,,,,,,,True
1144,University of Kashmir,university-of-kashmir,University of Kashmir,4246.0,37,7,,9998,7.0,7.0,45.0,,,True,public_dataset,,,reviewed,Institution type normalized heuristically from source type/name; verify for production. Ownership not explicit enough in supplied source; left null.,University of Kashmir,university of kashmir,,,,,,,True
1145,University of Lucknow,university-of-lucknow,University of Lucknow,3661.0,34,7,,200000,7.5,7.0,97.0,,,True,public_dataset,,,reviewed,Institution type normalized heuristically from source type/name; verify for production. Ownership not explicit enough in supplied source; left null.,University of Lucknow,university of lucknow,,,,,,,False
1146,University of Madras,university-of-madras,University of Madras,2885.0,31,7,,75116,8.8,7.0,39.0,,,True,public_dataset,,,reviewed,Institution type normalized heuristically from source type/name; verify for production. Ownership not explicit enough in supplied source; left null.,University of Madras,university of madras,,,,,,,True
1147,University of Petroleum and Energy Studies,university-of-petroleum-and-energy-studies,University of Petroleum and Energy Studies,,35,7,,1604500,7.7,8.1,,,,True,public_dataset,,,reviewed,City missing in supplied source; intentionally left null. Institution type normalized heuristically from source type/name; verify for production. Ownership not explicit enough in supplied source; left null.,University of Petroleum and Energy Studies,university of petroleum and energy studies,,,,,,,False
1148,University School of Law and Legal Studies,university-school-of-law-and-legal-studies,University School of Law and Legal Studies,4254.0,38,10,1.0,167500,6.5,7.0,,,,True,public_dataset,,,reviewed,Institution type normalized heuristically from source type/name; verify for production.,University School of Law and Legal Studies,university school of law and legal studies,,,,,,,False
1149,UPES,upes,UPES,3935.0,35,7,,200000,9.0,7.0,46.0,,,True,public_dataset,,,reviewed,Institution type normalized heuristically from source type/name; verify for production. Ownership not explicit enough in supplied source; left null.,UPES,upes,,,,,,,True
1150,UPES Dehradun,upes-dehradun,UPES Dehradun,3935.0,35,8,2.0,350000,9.0,7.8,,,,True,public_dataset,,,reviewed,Institution type normalized heuristically from source type/name; verify for production.,UPES Dehradun,upes dehradun,,,,,,,False
1151,"UPES, School of Business",upes-school-of-business,"UPES, School of Business",3935.0,35,8,2.0,842000,29.0,8.5,,,,True,public_dataset,,,reviewed,Institution type normalized heuristically from source type/name; verify for production.,"UPES, School of Business",upes school of business,,,,,,,False
1152,"UPES, School of Engineering",upes-school-of-engineering,"UPES, School of Engineering",3935.0,35,8,2.0,282000,9.0,7.5,,,,True,public_dataset,,,reviewed,Institution type normalized heuristically from source type/name; verify for production.,"UPES, School of Engineering",upes school of engineering,,,,,,,False
1153,Uttaranchal University,uttaranchal-university,Uttaranchal University,3935.0,35,7,2.0,141980,6.5,6.5,,,,True,public_dataset,,,reviewed,Institution type normalized heuristically from source type/name; verify for production.,Uttaranchal University,uttaranchal university,,,,,,,False
1154,Vaagdevi College of Engineering,vaagdevi-college-of-engineering,Vaagdevi College of Engineering,,32,9,,86000,7.5,7.8,,,,True,public_dataset,,,reviewed,City missing in supplied source; intentionally left null. Institution type normalized heuristically from source type/name; verify for production. Ownership not explicit enough in supplied source; left null.,Vaagdevi College of Engineering,vaagdevi college of engineering,,,,,,,False
1155,Vallurupalli Nageswara Rao Vignana Jyothi Institute of,vallurupalli-nageswara-rao-vignana-jyothi-institute-of,Vallurupalli Nageswara Rao Vignana Jyothi...,,32,8,,131000,8.4,8.4,,,,True,public_dataset,,,reviewed,City missing in supplied source; intentionally left null. Institution type normalized heuristically from source type/name; verify for production. Ownership not explicit enough in supplied source; left null.,Vallurupalli Nageswara Rao Vignana Jyothi Institute of,vallurupalli nageswara rao vignana jyothi institute of,,,,,,,False
1156,Vardhaman College of Engineering,vardhaman-college-of-engineering,Vardhaman College of Engineering,,32,9,,125000,8.1,8.1,,,,True,public_dataset,,,reviewed,City missing in supplied source; intentionally left null. Institution type normalized heuristically from source type/name; verify for production. Ownership not explicit enough in supplied source; left null.,Vardhaman College of Engineering,vardhaman college of engineering,,,,,,,False
1157,Vardhman Institute of Medical Sciences,vardhman-institute-of-medical-sciences,Vardhman Institute of Medical Sciences,381.0,5,19,1.0,29800,6.5,7.0,,,,True,public_dataset,,,reviewed,Institution type normalized heuristically from source type/name; verify for production.,Vardhman Institute of Medical Sciences,vardhman institute of medical sciences,,,,,,,False
1158,Vardhman Mahavir Medical College,vardhman-mahavir-medical-college,Vardhman Mahavir Medical College,4254.0,38,8,1.0,57000,6.5,7.0,,,,True,public_dataset,,,reviewed,Institution type normalized heuristically from source type/name; verify for production.,Vardhman Mahavir Medical College,vardhman mahavir medical college,,,,,,,False
1159,Vasavi College of Engineering,vasavi-college-of-engineering,Vasavi College of Engineering,,32,9,,130000,8.8,8.0,,,,True,public_dataset,,,reviewed,City missing in supplied source; intentionally left null. Institution type normalized heuristically from source type/name; verify for production. Ownership not explicit enough in supplied source; left null.,Vasavi College of Engineering,vasavi college of engineering,,,,,,,False
1160,Veer Chandra Singh Garhwali Government Institute Of Medical Science and Research,veer-chandra-singh-garhwali-government-institute-of-medical-science-and-research,Veer Chandra Singh Garhwali Government Ins...,3971.0,35,19,1.0,225000,6.5,7.0,,,,True,public_dataset,,,reviewed,Institution type normalized heuristically from source type/name; verify for production.,Veer Chandra Singh Garhwali Government Institute Of Medical Science and Research,veer chandra singh garhwali government institute of medical science and research,,,,,,,False
1161,Veer Narmad South Gujarat University,veer-narmad-south-gujarat-university,Veer Narmad South Gujarat University,831.0,11,7,1.0,34435,6.5,7.0,,,,True,public_dataset,,,reviewed,Institution type normalized heuristically from source type/name; verify for production.,Veer Narmad South Gujarat University,veer narmad south gujarat university,,,,,,,False
1162,Veer Surendra Sai University of Technology,veer-surendra-sai-university-of-technology,Veer Surendra Sai University of Technology,,26,7,,91280,7.7,7.9,,,,True,public_dataset,,,reviewed,City missing in supplied source; intentionally left null. Institution type normalized heuristically from source type/name; verify for production. Ownership not explicit enough in supplied source; left null.,Veer Surendra Sai University of Technology,veer surendra sai university of technology,,,,,,,False
1163,Veermata Jijabai Technological Institute,veermata-jijabai-technological-institute,Veermata Jijabai Technological Institute,,21,8,,84051,8.7,7.9,,,,True,public_dataset,,,reviewed,City missing in supplied source; intentionally left null. Institution type normalized heuristically from source type/name; verify for production. Ownership not explicit enough in supplied source; left null.,Veermata Jijabai Technological Institute,veermata jijabai technological institute,,,,,,,False
1164,Vel Tech Rangarajan Dr. Sagunthala R & D Institute of Science and Technology,vel-tech-rangarajan-dr-sagunthala-r-and-d-institute-of-science-and-technology,Vel Tech Rangarajan Dr. Sagunthala R & D I...,2885.0,31,7,,200000,6.0,7.0,96.0,,,True,public_dataset,,,reviewed,Institution type normalized heuristically from source type/name; verify for production. Ownership not explicit enough in supplied source; left null.,Vel Tech Rangarajan Dr. Sagunthala R & D Institute of Science and Technology,vel tech rangarajan dr sagunthala r d institute of science and technology,,,,,,,False
1165,"VEL Tech, Chennai",vel-tech-chennai,"VEL Tech, Chennai",2885.0,31,8,,50000,8.3,8.2,,,,True,public_dataset,,,reviewed,City missing in supplied source; intentionally left null. Institution type normalized heuristically from source type/name; verify for production. Ownership not explicit enough in supplied source; left null. City resolved conservatively from institution name (derived_name).,"VEL Tech, Chennai",vel tech chennai,,,,,,,False
1166,Velagapudi Ramakrishna Siddhartha Engineering College,velagapudi-ramakrishna-siddhartha-engineering-college,Velagapudi Ramakrishna Siddhartha Engineer...,,2,9,,71050,8.2,8.2,,,,True,public_dataset,,,reviewed,City missing in supplied source; intentionally left null. Institution type normalized heuristically from source type/name; verify for production. Ownership not explicit enough in supplied source; left null.,Velagapudi Ramakrishna Siddhartha Engineering College,velagapudi ramakrishna siddhartha engineering college,,,,,,,False
1167,Vellore Institute of Technology,vellore-institute-of-technology,Vellore Institute of Technology,3178.0,31,7,,198000,9.9,7.0,10.0,,,True,public_dataset,,,reviewed,Institution type normalized heuristically from source type/name; verify for production. Ownership not explicit enough in supplied source; left null.,Vellore Institute of Technology,vellore institute of technology,,,,,,,True
1168,Venkateshwara Open University,venkateshwara-open-university,Venkateshwara Open University,,3,7,,10000,7.8,7.9,,,,True,public_dataset,,,reviewed,City missing in supplied source; intentionally left null. Institution type normalized heuristically from source type/name; verify for production. Ownership not explicit enough in supplied source; left null.,Venkateshwara Open University,venkateshwara open university,,,,,,,False
1169,VGU Faculty of Engineering & Technology,vgu-faculty-of-engineering-and-technology,VGU Faculty of Engineering & Technology,2711.0,29,8,2.0,210000,54.0,8.5,,,,True,public_dataset,,,reviewed,Institution type normalized heuristically from source type/name; verify for production.,VGU Faculty of Engineering & Technology,vgu faculty of engineering technology,,,,,,,False
1170,Vidya Memorial Institute of Technology,vidya-memorial-institute-of-technology,Vidya Memorial Institute of Technology,,15,9,,53400,8.0,7.5,,,,True,public_dataset,,,reviewed,City missing in supplied source; intentionally left null. Institution type normalized heuristically from source type/name; verify for production. Ownership not explicit enough in supplied source; left null.,Vidya Memorial Institute of Technology,vidya memorial institute of technology,,,,,,,False
1171,Vidya Vihar Institute of Technology,vidya-vihar-institute-of-technology,Vidya Vihar Institute of Technology,,5,9,,75000,6.8,7.0,,,,True,public_dataset,,,reviewed,City missing in supplied source; intentionally left null. Institution type normalized heuristically from source type/name; verify for production. Ownership not explicit enough in supplied source; left null.,Vidya Vihar Institute of Technology,vidya vihar institute of technology,,,,,,,False
1172,"Vignan Institute of Technology And Management, Berhampur",vignan-institute-of-technology-and-management-berhampur,Vignan Institute of Technology And Managem...,,26,9,,58000,5.9,7.7,,,,True,public_dataset,,,reviewed,City missing in supplied source; intentionally left null. Institution type normalized heuristically from source type/name; verify for production. Ownership not explicit enough in supplied source; left null.,"Vignan Institute of Technology And Management, Berhampur",vignan institute of technology and management berhampur,,,,,,,False
1173,"Vignan's Foundation for Science, Technology and Research",vignan-s-foundation-for-science-technology-and-research,"Vignan's Foundation for Science, Technolog...",56.0,2,7,,250000,7.0,7.0,72.0,,,True,public_dataset,,,reviewed,Institution type normalized heuristically from source type/name; verify for production. Ownership not explicit enough in supplied source; left null.,"Vignan's Foundation for Science, Technology and Research",vignan s foundation for science technology and research,,,,,,,False
1174,Vinayaka Missions Sikkim University,vinayaka-missions-sikkim-university,Vinayaka Missions Sikkim University,,30,7,,150000,7.5,7.8,,,,True,public_dataset,,,reviewed,City missing in supplied source; intentionally left null. Institution type normalized heuristically from source type/name; verify for production. Ownership not explicit enough in supplied source; left null.,Vinayaka Missions Sikkim University,vinayaka missions sikkim university,,,,,,,False
1175,Vishwakarma Government Engineering College,vishwakarma-government-engineering-college,Vishwakarma Government Engineering College,575.0,11,9,1.0,1500,23.0,7.9,,,,True,public_dataset,,,reviewed,Institution type normalized heuristically from source type/name; verify for production.,Vishwakarma Government Engineering College,vishwakarma government engineering college,,,,,,,False
1176,Vishwakarma Institute of Information Technology,vishwakarma-institute-of-information-technology,Vishwakarma Institute of Information Techn...,,21,8,,164000,8.0,7.8,,,,True,public_dataset,,,reviewed,City missing in supplied source; intentionally left null. Institution type normalized heuristically from source type/name; verify for production. Ownership not explicit enough in supplied source; left null.,Vishwakarma Institute of Information Technology,vishwakarma institute of information technology,,,,,,,False
1177,"Vishwakarma Institute of Technology, Pune",vishwakarma-institute-of-technology-pune,"Vishwakarma Institute of Technology, Pune",2206.0,21,9,,179895,7.8,7.5,,,,True,public_dataset,,,reviewed,City missing in supplied source; intentionally left null. Institution type normalized heuristically from source type/name; verify for production. Ownership not explicit enough in supplied source; left null. City resolved conservatively from institution name (derived_name).,"Vishwakarma Institute of Technology, Pune",vishwakarma institute of technology pune,,,,,,,False
1178,Visvesvaraya National Institute of Technology,visvesvaraya-national-institute-of-technology,Visvesvaraya National Institute of Technology,,21,9,,149200,7.7,8.1,,,,True,public_dataset,,,reviewed,City missing in supplied source; intentionally left null. Institution type normalized heuristically from source type/name; verify for production. Ownership not explicit enough in supplied source; left null.,Visvesvaraya National Institute of Technology,visvesvaraya national institute of technology,,,,,,,False
1179,Visvesvaraya Technological University,visvesvaraya-technological-university,Visvesvaraya Technological University,4283.0,16,7,,200000,8.5,7.0,75.0,,,True,public_dataset,,,reviewed,Institution type normalized heuristically from source type/name; verify for production. Ownership not explicit enough in supplied source; left null.,Visvesvaraya Technological University,visvesvaraya technological university,,,,,,,False
1180,VIT AP Amaravati,vit-ap-amaravati,VIT AP Amaravati,4280.0,2,8,2.0,350000,9.0,7.8,,,,True,public_dataset,,,reviewed,Institution type normalized heuristically from source type/name; verify for production.,VIT AP Amaravati,vit ap amaravati,,,,,,,False
1181,VIT Bhopal,vit-bhopal,VIT Bhopal,1559.0,20,8,2.0,201000,11.0,7.8,,,,True,public_dataset,,,reviewed,Institution type normalized heuristically from source type/name; verify for production.,VIT Bhopal,vit bhopal,,,,,,,False
1182,"VIT Bhopal University, Bhopal",vit-bhopal-university-bhopal,"VIT Bhopal University, Bhopal",1559.0,20,7,,198000,8.1,7.9,,,,True,public_dataset,,,reviewed,City missing in supplied source; intentionally left null. Institution type normalized heuristically from source type/name; verify for production. Ownership not explicit enough in supplied source; left null. City resolved conservatively from institution name (derived_name).,"VIT Bhopal University, Bhopal",vit bhopal university bhopal,,,,,,,False
1183,VIT Chennai,vit-chennai,VIT Chennai,2885.0,31,8,2.0,350000,9.9,6.5,,,,True,public_dataset,,,reviewed,Institution type normalized heuristically from source type/name; verify for production.,VIT Chennai,vit chennai,,,,,,,False
1184,VIT University,vit-university,VIT University,,2,7,,198000,8.4,8.2,,,,True,public_dataset,,,reviewed,City missing in supplied source; intentionally left null. Institution type normalized heuristically from source type/name; verify for production. Ownership not explicit enough in supplied source; left null.,VIT University,vit university,,,,,,,False
1185,VIT Vellore,vit-vellore,VIT Vellore,3178.0,31,8,2.0,198000,7.5,8.2,14.0,,,True,public_dataset,,,reviewed,Institution type normalized heuristically from source type/name; verify for production.,VIT Vellore,vit vellore,,,,,,,True
1186,Vivekananda Global University,vivekananda-global-university,Vivekananda Global University,2711.0,29,7,2.0,185000,46.0,8.5,,,,True,public_dataset,,,reviewed,Institution type normalized heuristically from source type/name; verify for production.,Vivekananda Global University,vivekananda global university,,,,,,,False
1187,VJTI Mumbai,vjti-mumbai,VJTI Mumbai,2123.0,21,8,1.0,110000,10.0,8.2,,,,True,public_dataset,,,reviewed,Institution type normalized heuristically from source type/name; verify for production.,VJTI Mumbai,vjti mumbai,,,,,,,False
1188,Walchand College of Engineering,walchand-college-of-engineering,Walchand College of Engineering,,21,9,,84935,8.8,8.3,,,,True,public_dataset,,,reviewed,City missing in supplied source; intentionally left null. Institution type normalized heuristically from source type/name; verify for production. Ownership not explicit enough in supplied source; left null.,Walchand College of Engineering,walchand college of engineering,,,,,,,False
1189,Wildlife Institute of India,wildlife-institute-of-india,Wildlife Institute of India,3935.0,35,8,1.0,1210000,6.5,7.0,,,,True,public_dataset,,,reviewed,Institution type normalized heuristically from source type/name; verify for production.,Wildlife Institute of India,wildlife institute of india,,,,,,,False
1190,William Carey University,william-carey-university,William Carey University,,23,7,,106000,8.1,8.5,,,,True,public_dataset,,,reviewed,City missing in supplied source; intentionally left null. Institution type normalized heuristically from source type/name; verify for production. Ownership not explicit enough in supplied source; left null.,William Carey University,william carey university,,,,,,,False
1191,Women Institute of Technology,women-institute-of-technology,Women Institute of Technology,,35,9,,75500,6.7,7.9,,,,True,public_dataset,,,reviewed,City missing in supplied source; intentionally left null. Institution type normalized heuristically from source type/name; verify for production. Ownership not explicit enough in supplied source; left null.,Women Institute of Technology,women institute of technology,,,,,,,False
1192,Women’s Polytechnic College,women-s-polytechnic-college,Women’s Polytechnic College,,27,17,,6000,6.0,6.5,,,,True,public_dataset,,,reviewed,City missing in supplied source; intentionally left null. Institution type normalized heuristically from source type/name; verify for production. Ownership not explicit enough in supplied source; left null.,Women’s Polytechnic College,women s polytechnic college,,,,,,,False
1193,World University of Design,world-university-of-design,World University of Design,4247.0,12,7,2.0,320000,12.5,7.5,,,,True,public_dataset,,,reviewed,Institution type normalized heuristically from source type/name; verify for production.,World University of Design,world university of design,,,,,,,False
1194,Woxsen University,woxsen-university,Woxsen University,3216.0,32,7,2.0,900000,7.5,6.5,,,,True,public_dataset,,,reviewed,Institution type normalized heuristically from source type/name; verify for production.,Woxsen University,woxsen university,,,,,,,False
1195,Xavier University,xavier-university,Xavier University,,26,7,,308000,6.8,8.2,,,,True,public_dataset,,,reviewed,City missing in supplied source; intentionally left null. Institution type normalized heuristically from source type/name; verify for production. Ownership not explicit enough in supplied source; left null.,Xavier University,xavier university,,,,,,,False
1196,XLRI - Xavier School Of Management Delhi-NCR Campus,xlri-xavier-school-of-management-delhi-ncr-campus,XLRI - Xavier School Of Management Delhi-N...,915.0,12,16,2.0,2590000,26.2,8.5,,,,True,public_dataset,,,reviewed,Institution type normalized heuristically from source type/name; verify for production.,XLRI - Xavier School Of Management Delhi-NCR Campus,xlri xavier school of management delhi ncr campus,,,,,,,False
1197,XLRI Jamshedpur,xlri-jamshedpur,XLRI Jamshedpur,1113.0,15,8,2.0,3060000,31.1,9.0,,,,True,public_dataset,,,reviewed,Institution type normalized heuristically from source type/name; verify for production.,XLRI Jamshedpur,xlri jamshedpur,,,,,,,False
1198,YBN University,ybn-university,YBN University,,15,7,,69600,8.3,8.2,,,,True,public_dataset,,,reviewed,City missing in supplied source; intentionally left null. Institution type normalized heuristically from source type/name; verify for production. Ownership not explicit enough in supplied source; left null.,YBN University,ybn university,,,,,,,False
1199,Yenepoya University,yenepoya-university,Yenepoya University,1304.0,16,7,,200000,7.0,7.0,95.0,,,True,public_dataset,,,reviewed,Institution type normalized heuristically from source type/name; verify for production. Ownership not explicit enough in supplied source; left null.,Yenepoya University,yenepoya university,,,,,,,False
1200,Yeshwantrao Chavan College of Engineering,yeshwantrao-chavan-college-of-engineering,Yeshwantrao Chavan College of Engineering,,21,9,,151801,7.2,7.6,,,,True,public_dataset,,,reviewed,City missing in supplied source; intentionally left null. Institution type normalized heuristically from source type/name; verify for production. Ownership not explicit enough in supplied source; left null.,Yeshwantrao Chavan College of Engineering,yeshwantrao chavan college of engineering,,,,,,,False
1201,Yogananda College of Engineering & Technology,yogananda-college-of-engineering-and-technology,Yogananda College of Engineering & Technology,4240.0,37,9,2.0,58703,6.5,5.7,,,,True,public_dataset,,,reviewed,Institution type normalized heuristically from source type/name; verify for production.,Yogananda College of Engineering & Technology,yogananda college of engineering technology,,,,,,,False
1202,Zakir Husain Delhi College,zakir-husain-delhi-college,Zakir Husain Delhi College,4254.0,38,8,1.0,19273,6.5,7.0,,,,True,public_dataset,,,reviewed,Institution type normalized heuristically from source type/name; verify for production.,Zakir Husain Delhi College,zakir husain delhi college,,,,,,,False
1203,Zakir Hussain College of Engineering and Technology,zakir-hussain-college-of-engineering-and-technology,Zakir Hussain College of Engineering and T...,3310.0,34,9,1.0,18990,6.5,7.0,,,,True,public_dataset,,,reviewed,Institution type normalized heuristically from source type/name; verify for production.,Zakir Hussain College of Engineering and Technology,zakir hussain college of engineering and technology,,,,,,,False
