college_id,college_name,program_id,program_slug,program_name,original_confidence,decision,new_confidence,reason,source_url,mapping_basis_after_review
51,"NIT Trichy, Tiruchirappalli",1,btech,B.Tech,low,PROMOTE,high,Official NIT Trichy admissions page explicitly lists B.Tech and M.Tech.,https://www.nitt.edu/home/admissions/,official_catalog_match
51,"NIT Trichy, Tiruchirappalli",2,be,B.E.,low,KEEP_INACTIVE,low,"Known institution, but this specific program is not supported by the reviewed source/program rule; keep inactive.",,legacy_seed_mapping_without_explicit_signal
51,"NIT Trichy, Tiruchirappalli",3,mtech,M.Tech,low,PROMOTE,high,Official NIT Trichy admissions page explicitly lists B.Tech and M.Tech.,https://www.nitt.edu/home/admissions/,official_catalog_match
51,"NIT Trichy, Tiruchirappalli",4,me,M.E.,low,KEEP_INACTIVE,low,"Known institution, but this specific program is not supported by the reviewed source/program rule; keep inactive.",,legacy_seed_mapping_without_explicit_signal
112,Abhilashi University,16,ba,BA,low,KEEP_INACTIVE,low,Ambiguous generic institution/program pairing; no sufficiently strong evidence in this pass.,,legacy_seed_mapping_without_explicit_signal
114,Acharya Nagarjuna University,16,ba,BA,low,PROMOTE,medium,"Official university undergraduate programme page supports BA, B.Com and BBA.",https://www.acharyanagarjunauniversity.in/undergraduate-programmes.html,official_catalog_match
114,Acharya Nagarjuna University,13,bcom,B.Com,low,PROMOTE,medium,"Official university undergraduate programme page supports BA, B.Com and BBA.",https://www.acharyanagarjunauniversity.in/undergraduate-programmes.html,official_catalog_match
114,Acharya Nagarjuna University,22,bsc,B.Sc,low,KEEP_INACTIVE,low,"Known institution, but this specific program is not supported by the reviewed source/program rule; keep inactive.",,legacy_seed_mapping_without_explicit_signal
114,Acharya Nagarjuna University,9,bba,BBA,low,PROMOTE,medium,"Official university undergraduate programme page supports BA, B.Com and BBA.",https://www.acharyanagarjunauniversity.in/undergraduate-programmes.html,official_catalog_match
114,Acharya Nagarjuna University,46,bca,BCA,low,KEEP_INACTIVE,low,"Known institution, but this specific program is not supported by the reviewed source/program rule; keep inactive.",,legacy_seed_mapping_without_explicit_signal
114,Acharya Nagarjuna University,7,mba,MBA,low,KEEP_INACTIVE,low,"Known institution, but this specific program is not supported by the reviewed source/program rule; keep inactive.",,legacy_seed_mapping_without_explicit_signal
118,"Acropolis Group of Institutions, Indore",1,btech,B.Tech,low,KEEP_INACTIVE,low,Ambiguous generic institution/program pairing; no sufficiently strong evidence in this pass.,,legacy_seed_mapping_without_explicit_signal
118,"Acropolis Group of Institutions, Indore",2,be,B.E.,low,KEEP_INACTIVE,low,Ambiguous generic institution/program pairing; no sufficiently strong evidence in this pass.,,legacy_seed_mapping_without_explicit_signal
118,"Acropolis Group of Institutions, Indore",3,mtech,M.Tech,low,KEEP_INACTIVE,low,Ambiguous generic institution/program pairing; no sufficiently strong evidence in this pass.,,legacy_seed_mapping_without_explicit_signal
118,"Acropolis Group of Institutions, Indore",4,me,M.E.,low,KEEP_INACTIVE,low,Ambiguous generic institution/program pairing; no sufficiently strong evidence in this pass.,,legacy_seed_mapping_without_explicit_signal
120,"Adamas University, Kolkata",1,btech,B.Tech,low,KEEP_INACTIVE,low,Ambiguous generic institution/program pairing; no sufficiently strong evidence in this pass.,,legacy_seed_mapping_without_explicit_signal
120,"Adamas University, Kolkata",2,be,B.E.,low,KEEP_INACTIVE,low,Ambiguous generic institution/program pairing; no sufficiently strong evidence in this pass.,,legacy_seed_mapping_without_explicit_signal
120,"Adamas University, Kolkata",3,mtech,M.Tech,low,KEEP_INACTIVE,low,Ambiguous generic institution/program pairing; no sufficiently strong evidence in this pass.,,legacy_seed_mapping_without_explicit_signal
120,"Adamas University, Kolkata",4,me,M.E.,low,KEEP_INACTIVE,low,Ambiguous generic institution/program pairing; no sufficiently strong evidence in this pass.,,legacy_seed_mapping_without_explicit_signal
123,Aisect College of Professional Studies,16,ba,BA,low,KEEP_INACTIVE,low,Ambiguous generic institution/program pairing; no sufficiently strong evidence in this pass.,,legacy_seed_mapping_without_explicit_signal
125,AKGEC Ghaziabad,16,ba,BA,low,KEEP_INACTIVE,low,Ambiguous generic institution/program pairing; no sufficiently strong evidence in this pass.,,legacy_seed_mapping_without_explicit_signal
126,AKS University,1,btech,B.Tech,low,KEEP_INACTIVE,low,Ambiguous generic institution/program pairing; no sufficiently strong evidence in this pass.,,legacy_seed_mapping_without_explicit_signal
126,AKS University,2,be,B.E.,low,KEEP_INACTIVE,low,Ambiguous generic institution/program pairing; no sufficiently strong evidence in this pass.,,legacy_seed_mapping_without_explicit_signal
126,AKS University,3,mtech,M.Tech,low,KEEP_INACTIVE,low,Ambiguous generic institution/program pairing; no sufficiently strong evidence in this pass.,,legacy_seed_mapping_without_explicit_signal
126,AKS University,4,me,M.E.,low,KEEP_INACTIVE,low,Ambiguous generic institution/program pairing; no sufficiently strong evidence in this pass.,,legacy_seed_mapping_without_explicit_signal
127,Alagappa University,16,ba,BA,low,PROMOTE,medium,"Official university online programme catalogue supports BA, B.Com, BBA and MBA.",https://op.alagappauniversity.ac.in/evbab/,official_catalog_match
127,Alagappa University,13,bcom,B.Com,low,PROMOTE,medium,"Official university online programme catalogue supports BA, B.Com, BBA and MBA.",https://op.alagappauniversity.ac.in/evbab/,official_catalog_match
127,Alagappa University,22,bsc,B.Sc,low,KEEP_INACTIVE,low,"Known institution, but this specific program is not supported by the reviewed source/program rule; keep inactive.",,legacy_seed_mapping_without_explicit_signal
127,Alagappa University,9,bba,BBA,low,PROMOTE,medium,"Official university online programme catalogue supports BA, B.Com, BBA and MBA.",https://op.alagappauniversity.ac.in/evbab/,official_catalog_match
127,Alagappa University,46,bca,BCA,low,KEEP_INACTIVE,low,"Known institution, but this specific program is not supported by the reviewed source/program rule; keep inactive.",,legacy_seed_mapping_without_explicit_signal
127,Alagappa University,7,mba,MBA,low,PROMOTE,medium,"Official university online programme catalogue supports BA, B.Com, BBA and MBA.",https://op.alagappauniversity.ac.in/evbab/,official_catalog_match
128,Aligarh Muslim University,16,ba,BA,low,KEEP_INACTIVE,low,Ambiguous generic institution/program pairing; no sufficiently strong evidence in this pass.,,legacy_seed_mapping_without_explicit_signal
128,Aligarh Muslim University,13,bcom,B.Com,low,KEEP_INACTIVE,low,Ambiguous generic institution/program pairing; no sufficiently strong evidence in this pass.,,legacy_seed_mapping_without_explicit_signal
128,Aligarh Muslim University,22,bsc,B.Sc,low,KEEP_INACTIVE,low,Ambiguous generic institution/program pairing; no sufficiently strong evidence in this pass.,,legacy_seed_mapping_without_explicit_signal
128,Aligarh Muslim University,9,bba,BBA,low,KEEP_INACTIVE,low,Ambiguous generic institution/program pairing; no sufficiently strong evidence in this pass.,,legacy_seed_mapping_without_explicit_signal
128,Aligarh Muslim University,46,bca,BCA,low,KEEP_INACTIVE,low,Ambiguous generic institution/program pairing; no sufficiently strong evidence in this pass.,,legacy_seed_mapping_without_explicit_signal
128,Aligarh Muslim University,7,mba,MBA,low,KEEP_INACTIVE,low,Ambiguous generic institution/program pairing; no sufficiently strong evidence in this pass.,,legacy_seed_mapping_without_explicit_signal
130,Allahabad University,16,ba,BA,low,KEEP_INACTIVE,low,Ambiguous generic institution/program pairing; no sufficiently strong evidence in this pass.,,legacy_seed_mapping_without_explicit_signal
130,Allahabad University,13,bcom,B.Com,low,KEEP_INACTIVE,low,Ambiguous generic institution/program pairing; no sufficiently strong evidence in this pass.,,legacy_seed_mapping_without_explicit_signal
130,Allahabad University,22,bsc,B.Sc,low,KEEP_INACTIVE,low,Ambiguous generic institution/program pairing; no sufficiently strong evidence in this pass.,,legacy_seed_mapping_without_explicit_signal
130,Allahabad University,9,bba,BBA,low,KEEP_INACTIVE,low,Ambiguous generic institution/program pairing; no sufficiently strong evidence in this pass.,,legacy_seed_mapping_without_explicit_signal
130,Allahabad University,46,bca,BCA,low,KEEP_INACTIVE,low,Ambiguous generic institution/program pairing; no sufficiently strong evidence in this pass.,,legacy_seed_mapping_without_explicit_signal
130,Allahabad University,7,mba,MBA,low,KEEP_INACTIVE,low,Ambiguous generic institution/program pairing; no sufficiently strong evidence in this pass.,,legacy_seed_mapping_without_explicit_signal
132,"Alliance University, Bangalore",1,btech,B.Tech,low,KEEP_INACTIVE,low,Ambiguous generic institution/program pairing; no sufficiently strong evidence in this pass.,,legacy_seed_mapping_without_explicit_signal
132,"Alliance University, Bangalore",2,be,B.E.,low,KEEP_INACTIVE,low,Ambiguous generic institution/program pairing; no sufficiently strong evidence in this pass.,,legacy_seed_mapping_without_explicit_signal
132,"Alliance University, Bangalore",3,mtech,M.Tech,low,KEEP_INACTIVE,low,Ambiguous generic institution/program pairing; no sufficiently strong evidence in this pass.,,legacy_seed_mapping_without_explicit_signal
132,"Alliance University, Bangalore",4,me,M.E.,low,KEEP_INACTIVE,low,Ambiguous generic institution/program pairing; no sufficiently strong evidence in this pass.,,legacy_seed_mapping_without_explicit_signal
136,Amar Singh Government Degree College,16,ba,BA,low,KEEP_INACTIVE,low,Ambiguous generic institution/program pairing; no sufficiently strong evidence in this pass.,,legacy_seed_mapping_without_explicit_signal
142,Amity School of Hospitality,16,ba,BA,low,KEEP_INACTIVE,low,Ambiguous generic institution/program pairing; no sufficiently strong evidence in this pass.,,legacy_seed_mapping_without_explicit_signal
143,Amity University,16,ba,BA,low,KEEP_INACTIVE,low,Ambiguous generic institution/program pairing; no sufficiently strong evidence in this pass.,,legacy_seed_mapping_without_explicit_signal
143,Amity University,13,bcom,B.Com,low,KEEP_INACTIVE,low,Ambiguous generic institution/program pairing; no sufficiently strong evidence in this pass.,,legacy_seed_mapping_without_explicit_signal
143,Amity University,22,bsc,B.Sc,low,KEEP_INACTIVE,low,Ambiguous generic institution/program pairing; no sufficiently strong evidence in this pass.,,legacy_seed_mapping_without_explicit_signal
143,Amity University,9,bba,BBA,low,KEEP_INACTIVE,low,Ambiguous generic institution/program pairing; no sufficiently strong evidence in this pass.,,legacy_seed_mapping_without_explicit_signal
143,Amity University,46,bca,BCA,low,KEEP_INACTIVE,low,Ambiguous generic institution/program pairing; no sufficiently strong evidence in this pass.,,legacy_seed_mapping_without_explicit_signal
143,Amity University,7,mba,MBA,low,KEEP_INACTIVE,low,Ambiguous generic institution/program pairing; no sufficiently strong evidence in this pass.,,legacy_seed_mapping_without_explicit_signal
144,Amity University Gurgaon,16,ba,BA,low,KEEP_INACTIVE,low,Ambiguous generic institution/program pairing; no sufficiently strong evidence in this pass.,,legacy_seed_mapping_without_explicit_signal
145,Amity University Jaipur,16,ba,BA,low,KEEP_INACTIVE,low,Ambiguous generic institution/program pairing; no sufficiently strong evidence in this pass.,,legacy_seed_mapping_without_explicit_signal
146,Amity University Kolkata,16,ba,BA,low,KEEP_INACTIVE,low,Ambiguous generic institution/program pairing; no sufficiently strong evidence in this pass.,,legacy_seed_mapping_without_explicit_signal
147,Amity University Mumbai,16,ba,BA,low,KEEP_INACTIVE,low,Ambiguous generic institution/program pairing; no sufficiently strong evidence in this pass.,,legacy_seed_mapping_without_explicit_signal
148,Amity University Noida,16,ba,BA,low,KEEP_INACTIVE,low,Ambiguous generic institution/program pairing; no sufficiently strong evidence in this pass.,,legacy_seed_mapping_without_explicit_signal
149,"Amity University, Gwalior",1,btech,B.Tech,low,PROMOTE,medium,Amity campus is an explicit technical/engineering university ecosystem; B.Tech promoted conservatively.,,strong_institutional_identity
149,"Amity University, Gwalior",2,be,B.E.,low,KEEP_INACTIVE,low,"Known institution, but this specific program is not supported by the reviewed source/program rule; keep inactive.",,legacy_seed_mapping_without_explicit_signal
149,"Amity University, Gwalior",3,mtech,M.Tech,low,KEEP_INACTIVE,low,"Known institution, but this specific program is not supported by the reviewed source/program rule; keep inactive.",,legacy_seed_mapping_without_explicit_signal
149,"Amity University, Gwalior",4,me,M.E.,low,KEEP_INACTIVE,low,"Known institution, but this specific program is not supported by the reviewed source/program rule; keep inactive.",,legacy_seed_mapping_without_explicit_signal
150,"Amity University, Patna",1,btech,B.Tech,low,PROMOTE,medium,Amity campus is an explicit technical/engineering university ecosystem; B.Tech promoted conservatively.,,strong_institutional_identity
150,"Amity University, Patna",2,be,B.E.,low,KEEP_INACTIVE,low,"Known institution, but this specific program is not supported by the reviewed source/program rule; keep inactive.",,legacy_seed_mapping_without_explicit_signal
150,"Amity University, Patna",3,mtech,M.Tech,low,KEEP_INACTIVE,low,"Known institution, but this specific program is not supported by the reviewed source/program rule; keep inactive.",,legacy_seed_mapping_without_explicit_signal
150,"Amity University, Patna",4,me,M.E.,low,KEEP_INACTIVE,low,"Known institution, but this specific program is not supported by the reviewed source/program rule; keep inactive.",,legacy_seed_mapping_without_explicit_signal
151,"Amity University, Raipur",1,btech,B.Tech,low,PROMOTE,medium,Amity campus is an explicit technical/engineering university ecosystem; B.Tech promoted conservatively.,,strong_institutional_identity
151,"Amity University, Raipur",2,be,B.E.,low,KEEP_INACTIVE,low,"Known institution, but this specific program is not supported by the reviewed source/program rule; keep inactive.",,legacy_seed_mapping_without_explicit_signal
151,"Amity University, Raipur",3,mtech,M.Tech,low,KEEP_INACTIVE,low,"Known institution, but this specific program is not supported by the reviewed source/program rule; keep inactive.",,legacy_seed_mapping_without_explicit_signal
151,"Amity University, Raipur",4,me,M.E.,low,KEEP_INACTIVE,low,"Known institution, but this specific program is not supported by the reviewed source/program rule; keep inactive.",,legacy_seed_mapping_without_explicit_signal
152,"Amity University, Ranchi",1,btech,B.Tech,low,PROMOTE,medium,Amity campus is an explicit technical/engineering university ecosystem; B.Tech promoted conservatively.,,strong_institutional_identity
152,"Amity University, Ranchi",2,be,B.E.,low,KEEP_INACTIVE,low,"Known institution, but this specific program is not supported by the reviewed source/program rule; keep inactive.",,legacy_seed_mapping_without_explicit_signal
152,"Amity University, Ranchi",3,mtech,M.Tech,low,KEEP_INACTIVE,low,"Known institution, but this specific program is not supported by the reviewed source/program rule; keep inactive.",,legacy_seed_mapping_without_explicit_signal
152,"Amity University, Ranchi",4,me,M.E.,low,KEEP_INACTIVE,low,"Known institution, but this specific program is not supported by the reviewed source/program rule; keep inactive.",,legacy_seed_mapping_without_explicit_signal
153,Amrita Vishwa Vidyapeetham,16,ba,BA,low,PROMOTE,high,Official Amrita academic catalogue supports the mapped programme families.,https://www.amrita.edu/academics/,official_catalog_match
153,Amrita Vishwa Vidyapeetham,13,bcom,B.Com,low,PROMOTE,high,Official Amrita academic catalogue supports the mapped programme families.,https://www.amrita.edu/academics/,official_catalog_match
153,Amrita Vishwa Vidyapeetham,22,bsc,B.Sc,low,PROMOTE,high,Official Amrita academic catalogue supports the mapped programme families.,https://www.amrita.edu/academics/,official_catalog_match
153,Amrita Vishwa Vidyapeetham,9,bba,BBA,low,PROMOTE,high,Official Amrita academic catalogue supports the mapped programme families.,https://www.amrita.edu/academics/,official_catalog_match
153,Amrita Vishwa Vidyapeetham,46,bca,BCA,low,PROMOTE,high,Official Amrita academic catalogue supports the mapped programme families.,https://www.amrita.edu/academics/,official_catalog_match
153,Amrita Vishwa Vidyapeetham,7,mba,MBA,low,PROMOTE,high,Official Amrita academic catalogue supports the mapped programme families.,https://www.amrita.edu/academics/,official_catalog_match
155,AMU Aligarh,16,ba,BA,low,KEEP_INACTIVE,low,Ambiguous generic institution/program pairing; no sufficiently strong evidence in this pass.,,legacy_seed_mapping_without_explicit_signal
155,AMU Aligarh,13,bcom,B.Com,low,KEEP_INACTIVE,low,Ambiguous generic institution/program pairing; no sufficiently strong evidence in this pass.,,legacy_seed_mapping_without_explicit_signal
155,AMU Aligarh,22,bsc,B.Sc,low,KEEP_INACTIVE,low,Ambiguous generic institution/program pairing; no sufficiently strong evidence in this pass.,,legacy_seed_mapping_without_explicit_signal
155,AMU Aligarh,9,bba,BBA,low,KEEP_INACTIVE,low,Ambiguous generic institution/program pairing; no sufficiently strong evidence in this pass.,,legacy_seed_mapping_without_explicit_signal
155,AMU Aligarh,46,bca,BCA,low,KEEP_INACTIVE,low,Ambiguous generic institution/program pairing; no sufficiently strong evidence in this pass.,,legacy_seed_mapping_without_explicit_signal
155,AMU Aligarh,7,mba,MBA,low,KEEP_INACTIVE,low,Ambiguous generic institution/program pairing; no sufficiently strong evidence in this pass.,,legacy_seed_mapping_without_explicit_signal
157,Andhra University,16,ba,BA,low,PROMOTE,medium,Official university courses catalogue and affiliated-college admissions catalogue support these programme families.,https://www.andhrauniversity.edu.in/academics/courses-offered.html,official_catalog_match
157,Andhra University,13,bcom,B.Com,low,PROMOTE,medium,Official university courses catalogue and affiliated-college admissions catalogue support these programme families.,https://www.andhrauniversity.edu.in/academics/courses-offered.html,official_catalog_match
157,Andhra University,22,bsc,B.Sc,low,PROMOTE,medium,Official university courses catalogue and affiliated-college admissions catalogue support these programme families.,https://www.andhrauniversity.edu.in/academics/courses-offered.html,official_catalog_match
157,Andhra University,9,bba,BBA,low,PROMOTE,medium,Official university courses catalogue and affiliated-college admissions catalogue support these programme families.,https://www.andhrauniversity.edu.in/academics/courses-offered.html,official_catalog_match
157,Andhra University,46,bca,BCA,low,PROMOTE,medium,Official university courses catalogue and affiliated-college admissions catalogue support these programme families.,https://www.andhrauniversity.edu.in/academics/courses-offered.html,official_catalog_match
157,Andhra University,7,mba,MBA,low,PROMOTE,medium,Official university courses catalogue and affiliated-college admissions catalogue support these programme families.,https://www.andhrauniversity.edu.in/academics/courses-offered.html,official_catalog_match
158,Anna University,16,ba,BA,low,KEEP_INACTIVE,low,Ambiguous generic institution/program pairing; no sufficiently strong evidence in this pass.,,legacy_seed_mapping_without_explicit_signal
158,Anna University,13,bcom,B.Com,low,KEEP_INACTIVE,low,Ambiguous generic institution/program pairing; no sufficiently strong evidence in this pass.,,legacy_seed_mapping_without_explicit_signal
158,Anna University,22,bsc,B.Sc,low,KEEP_INACTIVE,low,Ambiguous generic institution/program pairing; no sufficiently strong evidence in this pass.,,legacy_seed_mapping_without_explicit_signal
158,Anna University,9,bba,BBA,low,KEEP_INACTIVE,low,Ambiguous generic institution/program pairing; no sufficiently strong evidence in this pass.,,legacy_seed_mapping_without_explicit_signal
158,Anna University,46,bca,BCA,low,KEEP_INACTIVE,low,Ambiguous generic institution/program pairing; no sufficiently strong evidence in this pass.,,legacy_seed_mapping_without_explicit_signal
158,Anna University,7,mba,MBA,low,KEEP_INACTIVE,low,Ambiguous generic institution/program pairing; no sufficiently strong evidence in this pass.,,legacy_seed_mapping_without_explicit_signal
160,"Anurag University, Hyderabad",1,btech,B.Tech,low,KEEP_INACTIVE,low,Ambiguous generic institution/program pairing; no sufficiently strong evidence in this pass.,,legacy_seed_mapping_without_explicit_signal
160,"Anurag University, Hyderabad",2,be,B.E.,low,KEEP_INACTIVE,low,Ambiguous generic institution/program pairing; no sufficiently strong evidence in this pass.,,legacy_seed_mapping_without_explicit_signal
160,"Anurag University, Hyderabad",3,mtech,M.Tech,low,KEEP_INACTIVE,low,Ambiguous generic institution/program pairing; no sufficiently strong evidence in this pass.,,legacy_seed_mapping_without_explicit_signal
160,"Anurag University, Hyderabad",4,me,M.E.,low,KEEP_INACTIVE,low,Ambiguous generic institution/program pairing; no sufficiently strong evidence in this pass.,,legacy_seed_mapping_without_explicit_signal
162,Apex Professional University,1,btech,B.Tech,low,KEEP_INACTIVE,low,Ambiguous generic institution/program pairing; no sufficiently strong evidence in this pass.,,legacy_seed_mapping_without_explicit_signal
162,Apex Professional University,2,be,B.E.,low,KEEP_INACTIVE,low,Ambiguous generic institution/program pairing; no sufficiently strong evidence in this pass.,,legacy_seed_mapping_without_explicit_signal
162,Apex Professional University,3,mtech,M.Tech,low,KEEP_INACTIVE,low,Ambiguous generic institution/program pairing; no sufficiently strong evidence in this pass.,,legacy_seed_mapping_without_explicit_signal
162,Apex Professional University,4,me,M.E.,low,KEEP_INACTIVE,low,Ambiguous generic institution/program pairing; no sufficiently strong evidence in this pass.,,legacy_seed_mapping_without_explicit_signal
163,APG Shimla University,16,ba,BA,low,KEEP_INACTIVE,low,Ambiguous generic institution/program pairing; no sufficiently strong evidence in this pass.,,legacy_seed_mapping_without_explicit_signal
165,"Arka Jain University, Jamshedpur",1,btech,B.Tech,low,KEEP_INACTIVE,low,Ambiguous generic institution/program pairing; no sufficiently strong evidence in this pass.,,legacy_seed_mapping_without_explicit_signal
165,"Arka Jain University, Jamshedpur",2,be,B.E.,low,KEEP_INACTIVE,low,Ambiguous generic institution/program pairing; no sufficiently strong evidence in this pass.,,legacy_seed_mapping_without_explicit_signal
165,"Arka Jain University, Jamshedpur",3,mtech,M.Tech,low,KEEP_INACTIVE,low,Ambiguous generic institution/program pairing; no sufficiently strong evidence in this pass.,,legacy_seed_mapping_without_explicit_signal
165,"Arka Jain University, Jamshedpur",4,me,M.E.,low,KEEP_INACTIVE,low,Ambiguous generic institution/program pairing; no sufficiently strong evidence in this pass.,,legacy_seed_mapping_without_explicit_signal
169,Arni University,16,ba,BA,low,KEEP_INACTIVE,low,Ambiguous generic institution/program pairing; no sufficiently strong evidence in this pass.,,legacy_seed_mapping_without_explicit_signal
170,"Arni University, Kangra",1,btech,B.Tech,low,KEEP_INACTIVE,low,Ambiguous generic institution/program pairing; no sufficiently strong evidence in this pass.,,legacy_seed_mapping_without_explicit_signal
170,"Arni University, Kangra",2,be,B.E.,low,KEEP_INACTIVE,low,Ambiguous generic institution/program pairing; no sufficiently strong evidence in this pass.,,legacy_seed_mapping_without_explicit_signal
170,"Arni University, Kangra",3,mtech,M.Tech,low,KEEP_INACTIVE,low,Ambiguous generic institution/program pairing; no sufficiently strong evidence in this pass.,,legacy_seed_mapping_without_explicit_signal
170,"Arni University, Kangra",4,me,M.E.,low,KEEP_INACTIVE,low,Ambiguous generic institution/program pairing; no sufficiently strong evidence in this pass.,,legacy_seed_mapping_without_explicit_signal
171,"Artex Informatic Solutions, Chandigarh",1,btech,B.Tech,low,KEEP_INACTIVE,low,Engineering-family mapping conflicts with a non-engineering/research/training domain signal.,,legacy_seed_mapping_without_explicit_signal
171,"Artex Informatic Solutions, Chandigarh",2,be,B.E.,low,KEEP_INACTIVE,low,Engineering-family mapping conflicts with a non-engineering/research/training domain signal.,,legacy_seed_mapping_without_explicit_signal
171,"Artex Informatic Solutions, Chandigarh",3,mtech,M.Tech,low,KEEP_INACTIVE,low,Engineering-family mapping conflicts with a non-engineering/research/training domain signal.,,legacy_seed_mapping_without_explicit_signal
171,"Artex Informatic Solutions, Chandigarh",4,me,M.E.,low,KEEP_INACTIVE,low,Engineering-family mapping conflicts with a non-engineering/research/training domain signal.,,legacy_seed_mapping_without_explicit_signal
172,Arunachal University of Studies,1,btech,B.Tech,low,KEEP_INACTIVE,low,Ambiguous generic institution/program pairing; no sufficiently strong evidence in this pass.,,legacy_seed_mapping_without_explicit_signal
172,Arunachal University of Studies,2,be,B.E.,low,KEEP_INACTIVE,low,Ambiguous generic institution/program pairing; no sufficiently strong evidence in this pass.,,legacy_seed_mapping_without_explicit_signal
172,Arunachal University of Studies,3,mtech,M.Tech,low,KEEP_INACTIVE,low,Ambiguous generic institution/program pairing; no sufficiently strong evidence in this pass.,,legacy_seed_mapping_without_explicit_signal
172,Arunachal University of Studies,4,me,M.E.,low,KEEP_INACTIVE,low,Ambiguous generic institution/program pairing; no sufficiently strong evidence in this pass.,,legacy_seed_mapping_without_explicit_signal
173,"Arunodaya University, Itanagar",1,btech,B.Tech,low,KEEP_INACTIVE,low,Ambiguous generic institution/program pairing; no sufficiently strong evidence in this pass.,,legacy_seed_mapping_without_explicit_signal
173,"Arunodaya University, Itanagar",2,be,B.E.,low,KEEP_INACTIVE,low,Ambiguous generic institution/program pairing; no sufficiently strong evidence in this pass.,,legacy_seed_mapping_without_explicit_signal
173,"Arunodaya University, Itanagar",3,mtech,M.Tech,low,KEEP_INACTIVE,low,Ambiguous generic institution/program pairing; no sufficiently strong evidence in this pass.,,legacy_seed_mapping_without_explicit_signal
173,"Arunodaya University, Itanagar",4,me,M.E.,low,KEEP_INACTIVE,low,Ambiguous generic institution/program pairing; no sufficiently strong evidence in this pass.,,legacy_seed_mapping_without_explicit_signal
174,Aryabhatta College,16,ba,BA,low,KEEP_INACTIVE,low,Ambiguous generic institution/program pairing; no sufficiently strong evidence in this pass.,,legacy_seed_mapping_without_explicit_signal
175,Aryabhatta Knowledge University,16,ba,BA,low,KEEP_INACTIVE,low,Ambiguous generic institution/program pairing; no sufficiently strong evidence in this pass.,,legacy_seed_mapping_without_explicit_signal
178,Ashoka University,16,ba,BA,low,KEEP_INACTIVE,low,Ambiguous generic institution/program pairing; no sufficiently strong evidence in this pass.,,legacy_seed_mapping_without_explicit_signal
179,Assam Don Bosco University,1,btech,B.Tech,low,KEEP_INACTIVE,low,Ambiguous generic institution/program pairing; no sufficiently strong evidence in this pass.,,legacy_seed_mapping_without_explicit_signal
179,Assam Don Bosco University,2,be,B.E.,low,KEEP_INACTIVE,low,Ambiguous generic institution/program pairing; no sufficiently strong evidence in this pass.,,legacy_seed_mapping_without_explicit_signal
179,Assam Don Bosco University,3,mtech,M.Tech,low,KEEP_INACTIVE,low,Ambiguous generic institution/program pairing; no sufficiently strong evidence in this pass.,,legacy_seed_mapping_without_explicit_signal
179,Assam Don Bosco University,4,me,M.E.,low,KEEP_INACTIVE,low,Ambiguous generic institution/program pairing; no sufficiently strong evidence in this pass.,,legacy_seed_mapping_without_explicit_signal
180,Assam Down Town University,1,btech,B.Tech,low,KEEP_INACTIVE,low,Ambiguous generic institution/program pairing; no sufficiently strong evidence in this pass.,,legacy_seed_mapping_without_explicit_signal
180,Assam Down Town University,2,be,B.E.,low,KEEP_INACTIVE,low,Ambiguous generic institution/program pairing; no sufficiently strong evidence in this pass.,,legacy_seed_mapping_without_explicit_signal
180,Assam Down Town University,3,mtech,M.Tech,low,KEEP_INACTIVE,low,Ambiguous generic institution/program pairing; no sufficiently strong evidence in this pass.,,legacy_seed_mapping_without_explicit_signal
180,Assam Down Town University,4,me,M.E.,low,KEEP_INACTIVE,low,Ambiguous generic institution/program pairing; no sufficiently strong evidence in this pass.,,legacy_seed_mapping_without_explicit_signal
182,"Assam University, Silchar",1,btech,B.Tech,low,KEEP_INACTIVE,low,Ambiguous generic institution/program pairing; no sufficiently strong evidence in this pass.,,legacy_seed_mapping_without_explicit_signal
182,"Assam University, Silchar",2,be,B.E.,low,KEEP_INACTIVE,low,Ambiguous generic institution/program pairing; no sufficiently strong evidence in this pass.,,legacy_seed_mapping_without_explicit_signal
182,"Assam University, Silchar",3,mtech,M.Tech,low,KEEP_INACTIVE,low,Ambiguous generic institution/program pairing; no sufficiently strong evidence in this pass.,,legacy_seed_mapping_without_explicit_signal
182,"Assam University, Silchar",4,me,M.E.,low,KEEP_INACTIVE,low,Ambiguous generic institution/program pairing; no sufficiently strong evidence in this pass.,,legacy_seed_mapping_without_explicit_signal
183,Atal Bihari Vajpayee Indian Institute of Information,1,btech,B.Tech,low,PROMOTE,medium,"Strong institutional identity signal for the IIITM/technical institution; promoted conservatively, not individually verified in this pass.",,strong_institutional_identity
183,Atal Bihari Vajpayee Indian Institute of Information,2,be,B.E.,low,KEEP_INACTIVE,low,"Known institution, but this specific program is not supported by the reviewed source/program rule; keep inactive.",,legacy_seed_mapping_without_explicit_signal
183,Atal Bihari Vajpayee Indian Institute of Information,3,mtech,M.Tech,low,PROMOTE,medium,"Strong institutional identity signal for the IIITM/technical institution; promoted conservatively, not individually verified in this pass.",,strong_institutional_identity
183,Atal Bihari Vajpayee Indian Institute of Information,4,me,M.E.,low,KEEP_INACTIVE,low,"Known institution, but this specific program is not supported by the reviewed source/program rule; keep inactive.",,legacy_seed_mapping_without_explicit_signal
187,"Auro University, Surat",1,btech,B.Tech,low,KEEP_INACTIVE,low,Ambiguous generic institution/program pairing; no sufficiently strong evidence in this pass.,,legacy_seed_mapping_without_explicit_signal
187,"Auro University, Surat",2,be,B.E.,low,KEEP_INACTIVE,low,Ambiguous generic institution/program pairing; no sufficiently strong evidence in this pass.,,legacy_seed_mapping_without_explicit_signal
187,"Auro University, Surat",3,mtech,M.Tech,low,KEEP_INACTIVE,low,Ambiguous generic institution/program pairing; no sufficiently strong evidence in this pass.,,legacy_seed_mapping_without_explicit_signal
187,"Auro University, Surat",4,me,M.E.,low,KEEP_INACTIVE,low,Ambiguous generic institution/program pairing; no sufficiently strong evidence in this pass.,,legacy_seed_mapping_without_explicit_signal
188,"Avantika University, Ujjain",1,btech,B.Tech,low,KEEP_INACTIVE,low,Ambiguous generic institution/program pairing; no sufficiently strong evidence in this pass.,,legacy_seed_mapping_without_explicit_signal
188,"Avantika University, Ujjain",2,be,B.E.,low,KEEP_INACTIVE,low,Ambiguous generic institution/program pairing; no sufficiently strong evidence in this pass.,,legacy_seed_mapping_without_explicit_signal
188,"Avantika University, Ujjain",3,mtech,M.Tech,low,KEEP_INACTIVE,low,Ambiguous generic institution/program pairing; no sufficiently strong evidence in this pass.,,legacy_seed_mapping_without_explicit_signal
188,"Avantika University, Ujjain",4,me,M.E.,low,KEEP_INACTIVE,low,Ambiguous generic institution/program pairing; no sufficiently strong evidence in this pass.,,legacy_seed_mapping_without_explicit_signal
190,Awadhesh Pratap Singh University,16,ba,BA,low,KEEP_INACTIVE,low,Ambiguous generic institution/program pairing; no sufficiently strong evidence in this pass.,,legacy_seed_mapping_without_explicit_signal
192,"B. Borooah College, Guwahati",1,btech,B.Tech,low,KEEP_INACTIVE,low,Ambiguous generic institution/program pairing; no sufficiently strong evidence in this pass.,,legacy_seed_mapping_without_explicit_signal
192,"B. Borooah College, Guwahati",2,be,B.E.,low,KEEP_INACTIVE,low,Ambiguous generic institution/program pairing; no sufficiently strong evidence in this pass.,,legacy_seed_mapping_without_explicit_signal
192,"B. Borooah College, Guwahati",3,mtech,M.Tech,low,KEEP_INACTIVE,low,Ambiguous generic institution/program pairing; no sufficiently strong evidence in this pass.,,legacy_seed_mapping_without_explicit_signal
192,"B. Borooah College, Guwahati",4,me,M.E.,low,KEEP_INACTIVE,low,Ambiguous generic institution/program pairing; no sufficiently strong evidence in this pass.,,legacy_seed_mapping_without_explicit_signal
195,B.S.M. P.G. College,16,ba,BA,low,KEEP_INACTIVE,low,Ambiguous generic institution/program pairing; no sufficiently strong evidence in this pass.,,legacy_seed_mapping_without_explicit_signal
198,Baba Farid Group of Institutions,16,ba,BA,low,KEEP_INACTIVE,low,Ambiguous generic institution/program pairing; no sufficiently strong evidence in this pass.,,legacy_seed_mapping_without_explicit_signal
199,Baba Farid University of Health Sciences,16,ba,BA,low,KEEP_INACTIVE,low,BA mapping conflicts with a stronger institution-domain signal.,,legacy_seed_mapping_without_explicit_signal
200,Baba Ghulam Shah Badshah University,1,btech,B.Tech,low,KEEP_INACTIVE,low,Ambiguous generic institution/program pairing; no sufficiently strong evidence in this pass.,,legacy_seed_mapping_without_explicit_signal
200,Baba Ghulam Shah Badshah University,2,be,B.E.,low,KEEP_INACTIVE,low,Ambiguous generic institution/program pairing; no sufficiently strong evidence in this pass.,,legacy_seed_mapping_without_explicit_signal
200,Baba Ghulam Shah Badshah University,3,mtech,M.Tech,low,KEEP_INACTIVE,low,Ambiguous generic institution/program pairing; no sufficiently strong evidence in this pass.,,legacy_seed_mapping_without_explicit_signal
200,Baba Ghulam Shah Badshah University,4,me,M.E.,low,KEEP_INACTIVE,low,Ambiguous generic institution/program pairing; no sufficiently strong evidence in this pass.,,legacy_seed_mapping_without_explicit_signal
202,Babasaheb Bhimrao Ambedkar University,16,ba,BA,low,KEEP_INACTIVE,low,Ambiguous generic institution/program pairing; no sufficiently strong evidence in this pass.,,legacy_seed_mapping_without_explicit_signal
202,Babasaheb Bhimrao Ambedkar University,13,bcom,B.Com,low,KEEP_INACTIVE,low,Ambiguous generic institution/program pairing; no sufficiently strong evidence in this pass.,,legacy_seed_mapping_without_explicit_signal
202,Babasaheb Bhimrao Ambedkar University,22,bsc,B.Sc,low,KEEP_INACTIVE,low,Ambiguous generic institution/program pairing; no sufficiently strong evidence in this pass.,,legacy_seed_mapping_without_explicit_signal
202,Babasaheb Bhimrao Ambedkar University,9,bba,BBA,low,KEEP_INACTIVE,low,Ambiguous generic institution/program pairing; no sufficiently strong evidence in this pass.,,legacy_seed_mapping_without_explicit_signal
202,Babasaheb Bhimrao Ambedkar University,46,bca,BCA,low,KEEP_INACTIVE,low,Ambiguous generic institution/program pairing; no sufficiently strong evidence in this pass.,,legacy_seed_mapping_without_explicit_signal
202,Babasaheb Bhimrao Ambedkar University,7,mba,MBA,low,KEEP_INACTIVE,low,Ambiguous generic institution/program pairing; no sufficiently strong evidence in this pass.,,legacy_seed_mapping_without_explicit_signal
203,Baddi University of Emerging Sciences and Technologies,16,ba,BA,low,KEEP_INACTIVE,low,Ambiguous generic institution/program pairing; no sufficiently strong evidence in this pass.,,legacy_seed_mapping_without_explicit_signal
204,Bahra University,16,ba,BA,low,KEEP_INACTIVE,low,Ambiguous generic institution/program pairing; no sufficiently strong evidence in this pass.,,legacy_seed_mapping_without_explicit_signal
207,Banaras Hindu University,16,ba,BA,low,KEEP_INACTIVE,low,Ambiguous generic institution/program pairing; no sufficiently strong evidence in this pass.,,legacy_seed_mapping_without_explicit_signal
207,Banaras Hindu University,13,bcom,B.Com,low,KEEP_INACTIVE,low,Ambiguous generic institution/program pairing; no sufficiently strong evidence in this pass.,,legacy_seed_mapping_without_explicit_signal
207,Banaras Hindu University,22,bsc,B.Sc,low,KEEP_INACTIVE,low,Ambiguous generic institution/program pairing; no sufficiently strong evidence in this pass.,,legacy_seed_mapping_without_explicit_signal
207,Banaras Hindu University,9,bba,BBA,low,KEEP_INACTIVE,low,Ambiguous generic institution/program pairing; no sufficiently strong evidence in this pass.,,legacy_seed_mapping_without_explicit_signal
207,Banaras Hindu University,46,bca,BCA,low,KEEP_INACTIVE,low,Ambiguous generic institution/program pairing; no sufficiently strong evidence in this pass.,,legacy_seed_mapping_without_explicit_signal
207,Banaras Hindu University,7,mba,MBA,low,KEEP_INACTIVE,low,Ambiguous generic institution/program pairing; no sufficiently strong evidence in this pass.,,legacy_seed_mapping_without_explicit_signal
208,Banasthali Vidyapith,16,ba,BA,low,KEEP_INACTIVE,low,Ambiguous generic institution/program pairing; no sufficiently strong evidence in this pass.,,legacy_seed_mapping_without_explicit_signal
208,Banasthali Vidyapith,13,bcom,B.Com,low,KEEP_INACTIVE,low,Ambiguous generic institution/program pairing; no sufficiently strong evidence in this pass.,,legacy_seed_mapping_without_explicit_signal
208,Banasthali Vidyapith,22,bsc,B.Sc,low,KEEP_INACTIVE,low,Ambiguous generic institution/program pairing; no sufficiently strong evidence in this pass.,,legacy_seed_mapping_without_explicit_signal
208,Banasthali Vidyapith,9,bba,BBA,low,KEEP_INACTIVE,low,Ambiguous generic institution/program pairing; no sufficiently strong evidence in this pass.,,legacy_seed_mapping_without_explicit_signal
208,Banasthali Vidyapith,46,bca,BCA,low,KEEP_INACTIVE,low,Ambiguous generic institution/program pairing; no sufficiently strong evidence in this pass.,,legacy_seed_mapping_without_explicit_signal
208,Banasthali Vidyapith,7,mba,MBA,low,KEEP_INACTIVE,low,Ambiguous generic institution/program pairing; no sufficiently strong evidence in this pass.,,legacy_seed_mapping_without_explicit_signal
209,"Banasthali Vidyapith, Jaipur",1,btech,B.Tech,low,KEEP_INACTIVE,low,"Known institution, but this specific program is not supported by the reviewed source/program rule; keep inactive.",,legacy_seed_mapping_without_explicit_signal
209,"Banasthali Vidyapith, Jaipur",2,be,B.E.,low,KEEP_INACTIVE,low,"Known institution, but this specific program is not supported by the reviewed source/program rule; keep inactive.",,legacy_seed_mapping_without_explicit_signal
209,"Banasthali Vidyapith, Jaipur",3,mtech,M.Tech,low,KEEP_INACTIVE,low,"Known institution, but this specific program is not supported by the reviewed source/program rule; keep inactive.",,legacy_seed_mapping_without_explicit_signal
209,"Banasthali Vidyapith, Jaipur",4,me,M.E.,low,KEEP_INACTIVE,low,"Known institution, but this specific program is not supported by the reviewed source/program rule; keep inactive.",,legacy_seed_mapping_without_explicit_signal
211,Bangalore University,16,ba,BA,low,KEEP_INACTIVE,low,Ambiguous generic institution/program pairing; no sufficiently strong evidence in this pass.,,legacy_seed_mapping_without_explicit_signal
211,Bangalore University,13,bcom,B.Com,low,KEEP_INACTIVE,low,Ambiguous generic institution/program pairing; no sufficiently strong evidence in this pass.,,legacy_seed_mapping_without_explicit_signal
211,Bangalore University,22,bsc,B.Sc,low,KEEP_INACTIVE,low,Ambiguous generic institution/program pairing; no sufficiently strong evidence in this pass.,,legacy_seed_mapping_without_explicit_signal
211,Bangalore University,9,bba,BBA,low,KEEP_INACTIVE,low,Ambiguous generic institution/program pairing; no sufficiently strong evidence in this pass.,,legacy_seed_mapping_without_explicit_signal
211,Bangalore University,46,bca,BCA,low,KEEP_INACTIVE,low,Ambiguous generic institution/program pairing; no sufficiently strong evidence in this pass.,,legacy_seed_mapping_without_explicit_signal
211,Bangalore University,7,mba,MBA,low,KEEP_INACTIVE,low,Ambiguous generic institution/program pairing; no sufficiently strong evidence in this pass.,,legacy_seed_mapping_without_explicit_signal
217,BBK DAV College for Women,16,ba,BA,low,KEEP_INACTIVE,low,Ambiguous generic institution/program pairing; no sufficiently strong evidence in this pass.,,legacy_seed_mapping_without_explicit_signal
220,Bennett University,16,ba,BA,low,KEEP_INACTIVE,low,Ambiguous generic institution/program pairing; no sufficiently strong evidence in this pass.,,legacy_seed_mapping_without_explicit_signal
221,"Bennett University, Greater Noida",1,btech,B.Tech,low,PROMOTE,high,Official Bennett University programme catalogue explicitly lists B.Tech and M.Tech.,https://www.bennett.edu.in/programs/,official_catalog_match
221,"Bennett University, Greater Noida",2,be,B.E.,low,KEEP_INACTIVE,low,"Known institution, but this specific program is not supported by the reviewed source/program rule; keep inactive.",,legacy_seed_mapping_without_explicit_signal
221,"Bennett University, Greater Noida",3,mtech,M.Tech,low,PROMOTE,high,Official Bennett University programme catalogue explicitly lists B.Tech and M.Tech.,https://www.bennett.edu.in/programs/,official_catalog_match
221,"Bennett University, Greater Noida",4,me,M.E.,low,KEEP_INACTIVE,low,"Known institution, but this specific program is not supported by the reviewed source/program rule; keep inactive.",,legacy_seed_mapping_without_explicit_signal
222,BFIT Group of Institutions,1,btech,B.Tech,low,KEEP_INACTIVE,low,Ambiguous generic institution/program pairing; no sufficiently strong evidence in this pass.,,legacy_seed_mapping_without_explicit_signal
222,BFIT Group of Institutions,2,be,B.E.,low,KEEP_INACTIVE,low,Ambiguous generic institution/program pairing; no sufficiently strong evidence in this pass.,,legacy_seed_mapping_without_explicit_signal
222,BFIT Group of Institutions,3,mtech,M.Tech,low,KEEP_INACTIVE,low,Ambiguous generic institution/program pairing; no sufficiently strong evidence in this pass.,,legacy_seed_mapping_without_explicit_signal
222,BFIT Group of Institutions,4,me,M.E.,low,KEEP_INACTIVE,low,Ambiguous generic institution/program pairing; no sufficiently strong evidence in this pass.,,legacy_seed_mapping_without_explicit_signal
224,Bhagwant Global University,16,ba,BA,low,KEEP_INACTIVE,low,Ambiguous generic institution/program pairing; no sufficiently strong evidence in this pass.,,legacy_seed_mapping_without_explicit_signal
226,Bharathiar University,16,ba,BA,low,KEEP_INACTIVE,low,Ambiguous generic institution/program pairing; no sufficiently strong evidence in this pass.,,legacy_seed_mapping_without_explicit_signal
226,Bharathiar University,13,bcom,B.Com,low,KEEP_INACTIVE,low,Ambiguous generic institution/program pairing; no sufficiently strong evidence in this pass.,,legacy_seed_mapping_without_explicit_signal
226,Bharathiar University,22,bsc,B.Sc,low,KEEP_INACTIVE,low,Ambiguous generic institution/program pairing; no sufficiently strong evidence in this pass.,,legacy_seed_mapping_without_explicit_signal
226,Bharathiar University,9,bba,BBA,low,KEEP_INACTIVE,low,Ambiguous generic institution/program pairing; no sufficiently strong evidence in this pass.,,legacy_seed_mapping_without_explicit_signal
226,Bharathiar University,46,bca,BCA,low,KEEP_INACTIVE,low,Ambiguous generic institution/program pairing; no sufficiently strong evidence in this pass.,,legacy_seed_mapping_without_explicit_signal
226,Bharathiar University,7,mba,MBA,low,KEEP_INACTIVE,low,Ambiguous generic institution/program pairing; no sufficiently strong evidence in this pass.,,legacy_seed_mapping_without_explicit_signal
227,Bharathidasan University,16,ba,BA,low,PROMOTE,medium,Official university programme catalogue and CDOE programme list support these families.,https://www.bdu.ac.in/academics/programmes-offered.php,official_catalog_match
227,Bharathidasan University,13,bcom,B.Com,low,PROMOTE,medium,Official university programme catalogue and CDOE programme list support these families.,https://www.bdu.ac.in/academics/programmes-offered.php,official_catalog_match
227,Bharathidasan University,22,bsc,B.Sc,low,PROMOTE,medium,Official university programme catalogue and CDOE programme list support these families.,https://www.bdu.ac.in/academics/programmes-offered.php,official_catalog_match
227,Bharathidasan University,9,bba,BBA,low,PROMOTE,medium,Official university programme catalogue and CDOE programme list support these families.,https://www.bdu.ac.in/academics/programmes-offered.php,official_catalog_match
227,Bharathidasan University,46,bca,BCA,low,PROMOTE,medium,Official university programme catalogue and CDOE programme list support these families.,https://www.bdu.ac.in/academics/programmes-offered.php,official_catalog_match
227,Bharathidasan University,7,mba,MBA,low,PROMOTE,medium,Official university programme catalogue and CDOE programme list support these families.,https://www.bdu.ac.in/academics/programmes-offered.php,official_catalog_match
229,Bharati Vidyapeeth,16,ba,BA,low,KEEP_INACTIVE,low,Ambiguous generic institution/program pairing; no sufficiently strong evidence in this pass.,,legacy_seed_mapping_without_explicit_signal
229,Bharati Vidyapeeth,13,bcom,B.Com,low,KEEP_INACTIVE,low,Ambiguous generic institution/program pairing; no sufficiently strong evidence in this pass.,,legacy_seed_mapping_without_explicit_signal
229,Bharati Vidyapeeth,22,bsc,B.Sc,low,KEEP_INACTIVE,low,Ambiguous generic institution/program pairing; no sufficiently strong evidence in this pass.,,legacy_seed_mapping_without_explicit_signal
229,Bharati Vidyapeeth,9,bba,BBA,low,KEEP_INACTIVE,low,Ambiguous generic institution/program pairing; no sufficiently strong evidence in this pass.,,legacy_seed_mapping_without_explicit_signal
229,Bharati Vidyapeeth,46,bca,BCA,low,KEEP_INACTIVE,low,Ambiguous generic institution/program pairing; no sufficiently strong evidence in this pass.,,legacy_seed_mapping_without_explicit_signal
229,Bharati Vidyapeeth,7,mba,MBA,low,KEEP_INACTIVE,low,Ambiguous generic institution/program pairing; no sufficiently strong evidence in this pass.,,legacy_seed_mapping_without_explicit_signal
230,Bharati Vidyapeeth Deemed University,1,btech,B.Tech,low,KEEP_INACTIVE,low,Ambiguous generic institution/program pairing; no sufficiently strong evidence in this pass.,,legacy_seed_mapping_without_explicit_signal
230,Bharati Vidyapeeth Deemed University,2,be,B.E.,low,KEEP_INACTIVE,low,Ambiguous generic institution/program pairing; no sufficiently strong evidence in this pass.,,legacy_seed_mapping_without_explicit_signal
230,Bharati Vidyapeeth Deemed University,3,mtech,M.Tech,low,KEEP_INACTIVE,low,Ambiguous generic institution/program pairing; no sufficiently strong evidence in this pass.,,legacy_seed_mapping_without_explicit_signal
230,Bharati Vidyapeeth Deemed University,4,me,M.E.,low,KEEP_INACTIVE,low,Ambiguous generic institution/program pairing; no sufficiently strong evidence in this pass.,,legacy_seed_mapping_without_explicit_signal
233,Bhargava Paramedical College,26,mbbs,MBBS,low,KEEP_INACTIVE,low,Program is too specific for the institution name signal; keep inactive pending programme evidence.,,legacy_seed_mapping_without_explicit_signal
233,Bhargava Paramedical College,31,bsc-nursing,B.Sc Nursing,low,KEEP_INACTIVE,low,Program is too specific for the institution name signal; keep inactive pending programme evidence.,,legacy_seed_mapping_without_explicit_signal
237,BHU Varanasi,16,ba,BA,low,KEEP_INACTIVE,low,Ambiguous generic institution/program pairing; no sufficiently strong evidence in this pass.,,legacy_seed_mapping_without_explicit_signal
237,BHU Varanasi,13,bcom,B.Com,low,KEEP_INACTIVE,low,Ambiguous generic institution/program pairing; no sufficiently strong evidence in this pass.,,legacy_seed_mapping_without_explicit_signal
237,BHU Varanasi,22,bsc,B.Sc,low,KEEP_INACTIVE,low,Ambiguous generic institution/program pairing; no sufficiently strong evidence in this pass.,,legacy_seed_mapping_without_explicit_signal
237,BHU Varanasi,9,bba,BBA,low,KEEP_INACTIVE,low,Ambiguous generic institution/program pairing; no sufficiently strong evidence in this pass.,,legacy_seed_mapping_without_explicit_signal
237,BHU Varanasi,46,bca,BCA,low,KEEP_INACTIVE,low,Ambiguous generic institution/program pairing; no sufficiently strong evidence in this pass.,,legacy_seed_mapping_without_explicit_signal
237,BHU Varanasi,7,mba,MBA,low,KEEP_INACTIVE,low,Ambiguous generic institution/program pairing; no sufficiently strong evidence in this pass.,,legacy_seed_mapping_without_explicit_signal
242,"Bir Tikendrajit University, Imphal",1,btech,B.Tech,low,KEEP_INACTIVE,low,Ambiguous generic institution/program pairing; no sufficiently strong evidence in this pass.,,legacy_seed_mapping_without_explicit_signal
242,"Bir Tikendrajit University, Imphal",2,be,B.E.,low,KEEP_INACTIVE,low,Ambiguous generic institution/program pairing; no sufficiently strong evidence in this pass.,,legacy_seed_mapping_without_explicit_signal
242,"Bir Tikendrajit University, Imphal",3,mtech,M.Tech,low,KEEP_INACTIVE,low,Ambiguous generic institution/program pairing; no sufficiently strong evidence in this pass.,,legacy_seed_mapping_without_explicit_signal
242,"Bir Tikendrajit University, Imphal",4,me,M.E.,low,KEEP_INACTIVE,low,Ambiguous generic institution/program pairing; no sufficiently strong evidence in this pass.,,legacy_seed_mapping_without_explicit_signal
249,Biyani Group of Colleges,16,ba,BA,low,KEEP_INACTIVE,low,Ambiguous generic institution/program pairing; no sufficiently strong evidence in this pass.,,legacy_seed_mapping_without_explicit_signal
256,"C. U. Shah University, Wadhwan",1,btech,B.Tech,low,KEEP_INACTIVE,low,Ambiguous generic institution/program pairing; no sufficiently strong evidence in this pass.,,legacy_seed_mapping_without_explicit_signal
256,"C. U. Shah University, Wadhwan",2,be,B.E.,low,KEEP_INACTIVE,low,Ambiguous generic institution/program pairing; no sufficiently strong evidence in this pass.,,legacy_seed_mapping_without_explicit_signal
256,"C. U. Shah University, Wadhwan",3,mtech,M.Tech,low,KEEP_INACTIVE,low,Ambiguous generic institution/program pairing; no sufficiently strong evidence in this pass.,,legacy_seed_mapping_without_explicit_signal
256,"C. U. Shah University, Wadhwan",4,me,M.E.,low,KEEP_INACTIVE,low,Ambiguous generic institution/program pairing; no sufficiently strong evidence in this pass.,,legacy_seed_mapping_without_explicit_signal
257,"C. V. Raman Global University, Bhubaneswar",1,btech,B.Tech,low,KEEP_INACTIVE,low,Ambiguous generic institution/program pairing; no sufficiently strong evidence in this pass.,,legacy_seed_mapping_without_explicit_signal
257,"C. V. Raman Global University, Bhubaneswar",2,be,B.E.,low,KEEP_INACTIVE,low,Ambiguous generic institution/program pairing; no sufficiently strong evidence in this pass.,,legacy_seed_mapping_without_explicit_signal
257,"C. V. Raman Global University, Bhubaneswar",3,mtech,M.Tech,low,KEEP_INACTIVE,low,Ambiguous generic institution/program pairing; no sufficiently strong evidence in this pass.,,legacy_seed_mapping_without_explicit_signal
257,"C. V. Raman Global University, Bhubaneswar",4,me,M.E.,low,KEEP_INACTIVE,low,Ambiguous generic institution/program pairing; no sufficiently strong evidence in this pass.,,legacy_seed_mapping_without_explicit_signal
258,Calcutta University,16,ba,BA,low,KEEP_INACTIVE,low,Ambiguous generic institution/program pairing; no sufficiently strong evidence in this pass.,,legacy_seed_mapping_without_explicit_signal
258,Calcutta University,13,bcom,B.Com,low,KEEP_INACTIVE,low,Ambiguous generic institution/program pairing; no sufficiently strong evidence in this pass.,,legacy_seed_mapping_without_explicit_signal
258,Calcutta University,22,bsc,B.Sc,low,KEEP_INACTIVE,low,Ambiguous generic institution/program pairing; no sufficiently strong evidence in this pass.,,legacy_seed_mapping_without_explicit_signal
258,Calcutta University,9,bba,BBA,low,KEEP_INACTIVE,low,Ambiguous generic institution/program pairing; no sufficiently strong evidence in this pass.,,legacy_seed_mapping_without_explicit_signal
258,Calcutta University,46,bca,BCA,low,KEEP_INACTIVE,low,Ambiguous generic institution/program pairing; no sufficiently strong evidence in this pass.,,legacy_seed_mapping_without_explicit_signal
258,Calcutta University,7,mba,MBA,low,KEEP_INACTIVE,low,Ambiguous generic institution/program pairing; no sufficiently strong evidence in this pass.,,legacy_seed_mapping_without_explicit_signal
259,Calicut University,16,ba,BA,low,KEEP_INACTIVE,low,Ambiguous generic institution/program pairing; no sufficiently strong evidence in this pass.,,legacy_seed_mapping_without_explicit_signal
259,Calicut University,13,bcom,B.Com,low,KEEP_INACTIVE,low,Ambiguous generic institution/program pairing; no sufficiently strong evidence in this pass.,,legacy_seed_mapping_without_explicit_signal
259,Calicut University,22,bsc,B.Sc,low,KEEP_INACTIVE,low,Ambiguous generic institution/program pairing; no sufficiently strong evidence in this pass.,,legacy_seed_mapping_without_explicit_signal
259,Calicut University,9,bba,BBA,low,KEEP_INACTIVE,low,Ambiguous generic institution/program pairing; no sufficiently strong evidence in this pass.,,legacy_seed_mapping_without_explicit_signal
259,Calicut University,46,bca,BCA,low,KEEP_INACTIVE,low,Ambiguous generic institution/program pairing; no sufficiently strong evidence in this pass.,,legacy_seed_mapping_without_explicit_signal
259,Calicut University,7,mba,MBA,low,KEEP_INACTIVE,low,Ambiguous generic institution/program pairing; no sufficiently strong evidence in this pass.,,legacy_seed_mapping_without_explicit_signal
261,Capital University,1,btech,B.Tech,low,KEEP_INACTIVE,low,Ambiguous generic institution/program pairing; no sufficiently strong evidence in this pass.,,legacy_seed_mapping_without_explicit_signal
261,Capital University,2,be,B.E.,low,KEEP_INACTIVE,low,Ambiguous generic institution/program pairing; no sufficiently strong evidence in this pass.,,legacy_seed_mapping_without_explicit_signal
261,Capital University,3,mtech,M.Tech,low,KEEP_INACTIVE,low,Ambiguous generic institution/program pairing; no sufficiently strong evidence in this pass.,,legacy_seed_mapping_without_explicit_signal
261,Capital University,4,me,M.E.,low,KEEP_INACTIVE,low,Ambiguous generic institution/program pairing; no sufficiently strong evidence in this pass.,,legacy_seed_mapping_without_explicit_signal
262,Career College,16,ba,BA,low,KEEP_INACTIVE,low,Ambiguous generic institution/program pairing; no sufficiently strong evidence in this pass.,,legacy_seed_mapping_without_explicit_signal
263,Career Point University,16,ba,BA,low,KEEP_INACTIVE,low,Ambiguous generic institution/program pairing; no sufficiently strong evidence in this pass.,,legacy_seed_mapping_without_explicit_signal
264,Central Agricultural University,1,btech,B.Tech,low,KEEP_INACTIVE,low,Ambiguous generic institution/program pairing; no sufficiently strong evidence in this pass.,,legacy_seed_mapping_without_explicit_signal
264,Central Agricultural University,2,be,B.E.,low,KEEP_INACTIVE,low,Ambiguous generic institution/program pairing; no sufficiently strong evidence in this pass.,,legacy_seed_mapping_without_explicit_signal
264,Central Agricultural University,3,mtech,M.Tech,low,KEEP_INACTIVE,low,Ambiguous generic institution/program pairing; no sufficiently strong evidence in this pass.,,legacy_seed_mapping_without_explicit_signal
264,Central Agricultural University,4,me,M.E.,low,KEEP_INACTIVE,low,Ambiguous generic institution/program pairing; no sufficiently strong evidence in this pass.,,legacy_seed_mapping_without_explicit_signal
267,Central Institute of Temperate Horticultural,16,ba,BA,low,KEEP_INACTIVE,low,Ambiguous generic institution/program pairing; no sufficiently strong evidence in this pass.,,legacy_seed_mapping_without_explicit_signal
268,Central University of Haryana,16,ba,BA,low,KEEP_INACTIVE,low,Ambiguous generic institution/program pairing; no sufficiently strong evidence in this pass.,,legacy_seed_mapping_without_explicit_signal
269,Central University of Himachal Pradesh,16,ba,BA,low,KEEP_INACTIVE,low,Ambiguous generic institution/program pairing; no sufficiently strong evidence in this pass.,,legacy_seed_mapping_without_explicit_signal
270,Central University Of Jammu,16,ba,BA,low,KEEP_INACTIVE,low,Ambiguous generic institution/program pairing; no sufficiently strong evidence in this pass.,,legacy_seed_mapping_without_explicit_signal
271,"Central University of Jammu, Jammu",1,btech,B.Tech,low,KEEP_INACTIVE,low,Ambiguous generic institution/program pairing; no sufficiently strong evidence in this pass.,,legacy_seed_mapping_without_explicit_signal
271,"Central University of Jammu, Jammu",2,be,B.E.,low,KEEP_INACTIVE,low,Ambiguous generic institution/program pairing; no sufficiently strong evidence in this pass.,,legacy_seed_mapping_without_explicit_signal
271,"Central University of Jammu, Jammu",3,mtech,M.Tech,low,KEEP_INACTIVE,low,Ambiguous generic institution/program pairing; no sufficiently strong evidence in this pass.,,legacy_seed_mapping_without_explicit_signal
271,"Central University of Jammu, Jammu",4,me,M.E.,low,KEEP_INACTIVE,low,Ambiguous generic institution/program pairing; no sufficiently strong evidence in this pass.,,legacy_seed_mapping_without_explicit_signal
272,Central University of Kashmir,16,ba,BA,low,KEEP_INACTIVE,low,Ambiguous generic institution/program pairing; no sufficiently strong evidence in this pass.,,legacy_seed_mapping_without_explicit_signal
273,Central University of Punjab,16,ba,BA,low,KEEP_INACTIVE,low,Ambiguous generic institution/program pairing; no sufficiently strong evidence in this pass.,,legacy_seed_mapping_without_explicit_signal
273,Central University of Punjab,13,bcom,B.Com,low,KEEP_INACTIVE,low,Ambiguous generic institution/program pairing; no sufficiently strong evidence in this pass.,,legacy_seed_mapping_without_explicit_signal
273,Central University of Punjab,22,bsc,B.Sc,low,KEEP_INACTIVE,low,Ambiguous generic institution/program pairing; no sufficiently strong evidence in this pass.,,legacy_seed_mapping_without_explicit_signal
273,Central University of Punjab,9,bba,BBA,low,KEEP_INACTIVE,low,Ambiguous generic institution/program pairing; no sufficiently strong evidence in this pass.,,legacy_seed_mapping_without_explicit_signal
273,Central University of Punjab,46,bca,BCA,low,KEEP_INACTIVE,low,Ambiguous generic institution/program pairing; no sufficiently strong evidence in this pass.,,legacy_seed_mapping_without_explicit_signal
273,Central University of Punjab,7,mba,MBA,low,KEEP_INACTIVE,low,Ambiguous generic institution/program pairing; no sufficiently strong evidence in this pass.,,legacy_seed_mapping_without_explicit_signal
274,Central University of Tamil Nadu,16,ba,BA,low,KEEP_INACTIVE,low,Ambiguous generic institution/program pairing; no sufficiently strong evidence in this pass.,,legacy_seed_mapping_without_explicit_signal
274,Central University of Tamil Nadu,13,bcom,B.Com,low,KEEP_INACTIVE,low,Ambiguous generic institution/program pairing; no sufficiently strong evidence in this pass.,,legacy_seed_mapping_without_explicit_signal
274,Central University of Tamil Nadu,22,bsc,B.Sc,low,KEEP_INACTIVE,low,Ambiguous generic institution/program pairing; no sufficiently strong evidence in this pass.,,legacy_seed_mapping_without_explicit_signal
274,Central University of Tamil Nadu,9,bba,BBA,low,KEEP_INACTIVE,low,Ambiguous generic institution/program pairing; no sufficiently strong evidence in this pass.,,legacy_seed_mapping_without_explicit_signal
274,Central University of Tamil Nadu,46,bca,BCA,low,KEEP_INACTIVE,low,Ambiguous generic institution/program pairing; no sufficiently strong evidence in this pass.,,legacy_seed_mapping_without_explicit_signal
274,Central University of Tamil Nadu,7,mba,MBA,low,KEEP_INACTIVE,low,Ambiguous generic institution/program pairing; no sufficiently strong evidence in this pass.,,legacy_seed_mapping_without_explicit_signal
277,"CEPT University, Ahmedabad",1,btech,B.Tech,low,KEEP_INACTIVE,low,Ambiguous generic institution/program pairing; no sufficiently strong evidence in this pass.,,legacy_seed_mapping_without_explicit_signal
277,"CEPT University, Ahmedabad",2,be,B.E.,low,KEEP_INACTIVE,low,Ambiguous generic institution/program pairing; no sufficiently strong evidence in this pass.,,legacy_seed_mapping_without_explicit_signal
277,"CEPT University, Ahmedabad",3,mtech,M.Tech,low,KEEP_INACTIVE,low,Ambiguous generic institution/program pairing; no sufficiently strong evidence in this pass.,,legacy_seed_mapping_without_explicit_signal
277,"CEPT University, Ahmedabad",4,me,M.E.,low,KEEP_INACTIVE,low,Ambiguous generic institution/program pairing; no sufficiently strong evidence in this pass.,,legacy_seed_mapping_without_explicit_signal
278,CGC University,16,ba,BA,low,KEEP_INACTIVE,low,Ambiguous generic institution/program pairing; no sufficiently strong evidence in this pass.,,legacy_seed_mapping_without_explicit_signal
283,Chandigarh Group of Colleges,1,btech,B.Tech,low,PROMOTE,medium,Explicit engineering-college identity/domain signal; B.Tech is a reasonable programme-level mapping.,,strong_institutional_identity
283,Chandigarh Group of Colleges,2,be,B.E.,low,KEEP_INACTIVE,low,"Known institution, but this specific program is not supported by the reviewed source/program rule; keep inactive.",,legacy_seed_mapping_without_explicit_signal
283,Chandigarh Group of Colleges,3,mtech,M.Tech,low,KEEP_INACTIVE,low,"Known institution, but this specific program is not supported by the reviewed source/program rule; keep inactive.",,legacy_seed_mapping_without_explicit_signal
283,Chandigarh Group of Colleges,4,me,M.E.,low,KEEP_INACTIVE,low,"Known institution, but this specific program is not supported by the reviewed source/program rule; keep inactive.",,legacy_seed_mapping_without_explicit_signal
284,Chandigarh Group of Colleges Landran,16,ba,BA,low,KEEP_INACTIVE,low,Ambiguous generic institution/program pairing; no sufficiently strong evidence in this pass.,,legacy_seed_mapping_without_explicit_signal
286,Chandigarh University,16,ba,BA,low,KEEP_INACTIVE,low,Ambiguous generic institution/program pairing; no sufficiently strong evidence in this pass.,,legacy_seed_mapping_without_explicit_signal
286,Chandigarh University,13,bcom,B.Com,low,KEEP_INACTIVE,low,Ambiguous generic institution/program pairing; no sufficiently strong evidence in this pass.,,legacy_seed_mapping_without_explicit_signal
286,Chandigarh University,22,bsc,B.Sc,low,KEEP_INACTIVE,low,Ambiguous generic institution/program pairing; no sufficiently strong evidence in this pass.,,legacy_seed_mapping_without_explicit_signal
286,Chandigarh University,9,bba,BBA,low,KEEP_INACTIVE,low,Ambiguous generic institution/program pairing; no sufficiently strong evidence in this pass.,,legacy_seed_mapping_without_explicit_signal
286,Chandigarh University,46,bca,BCA,low,KEEP_INACTIVE,low,Ambiguous generic institution/program pairing; no sufficiently strong evidence in this pass.,,legacy_seed_mapping_without_explicit_signal
286,Chandigarh University,7,mba,MBA,low,KEEP_INACTIVE,low,Ambiguous generic institution/program pairing; no sufficiently strong evidence in this pass.,,legacy_seed_mapping_without_explicit_signal
287,Chandigarh University Online,16,ba,BA,low,KEEP_INACTIVE,low,Ambiguous generic institution/program pairing; no sufficiently strong evidence in this pass.,,legacy_seed_mapping_without_explicit_signal
289,Charutar Vidya Mandal University Anand,16,ba,BA,low,KEEP_INACTIVE,low,Ambiguous generic institution/program pairing; no sufficiently strong evidence in this pass.,,legacy_seed_mapping_without_explicit_signal
290,Chaudhary Charan Singh Haryana Agricultural University,16,ba,BA,low,KEEP_INACTIVE,low,Ambiguous generic institution/program pairing; no sufficiently strong evidence in this pass.,,legacy_seed_mapping_without_explicit_signal
291,Chaudhary Sarwan Kumar Himachal Pradesh Krishi Vishvavidyalaya,16,ba,BA,low,KEEP_INACTIVE,low,Ambiguous generic institution/program pairing; no sufficiently strong evidence in this pass.,,legacy_seed_mapping_without_explicit_signal
297,Chitkara School of Hospitality,16,ba,BA,low,KEEP_INACTIVE,low,Ambiguous generic institution/program pairing; no sufficiently strong evidence in this pass.,,legacy_seed_mapping_without_explicit_signal
298,Chitkara University,16,ba,BA,low,KEEP_INACTIVE,low,Ambiguous generic institution/program pairing; no sufficiently strong evidence in this pass.,,legacy_seed_mapping_without_explicit_signal
298,Chitkara University,13,bcom,B.Com,low,KEEP_INACTIVE,low,Ambiguous generic institution/program pairing; no sufficiently strong evidence in this pass.,,legacy_seed_mapping_without_explicit_signal
298,Chitkara University,22,bsc,B.Sc,low,KEEP_INACTIVE,low,Ambiguous generic institution/program pairing; no sufficiently strong evidence in this pass.,,legacy_seed_mapping_without_explicit_signal
298,Chitkara University,9,bba,BBA,low,KEEP_INACTIVE,low,Ambiguous generic institution/program pairing; no sufficiently strong evidence in this pass.,,legacy_seed_mapping_without_explicit_signal
298,Chitkara University,46,bca,BCA,low,KEEP_INACTIVE,low,Ambiguous generic institution/program pairing; no sufficiently strong evidence in this pass.,,legacy_seed_mapping_without_explicit_signal
298,Chitkara University,7,mba,MBA,low,KEEP_INACTIVE,low,Ambiguous generic institution/program pairing; no sufficiently strong evidence in this pass.,,legacy_seed_mapping_without_explicit_signal
299,Chitkara University Online,16,ba,BA,low,KEEP_INACTIVE,low,Ambiguous generic institution/program pairing; no sufficiently strong evidence in this pass.,,legacy_seed_mapping_without_explicit_signal
300,Chitkara University Punjab,16,ba,BA,low,KEEP_INACTIVE,low,Ambiguous generic institution/program pairing; no sufficiently strong evidence in this pass.,,legacy_seed_mapping_without_explicit_signal
303,"Chitkara University, Solan",1,btech,B.Tech,low,PROMOTE,medium,Explicit engineering/technology university identity plus established technical programme ecosystem; promoted conservatively.,,strong_institutional_identity
303,"Chitkara University, Solan",2,be,B.E.,low,KEEP_INACTIVE,low,"Known institution, but this specific program is not supported by the reviewed source/program rule; keep inactive.",,legacy_seed_mapping_without_explicit_signal
303,"Chitkara University, Solan",3,mtech,M.Tech,low,KEEP_INACTIVE,low,"Known institution, but this specific program is not supported by the reviewed source/program rule; keep inactive.",,legacy_seed_mapping_without_explicit_signal
303,"Chitkara University, Solan",4,me,M.E.,low,KEEP_INACTIVE,low,"Known institution, but this specific program is not supported by the reviewed source/program rule; keep inactive.",,legacy_seed_mapping_without_explicit_signal
306,Christ University,16,ba,BA,low,KEEP_INACTIVE,low,Ambiguous generic institution/program pairing; no sufficiently strong evidence in this pass.,,legacy_seed_mapping_without_explicit_signal
306,Christ University,13,bcom,B.Com,low,KEEP_INACTIVE,low,Ambiguous generic institution/program pairing; no sufficiently strong evidence in this pass.,,legacy_seed_mapping_without_explicit_signal
306,Christ University,22,bsc,B.Sc,low,KEEP_INACTIVE,low,Ambiguous generic institution/program pairing; no sufficiently strong evidence in this pass.,,legacy_seed_mapping_without_explicit_signal
306,Christ University,9,bba,BBA,low,KEEP_INACTIVE,low,Ambiguous generic institution/program pairing; no sufficiently strong evidence in this pass.,,legacy_seed_mapping_without_explicit_signal
306,Christ University,46,bca,BCA,low,KEEP_INACTIVE,low,Ambiguous generic institution/program pairing; no sufficiently strong evidence in this pass.,,legacy_seed_mapping_without_explicit_signal
306,Christ University,7,mba,MBA,low,KEEP_INACTIVE,low,Ambiguous generic institution/program pairing; no sufficiently strong evidence in this pass.,,legacy_seed_mapping_without_explicit_signal
307,Christ University Bangalore,16,ba,BA,low,KEEP_INACTIVE,low,Ambiguous generic institution/program pairing; no sufficiently strong evidence in this pass.,,legacy_seed_mapping_without_explicit_signal
311,CIPET: Centre for Skilling and Technical Support,1,btech,B.Tech,low,KEEP_INACTIVE,low,Ambiguous generic institution/program pairing; no sufficiently strong evidence in this pass.,,legacy_seed_mapping_without_explicit_signal
311,CIPET: Centre for Skilling and Technical Support,2,be,B.E.,low,KEEP_INACTIVE,low,Ambiguous generic institution/program pairing; no sufficiently strong evidence in this pass.,,legacy_seed_mapping_without_explicit_signal
311,CIPET: Centre for Skilling and Technical Support,3,mtech,M.Tech,low,KEEP_INACTIVE,low,Ambiguous generic institution/program pairing; no sufficiently strong evidence in this pass.,,legacy_seed_mapping_without_explicit_signal
311,CIPET: Centre for Skilling and Technical Support,4,me,M.E.,low,KEEP_INACTIVE,low,Ambiguous generic institution/program pairing; no sufficiently strong evidence in this pass.,,legacy_seed_mapping_without_explicit_signal
312,Cluster University of Jammu,16,ba,BA,low,KEEP_INACTIVE,low,Ambiguous generic institution/program pairing; no sufficiently strong evidence in this pass.,,legacy_seed_mapping_without_explicit_signal
313,Cluster University of Srinagar,1,btech,B.Tech,low,KEEP_INACTIVE,low,Ambiguous generic institution/program pairing; no sufficiently strong evidence in this pass.,,legacy_seed_mapping_without_explicit_signal
313,Cluster University of Srinagar,2,be,B.E.,low,KEEP_INACTIVE,low,Ambiguous generic institution/program pairing; no sufficiently strong evidence in this pass.,,legacy_seed_mapping_without_explicit_signal
313,Cluster University of Srinagar,3,mtech,M.Tech,low,KEEP_INACTIVE,low,Ambiguous generic institution/program pairing; no sufficiently strong evidence in this pass.,,legacy_seed_mapping_without_explicit_signal
313,Cluster University of Srinagar,4,me,M.E.,low,KEEP_INACTIVE,low,Ambiguous generic institution/program pairing; no sufficiently strong evidence in this pass.,,legacy_seed_mapping_without_explicit_signal
315,"CMJ University, Ri-Bhoi",1,btech,B.Tech,low,KEEP_INACTIVE,low,Ambiguous generic institution/program pairing; no sufficiently strong evidence in this pass.,,legacy_seed_mapping_without_explicit_signal
315,"CMJ University, Ri-Bhoi",2,be,B.E.,low,KEEP_INACTIVE,low,Ambiguous generic institution/program pairing; no sufficiently strong evidence in this pass.,,legacy_seed_mapping_without_explicit_signal
315,"CMJ University, Ri-Bhoi",3,mtech,M.Tech,low,KEEP_INACTIVE,low,Ambiguous generic institution/program pairing; no sufficiently strong evidence in this pass.,,legacy_seed_mapping_without_explicit_signal
315,"CMJ University, Ri-Bhoi",4,me,M.E.,low,KEEP_INACTIVE,low,Ambiguous generic institution/program pairing; no sufficiently strong evidence in this pass.,,legacy_seed_mapping_without_explicit_signal
319,COEP Pune,16,ba,BA,low,KEEP_INACTIVE,low,Ambiguous generic institution/program pairing; no sufficiently strong evidence in this pass.,,legacy_seed_mapping_without_explicit_signal
326,College of Vocational Studies,16,ba,BA,low,KEEP_INACTIVE,low,Ambiguous generic institution/program pairing; no sufficiently strong evidence in this pass.,,legacy_seed_mapping_without_explicit_signal
332,DAIICT Gandhinagar,16,ba,BA,low,KEEP_INACTIVE,low,Ambiguous generic institution/program pairing; no sufficiently strong evidence in this pass.,,legacy_seed_mapping_without_explicit_signal
336,Daulat Ram College,16,ba,BA,low,KEEP_INACTIVE,low,Ambiguous generic institution/program pairing; no sufficiently strong evidence in this pass.,,legacy_seed_mapping_without_explicit_signal
337,DAV Centenary College,16,ba,BA,low,KEEP_INACTIVE,low,Ambiguous generic institution/program pairing; no sufficiently strong evidence in this pass.,,legacy_seed_mapping_without_explicit_signal
338,DAV College For Women,16,ba,BA,low,KEEP_INACTIVE,low,Ambiguous generic institution/program pairing; no sufficiently strong evidence in this pass.,,legacy_seed_mapping_without_explicit_signal
339,DAV PG College Dehradun,16,ba,BA,low,KEEP_INACTIVE,low,Ambiguous generic institution/program pairing; no sufficiently strong evidence in this pass.,,legacy_seed_mapping_without_explicit_signal
340,DAV University,16,ba,BA,low,KEEP_INACTIVE,low,Ambiguous generic institution/program pairing; no sufficiently strong evidence in this pass.,,legacy_seed_mapping_without_explicit_signal
341,"DAV University, Jalandhar",1,btech,B.Tech,low,KEEP_INACTIVE,low,Ambiguous generic institution/program pairing; no sufficiently strong evidence in this pass.,,legacy_seed_mapping_without_explicit_signal
341,"DAV University, Jalandhar",2,be,B.E.,low,KEEP_INACTIVE,low,Ambiguous generic institution/program pairing; no sufficiently strong evidence in this pass.,,legacy_seed_mapping_without_explicit_signal
341,"DAV University, Jalandhar",3,mtech,M.Tech,low,KEEP_INACTIVE,low,Ambiguous generic institution/program pairing; no sufficiently strong evidence in this pass.,,legacy_seed_mapping_without_explicit_signal
341,"DAV University, Jalandhar",4,me,M.E.,low,KEEP_INACTIVE,low,Ambiguous generic institution/program pairing; no sufficiently strong evidence in this pass.,,legacy_seed_mapping_without_explicit_signal
345,Dayanand Women's Training College,16,ba,BA,low,KEEP_INACTIVE,low,Ambiguous generic institution/program pairing; no sufficiently strong evidence in this pass.,,legacy_seed_mapping_without_explicit_signal
347,DBS Global University,16,ba,BA,low,KEEP_INACTIVE,low,Ambiguous generic institution/program pairing; no sufficiently strong evidence in this pass.,,legacy_seed_mapping_without_explicit_signal
350,"Delhi School of Economics, University of Delhi",16,ba,BA,low,KEEP_INACTIVE,low,Ambiguous generic institution/program pairing; no sufficiently strong evidence in this pass.,,legacy_seed_mapping_without_explicit_signal
351,Delhi Technical Campus,1,btech,B.Tech,low,PROMOTE,medium,Explicit technical-campus identity; B.Tech mapping is a strong programme-domain match.,,strong_institutional_identity
351,Delhi Technical Campus,2,be,B.E.,low,KEEP_INACTIVE,low,"Known institution, but this specific program is not supported by the reviewed source/program rule; keep inactive.",,legacy_seed_mapping_without_explicit_signal
351,Delhi Technical Campus,3,mtech,M.Tech,low,KEEP_INACTIVE,low,"Known institution, but this specific program is not supported by the reviewed source/program rule; keep inactive.",,legacy_seed_mapping_without_explicit_signal
351,Delhi Technical Campus,4,me,M.E.,low,KEEP_INACTIVE,low,"Known institution, but this specific program is not supported by the reviewed source/program rule; keep inactive.",,legacy_seed_mapping_without_explicit_signal
353,"Department of Business Economics, University of Delhi",16,ba,BA,low,KEEP_INACTIVE,low,BA mapping conflicts with a stronger institution-domain signal.,,legacy_seed_mapping_without_explicit_signal
360,Dev Bhoomi Uttarakhand University,16,ba,BA,low,KEEP_INACTIVE,low,Ambiguous generic institution/program pairing; no sufficiently strong evidence in this pass.,,legacy_seed_mapping_without_explicit_signal
362,Dharmsinh Desai University,16,ba,BA,low,KEEP_INACTIVE,low,Ambiguous generic institution/program pairing; no sufficiently strong evidence in this pass.,,legacy_seed_mapping_without_explicit_signal
363,Dhirubhai Ambani Institute of Information and Communication,1,btech,B.Tech,low,PROMOTE,medium,Explicit technical institute identity; B.Tech is a strong domain match. M.Tech was separately source-checked.,,strong_institutional_identity
363,Dhirubhai Ambani Institute of Information and Communication,2,be,B.E.,low,KEEP_INACTIVE,low,"Known institution, but this specific program is not supported by the reviewed source/program rule; keep inactive.",,legacy_seed_mapping_without_explicit_signal
363,Dhirubhai Ambani Institute of Information and Communication,3,mtech,M.Tech,low,KEEP_INACTIVE,low,"Known institution, but this specific program is not supported by the reviewed source/program rule; keep inactive.",,legacy_seed_mapping_without_explicit_signal
363,Dhirubhai Ambani Institute of Information and Communication,4,me,M.E.,low,KEEP_INACTIVE,low,"Known institution, but this specific program is not supported by the reviewed source/program rule; keep inactive.",,legacy_seed_mapping_without_explicit_signal
365,"Dibrugarh University, Dibrugarh",1,btech,B.Tech,low,KEEP_INACTIVE,low,Ambiguous generic institution/program pairing; no sufficiently strong evidence in this pass.,,legacy_seed_mapping_without_explicit_signal
365,"Dibrugarh University, Dibrugarh",2,be,B.E.,low,KEEP_INACTIVE,low,Ambiguous generic institution/program pairing; no sufficiently strong evidence in this pass.,,legacy_seed_mapping_without_explicit_signal
365,"Dibrugarh University, Dibrugarh",3,mtech,M.Tech,low,KEEP_INACTIVE,low,Ambiguous generic institution/program pairing; no sufficiently strong evidence in this pass.,,legacy_seed_mapping_without_explicit_signal
365,"Dibrugarh University, Dibrugarh",4,me,M.E.,low,KEEP_INACTIVE,low,Ambiguous generic institution/program pairing; no sufficiently strong evidence in this pass.,,legacy_seed_mapping_without_explicit_signal
366,Directorate of Coldwater Fisheries Research,16,ba,BA,low,KEEP_INACTIVE,low,Ambiguous generic institution/program pairing; no sufficiently strong evidence in this pass.,,legacy_seed_mapping_without_explicit_signal
369,DIT University,16,ba,BA,low,KEEP_INACTIVE,low,Ambiguous generic institution/program pairing; no sufficiently strong evidence in this pass.,,legacy_seed_mapping_without_explicit_signal
372,Doaba Group of Colleges,16,ba,BA,low,KEEP_INACTIVE,low,Ambiguous generic institution/program pairing; no sufficiently strong evidence in this pass.,,legacy_seed_mapping_without_explicit_signal
374,Dolphin PG Institute of BioMedical & Natural Sciences,16,ba,BA,low,KEEP_INACTIVE,low,BA mapping conflicts with a stronger institution-domain signal.,,legacy_seed_mapping_without_explicit_signal
377,"Doon University, Dehradun",1,btech,B.Tech,low,KEEP_INACTIVE,low,Ambiguous generic institution/program pairing; no sufficiently strong evidence in this pass.,,legacy_seed_mapping_without_explicit_signal
377,"Doon University, Dehradun",2,be,B.E.,low,KEEP_INACTIVE,low,Ambiguous generic institution/program pairing; no sufficiently strong evidence in this pass.,,legacy_seed_mapping_without_explicit_signal
377,"Doon University, Dehradun",3,mtech,M.Tech,low,KEEP_INACTIVE,low,Ambiguous generic institution/program pairing; no sufficiently strong evidence in this pass.,,legacy_seed_mapping_without_explicit_signal
377,"Doon University, Dehradun",4,me,M.E.,low,KEEP_INACTIVE,low,Ambiguous generic institution/program pairing; no sufficiently strong evidence in this pass.,,legacy_seed_mapping_without_explicit_signal
381,Dr IT School of Business,16,ba,BA,low,KEEP_INACTIVE,low,BA mapping conflicts with a stronger institution-domain signal.,,legacy_seed_mapping_without_explicit_signal
384,Dr YS Parmar University of Horticulture and Forestry,16,ba,BA,low,KEEP_INACTIVE,low,Ambiguous generic institution/program pairing; no sufficiently strong evidence in this pass.,,legacy_seed_mapping_without_explicit_signal
385,Dr. A. P. J. Abdul Kalam University,16,ba,BA,low,KEEP_INACTIVE,low,Ambiguous generic institution/program pairing; no sufficiently strong evidence in this pass.,,legacy_seed_mapping_without_explicit_signal
392,Dr. D. Y. Patil Vidyapeeth,16,ba,BA,low,KEEP_INACTIVE,low,Ambiguous generic institution/program pairing; no sufficiently strong evidence in this pass.,,legacy_seed_mapping_without_explicit_signal
392,Dr. D. Y. Patil Vidyapeeth,13,bcom,B.Com,low,KEEP_INACTIVE,low,Ambiguous generic institution/program pairing; no sufficiently strong evidence in this pass.,,legacy_seed_mapping_without_explicit_signal
392,Dr. D. Y. Patil Vidyapeeth,22,bsc,B.Sc,low,KEEP_INACTIVE,low,Ambiguous generic institution/program pairing; no sufficiently strong evidence in this pass.,,legacy_seed_mapping_without_explicit_signal
392,Dr. D. Y. Patil Vidyapeeth,9,bba,BBA,low,KEEP_INACTIVE,low,Ambiguous generic institution/program pairing; no sufficiently strong evidence in this pass.,,legacy_seed_mapping_without_explicit_signal
392,Dr. D. Y. Patil Vidyapeeth,46,bca,BCA,low,KEEP_INACTIVE,low,Ambiguous generic institution/program pairing; no sufficiently strong evidence in this pass.,,legacy_seed_mapping_without_explicit_signal
392,Dr. D. Y. Patil Vidyapeeth,7,mba,MBA,low,KEEP_INACTIVE,low,Ambiguous generic institution/program pairing; no sufficiently strong evidence in this pass.,,legacy_seed_mapping_without_explicit_signal
393,Dr. Hari singh Gour University,16,ba,BA,low,KEEP_INACTIVE,low,Ambiguous generic institution/program pairing; no sufficiently strong evidence in this pass.,,legacy_seed_mapping_without_explicit_signal
397,Dr. S. S. Bhatnagar University Institute of,1,btech,B.Tech,low,KEEP_INACTIVE,low,Ambiguous generic institution/program pairing; no sufficiently strong evidence in this pass.,,legacy_seed_mapping_without_explicit_signal
397,Dr. S. S. Bhatnagar University Institute of,2,be,B.E.,low,KEEP_INACTIVE,low,Ambiguous generic institution/program pairing; no sufficiently strong evidence in this pass.,,legacy_seed_mapping_without_explicit_signal
397,Dr. S. S. Bhatnagar University Institute of,3,mtech,M.Tech,low,KEEP_INACTIVE,low,Ambiguous generic institution/program pairing; no sufficiently strong evidence in this pass.,,legacy_seed_mapping_without_explicit_signal
397,Dr. S. S. Bhatnagar University Institute of,4,me,M.E.,low,KEEP_INACTIVE,low,Ambiguous generic institution/program pairing; no sufficiently strong evidence in this pass.,,legacy_seed_mapping_without_explicit_signal
402,"Duliajan College, Dibrugarh",1,btech,B.Tech,low,KEEP_INACTIVE,low,Ambiguous generic institution/program pairing; no sufficiently strong evidence in this pass.,,legacy_seed_mapping_without_explicit_signal
402,"Duliajan College, Dibrugarh",2,be,B.E.,low,KEEP_INACTIVE,low,Ambiguous generic institution/program pairing; no sufficiently strong evidence in this pass.,,legacy_seed_mapping_without_explicit_signal
402,"Duliajan College, Dibrugarh",3,mtech,M.Tech,low,KEEP_INACTIVE,low,Ambiguous generic institution/program pairing; no sufficiently strong evidence in this pass.,,legacy_seed_mapping_without_explicit_signal
402,"Duliajan College, Dibrugarh",4,me,M.E.,low,KEEP_INACTIVE,low,Ambiguous generic institution/program pairing; no sufficiently strong evidence in this pass.,,legacy_seed_mapping_without_explicit_signal
404,Dyal Singh College,16,ba,BA,low,KEEP_INACTIVE,low,Ambiguous generic institution/program pairing; no sufficiently strong evidence in this pass.,,legacy_seed_mapping_without_explicit_signal
405,Dyal Singh Evening College,16,ba,BA,low,KEEP_INACTIVE,low,Ambiguous generic institution/program pairing; no sufficiently strong evidence in this pass.,,legacy_seed_mapping_without_explicit_signal
407,Eternal University,16,ba,BA,low,KEEP_INACTIVE,low,Ambiguous generic institution/program pairing; no sufficiently strong evidence in this pass.,,legacy_seed_mapping_without_explicit_signal
416,Film and Television Institute of India,16,ba,BA,low,KEEP_INACTIVE,low,Ambiguous generic institution/program pairing; no sufficiently strong evidence in this pass.,,legacy_seed_mapping_without_explicit_signal
417,FMS Delhi,16,ba,BA,low,KEEP_INACTIVE,low,Ambiguous generic institution/program pairing; no sufficiently strong evidence in this pass.,,legacy_seed_mapping_without_explicit_signal
420,Forest Research Institute,16,ba,BA,low,KEEP_INACTIVE,low,Ambiguous generic institution/program pairing; no sufficiently strong evidence in this pass.,,legacy_seed_mapping_without_explicit_signal
424,Galgotias University,16,ba,BA,low,KEEP_INACTIVE,low,Ambiguous generic institution/program pairing; no sufficiently strong evidence in this pass.,,legacy_seed_mapping_without_explicit_signal
427,Ganpat University,16,ba,BA,low,KEEP_INACTIVE,low,Ambiguous generic institution/program pairing; no sufficiently strong evidence in this pass.,,legacy_seed_mapping_without_explicit_signal
428,Gauhati University,16,ba,BA,low,KEEP_INACTIVE,low,Ambiguous generic institution/program pairing; no sufficiently strong evidence in this pass.,,legacy_seed_mapping_without_explicit_signal
428,Gauhati University,13,bcom,B.Com,low,KEEP_INACTIVE,low,Ambiguous generic institution/program pairing; no sufficiently strong evidence in this pass.,,legacy_seed_mapping_without_explicit_signal
428,Gauhati University,22,bsc,B.Sc,low,KEEP_INACTIVE,low,Ambiguous generic institution/program pairing; no sufficiently strong evidence in this pass.,,legacy_seed_mapping_without_explicit_signal
428,Gauhati University,9,bba,BBA,low,KEEP_INACTIVE,low,Ambiguous generic institution/program pairing; no sufficiently strong evidence in this pass.,,legacy_seed_mapping_without_explicit_signal
428,Gauhati University,46,bca,BCA,low,KEEP_INACTIVE,low,Ambiguous generic institution/program pairing; no sufficiently strong evidence in this pass.,,legacy_seed_mapping_without_explicit_signal
428,Gauhati University,7,mba,MBA,low,KEEP_INACTIVE,low,Ambiguous generic institution/program pairing; no sufficiently strong evidence in this pass.,,legacy_seed_mapping_without_explicit_signal
429,Gautam Buddha University,16,ba,BA,low,KEEP_INACTIVE,low,Ambiguous generic institution/program pairing; no sufficiently strong evidence in this pass.,,legacy_seed_mapping_without_explicit_signal
439,GITA Autonomous College,1,btech,B.Tech,low,PROMOTE,medium,Explicit engineering-college signal; B.Tech promoted conservatively.,,strong_institutional_identity
439,GITA Autonomous College,2,be,B.E.,low,KEEP_INACTIVE,low,"Known institution, but this specific program is not supported by the reviewed source/program rule; keep inactive.",,legacy_seed_mapping_without_explicit_signal
439,GITA Autonomous College,3,mtech,M.Tech,low,KEEP_INACTIVE,low,"Known institution, but this specific program is not supported by the reviewed source/program rule; keep inactive.",,legacy_seed_mapping_without_explicit_signal
439,GITA Autonomous College,4,me,M.E.,low,KEEP_INACTIVE,low,"Known institution, but this specific program is not supported by the reviewed source/program rule; keep inactive.",,legacy_seed_mapping_without_explicit_signal
442,"GLA University, Mathura",1,btech,B.Tech,low,KEEP_INACTIVE,low,Ambiguous generic institution/program pairing; no sufficiently strong evidence in this pass.,,legacy_seed_mapping_without_explicit_signal
442,"GLA University, Mathura",2,be,B.E.,low,KEEP_INACTIVE,low,Ambiguous generic institution/program pairing; no sufficiently strong evidence in this pass.,,legacy_seed_mapping_without_explicit_signal
442,"GLA University, Mathura",3,mtech,M.Tech,low,KEEP_INACTIVE,low,Ambiguous generic institution/program pairing; no sufficiently strong evidence in this pass.,,legacy_seed_mapping_without_explicit_signal
442,"GLA University, Mathura",4,me,M.E.,low,KEEP_INACTIVE,low,Ambiguous generic institution/program pairing; no sufficiently strong evidence in this pass.,,legacy_seed_mapping_without_explicit_signal
443,Global Group of Institutes,16,ba,BA,low,KEEP_INACTIVE,low,Ambiguous generic institution/program pairing; no sufficiently strong evidence in this pass.,,legacy_seed_mapping_without_explicit_signal
444,"Global Institute, Amritsar",1,btech,B.Tech,low,KEEP_INACTIVE,low,Ambiguous generic institution/program pairing; no sufficiently strong evidence in this pass.,,legacy_seed_mapping_without_explicit_signal
444,"Global Institute, Amritsar",2,be,B.E.,low,KEEP_INACTIVE,low,Ambiguous generic institution/program pairing; no sufficiently strong evidence in this pass.,,legacy_seed_mapping_without_explicit_signal
444,"Global Institute, Amritsar",3,mtech,M.Tech,low,KEEP_INACTIVE,low,Ambiguous generic institution/program pairing; no sufficiently strong evidence in this pass.,,legacy_seed_mapping_without_explicit_signal
444,"Global Institute, Amritsar",4,me,M.E.,low,KEEP_INACTIVE,low,Ambiguous generic institution/program pairing; no sufficiently strong evidence in this pass.,,legacy_seed_mapping_without_explicit_signal
445,"Glocal University, Saharanpur",1,btech,B.Tech,low,KEEP_INACTIVE,low,Ambiguous generic institution/program pairing; no sufficiently strong evidence in this pass.,,legacy_seed_mapping_without_explicit_signal
445,"Glocal University, Saharanpur",2,be,B.E.,low,KEEP_INACTIVE,low,Ambiguous generic institution/program pairing; no sufficiently strong evidence in this pass.,,legacy_seed_mapping_without_explicit_signal
445,"Glocal University, Saharanpur",3,mtech,M.Tech,low,KEEP_INACTIVE,low,Ambiguous generic institution/program pairing; no sufficiently strong evidence in this pass.,,legacy_seed_mapping_without_explicit_signal
445,"Glocal University, Saharanpur",4,me,M.E.,low,KEEP_INACTIVE,low,Ambiguous generic institution/program pairing; no sufficiently strong evidence in this pass.,,legacy_seed_mapping_without_explicit_signal
446,GNA University,16,ba,BA,low,KEEP_INACTIVE,low,Ambiguous generic institution/program pairing; no sufficiently strong evidence in this pass.,,legacy_seed_mapping_without_explicit_signal
449,"Goa University, North Goa",1,btech,B.Tech,low,KEEP_INACTIVE,low,Ambiguous generic institution/program pairing; no sufficiently strong evidence in this pass.,,legacy_seed_mapping_without_explicit_signal
449,"Goa University, North Goa",2,be,B.E.,low,KEEP_INACTIVE,low,Ambiguous generic institution/program pairing; no sufficiently strong evidence in this pass.,,legacy_seed_mapping_without_explicit_signal
449,"Goa University, North Goa",3,mtech,M.Tech,low,KEEP_INACTIVE,low,Ambiguous generic institution/program pairing; no sufficiently strong evidence in this pass.,,legacy_seed_mapping_without_explicit_signal
449,"Goa University, North Goa",4,me,M.E.,low,KEEP_INACTIVE,low,Ambiguous generic institution/program pairing; no sufficiently strong evidence in this pass.,,legacy_seed_mapping_without_explicit_signal
451,Gopal Narayan Singh University,16,ba,BA,low,KEEP_INACTIVE,low,Ambiguous generic institution/program pairing; no sufficiently strong evidence in this pass.,,legacy_seed_mapping_without_explicit_signal
452,Goswami Ganesh Dutta Sanatan Dharma College,16,ba,BA,low,KEEP_INACTIVE,low,Ambiguous generic institution/program pairing; no sufficiently strong evidence in this pass.,,legacy_seed_mapping_without_explicit_signal
453,Government College for Women,16,ba,BA,low,KEEP_INACTIVE,low,Ambiguous generic institution/program pairing; no sufficiently strong evidence in this pass.,,legacy_seed_mapping_without_explicit_signal
457,Government Degree College,16,ba,BA,low,KEEP_INACTIVE,low,Ambiguous generic institution/program pairing; no sufficiently strong evidence in this pass.,,legacy_seed_mapping_without_explicit_signal
458,Government Degree College for Boys,16,ba,BA,low,KEEP_INACTIVE,low,Ambiguous generic institution/program pairing; no sufficiently strong evidence in this pass.,,legacy_seed_mapping_without_explicit_signal
459,"Government Degree College for Boys, Udhampur",1,btech,B.Tech,low,KEEP_INACTIVE,low,Ambiguous generic institution/program pairing; no sufficiently strong evidence in this pass.,,legacy_seed_mapping_without_explicit_signal
459,"Government Degree College for Boys, Udhampur",2,be,B.E.,low,KEEP_INACTIVE,low,Ambiguous generic institution/program pairing; no sufficiently strong evidence in this pass.,,legacy_seed_mapping_without_explicit_signal
459,"Government Degree College for Boys, Udhampur",3,mtech,M.Tech,low,KEEP_INACTIVE,low,Ambiguous generic institution/program pairing; no sufficiently strong evidence in this pass.,,legacy_seed_mapping_without_explicit_signal
459,"Government Degree College for Boys, Udhampur",4,me,M.E.,low,KEEP_INACTIVE,low,Ambiguous generic institution/program pairing; no sufficiently strong evidence in this pass.,,legacy_seed_mapping_without_explicit_signal
460,Government Degree College for Women,16,ba,BA,low,KEEP_INACTIVE,low,Ambiguous generic institution/program pairing; no sufficiently strong evidence in this pass.,,legacy_seed_mapping_without_explicit_signal
464,Government Industrial Training Institute,1,btech,B.Tech,low,KEEP_INACTIVE,low,Engineering-family mapping conflicts with a non-engineering/research/training domain signal.,,legacy_seed_mapping_without_explicit_signal
464,Government Industrial Training Institute,2,be,B.E.,low,KEEP_INACTIVE,low,Engineering-family mapping conflicts with a non-engineering/research/training domain signal.,,legacy_seed_mapping_without_explicit_signal
464,Government Industrial Training Institute,3,mtech,M.Tech,low,KEEP_INACTIVE,low,Engineering-family mapping conflicts with a non-engineering/research/training domain signal.,,legacy_seed_mapping_without_explicit_signal
464,Government Industrial Training Institute,4,me,M.E.,low,KEEP_INACTIVE,low,Engineering-family mapping conflicts with a non-engineering/research/training domain signal.,,legacy_seed_mapping_without_explicit_signal
466,Government MAM College,16,ba,BA,low,KEEP_INACTIVE,low,Ambiguous generic institution/program pairing; no sufficiently strong evidence in this pass.,,legacy_seed_mapping_without_explicit_signal
496,Graphic Era Hill University,16,ba,BA,low,KEEP_INACTIVE,low,Ambiguous generic institution/program pairing; no sufficiently strong evidence in this pass.,,legacy_seed_mapping_without_explicit_signal
497,Graphic Era Hill University Bhimtal Campus,16,ba,BA,low,KEEP_INACTIVE,low,Ambiguous generic institution/program pairing; no sufficiently strong evidence in this pass.,,legacy_seed_mapping_without_explicit_signal
498,Graphic Era University,16,ba,BA,low,KEEP_INACTIVE,low,Ambiguous generic institution/program pairing; no sufficiently strong evidence in this pass.,,legacy_seed_mapping_without_explicit_signal
502,"GSFC University, Vadodara",1,btech,B.Tech,low,KEEP_INACTIVE,low,Ambiguous generic institution/program pairing; no sufficiently strong evidence in this pass.,,legacy_seed_mapping_without_explicit_signal
502,"GSFC University, Vadodara",2,be,B.E.,low,KEEP_INACTIVE,low,Ambiguous generic institution/program pairing; no sufficiently strong evidence in this pass.,,legacy_seed_mapping_without_explicit_signal
502,"GSFC University, Vadodara",3,mtech,M.Tech,low,KEEP_INACTIVE,low,Ambiguous generic institution/program pairing; no sufficiently strong evidence in this pass.,,legacy_seed_mapping_without_explicit_signal
502,"GSFC University, Vadodara",4,me,M.E.,low,KEEP_INACTIVE,low,Ambiguous generic institution/program pairing; no sufficiently strong evidence in this pass.,,legacy_seed_mapping_without_explicit_signal
506,Gujarat University,16,ba,BA,low,KEEP_INACTIVE,low,Ambiguous generic institution/program pairing; no sufficiently strong evidence in this pass.,,legacy_seed_mapping_without_explicit_signal
506,Gujarat University,13,bcom,B.Com,low,KEEP_INACTIVE,low,Ambiguous generic institution/program pairing; no sufficiently strong evidence in this pass.,,legacy_seed_mapping_without_explicit_signal
506,Gujarat University,22,bsc,B.Sc,low,KEEP_INACTIVE,low,Ambiguous generic institution/program pairing; no sufficiently strong evidence in this pass.,,legacy_seed_mapping_without_explicit_signal
506,Gujarat University,9,bba,BBA,low,KEEP_INACTIVE,low,Ambiguous generic institution/program pairing; no sufficiently strong evidence in this pass.,,legacy_seed_mapping_without_explicit_signal
506,Gujarat University,46,bca,BCA,low,KEEP_INACTIVE,low,Ambiguous generic institution/program pairing; no sufficiently strong evidence in this pass.,,legacy_seed_mapping_without_explicit_signal
506,Gujarat University,7,mba,MBA,low,KEEP_INACTIVE,low,Ambiguous generic institution/program pairing; no sufficiently strong evidence in this pass.,,legacy_seed_mapping_without_explicit_signal
507,Gulzar Group of Institutes,16,ba,BA,low,KEEP_INACTIVE,low,Ambiguous generic institution/program pairing; no sufficiently strong evidence in this pass.,,legacy_seed_mapping_without_explicit_signal
508,Guru Gobind Singh Indraprastha University,16,ba,BA,low,PROMOTE,medium,"Official IPU admissions material lists BA, B.Com, B.Sc, BBA, BCA and MBA across the university programme ecosystem.",https://ipu.ac.in/admission2025main.php,official_catalog_match
508,Guru Gobind Singh Indraprastha University,13,bcom,B.Com,low,PROMOTE,medium,"Official IPU admissions material lists BA, B.Com, B.Sc, BBA, BCA and MBA across the university programme ecosystem.",https://ipu.ac.in/admission2025main.php,official_catalog_match
508,Guru Gobind Singh Indraprastha University,22,bsc,B.Sc,low,PROMOTE,medium,"Official IPU admissions material lists BA, B.Com, B.Sc, BBA, BCA and MBA across the university programme ecosystem.",https://ipu.ac.in/admission2025main.php,official_catalog_match
508,Guru Gobind Singh Indraprastha University,9,bba,BBA,low,PROMOTE,medium,"Official IPU admissions material lists BA, B.Com, B.Sc, BBA, BCA and MBA across the university programme ecosystem.",https://ipu.ac.in/admission2025main.php,official_catalog_match
508,Guru Gobind Singh Indraprastha University,46,bca,BCA,low,PROMOTE,medium,"Official IPU admissions material lists BA, B.Com, B.Sc, BBA, BCA and MBA across the university programme ecosystem.",https://ipu.ac.in/admission2025main.php,official_catalog_match
508,Guru Gobind Singh Indraprastha University,7,mba,MBA,low,PROMOTE,medium,"Official IPU admissions material lists BA, B.Com, B.Sc, BBA, BCA and MBA across the university programme ecosystem.",https://ipu.ac.in/admission2025main.php,official_catalog_match
509,Guru Kashi University,16,ba,BA,low,KEEP_INACTIVE,low,Ambiguous generic institution/program pairing; no sufficiently strong evidence in this pass.,,legacy_seed_mapping_without_explicit_signal
510,"Guru Kashi University, Bathinda",1,btech,B.Tech,low,KEEP_INACTIVE,low,Ambiguous generic institution/program pairing; no sufficiently strong evidence in this pass.,,legacy_seed_mapping_without_explicit_signal
510,"Guru Kashi University, Bathinda",2,be,B.E.,low,KEEP_INACTIVE,low,Ambiguous generic institution/program pairing; no sufficiently strong evidence in this pass.,,legacy_seed_mapping_without_explicit_signal
510,"Guru Kashi University, Bathinda",3,mtech,M.Tech,low,KEEP_INACTIVE,low,Ambiguous generic institution/program pairing; no sufficiently strong evidence in this pass.,,legacy_seed_mapping_without_explicit_signal
510,"Guru Kashi University, Bathinda",4,me,M.E.,low,KEEP_INACTIVE,low,Ambiguous generic institution/program pairing; no sufficiently strong evidence in this pass.,,legacy_seed_mapping_without_explicit_signal
512,Gurugram University,16,ba,BA,low,KEEP_INACTIVE,low,Ambiguous generic institution/program pairing; no sufficiently strong evidence in this pass.,,legacy_seed_mapping_without_explicit_signal
513,"Gurugram University, Gurgaon",1,btech,B.Tech,low,KEEP_INACTIVE,low,Ambiguous generic institution/program pairing; no sufficiently strong evidence in this pass.,,legacy_seed_mapping_without_explicit_signal
513,"Gurugram University, Gurgaon",2,be,B.E.,low,KEEP_INACTIVE,low,Ambiguous generic institution/program pairing; no sufficiently strong evidence in this pass.,,legacy_seed_mapping_without_explicit_signal
513,"Gurugram University, Gurgaon",3,mtech,M.Tech,low,KEEP_INACTIVE,low,Ambiguous generic institution/program pairing; no sufficiently strong evidence in this pass.,,legacy_seed_mapping_without_explicit_signal
513,"Gurugram University, Gurgaon",4,me,M.E.,low,KEEP_INACTIVE,low,Ambiguous generic institution/program pairing; no sufficiently strong evidence in this pass.,,legacy_seed_mapping_without_explicit_signal
514,"Gurukul Vidyapeeth, Chandigarh",1,btech,B.Tech,low,KEEP_INACTIVE,low,Ambiguous generic institution/program pairing; no sufficiently strong evidence in this pass.,,legacy_seed_mapping_without_explicit_signal
514,"Gurukul Vidyapeeth, Chandigarh",2,be,B.E.,low,KEEP_INACTIVE,low,Ambiguous generic institution/program pairing; no sufficiently strong evidence in this pass.,,legacy_seed_mapping_without_explicit_signal
514,"Gurukul Vidyapeeth, Chandigarh",3,mtech,M.Tech,low,KEEP_INACTIVE,low,Ambiguous generic institution/program pairing; no sufficiently strong evidence in this pass.,,legacy_seed_mapping_without_explicit_signal
514,"Gurukul Vidyapeeth, Chandigarh",4,me,M.E.,low,KEEP_INACTIVE,low,Ambiguous generic institution/program pairing; no sufficiently strong evidence in this pass.,,legacy_seed_mapping_without_explicit_signal
515,H.D. Jain College,16,ba,BA,low,KEEP_INACTIVE,low,Ambiguous generic institution/program pairing; no sufficiently strong evidence in this pass.,,legacy_seed_mapping_without_explicit_signal
519,Hemchandracharya North Gujarat University,16,ba,BA,low,KEEP_INACTIVE,low,Ambiguous generic institution/program pairing; no sufficiently strong evidence in this pass.,,legacy_seed_mapping_without_explicit_signal
523,Himachal Pradesh University,16,ba,BA,low,KEEP_INACTIVE,low,Ambiguous generic institution/program pairing; no sufficiently strong evidence in this pass.,,legacy_seed_mapping_without_explicit_signal
525,Himalayan Group of Professional Institutions,16,ba,BA,low,KEEP_INACTIVE,low,Ambiguous generic institution/program pairing; no sufficiently strong evidence in this pass.,,legacy_seed_mapping_without_explicit_signal
526,"Himalayan Group of Professional Institutions, Sirmaur",1,btech,B.Tech,low,KEEP_INACTIVE,low,Ambiguous generic institution/program pairing; no sufficiently strong evidence in this pass.,,legacy_seed_mapping_without_explicit_signal
526,"Himalayan Group of Professional Institutions, Sirmaur",2,be,B.E.,low,KEEP_INACTIVE,low,Ambiguous generic institution/program pairing; no sufficiently strong evidence in this pass.,,legacy_seed_mapping_without_explicit_signal
526,"Himalayan Group of Professional Institutions, Sirmaur",3,mtech,M.Tech,low,KEEP_INACTIVE,low,Ambiguous generic institution/program pairing; no sufficiently strong evidence in this pass.,,legacy_seed_mapping_without_explicit_signal
526,"Himalayan Group of Professional Institutions, Sirmaur",4,me,M.E.,low,KEEP_INACTIVE,low,Ambiguous generic institution/program pairing; no sufficiently strong evidence in this pass.,,legacy_seed_mapping_without_explicit_signal
528,Himalayan University,1,btech,B.Tech,low,KEEP_INACTIVE,low,Ambiguous generic institution/program pairing; no sufficiently strong evidence in this pass.,,legacy_seed_mapping_without_explicit_signal
528,Himalayan University,2,be,B.E.,low,KEEP_INACTIVE,low,Ambiguous generic institution/program pairing; no sufficiently strong evidence in this pass.,,legacy_seed_mapping_without_explicit_signal
528,Himalayan University,3,mtech,M.Tech,low,KEEP_INACTIVE,low,Ambiguous generic institution/program pairing; no sufficiently strong evidence in this pass.,,legacy_seed_mapping_without_explicit_signal
528,Himalayan University,4,me,M.E.,low,KEEP_INACTIVE,low,Ambiguous generic institution/program pairing; no sufficiently strong evidence in this pass.,,legacy_seed_mapping_without_explicit_signal
529,Himgiri Zee University,1,btech,B.Tech,low,KEEP_INACTIVE,low,Ambiguous generic institution/program pairing; no sufficiently strong evidence in this pass.,,legacy_seed_mapping_without_explicit_signal
529,Himgiri Zee University,2,be,B.E.,low,KEEP_INACTIVE,low,Ambiguous generic institution/program pairing; no sufficiently strong evidence in this pass.,,legacy_seed_mapping_without_explicit_signal
529,Himgiri Zee University,3,mtech,M.Tech,low,KEEP_INACTIVE,low,Ambiguous generic institution/program pairing; no sufficiently strong evidence in this pass.,,legacy_seed_mapping_without_explicit_signal
529,Himgiri Zee University,4,me,M.E.,low,KEEP_INACTIVE,low,Ambiguous generic institution/program pairing; no sufficiently strong evidence in this pass.,,legacy_seed_mapping_without_explicit_signal
533,Hyderabad Central University,16,ba,BA,low,KEEP_INACTIVE,low,Ambiguous generic institution/program pairing; no sufficiently strong evidence in this pass.,,legacy_seed_mapping_without_explicit_signal
533,Hyderabad Central University,13,bcom,B.Com,low,KEEP_INACTIVE,low,Ambiguous generic institution/program pairing; no sufficiently strong evidence in this pass.,,legacy_seed_mapping_without_explicit_signal
533,Hyderabad Central University,22,bsc,B.Sc,low,KEEP_INACTIVE,low,Ambiguous generic institution/program pairing; no sufficiently strong evidence in this pass.,,legacy_seed_mapping_without_explicit_signal
533,Hyderabad Central University,9,bba,BBA,low,KEEP_INACTIVE,low,Ambiguous generic institution/program pairing; no sufficiently strong evidence in this pass.,,legacy_seed_mapping_without_explicit_signal
533,Hyderabad Central University,46,bca,BCA,low,KEEP_INACTIVE,low,Ambiguous generic institution/program pairing; no sufficiently strong evidence in this pass.,,legacy_seed_mapping_without_explicit_signal
533,Hyderabad Central University,7,mba,MBA,low,KEEP_INACTIVE,low,Ambiguous generic institution/program pairing; no sufficiently strong evidence in this pass.,,legacy_seed_mapping_without_explicit_signal
534,I.K. Gujral Punjab Technical University,16,ba,BA,low,KEEP_INACTIVE,low,Ambiguous generic institution/program pairing; no sufficiently strong evidence in this pass.,,legacy_seed_mapping_without_explicit_signal
537,ICFAI University,16,ba,BA,low,KEEP_INACTIVE,low,Ambiguous generic institution/program pairing; no sufficiently strong evidence in this pass.,,legacy_seed_mapping_without_explicit_signal
538,"ICFAI University, Baddi",1,btech,B.Tech,low,KEEP_INACTIVE,low,Ambiguous generic institution/program pairing; no sufficiently strong evidence in this pass.,,legacy_seed_mapping_without_explicit_signal
538,"ICFAI University, Baddi",2,be,B.E.,low,KEEP_INACTIVE,low,Ambiguous generic institution/program pairing; no sufficiently strong evidence in this pass.,,legacy_seed_mapping_without_explicit_signal
538,"ICFAI University, Baddi",3,mtech,M.Tech,low,KEEP_INACTIVE,low,Ambiguous generic institution/program pairing; no sufficiently strong evidence in this pass.,,legacy_seed_mapping_without_explicit_signal
538,"ICFAI University, Baddi",4,me,M.E.,low,KEEP_INACTIVE,low,Ambiguous generic institution/program pairing; no sufficiently strong evidence in this pass.,,legacy_seed_mapping_without_explicit_signal
539,"ICFAI University, Dehradun",1,btech,B.Tech,low,KEEP_INACTIVE,low,Ambiguous generic institution/program pairing; no sufficiently strong evidence in this pass.,,legacy_seed_mapping_without_explicit_signal
539,"ICFAI University, Dehradun",2,be,B.E.,low,KEEP_INACTIVE,low,Ambiguous generic institution/program pairing; no sufficiently strong evidence in this pass.,,legacy_seed_mapping_without_explicit_signal
539,"ICFAI University, Dehradun",3,mtech,M.Tech,low,KEEP_INACTIVE,low,Ambiguous generic institution/program pairing; no sufficiently strong evidence in this pass.,,legacy_seed_mapping_without_explicit_signal
539,"ICFAI University, Dehradun",4,me,M.E.,low,KEEP_INACTIVE,low,Ambiguous generic institution/program pairing; no sufficiently strong evidence in this pass.,,legacy_seed_mapping_without_explicit_signal
540,"ICFAI University, Raipur",1,btech,B.Tech,low,KEEP_INACTIVE,low,Ambiguous generic institution/program pairing; no sufficiently strong evidence in this pass.,,legacy_seed_mapping_without_explicit_signal
540,"ICFAI University, Raipur",2,be,B.E.,low,KEEP_INACTIVE,low,Ambiguous generic institution/program pairing; no sufficiently strong evidence in this pass.,,legacy_seed_mapping_without_explicit_signal
540,"ICFAI University, Raipur",3,mtech,M.Tech,low,KEEP_INACTIVE,low,Ambiguous generic institution/program pairing; no sufficiently strong evidence in this pass.,,legacy_seed_mapping_without_explicit_signal
540,"ICFAI University, Raipur",4,me,M.E.,low,KEEP_INACTIVE,low,Ambiguous generic institution/program pairing; no sufficiently strong evidence in this pass.,,legacy_seed_mapping_without_explicit_signal
541,"ICFAI University, West Tripura",1,btech,B.Tech,low,KEEP_INACTIVE,low,Ambiguous generic institution/program pairing; no sufficiently strong evidence in this pass.,,legacy_seed_mapping_without_explicit_signal
541,"ICFAI University, West Tripura",2,be,B.E.,low,KEEP_INACTIVE,low,Ambiguous generic institution/program pairing; no sufficiently strong evidence in this pass.,,legacy_seed_mapping_without_explicit_signal
541,"ICFAI University, West Tripura",3,mtech,M.Tech,low,KEEP_INACTIVE,low,Ambiguous generic institution/program pairing; no sufficiently strong evidence in this pass.,,legacy_seed_mapping_without_explicit_signal
541,"ICFAI University, West Tripura",4,me,M.E.,low,KEEP_INACTIVE,low,Ambiguous generic institution/program pairing; no sufficiently strong evidence in this pass.,,legacy_seed_mapping_without_explicit_signal
543,IEC University Baddi,1,btech,B.Tech,low,KEEP_INACTIVE,low,Ambiguous generic institution/program pairing; no sufficiently strong evidence in this pass.,,legacy_seed_mapping_without_explicit_signal
543,IEC University Baddi,2,be,B.E.,low,KEEP_INACTIVE,low,Ambiguous generic institution/program pairing; no sufficiently strong evidence in this pass.,,legacy_seed_mapping_without_explicit_signal
543,IEC University Baddi,3,mtech,M.Tech,low,KEEP_INACTIVE,low,Ambiguous generic institution/program pairing; no sufficiently strong evidence in this pass.,,legacy_seed_mapping_without_explicit_signal
543,IEC University Baddi,4,me,M.E.,low,KEEP_INACTIVE,low,Ambiguous generic institution/program pairing; no sufficiently strong evidence in this pass.,,legacy_seed_mapping_without_explicit_signal
544,"IFTM University, Moradabad",1,btech,B.Tech,low,KEEP_INACTIVE,low,Ambiguous generic institution/program pairing; no sufficiently strong evidence in this pass.,,legacy_seed_mapping_without_explicit_signal
544,"IFTM University, Moradabad",2,be,B.E.,low,KEEP_INACTIVE,low,Ambiguous generic institution/program pairing; no sufficiently strong evidence in this pass.,,legacy_seed_mapping_without_explicit_signal
544,"IFTM University, Moradabad",3,mtech,M.Tech,low,KEEP_INACTIVE,low,Ambiguous generic institution/program pairing; no sufficiently strong evidence in this pass.,,legacy_seed_mapping_without_explicit_signal
544,"IFTM University, Moradabad",4,me,M.E.,low,KEEP_INACTIVE,low,Ambiguous generic institution/program pairing; no sufficiently strong evidence in this pass.,,legacy_seed_mapping_without_explicit_signal
545,IGNOU,16,ba,BA,low,PROMOTE,high,Official 2026 IGNOU programme announcement explicitly lists all six programme families.,https://www.ignou.ac.in/announcement/MediaRelease?nav=210,official_catalog_match
545,IGNOU,13,bcom,B.Com,low,PROMOTE,high,Official 2026 IGNOU programme announcement explicitly lists all six programme families.,https://www.ignou.ac.in/announcement/MediaRelease?nav=210,official_catalog_match
545,IGNOU,22,bsc,B.Sc,low,PROMOTE,high,Official 2026 IGNOU programme announcement explicitly lists all six programme families.,https://www.ignou.ac.in/announcement/MediaRelease?nav=210,official_catalog_match
545,IGNOU,9,bba,BBA,low,PROMOTE,high,Official 2026 IGNOU programme announcement explicitly lists all six programme families.,https://www.ignou.ac.in/announcement/MediaRelease?nav=210,official_catalog_match
545,IGNOU,46,bca,BCA,low,PROMOTE,high,Official 2026 IGNOU programme announcement explicitly lists all six programme families.,https://www.ignou.ac.in/announcement/MediaRelease?nav=210,official_catalog_match
545,IGNOU,7,mba,MBA,low,PROMOTE,high,Official 2026 IGNOU programme announcement explicitly lists all six programme families.,https://www.ignou.ac.in/announcement/MediaRelease?nav=210,official_catalog_match
546,IIEST Shibpur,16,ba,BA,low,KEEP_INACTIVE,low,Ambiguous generic institution/program pairing; no sufficiently strong evidence in this pass.,,legacy_seed_mapping_without_explicit_signal
547,IIFT Delhi Indian Institute of Foreign Trade,16,ba,BA,low,KEEP_INACTIVE,low,Ambiguous generic institution/program pairing; no sufficiently strong evidence in this pass.,,legacy_seed_mapping_without_explicit_signal
548,IIHMR University,16,ba,BA,low,KEEP_INACTIVE,low,Ambiguous generic institution/program pairing; no sufficiently strong evidence in this pass.,,legacy_seed_mapping_without_explicit_signal
550,"IILM University, Gurgaon",1,btech,B.Tech,low,KEEP_INACTIVE,low,Ambiguous generic institution/program pairing; no sufficiently strong evidence in this pass.,,legacy_seed_mapping_without_explicit_signal
550,"IILM University, Gurgaon",2,be,B.E.,low,KEEP_INACTIVE,low,Ambiguous generic institution/program pairing; no sufficiently strong evidence in this pass.,,legacy_seed_mapping_without_explicit_signal
550,"IILM University, Gurgaon",3,mtech,M.Tech,low,KEEP_INACTIVE,low,Ambiguous generic institution/program pairing; no sufficiently strong evidence in this pass.,,legacy_seed_mapping_without_explicit_signal
550,"IILM University, Gurgaon",4,me,M.E.,low,KEEP_INACTIVE,low,Ambiguous generic institution/program pairing; no sufficiently strong evidence in this pass.,,legacy_seed_mapping_without_explicit_signal
551,IIS (Deemed to be University),1,btech,B.Tech,low,KEEP_INACTIVE,low,Ambiguous generic institution/program pairing; no sufficiently strong evidence in this pass.,,legacy_seed_mapping_without_explicit_signal
551,IIS (Deemed to be University),2,be,B.E.,low,KEEP_INACTIVE,low,Ambiguous generic institution/program pairing; no sufficiently strong evidence in this pass.,,legacy_seed_mapping_without_explicit_signal
551,IIS (Deemed to be University),3,mtech,M.Tech,low,KEEP_INACTIVE,low,Ambiguous generic institution/program pairing; no sufficiently strong evidence in this pass.,,legacy_seed_mapping_without_explicit_signal
551,IIS (Deemed to be University),4,me,M.E.,low,KEEP_INACTIVE,low,Ambiguous generic institution/program pairing; no sufficiently strong evidence in this pass.,,legacy_seed_mapping_without_explicit_signal
554,IMS Unison University,16,ba,BA,low,KEEP_INACTIVE,low,Ambiguous generic institution/program pairing; no sufficiently strong evidence in this pass.,,legacy_seed_mapping_without_explicit_signal
569,Indian School of Business,16,ba,BA,low,KEEP_INACTIVE,low,BA mapping conflicts with a stronger institution-domain signal.,,legacy_seed_mapping_without_explicit_signal
570,Indira Gandhi Delhi Technical University For Women,1,btech,B.Tech,low,PROMOTE,medium,Explicit technical university identity; both UG and PG technology mappings promoted conservatively.,,strong_institutional_identity
570,Indira Gandhi Delhi Technical University For Women,2,be,B.E.,low,KEEP_INACTIVE,low,"Known institution, but this specific program is not supported by the reviewed source/program rule; keep inactive.",,legacy_seed_mapping_without_explicit_signal
570,Indira Gandhi Delhi Technical University For Women,3,mtech,M.Tech,low,PROMOTE,medium,Explicit technical university identity; both UG and PG technology mappings promoted conservatively.,,strong_institutional_identity
570,Indira Gandhi Delhi Technical University For Women,4,me,M.E.,low,KEEP_INACTIVE,low,"Known institution, but this specific program is not supported by the reviewed source/program rule; keep inactive.",,legacy_seed_mapping_without_explicit_signal
574,Indira Gandhi National Forest Academy,1,btech,B.Tech,low,KEEP_INACTIVE,low,Engineering-family mapping conflicts with a non-engineering/research/training domain signal.,,legacy_seed_mapping_without_explicit_signal
574,Indira Gandhi National Forest Academy,2,be,B.E.,low,KEEP_INACTIVE,low,Engineering-family mapping conflicts with a non-engineering/research/training domain signal.,,legacy_seed_mapping_without_explicit_signal
574,Indira Gandhi National Forest Academy,3,mtech,M.Tech,low,KEEP_INACTIVE,low,Engineering-family mapping conflicts with a non-engineering/research/training domain signal.,,legacy_seed_mapping_without_explicit_signal
574,Indira Gandhi National Forest Academy,4,me,M.E.,low,KEEP_INACTIVE,low,Engineering-family mapping conflicts with a non-engineering/research/training domain signal.,,legacy_seed_mapping_without_explicit_signal
577,Indo Swiss Training Centre,16,ba,BA,low,KEEP_INACTIVE,low,Ambiguous generic institution/program pairing; no sufficiently strong evidence in this pass.,,legacy_seed_mapping_without_explicit_signal
581,Indus International University,16,ba,BA,low,KEEP_INACTIVE,low,Ambiguous generic institution/program pairing; no sufficiently strong evidence in this pass.,,legacy_seed_mapping_without_explicit_signal
582,Indus University,16,ba,BA,low,KEEP_INACTIVE,low,Ambiguous generic institution/program pairing; no sufficiently strong evidence in this pass.,,legacy_seed_mapping_without_explicit_signal
583,"Indus University, Ahmedabad",1,btech,B.Tech,low,KEEP_INACTIVE,low,Ambiguous generic institution/program pairing; no sufficiently strong evidence in this pass.,,legacy_seed_mapping_without_explicit_signal
583,"Indus University, Ahmedabad",2,be,B.E.,low,KEEP_INACTIVE,low,Ambiguous generic institution/program pairing; no sufficiently strong evidence in this pass.,,legacy_seed_mapping_without_explicit_signal
583,"Indus University, Ahmedabad",3,mtech,M.Tech,low,KEEP_INACTIVE,low,Ambiguous generic institution/program pairing; no sufficiently strong evidence in this pass.,,legacy_seed_mapping_without_explicit_signal
583,"Indus University, Ahmedabad",4,me,M.E.,low,KEEP_INACTIVE,low,Ambiguous generic institution/program pairing; no sufficiently strong evidence in this pass.,,legacy_seed_mapping_without_explicit_signal
602,"Integral University, Lucknow",1,btech,B.Tech,low,KEEP_INACTIVE,low,Ambiguous generic institution/program pairing; no sufficiently strong evidence in this pass.,,legacy_seed_mapping_without_explicit_signal
602,"Integral University, Lucknow",2,be,B.E.,low,KEEP_INACTIVE,low,Ambiguous generic institution/program pairing; no sufficiently strong evidence in this pass.,,legacy_seed_mapping_without_explicit_signal
602,"Integral University, Lucknow",3,mtech,M.Tech,low,KEEP_INACTIVE,low,Ambiguous generic institution/program pairing; no sufficiently strong evidence in this pass.,,legacy_seed_mapping_without_explicit_signal
602,"Integral University, Lucknow",4,me,M.E.,low,KEEP_INACTIVE,low,Ambiguous generic institution/program pairing; no sufficiently strong evidence in this pass.,,legacy_seed_mapping_without_explicit_signal
606,IPS Academy,16,ba,BA,low,KEEP_INACTIVE,low,Ambiguous generic institution/program pairing; no sufficiently strong evidence in this pass.,,legacy_seed_mapping_without_explicit_signal
608,ISI Kolkata,16,ba,BA,low,KEEP_INACTIVE,low,Ambiguous generic institution/program pairing; no sufficiently strong evidence in this pass.,,legacy_seed_mapping_without_explicit_signal
608,ISI Kolkata,13,bcom,B.Com,low,KEEP_INACTIVE,low,Ambiguous generic institution/program pairing; no sufficiently strong evidence in this pass.,,legacy_seed_mapping_without_explicit_signal
608,ISI Kolkata,22,bsc,B.Sc,low,KEEP_INACTIVE,low,Ambiguous generic institution/program pairing; no sufficiently strong evidence in this pass.,,legacy_seed_mapping_without_explicit_signal
608,ISI Kolkata,9,bba,BBA,low,KEEP_INACTIVE,low,Ambiguous generic institution/program pairing; no sufficiently strong evidence in this pass.,,legacy_seed_mapping_without_explicit_signal
608,ISI Kolkata,46,bca,BCA,low,KEEP_INACTIVE,low,Ambiguous generic institution/program pairing; no sufficiently strong evidence in this pass.,,legacy_seed_mapping_without_explicit_signal
608,ISI Kolkata,7,mba,MBA,low,KEEP_INACTIVE,low,Ambiguous generic institution/program pairing; no sufficiently strong evidence in this pass.,,legacy_seed_mapping_without_explicit_signal
610,"ITM University, Raipur",1,btech,B.Tech,low,KEEP_INACTIVE,low,Ambiguous generic institution/program pairing; no sufficiently strong evidence in this pass.,,legacy_seed_mapping_without_explicit_signal
610,"ITM University, Raipur",2,be,B.E.,low,KEEP_INACTIVE,low,Ambiguous generic institution/program pairing; no sufficiently strong evidence in this pass.,,legacy_seed_mapping_without_explicit_signal
610,"ITM University, Raipur",3,mtech,M.Tech,low,KEEP_INACTIVE,low,Ambiguous generic institution/program pairing; no sufficiently strong evidence in this pass.,,legacy_seed_mapping_without_explicit_signal
610,"ITM University, Raipur",4,me,M.E.,low,KEEP_INACTIVE,low,Ambiguous generic institution/program pairing; no sufficiently strong evidence in this pass.,,legacy_seed_mapping_without_explicit_signal
614,J.S. University,1,btech,B.Tech,low,KEEP_INACTIVE,low,Ambiguous generic institution/program pairing; no sufficiently strong evidence in this pass.,,legacy_seed_mapping_without_explicit_signal
614,J.S. University,2,be,B.E.,low,KEEP_INACTIVE,low,Ambiguous generic institution/program pairing; no sufficiently strong evidence in this pass.,,legacy_seed_mapping_without_explicit_signal
614,J.S. University,3,mtech,M.Tech,low,KEEP_INACTIVE,low,Ambiguous generic institution/program pairing; no sufficiently strong evidence in this pass.,,legacy_seed_mapping_without_explicit_signal
614,J.S. University,4,me,M.E.,low,KEEP_INACTIVE,low,Ambiguous generic institution/program pairing; no sufficiently strong evidence in this pass.,,legacy_seed_mapping_without_explicit_signal
616,Jadavpur University,16,ba,BA,low,KEEP_INACTIVE,low,Ambiguous generic institution/program pairing; no sufficiently strong evidence in this pass.,,legacy_seed_mapping_without_explicit_signal
616,Jadavpur University,13,bcom,B.Com,low,KEEP_INACTIVE,low,Ambiguous generic institution/program pairing; no sufficiently strong evidence in this pass.,,legacy_seed_mapping_without_explicit_signal
616,Jadavpur University,22,bsc,B.Sc,low,KEEP_INACTIVE,low,Ambiguous generic institution/program pairing; no sufficiently strong evidence in this pass.,,legacy_seed_mapping_without_explicit_signal
616,Jadavpur University,9,bba,BBA,low,KEEP_INACTIVE,low,Ambiguous generic institution/program pairing; no sufficiently strong evidence in this pass.,,legacy_seed_mapping_without_explicit_signal
616,Jadavpur University,46,bca,BCA,low,KEEP_INACTIVE,low,Ambiguous generic institution/program pairing; no sufficiently strong evidence in this pass.,,legacy_seed_mapping_without_explicit_signal
616,Jadavpur University,7,mba,MBA,low,KEEP_INACTIVE,low,Ambiguous generic institution/program pairing; no sufficiently strong evidence in this pass.,,legacy_seed_mapping_without_explicit_signal
617,"Jagannath University, Jaipur",1,btech,B.Tech,low,KEEP_INACTIVE,low,Ambiguous generic institution/program pairing; no sufficiently strong evidence in this pass.,,legacy_seed_mapping_without_explicit_signal
617,"Jagannath University, Jaipur",2,be,B.E.,low,KEEP_INACTIVE,low,Ambiguous generic institution/program pairing; no sufficiently strong evidence in this pass.,,legacy_seed_mapping_without_explicit_signal
617,"Jagannath University, Jaipur",3,mtech,M.Tech,low,KEEP_INACTIVE,low,Ambiguous generic institution/program pairing; no sufficiently strong evidence in this pass.,,legacy_seed_mapping_without_explicit_signal
617,"Jagannath University, Jaipur",4,me,M.E.,low,KEEP_INACTIVE,low,Ambiguous generic institution/program pairing; no sufficiently strong evidence in this pass.,,legacy_seed_mapping_without_explicit_signal
618,Jagran Lakecity University,16,ba,BA,low,KEEP_INACTIVE,low,Ambiguous generic institution/program pairing; no sufficiently strong evidence in this pass.,,legacy_seed_mapping_without_explicit_signal
619,Jai Narain Vyas University,16,ba,BA,low,KEEP_INACTIVE,low,Ambiguous generic institution/program pairing; no sufficiently strong evidence in this pass.,,legacy_seed_mapping_without_explicit_signal
620,Jai Prakash University,16,ba,BA,low,KEEP_INACTIVE,low,Ambiguous generic institution/program pairing; no sufficiently strong evidence in this pass.,,legacy_seed_mapping_without_explicit_signal
621,"Jain University, Bangalore",16,ba,BA,low,KEEP_INACTIVE,low,Ambiguous generic institution/program pairing; no sufficiently strong evidence in this pass.,,legacy_seed_mapping_without_explicit_signal
621,"Jain University, Bangalore",13,bcom,B.Com,low,KEEP_INACTIVE,low,Ambiguous generic institution/program pairing; no sufficiently strong evidence in this pass.,,legacy_seed_mapping_without_explicit_signal
621,"Jain University, Bangalore",22,bsc,B.Sc,low,KEEP_INACTIVE,low,Ambiguous generic institution/program pairing; no sufficiently strong evidence in this pass.,,legacy_seed_mapping_without_explicit_signal
621,"Jain University, Bangalore",9,bba,BBA,low,KEEP_INACTIVE,low,Ambiguous generic institution/program pairing; no sufficiently strong evidence in this pass.,,legacy_seed_mapping_without_explicit_signal
621,"Jain University, Bangalore",46,bca,BCA,low,KEEP_INACTIVE,low,Ambiguous generic institution/program pairing; no sufficiently strong evidence in this pass.,,legacy_seed_mapping_without_explicit_signal
621,"Jain University, Bangalore",7,mba,MBA,low,KEEP_INACTIVE,low,Ambiguous generic institution/program pairing; no sufficiently strong evidence in this pass.,,legacy_seed_mapping_without_explicit_signal
623,Jaipur National University,1,btech,B.Tech,low,KEEP_INACTIVE,low,Ambiguous generic institution/program pairing; no sufficiently strong evidence in this pass.,,legacy_seed_mapping_without_explicit_signal
623,Jaipur National University,2,be,B.E.,low,KEEP_INACTIVE,low,Ambiguous generic institution/program pairing; no sufficiently strong evidence in this pass.,,legacy_seed_mapping_without_explicit_signal
623,Jaipur National University,3,mtech,M.Tech,low,KEEP_INACTIVE,low,Ambiguous generic institution/program pairing; no sufficiently strong evidence in this pass.,,legacy_seed_mapping_without_explicit_signal
623,Jaipur National University,4,me,M.E.,low,KEEP_INACTIVE,low,Ambiguous generic institution/program pairing; no sufficiently strong evidence in this pass.,,legacy_seed_mapping_without_explicit_signal
626,Jamia Hamdard,16,ba,BA,low,KEEP_INACTIVE,low,"Known institution, but this specific program is not supported by the reviewed source/program rule; keep inactive.",,legacy_seed_mapping_without_explicit_signal
626,Jamia Hamdard,13,bcom,B.Com,low,KEEP_INACTIVE,low,"Known institution, but this specific program is not supported by the reviewed source/program rule; keep inactive.",,legacy_seed_mapping_without_explicit_signal
626,Jamia Hamdard,22,bsc,B.Sc,low,KEEP_INACTIVE,low,"Known institution, but this specific program is not supported by the reviewed source/program rule; keep inactive.",,legacy_seed_mapping_without_explicit_signal
626,Jamia Hamdard,9,bba,BBA,low,PROMOTE,high,"Official 2026 CDOE programme page explicitly lists BBA, BCA and MBA.",https://www.jamiahamdard.ac.in/CDOE/Programme.htm,official_catalog_match
626,Jamia Hamdard,46,bca,BCA,low,PROMOTE,high,"Official 2026 CDOE programme page explicitly lists BBA, BCA and MBA.",https://www.jamiahamdard.ac.in/CDOE/Programme.htm,official_catalog_match
626,Jamia Hamdard,7,mba,MBA,low,PROMOTE,high,"Official 2026 CDOE programme page explicitly lists BBA, BCA and MBA.",https://www.jamiahamdard.ac.in/CDOE/Programme.htm,official_catalog_match
627,Jamia Millia Islamia,16,ba,BA,low,KEEP_INACTIVE,low,Ambiguous generic institution/program pairing; no sufficiently strong evidence in this pass.,,legacy_seed_mapping_without_explicit_signal
627,Jamia Millia Islamia,13,bcom,B.Com,low,KEEP_INACTIVE,low,Ambiguous generic institution/program pairing; no sufficiently strong evidence in this pass.,,legacy_seed_mapping_without_explicit_signal
627,Jamia Millia Islamia,22,bsc,B.Sc,low,KEEP_INACTIVE,low,Ambiguous generic institution/program pairing; no sufficiently strong evidence in this pass.,,legacy_seed_mapping_without_explicit_signal
627,Jamia Millia Islamia,9,bba,BBA,low,KEEP_INACTIVE,low,Ambiguous generic institution/program pairing; no sufficiently strong evidence in this pass.,,legacy_seed_mapping_without_explicit_signal
627,Jamia Millia Islamia,46,bca,BCA,low,KEEP_INACTIVE,low,Ambiguous generic institution/program pairing; no sufficiently strong evidence in this pass.,,legacy_seed_mapping_without_explicit_signal
627,Jamia Millia Islamia,7,mba,MBA,low,KEEP_INACTIVE,low,Ambiguous generic institution/program pairing; no sufficiently strong evidence in this pass.,,legacy_seed_mapping_without_explicit_signal
628,"Jamia Millia Islamia University, New Delhi",1,btech,B.Tech,low,KEEP_INACTIVE,low,"Known institution, but this specific program is not supported by the reviewed source/program rule; keep inactive.",,legacy_seed_mapping_without_explicit_signal
628,"Jamia Millia Islamia University, New Delhi",2,be,B.E.,low,KEEP_INACTIVE,low,"Known institution, but this specific program is not supported by the reviewed source/program rule; keep inactive.",,legacy_seed_mapping_without_explicit_signal
628,"Jamia Millia Islamia University, New Delhi",3,mtech,M.Tech,low,KEEP_INACTIVE,low,"Known institution, but this specific program is not supported by the reviewed source/program rule; keep inactive.",,legacy_seed_mapping_without_explicit_signal
628,"Jamia Millia Islamia University, New Delhi",4,me,M.E.,low,KEEP_INACTIVE,low,"Known institution, but this specific program is not supported by the reviewed source/program rule; keep inactive.",,legacy_seed_mapping_without_explicit_signal
629,Jamia Tul Banat Saifni,16,ba,BA,low,KEEP_INACTIVE,low,Ambiguous generic institution/program pairing; no sufficiently strong evidence in this pass.,,legacy_seed_mapping_without_explicit_signal
630,Jammu Institute of Ayurveda and Research College,28,bams,BAMS,low,PROMOTE,medium,Explicit Ayurveda institution identity is a strong programme-domain signal.,,strong_institutional_identity
635,Jawaharlal Nehru University,16,ba,BA,low,KEEP_INACTIVE,low,Ambiguous generic institution/program pairing; no sufficiently strong evidence in this pass.,,legacy_seed_mapping_without_explicit_signal
635,Jawaharlal Nehru University,13,bcom,B.Com,low,KEEP_INACTIVE,low,Ambiguous generic institution/program pairing; no sufficiently strong evidence in this pass.,,legacy_seed_mapping_without_explicit_signal
635,Jawaharlal Nehru University,22,bsc,B.Sc,low,KEEP_INACTIVE,low,Ambiguous generic institution/program pairing; no sufficiently strong evidence in this pass.,,legacy_seed_mapping_without_explicit_signal
635,Jawaharlal Nehru University,9,bba,BBA,low,KEEP_INACTIVE,low,Ambiguous generic institution/program pairing; no sufficiently strong evidence in this pass.,,legacy_seed_mapping_without_explicit_signal
635,Jawaharlal Nehru University,46,bca,BCA,low,KEEP_INACTIVE,low,Ambiguous generic institution/program pairing; no sufficiently strong evidence in this pass.,,legacy_seed_mapping_without_explicit_signal
635,Jawaharlal Nehru University,7,mba,MBA,low,KEEP_INACTIVE,low,Ambiguous generic institution/program pairing; no sufficiently strong evidence in this pass.,,legacy_seed_mapping_without_explicit_signal
638,JECRC University,1,btech,B.Tech,low,KEEP_INACTIVE,low,Ambiguous generic institution/program pairing; no sufficiently strong evidence in this pass.,,legacy_seed_mapping_without_explicit_signal
638,JECRC University,2,be,B.E.,low,KEEP_INACTIVE,low,Ambiguous generic institution/program pairing; no sufficiently strong evidence in this pass.,,legacy_seed_mapping_without_explicit_signal
638,JECRC University,3,mtech,M.Tech,low,KEEP_INACTIVE,low,Ambiguous generic institution/program pairing; no sufficiently strong evidence in this pass.,,legacy_seed_mapping_without_explicit_signal
638,JECRC University,4,me,M.E.,low,KEEP_INACTIVE,low,Ambiguous generic institution/program pairing; no sufficiently strong evidence in this pass.,,legacy_seed_mapping_without_explicit_signal
640,Jharkhand Rai University,1,btech,B.Tech,low,KEEP_INACTIVE,low,Ambiguous generic institution/program pairing; no sufficiently strong evidence in this pass.,,legacy_seed_mapping_without_explicit_signal
640,Jharkhand Rai University,2,be,B.E.,low,KEEP_INACTIVE,low,Ambiguous generic institution/program pairing; no sufficiently strong evidence in this pass.,,legacy_seed_mapping_without_explicit_signal
640,Jharkhand Rai University,3,mtech,M.Tech,low,KEEP_INACTIVE,low,Ambiguous generic institution/program pairing; no sufficiently strong evidence in this pass.,,legacy_seed_mapping_without_explicit_signal
640,Jharkhand Rai University,4,me,M.E.,low,KEEP_INACTIVE,low,Ambiguous generic institution/program pairing; no sufficiently strong evidence in this pass.,,legacy_seed_mapping_without_explicit_signal
641,JIIT Noida,16,ba,BA,low,KEEP_INACTIVE,low,Ambiguous generic institution/program pairing; no sufficiently strong evidence in this pass.,,legacy_seed_mapping_without_explicit_signal
643,Jiwaji University,16,ba,BA,low,KEEP_INACTIVE,low,Ambiguous generic institution/program pairing; no sufficiently strong evidence in this pass.,,legacy_seed_mapping_without_explicit_signal
645,JNTUH Hyderabad,16,ba,BA,low,KEEP_INACTIVE,low,Ambiguous generic institution/program pairing; no sufficiently strong evidence in this pass.,,legacy_seed_mapping_without_explicit_signal
645,JNTUH Hyderabad,13,bcom,B.Com,low,KEEP_INACTIVE,low,Ambiguous generic institution/program pairing; no sufficiently strong evidence in this pass.,,legacy_seed_mapping_without_explicit_signal
645,JNTUH Hyderabad,22,bsc,B.Sc,low,KEEP_INACTIVE,low,Ambiguous generic institution/program pairing; no sufficiently strong evidence in this pass.,,legacy_seed_mapping_without_explicit_signal
645,JNTUH Hyderabad,9,bba,BBA,low,KEEP_INACTIVE,low,Ambiguous generic institution/program pairing; no sufficiently strong evidence in this pass.,,legacy_seed_mapping_without_explicit_signal
645,JNTUH Hyderabad,46,bca,BCA,low,KEEP_INACTIVE,low,Ambiguous generic institution/program pairing; no sufficiently strong evidence in this pass.,,legacy_seed_mapping_without_explicit_signal
645,JNTUH Hyderabad,7,mba,MBA,low,KEEP_INACTIVE,low,Ambiguous generic institution/program pairing; no sufficiently strong evidence in this pass.,,legacy_seed_mapping_without_explicit_signal
650,JUIT Waknaghat,16,ba,BA,low,KEEP_INACTIVE,low,Ambiguous generic institution/program pairing; no sufficiently strong evidence in this pass.,,legacy_seed_mapping_without_explicit_signal
651,K L University,1,btech,B.Tech,low,KEEP_INACTIVE,low,Ambiguous generic institution/program pairing; no sufficiently strong evidence in this pass.,,legacy_seed_mapping_without_explicit_signal
651,K L University,2,be,B.E.,low,KEEP_INACTIVE,low,Ambiguous generic institution/program pairing; no sufficiently strong evidence in this pass.,,legacy_seed_mapping_without_explicit_signal
651,K L University,3,mtech,M.Tech,low,KEEP_INACTIVE,low,Ambiguous generic institution/program pairing; no sufficiently strong evidence in this pass.,,legacy_seed_mapping_without_explicit_signal
651,K L University,4,me,M.E.,low,KEEP_INACTIVE,low,Ambiguous generic institution/program pairing; no sufficiently strong evidence in this pass.,,legacy_seed_mapping_without_explicit_signal
653,K.R. Mangalam University,16,ba,BA,low,KEEP_INACTIVE,low,Ambiguous generic institution/program pairing; no sufficiently strong evidence in this pass.,,legacy_seed_mapping_without_explicit_signal
659,Kamla Nehru College for Women,16,ba,BA,low,KEEP_INACTIVE,low,Ambiguous generic institution/program pairing; no sufficiently strong evidence in this pass.,,legacy_seed_mapping_without_explicit_signal
660,Kanya Mahavidyalaya,16,ba,BA,low,KEEP_INACTIVE,low,Ambiguous generic institution/program pairing; no sufficiently strong evidence in this pass.,,legacy_seed_mapping_without_explicit_signal
667,Kaziranga University,1,btech,B.Tech,low,KEEP_INACTIVE,low,Ambiguous generic institution/program pairing; no sufficiently strong evidence in this pass.,,legacy_seed_mapping_without_explicit_signal
667,Kaziranga University,2,be,B.E.,low,KEEP_INACTIVE,low,Ambiguous generic institution/program pairing; no sufficiently strong evidence in this pass.,,legacy_seed_mapping_without_explicit_signal
667,Kaziranga University,3,mtech,M.Tech,low,KEEP_INACTIVE,low,Ambiguous generic institution/program pairing; no sufficiently strong evidence in this pass.,,legacy_seed_mapping_without_explicit_signal
667,Kaziranga University,4,me,M.E.,low,KEEP_INACTIVE,low,Ambiguous generic institution/program pairing; no sufficiently strong evidence in this pass.,,legacy_seed_mapping_without_explicit_signal
668,KC Group of Institutions,16,ba,BA,low,KEEP_INACTIVE,low,Ambiguous generic institution/program pairing; no sufficiently strong evidence in this pass.,,legacy_seed_mapping_without_explicit_signal
670,Kerala University,16,ba,BA,low,KEEP_INACTIVE,low,Ambiguous generic institution/program pairing; no sufficiently strong evidence in this pass.,,legacy_seed_mapping_without_explicit_signal
670,Kerala University,13,bcom,B.Com,low,KEEP_INACTIVE,low,Ambiguous generic institution/program pairing; no sufficiently strong evidence in this pass.,,legacy_seed_mapping_without_explicit_signal
670,Kerala University,22,bsc,B.Sc,low,KEEP_INACTIVE,low,Ambiguous generic institution/program pairing; no sufficiently strong evidence in this pass.,,legacy_seed_mapping_without_explicit_signal
670,Kerala University,9,bba,BBA,low,KEEP_INACTIVE,low,Ambiguous generic institution/program pairing; no sufficiently strong evidence in this pass.,,legacy_seed_mapping_without_explicit_signal
670,Kerala University,46,bca,BCA,low,KEEP_INACTIVE,low,Ambiguous generic institution/program pairing; no sufficiently strong evidence in this pass.,,legacy_seed_mapping_without_explicit_signal
670,Kerala University,7,mba,MBA,low,KEEP_INACTIVE,low,Ambiguous generic institution/program pairing; no sufficiently strong evidence in this pass.,,legacy_seed_mapping_without_explicit_signal
672,Khalsa College,16,ba,BA,low,KEEP_INACTIVE,low,Ambiguous generic institution/program pairing; no sufficiently strong evidence in this pass.,,legacy_seed_mapping_without_explicit_signal
674,KIET Group of Institutions,16,ba,BA,low,KEEP_INACTIVE,low,Ambiguous generic institution/program pairing; no sufficiently strong evidence in this pass.,,legacy_seed_mapping_without_explicit_signal
675,KIIT University Bhubaneswar,16,ba,BA,low,KEEP_INACTIVE,low,Ambiguous generic institution/program pairing; no sufficiently strong evidence in this pass.,,legacy_seed_mapping_without_explicit_signal
680,KL University Vijayawada,16,ba,BA,low,KEEP_INACTIVE,low,Ambiguous generic institution/program pairing; no sufficiently strong evidence in this pass.,,legacy_seed_mapping_without_explicit_signal
687,Krea University,16,ba,BA,low,KEEP_INACTIVE,low,Ambiguous generic institution/program pairing; no sufficiently strong evidence in this pass.,,legacy_seed_mapping_without_explicit_signal
691,Kurukshetra University,16,ba,BA,low,KEEP_INACTIVE,low,Ambiguous generic institution/program pairing; no sufficiently strong evidence in this pass.,,legacy_seed_mapping_without_explicit_signal
696,Langat Singh College,16,ba,BA,low,KEEP_INACTIVE,low,Ambiguous generic institution/program pairing; no sufficiently strong evidence in this pass.,,legacy_seed_mapping_without_explicit_signal
698,"Lingaya's Vidyapeeth, Faridabad",1,btech,B.Tech,low,KEEP_INACTIVE,low,Ambiguous generic institution/program pairing; no sufficiently strong evidence in this pass.,,legacy_seed_mapping_without_explicit_signal
698,"Lingaya's Vidyapeeth, Faridabad",2,be,B.E.,low,KEEP_INACTIVE,low,Ambiguous generic institution/program pairing; no sufficiently strong evidence in this pass.,,legacy_seed_mapping_without_explicit_signal
698,"Lingaya's Vidyapeeth, Faridabad",3,mtech,M.Tech,low,KEEP_INACTIVE,low,Ambiguous generic institution/program pairing; no sufficiently strong evidence in this pass.,,legacy_seed_mapping_without_explicit_signal
698,"Lingaya's Vidyapeeth, Faridabad",4,me,M.E.,low,KEEP_INACTIVE,low,Ambiguous generic institution/program pairing; no sufficiently strong evidence in this pass.,,legacy_seed_mapping_without_explicit_signal
699,LJ University,16,ba,BA,low,KEEP_INACTIVE,low,Ambiguous generic institution/program pairing; no sufficiently strong evidence in this pass.,,legacy_seed_mapping_without_explicit_signal
703,LNCT University,16,ba,BA,low,KEEP_INACTIVE,low,Ambiguous generic institution/program pairing; no sufficiently strong evidence in this pass.,,legacy_seed_mapping_without_explicit_signal
706,Lovely Professional University,16,ba,BA,low,PROMOTE,high,"Official LPU programme catalogue supports BA, B.Com, B.Sc, BBA, BCA; official MBA page supports MBA.",https://www.lpude.in/lp_de.aspx?type=PK1,official_catalog_match
706,Lovely Professional University,13,bcom,B.Com,low,PROMOTE,high,"Official LPU programme catalogue supports BA, B.Com, B.Sc, BBA, BCA; official MBA page supports MBA.",https://www.lpude.in/lp_de.aspx?type=PK1,official_catalog_match
706,Lovely Professional University,22,bsc,B.Sc,low,PROMOTE,high,"Official LPU programme catalogue supports BA, B.Com, B.Sc, BBA, BCA; official MBA page supports MBA.",https://www.lpude.in/lp_de.aspx?type=PK1,official_catalog_match
706,Lovely Professional University,9,bba,BBA,low,PROMOTE,high,"Official LPU programme catalogue supports BA, B.Com, B.Sc, BBA, BCA; official MBA page supports MBA.",https://www.lpude.in/lp_de.aspx?type=PK1,official_catalog_match
706,Lovely Professional University,46,bca,BCA,low,PROMOTE,high,"Official LPU programme catalogue supports BA, B.Com, B.Sc, BBA, BCA; official MBA page supports MBA.",https://www.lpude.in/lp_de.aspx?type=PK1,official_catalog_match
706,Lovely Professional University,7,mba,MBA,low,PROMOTE,high,"Official LPU programme catalogue supports BA, B.Com, B.Sc, BBA, BCA; official MBA page supports MBA.",https://www.lpude.in/lp_de.aspx?type=PK1,official_catalog_match
707,LPU Online,16,ba,BA,low,KEEP_INACTIVE,low,Ambiguous generic institution/program pairing; no sufficiently strong evidence in this pass.,,legacy_seed_mapping_without_explicit_signal
708,LR Group of Institutes,16,ba,BA,low,KEEP_INACTIVE,low,Ambiguous generic institution/program pairing; no sufficiently strong evidence in this pass.,,legacy_seed_mapping_without_explicit_signal
712,Madhav University,1,btech,B.Tech,low,KEEP_INACTIVE,low,Ambiguous generic institution/program pairing; no sufficiently strong evidence in this pass.,,legacy_seed_mapping_without_explicit_signal
712,Madhav University,2,be,B.E.,low,KEEP_INACTIVE,low,Ambiguous generic institution/program pairing; no sufficiently strong evidence in this pass.,,legacy_seed_mapping_without_explicit_signal
712,Madhav University,3,mtech,M.Tech,low,KEEP_INACTIVE,low,Ambiguous generic institution/program pairing; no sufficiently strong evidence in this pass.,,legacy_seed_mapping_without_explicit_signal
712,Madhav University,4,me,M.E.,low,KEEP_INACTIVE,low,Ambiguous generic institution/program pairing; no sufficiently strong evidence in this pass.,,legacy_seed_mapping_without_explicit_signal
714,Madurai Kamaraj University,16,ba,BA,low,KEEP_INACTIVE,low,Ambiguous generic institution/program pairing; no sufficiently strong evidence in this pass.,,legacy_seed_mapping_without_explicit_signal
714,Madurai Kamaraj University,13,bcom,B.Com,low,KEEP_INACTIVE,low,Ambiguous generic institution/program pairing; no sufficiently strong evidence in this pass.,,legacy_seed_mapping_without_explicit_signal
714,Madurai Kamaraj University,22,bsc,B.Sc,low,KEEP_INACTIVE,low,Ambiguous generic institution/program pairing; no sufficiently strong evidence in this pass.,,legacy_seed_mapping_without_explicit_signal
714,Madurai Kamaraj University,9,bba,BBA,low,KEEP_INACTIVE,low,Ambiguous generic institution/program pairing; no sufficiently strong evidence in this pass.,,legacy_seed_mapping_without_explicit_signal
714,Madurai Kamaraj University,46,bca,BCA,low,KEEP_INACTIVE,low,Ambiguous generic institution/program pairing; no sufficiently strong evidence in this pass.,,legacy_seed_mapping_without_explicit_signal
714,Madurai Kamaraj University,7,mba,MBA,low,KEEP_INACTIVE,low,Ambiguous generic institution/program pairing; no sufficiently strong evidence in this pass.,,legacy_seed_mapping_without_explicit_signal
715,Maharaja Agrasen Himalayan Garhwal University,16,ba,BA,low,KEEP_INACTIVE,low,Ambiguous generic institution/program pairing; no sufficiently strong evidence in this pass.,,legacy_seed_mapping_without_explicit_signal
716,Maharaja Agrasen University,16,ba,BA,low,KEEP_INACTIVE,low,Ambiguous generic institution/program pairing; no sufficiently strong evidence in this pass.,,legacy_seed_mapping_without_explicit_signal
717,"Maharaja Ranjit Singh Punjab Technical University, Bathinda",1,btech,B.Tech,low,PROMOTE,medium,Official MRSPTU materials support M.Tech and B.Tech in the university/constituent-college programme ecosystem.,https://www.mrsptu.ac.in/courses.php?cname=M.tech,official_catalog_match
717,"Maharaja Ranjit Singh Punjab Technical University, Bathinda",2,be,B.E.,low,KEEP_INACTIVE,low,"Known institution, but this specific program is not supported by the reviewed source/program rule; keep inactive.",,legacy_seed_mapping_without_explicit_signal
717,"Maharaja Ranjit Singh Punjab Technical University, Bathinda",3,mtech,M.Tech,low,PROMOTE,medium,Official MRSPTU materials support M.Tech and B.Tech in the university/constituent-college programme ecosystem.,https://www.mrsptu.ac.in/courses.php?cname=M.tech,official_catalog_match
717,"Maharaja Ranjit Singh Punjab Technical University, Bathinda",4,me,M.E.,low,KEEP_INACTIVE,low,"Known institution, but this specific program is not supported by the reviewed source/program rule; keep inactive.",,legacy_seed_mapping_without_explicit_signal
718,Maharaja Sayajirao University of Baroda,16,ba,BA,low,KEEP_INACTIVE,low,Ambiguous generic institution/program pairing; no sufficiently strong evidence in this pass.,,legacy_seed_mapping_without_explicit_signal
720,Maharana Pratap Government College,16,ba,BA,low,KEEP_INACTIVE,low,Ambiguous generic institution/program pairing; no sufficiently strong evidence in this pass.,,legacy_seed_mapping_without_explicit_signal
723,Maharishi Markandeshwar (Deemed to be University),16,ba,BA,low,KEEP_INACTIVE,low,Ambiguous generic institution/program pairing; no sufficiently strong evidence in this pass.,,legacy_seed_mapping_without_explicit_signal
723,Maharishi Markandeshwar (Deemed to be University),13,bcom,B.Com,low,KEEP_INACTIVE,low,Ambiguous generic institution/program pairing; no sufficiently strong evidence in this pass.,,legacy_seed_mapping_without_explicit_signal
723,Maharishi Markandeshwar (Deemed to be University),22,bsc,B.Sc,low,KEEP_INACTIVE,low,Ambiguous generic institution/program pairing; no sufficiently strong evidence in this pass.,,legacy_seed_mapping_without_explicit_signal
723,Maharishi Markandeshwar (Deemed to be University),9,bba,BBA,low,KEEP_INACTIVE,low,Ambiguous generic institution/program pairing; no sufficiently strong evidence in this pass.,,legacy_seed_mapping_without_explicit_signal
723,Maharishi Markandeshwar (Deemed to be University),46,bca,BCA,low,KEEP_INACTIVE,low,Ambiguous generic institution/program pairing; no sufficiently strong evidence in this pass.,,legacy_seed_mapping_without_explicit_signal
723,Maharishi Markandeshwar (Deemed to be University),7,mba,MBA,low,KEEP_INACTIVE,low,Ambiguous generic institution/program pairing; no sufficiently strong evidence in this pass.,,legacy_seed_mapping_without_explicit_signal
724,Maharshi Dayanand University,16,ba,BA,low,KEEP_INACTIVE,low,Ambiguous generic institution/program pairing; no sufficiently strong evidence in this pass.,,legacy_seed_mapping_without_explicit_signal
728,Mahatma Gandhi University,16,ba,BA,low,KEEP_INACTIVE,low,Ambiguous generic institution/program pairing; no sufficiently strong evidence in this pass.,,legacy_seed_mapping_without_explicit_signal
728,Mahatma Gandhi University,13,bcom,B.Com,low,KEEP_INACTIVE,low,Ambiguous generic institution/program pairing; no sufficiently strong evidence in this pass.,,legacy_seed_mapping_without_explicit_signal
728,Mahatma Gandhi University,22,bsc,B.Sc,low,KEEP_INACTIVE,low,Ambiguous generic institution/program pairing; no sufficiently strong evidence in this pass.,,legacy_seed_mapping_without_explicit_signal
728,Mahatma Gandhi University,9,bba,BBA,low,KEEP_INACTIVE,low,Ambiguous generic institution/program pairing; no sufficiently strong evidence in this pass.,,legacy_seed_mapping_without_explicit_signal
728,Mahatma Gandhi University,46,bca,BCA,low,KEEP_INACTIVE,low,Ambiguous generic institution/program pairing; no sufficiently strong evidence in this pass.,,legacy_seed_mapping_without_explicit_signal
728,Mahatma Gandhi University,7,mba,MBA,low,KEEP_INACTIVE,low,Ambiguous generic institution/program pairing; no sufficiently strong evidence in this pass.,,legacy_seed_mapping_without_explicit_signal
729,Mahatma Jyotiba Phule Rohilkhand University,16,ba,BA,low,KEEP_INACTIVE,low,Ambiguous generic institution/program pairing; no sufficiently strong evidence in this pass.,,legacy_seed_mapping_without_explicit_signal
730,"Mahindra University, Hyderabad",1,btech,B.Tech,low,KEEP_INACTIVE,low,Ambiguous generic institution/program pairing; no sufficiently strong evidence in this pass.,,legacy_seed_mapping_without_explicit_signal
730,"Mahindra University, Hyderabad",2,be,B.E.,low,KEEP_INACTIVE,low,Ambiguous generic institution/program pairing; no sufficiently strong evidence in this pass.,,legacy_seed_mapping_without_explicit_signal
730,"Mahindra University, Hyderabad",3,mtech,M.Tech,low,KEEP_INACTIVE,low,Ambiguous generic institution/program pairing; no sufficiently strong evidence in this pass.,,legacy_seed_mapping_without_explicit_signal
730,"Mahindra University, Hyderabad",4,me,M.E.,low,KEEP_INACTIVE,low,Ambiguous generic institution/program pairing; no sufficiently strong evidence in this pass.,,legacy_seed_mapping_without_explicit_signal
734,Manav Bharti University,16,ba,BA,low,KEEP_INACTIVE,low,Ambiguous generic institution/program pairing; no sufficiently strong evidence in this pass.,,legacy_seed_mapping_without_explicit_signal
735,Manav Rachna International Institute Of Research And,1,btech,B.Tech,low,KEEP_INACTIVE,low,Engineering-family mapping conflicts with a non-engineering/research/training domain signal.,,legacy_seed_mapping_without_explicit_signal
735,Manav Rachna International Institute Of Research And,2,be,B.E.,low,KEEP_INACTIVE,low,Engineering-family mapping conflicts with a non-engineering/research/training domain signal.,,legacy_seed_mapping_without_explicit_signal
735,Manav Rachna International Institute Of Research And,3,mtech,M.Tech,low,KEEP_INACTIVE,low,Engineering-family mapping conflicts with a non-engineering/research/training domain signal.,,legacy_seed_mapping_without_explicit_signal
735,Manav Rachna International Institute Of Research And,4,me,M.E.,low,KEEP_INACTIVE,low,Engineering-family mapping conflicts with a non-engineering/research/training domain signal.,,legacy_seed_mapping_without_explicit_signal
736,Manav Rachna International Institute of Research and Studies,16,ba,BA,low,KEEP_INACTIVE,low,Ambiguous generic institution/program pairing; no sufficiently strong evidence in this pass.,,legacy_seed_mapping_without_explicit_signal
736,Manav Rachna International Institute of Research and Studies,13,bcom,B.Com,low,KEEP_INACTIVE,low,Ambiguous generic institution/program pairing; no sufficiently strong evidence in this pass.,,legacy_seed_mapping_without_explicit_signal
736,Manav Rachna International Institute of Research and Studies,22,bsc,B.Sc,low,KEEP_INACTIVE,low,Ambiguous generic institution/program pairing; no sufficiently strong evidence in this pass.,,legacy_seed_mapping_without_explicit_signal
736,Manav Rachna International Institute of Research and Studies,9,bba,BBA,low,KEEP_INACTIVE,low,Ambiguous generic institution/program pairing; no sufficiently strong evidence in this pass.,,legacy_seed_mapping_without_explicit_signal
736,Manav Rachna International Institute of Research and Studies,46,bca,BCA,low,KEEP_INACTIVE,low,Ambiguous generic institution/program pairing; no sufficiently strong evidence in this pass.,,legacy_seed_mapping_without_explicit_signal
736,Manav Rachna International Institute of Research and Studies,7,mba,MBA,low,KEEP_INACTIVE,low,Ambiguous generic institution/program pairing; no sufficiently strong evidence in this pass.,,legacy_seed_mapping_without_explicit_signal
737,Manav Rachna University,1,btech,B.Tech,low,KEEP_INACTIVE,low,Ambiguous generic institution/program pairing; no sufficiently strong evidence in this pass.,,legacy_seed_mapping_without_explicit_signal
737,Manav Rachna University,2,be,B.E.,low,KEEP_INACTIVE,low,Ambiguous generic institution/program pairing; no sufficiently strong evidence in this pass.,,legacy_seed_mapping_without_explicit_signal
737,Manav Rachna University,3,mtech,M.Tech,low,KEEP_INACTIVE,low,Ambiguous generic institution/program pairing; no sufficiently strong evidence in this pass.,,legacy_seed_mapping_without_explicit_signal
737,Manav Rachna University,4,me,M.E.,low,KEEP_INACTIVE,low,Ambiguous generic institution/program pairing; no sufficiently strong evidence in this pass.,,legacy_seed_mapping_without_explicit_signal
742,Manipal University,16,ba,BA,low,KEEP_INACTIVE,low,Ambiguous generic institution/program pairing; no sufficiently strong evidence in this pass.,,legacy_seed_mapping_without_explicit_signal
743,"Manipal University, Jaipur",16,ba,BA,low,PROMOTE,high,Official MUJ programme catalogue explicitly lists the mapped programme families.,https://jaipur.manipal.edu/,official_catalog_match
743,"Manipal University, Jaipur",13,bcom,B.Com,low,PROMOTE,high,Official MUJ programme catalogue explicitly lists the mapped programme families.,https://jaipur.manipal.edu/,official_catalog_match
743,"Manipal University, Jaipur",22,bsc,B.Sc,low,PROMOTE,high,Official MUJ programme catalogue explicitly lists the mapped programme families.,https://jaipur.manipal.edu/,official_catalog_match
743,"Manipal University, Jaipur",9,bba,BBA,low,PROMOTE,high,Official MUJ programme catalogue explicitly lists the mapped programme families.,https://jaipur.manipal.edu/,official_catalog_match
743,"Manipal University, Jaipur",46,bca,BCA,low,PROMOTE,high,Official MUJ programme catalogue explicitly lists the mapped programme families.,https://jaipur.manipal.edu/,official_catalog_match
743,"Manipal University, Jaipur",7,mba,MBA,low,PROMOTE,high,Official MUJ programme catalogue explicitly lists the mapped programme families.,https://jaipur.manipal.edu/,official_catalog_match
744,Manipur Technical University,1,btech,B.Tech,low,PROMOTE,medium,Explicit technical-university identity; promoted conservatively.,,strong_institutional_identity
744,Manipur Technical University,2,be,B.E.,low,KEEP_INACTIVE,low,"Known institution, but this specific program is not supported by the reviewed source/program rule; keep inactive.",,legacy_seed_mapping_without_explicit_signal
744,Manipur Technical University,3,mtech,M.Tech,low,PROMOTE,medium,Explicit technical-university identity; promoted conservatively.,,strong_institutional_identity
744,Manipur Technical University,4,me,M.E.,low,KEEP_INACTIVE,low,"Known institution, but this specific program is not supported by the reviewed source/program rule; keep inactive.",,legacy_seed_mapping_without_explicit_signal
745,Manipur University,1,btech,B.Tech,low,KEEP_INACTIVE,low,Ambiguous generic institution/program pairing; no sufficiently strong evidence in this pass.,,legacy_seed_mapping_without_explicit_signal
745,Manipur University,2,be,B.E.,low,KEEP_INACTIVE,low,Ambiguous generic institution/program pairing; no sufficiently strong evidence in this pass.,,legacy_seed_mapping_without_explicit_signal
745,Manipur University,3,mtech,M.Tech,low,KEEP_INACTIVE,low,Ambiguous generic institution/program pairing; no sufficiently strong evidence in this pass.,,legacy_seed_mapping_without_explicit_signal
745,Manipur University,4,me,M.E.,low,KEEP_INACTIVE,low,Ambiguous generic institution/program pairing; no sufficiently strong evidence in this pass.,,legacy_seed_mapping_without_explicit_signal
746,"Manonmaniam Sundaranar University, Tirunelveli",16,ba,BA,low,KEEP_INACTIVE,low,Ambiguous generic institution/program pairing; no sufficiently strong evidence in this pass.,,legacy_seed_mapping_without_explicit_signal
746,"Manonmaniam Sundaranar University, Tirunelveli",13,bcom,B.Com,low,KEEP_INACTIVE,low,Ambiguous generic institution/program pairing; no sufficiently strong evidence in this pass.,,legacy_seed_mapping_without_explicit_signal
746,"Manonmaniam Sundaranar University, Tirunelveli",22,bsc,B.Sc,low,KEEP_INACTIVE,low,Ambiguous generic institution/program pairing; no sufficiently strong evidence in this pass.,,legacy_seed_mapping_without_explicit_signal
746,"Manonmaniam Sundaranar University, Tirunelveli",9,bba,BBA,low,KEEP_INACTIVE,low,Ambiguous generic institution/program pairing; no sufficiently strong evidence in this pass.,,legacy_seed_mapping_without_explicit_signal
746,"Manonmaniam Sundaranar University, Tirunelveli",46,bca,BCA,low,KEEP_INACTIVE,low,Ambiguous generic institution/program pairing; no sufficiently strong evidence in this pass.,,legacy_seed_mapping_without_explicit_signal
746,"Manonmaniam Sundaranar University, Tirunelveli",7,mba,MBA,low,KEEP_INACTIVE,low,Ambiguous generic institution/program pairing; no sufficiently strong evidence in this pass.,,legacy_seed_mapping_without_explicit_signal
749,Marwari College,16,ba,BA,low,KEEP_INACTIVE,low,Ambiguous generic institution/program pairing; no sufficiently strong evidence in this pass.,,legacy_seed_mapping_without_explicit_signal
752,Masters' Union,16,ba,BA,low,KEEP_INACTIVE,low,Ambiguous generic institution/program pairing; no sufficiently strong evidence in this pass.,,legacy_seed_mapping_without_explicit_signal
754,Mata Gujri University,16,ba,BA,low,KEEP_INACTIVE,low,Ambiguous generic institution/program pairing; no sufficiently strong evidence in this pass.,,legacy_seed_mapping_without_explicit_signal
759,Maya Devi University,16,ba,BA,low,KEEP_INACTIVE,low,Ambiguous generic institution/program pairing; no sufficiently strong evidence in this pass.,,legacy_seed_mapping_without_explicit_signal
762,MDI Gurgaon,16,ba,BA,low,KEEP_INACTIVE,low,Ambiguous generic institution/program pairing; no sufficiently strong evidence in this pass.,,legacy_seed_mapping_without_explicit_signal
765,Mehr Chand Mahajan Dayanand Anglo Vedic College for Women,16,ba,BA,low,KEEP_INACTIVE,low,Ambiguous generic institution/program pairing; no sufficiently strong evidence in this pass.,,legacy_seed_mapping_without_explicit_signal
767,MICA Ahmedabad,16,ba,BA,low,KEEP_INACTIVE,low,Ambiguous generic institution/program pairing; no sufficiently strong evidence in this pass.,,legacy_seed_mapping_without_explicit_signal
769,"MIT University, Shillong",1,btech,B.Tech,low,KEEP_INACTIVE,low,Ambiguous generic institution/program pairing; no sufficiently strong evidence in this pass.,,legacy_seed_mapping_without_explicit_signal
769,"MIT University, Shillong",2,be,B.E.,low,KEEP_INACTIVE,low,Ambiguous generic institution/program pairing; no sufficiently strong evidence in this pass.,,legacy_seed_mapping_without_explicit_signal
769,"MIT University, Shillong",3,mtech,M.Tech,low,KEEP_INACTIVE,low,Ambiguous generic institution/program pairing; no sufficiently strong evidence in this pass.,,legacy_seed_mapping_without_explicit_signal
769,"MIT University, Shillong",4,me,M.E.,low,KEEP_INACTIVE,low,Ambiguous generic institution/program pairing; no sufficiently strong evidence in this pass.,,legacy_seed_mapping_without_explicit_signal
770,MIT World Peace University,1,btech,B.Tech,low,KEEP_INACTIVE,low,Ambiguous generic institution/program pairing; no sufficiently strong evidence in this pass.,,legacy_seed_mapping_without_explicit_signal
770,MIT World Peace University,2,be,B.E.,low,KEEP_INACTIVE,low,Ambiguous generic institution/program pairing; no sufficiently strong evidence in this pass.,,legacy_seed_mapping_without_explicit_signal
770,MIT World Peace University,3,mtech,M.Tech,low,KEEP_INACTIVE,low,Ambiguous generic institution/program pairing; no sufficiently strong evidence in this pass.,,legacy_seed_mapping_without_explicit_signal
770,MIT World Peace University,4,me,M.E.,low,KEEP_INACTIVE,low,Ambiguous generic institution/program pairing; no sufficiently strong evidence in this pass.,,legacy_seed_mapping_without_explicit_signal
772,Mizoram University,16,ba,BA,low,KEEP_INACTIVE,low,Ambiguous generic institution/program pairing; no sufficiently strong evidence in this pass.,,legacy_seed_mapping_without_explicit_signal
772,Mizoram University,13,bcom,B.Com,low,KEEP_INACTIVE,low,Ambiguous generic institution/program pairing; no sufficiently strong evidence in this pass.,,legacy_seed_mapping_without_explicit_signal
772,Mizoram University,22,bsc,B.Sc,low,KEEP_INACTIVE,low,Ambiguous generic institution/program pairing; no sufficiently strong evidence in this pass.,,legacy_seed_mapping_without_explicit_signal
772,Mizoram University,9,bba,BBA,low,KEEP_INACTIVE,low,Ambiguous generic institution/program pairing; no sufficiently strong evidence in this pass.,,legacy_seed_mapping_without_explicit_signal
772,Mizoram University,46,bca,BCA,low,KEEP_INACTIVE,low,Ambiguous generic institution/program pairing; no sufficiently strong evidence in this pass.,,legacy_seed_mapping_without_explicit_signal
772,Mizoram University,7,mba,MBA,low,KEEP_INACTIVE,low,Ambiguous generic institution/program pairing; no sufficiently strong evidence in this pass.,,legacy_seed_mapping_without_explicit_signal
777,Modern Vidya Niketan,1,btech,B.Tech,low,KEEP_INACTIVE,low,Ambiguous generic institution/program pairing; no sufficiently strong evidence in this pass.,,legacy_seed_mapping_without_explicit_signal
777,Modern Vidya Niketan,2,be,B.E.,low,KEEP_INACTIVE,low,Ambiguous generic institution/program pairing; no sufficiently strong evidence in this pass.,,legacy_seed_mapping_without_explicit_signal
777,Modern Vidya Niketan,3,mtech,M.Tech,low,KEEP_INACTIVE,low,Ambiguous generic institution/program pairing; no sufficiently strong evidence in this pass.,,legacy_seed_mapping_without_explicit_signal
777,Modern Vidya Niketan,4,me,M.E.,low,KEEP_INACTIVE,low,Ambiguous generic institution/program pairing; no sufficiently strong evidence in this pass.,,legacy_seed_mapping_without_explicit_signal
778,Mody University,16,ba,BA,low,KEEP_INACTIVE,low,Ambiguous generic institution/program pairing; no sufficiently strong evidence in this pass.,,legacy_seed_mapping_without_explicit_signal
779,"Monad University, Hapur",1,btech,B.Tech,low,KEEP_INACTIVE,low,Ambiguous generic institution/program pairing; no sufficiently strong evidence in this pass.,,legacy_seed_mapping_without_explicit_signal
779,"Monad University, Hapur",2,be,B.E.,low,KEEP_INACTIVE,low,Ambiguous generic institution/program pairing; no sufficiently strong evidence in this pass.,,legacy_seed_mapping_without_explicit_signal
779,"Monad University, Hapur",3,mtech,M.Tech,low,KEEP_INACTIVE,low,Ambiguous generic institution/program pairing; no sufficiently strong evidence in this pass.,,legacy_seed_mapping_without_explicit_signal
779,"Monad University, Hapur",4,me,M.E.,low,KEEP_INACTIVE,low,Ambiguous generic institution/program pairing; no sufficiently strong evidence in this pass.,,legacy_seed_mapping_without_explicit_signal
780,"Morph Academy, Chandigarh",1,btech,B.Tech,low,KEEP_INACTIVE,low,Ambiguous generic institution/program pairing; no sufficiently strong evidence in this pass.,,legacy_seed_mapping_without_explicit_signal
780,"Morph Academy, Chandigarh",2,be,B.E.,low,KEEP_INACTIVE,low,Ambiguous generic institution/program pairing; no sufficiently strong evidence in this pass.,,legacy_seed_mapping_without_explicit_signal
780,"Morph Academy, Chandigarh",3,mtech,M.Tech,low,KEEP_INACTIVE,low,Ambiguous generic institution/program pairing; no sufficiently strong evidence in this pass.,,legacy_seed_mapping_without_explicit_signal
780,"Morph Academy, Chandigarh",4,me,M.E.,low,KEEP_INACTIVE,low,Ambiguous generic institution/program pairing; no sufficiently strong evidence in this pass.,,legacy_seed_mapping_without_explicit_signal
781,MotherHood University,16,ba,BA,low,KEEP_INACTIVE,low,Ambiguous generic institution/program pairing; no sufficiently strong evidence in this pass.,,legacy_seed_mapping_without_explicit_signal
782,"MotherHood University, Roorkee",1,btech,B.Tech,low,KEEP_INACTIVE,low,Ambiguous generic institution/program pairing; no sufficiently strong evidence in this pass.,,legacy_seed_mapping_without_explicit_signal
782,"MotherHood University, Roorkee",2,be,B.E.,low,KEEP_INACTIVE,low,Ambiguous generic institution/program pairing; no sufficiently strong evidence in this pass.,,legacy_seed_mapping_without_explicit_signal
782,"MotherHood University, Roorkee",3,mtech,M.Tech,low,KEEP_INACTIVE,low,Ambiguous generic institution/program pairing; no sufficiently strong evidence in this pass.,,legacy_seed_mapping_without_explicit_signal
782,"MotherHood University, Roorkee",4,me,M.E.,low,KEEP_INACTIVE,low,Ambiguous generic institution/program pairing; no sufficiently strong evidence in this pass.,,legacy_seed_mapping_without_explicit_signal
785,Motilal Nehru College (Evening),16,ba,BA,low,KEEP_INACTIVE,low,Ambiguous generic institution/program pairing; no sufficiently strong evidence in this pass.,,legacy_seed_mapping_without_explicit_signal
787,Mount Carmel College,16,ba,BA,low,KEEP_INACTIVE,low,Ambiguous generic institution/program pairing; no sufficiently strong evidence in this pass.,,legacy_seed_mapping_without_explicit_signal
790,Mumbai University,16,ba,BA,low,KEEP_INACTIVE,low,Ambiguous generic institution/program pairing; no sufficiently strong evidence in this pass.,,legacy_seed_mapping_without_explicit_signal
790,Mumbai University,13,bcom,B.Com,low,KEEP_INACTIVE,low,Ambiguous generic institution/program pairing; no sufficiently strong evidence in this pass.,,legacy_seed_mapping_without_explicit_signal
790,Mumbai University,22,bsc,B.Sc,low,KEEP_INACTIVE,low,Ambiguous generic institution/program pairing; no sufficiently strong evidence in this pass.,,legacy_seed_mapping_without_explicit_signal
790,Mumbai University,9,bba,BBA,low,KEEP_INACTIVE,low,Ambiguous generic institution/program pairing; no sufficiently strong evidence in this pass.,,legacy_seed_mapping_without_explicit_signal
790,Mumbai University,46,bca,BCA,low,KEEP_INACTIVE,low,Ambiguous generic institution/program pairing; no sufficiently strong evidence in this pass.,,legacy_seed_mapping_without_explicit_signal
790,Mumbai University,7,mba,MBA,low,KEEP_INACTIVE,low,Ambiguous generic institution/program pairing; no sufficiently strong evidence in this pass.,,legacy_seed_mapping_without_explicit_signal
792,Mysore University,16,ba,BA,low,KEEP_INACTIVE,low,Ambiguous generic institution/program pairing; no sufficiently strong evidence in this pass.,,legacy_seed_mapping_without_explicit_signal
792,Mysore University,13,bcom,B.Com,low,KEEP_INACTIVE,low,Ambiguous generic institution/program pairing; no sufficiently strong evidence in this pass.,,legacy_seed_mapping_without_explicit_signal
792,Mysore University,22,bsc,B.Sc,low,KEEP_INACTIVE,low,Ambiguous generic institution/program pairing; no sufficiently strong evidence in this pass.,,legacy_seed_mapping_without_explicit_signal
792,Mysore University,9,bba,BBA,low,KEEP_INACTIVE,low,Ambiguous generic institution/program pairing; no sufficiently strong evidence in this pass.,,legacy_seed_mapping_without_explicit_signal
792,Mysore University,46,bca,BCA,low,KEEP_INACTIVE,low,Ambiguous generic institution/program pairing; no sufficiently strong evidence in this pass.,,legacy_seed_mapping_without_explicit_signal
792,Mysore University,7,mba,MBA,low,KEEP_INACTIVE,low,Ambiguous generic institution/program pairing; no sufficiently strong evidence in this pass.,,legacy_seed_mapping_without_explicit_signal
793,"Nagaland University, Zunhebotto",1,btech,B.Tech,low,KEEP_INACTIVE,low,Ambiguous generic institution/program pairing; no sufficiently strong evidence in this pass.,,legacy_seed_mapping_without_explicit_signal
793,"Nagaland University, Zunhebotto",2,be,B.E.,low,KEEP_INACTIVE,low,Ambiguous generic institution/program pairing; no sufficiently strong evidence in this pass.,,legacy_seed_mapping_without_explicit_signal
793,"Nagaland University, Zunhebotto",3,mtech,M.Tech,low,KEEP_INACTIVE,low,Ambiguous generic institution/program pairing; no sufficiently strong evidence in this pass.,,legacy_seed_mapping_without_explicit_signal
793,"Nagaland University, Zunhebotto",4,me,M.E.,low,KEEP_INACTIVE,low,Ambiguous generic institution/program pairing; no sufficiently strong evidence in this pass.,,legacy_seed_mapping_without_explicit_signal
803,National Centre for Antarctic and Ocean Research,1,btech,B.Tech,low,KEEP_INACTIVE,low,Engineering-family mapping conflicts with a non-engineering/research/training domain signal.,,legacy_seed_mapping_without_explicit_signal
803,National Centre for Antarctic and Ocean Research,2,be,B.E.,low,KEEP_INACTIVE,low,Engineering-family mapping conflicts with a non-engineering/research/training domain signal.,,legacy_seed_mapping_without_explicit_signal
803,National Centre for Antarctic and Ocean Research,3,mtech,M.Tech,low,KEEP_INACTIVE,low,Engineering-family mapping conflicts with a non-engineering/research/training domain signal.,,legacy_seed_mapping_without_explicit_signal
803,National Centre for Antarctic and Ocean Research,4,me,M.E.,low,KEEP_INACTIVE,low,Engineering-family mapping conflicts with a non-engineering/research/training domain signal.,,legacy_seed_mapping_without_explicit_signal
812,National Institute of Oceanography,1,btech,B.Tech,low,KEEP_INACTIVE,low,Engineering-family mapping conflicts with a non-engineering/research/training domain signal.,,legacy_seed_mapping_without_explicit_signal
812,National Institute of Oceanography,2,be,B.E.,low,KEEP_INACTIVE,low,Engineering-family mapping conflicts with a non-engineering/research/training domain signal.,,legacy_seed_mapping_without_explicit_signal
812,National Institute of Oceanography,3,mtech,M.Tech,low,KEEP_INACTIVE,low,Engineering-family mapping conflicts with a non-engineering/research/training domain signal.,,legacy_seed_mapping_without_explicit_signal
812,National Institute of Oceanography,4,me,M.E.,low,KEEP_INACTIVE,low,Engineering-family mapping conflicts with a non-engineering/research/training domain signal.,,legacy_seed_mapping_without_explicit_signal
820,Navrachana University,1,btech,B.Tech,low,KEEP_INACTIVE,low,Ambiguous generic institution/program pairing; no sufficiently strong evidence in this pass.,,legacy_seed_mapping_without_explicit_signal
820,Navrachana University,2,be,B.E.,low,KEEP_INACTIVE,low,Ambiguous generic institution/program pairing; no sufficiently strong evidence in this pass.,,legacy_seed_mapping_without_explicit_signal
820,Navrachana University,3,mtech,M.Tech,low,KEEP_INACTIVE,low,Ambiguous generic institution/program pairing; no sufficiently strong evidence in this pass.,,legacy_seed_mapping_without_explicit_signal
820,Navrachana University,4,me,M.E.,low,KEEP_INACTIVE,low,Ambiguous generic institution/program pairing; no sufficiently strong evidence in this pass.,,legacy_seed_mapping_without_explicit_signal
822,NEHU Shillong,16,ba,BA,low,KEEP_INACTIVE,low,Ambiguous generic institution/program pairing; no sufficiently strong evidence in this pass.,,legacy_seed_mapping_without_explicit_signal
822,NEHU Shillong,13,bcom,B.Com,low,KEEP_INACTIVE,low,Ambiguous generic institution/program pairing; no sufficiently strong evidence in this pass.,,legacy_seed_mapping_without_explicit_signal
822,NEHU Shillong,22,bsc,B.Sc,low,KEEP_INACTIVE,low,Ambiguous generic institution/program pairing; no sufficiently strong evidence in this pass.,,legacy_seed_mapping_without_explicit_signal
822,NEHU Shillong,9,bba,BBA,low,KEEP_INACTIVE,low,Ambiguous generic institution/program pairing; no sufficiently strong evidence in this pass.,,legacy_seed_mapping_without_explicit_signal
822,NEHU Shillong,46,bca,BCA,low,KEEP_INACTIVE,low,Ambiguous generic institution/program pairing; no sufficiently strong evidence in this pass.,,legacy_seed_mapping_without_explicit_signal
822,NEHU Shillong,7,mba,MBA,low,KEEP_INACTIVE,low,Ambiguous generic institution/program pairing; no sufficiently strong evidence in this pass.,,legacy_seed_mapping_without_explicit_signal
824,Netaji Subhas University,1,btech,B.Tech,low,KEEP_INACTIVE,low,Ambiguous generic institution/program pairing; no sufficiently strong evidence in this pass.,,legacy_seed_mapping_without_explicit_signal
824,Netaji Subhas University,2,be,B.E.,low,KEEP_INACTIVE,low,Ambiguous generic institution/program pairing; no sufficiently strong evidence in this pass.,,legacy_seed_mapping_without_explicit_signal
824,Netaji Subhas University,3,mtech,M.Tech,low,KEEP_INACTIVE,low,Ambiguous generic institution/program pairing; no sufficiently strong evidence in this pass.,,legacy_seed_mapping_without_explicit_signal
824,Netaji Subhas University,4,me,M.E.,low,KEEP_INACTIVE,low,Ambiguous generic institution/program pairing; no sufficiently strong evidence in this pass.,,legacy_seed_mapping_without_explicit_signal
828,NID Ahmedabad,16,ba,BA,low,KEEP_INACTIVE,low,Ambiguous generic institution/program pairing; no sufficiently strong evidence in this pass.,,legacy_seed_mapping_without_explicit_signal
829,NIFT Delhi,16,ba,BA,low,KEEP_INACTIVE,low,Ambiguous generic institution/program pairing; no sufficiently strong evidence in this pass.,,legacy_seed_mapping_without_explicit_signal
831,NIMS University,16,ba,BA,low,KEEP_INACTIVE,low,Ambiguous generic institution/program pairing; no sufficiently strong evidence in this pass.,,legacy_seed_mapping_without_explicit_signal
832,Nirma University,16,ba,BA,low,KEEP_INACTIVE,low,Ambiguous generic institution/program pairing; no sufficiently strong evidence in this pass.,,legacy_seed_mapping_without_explicit_signal
833,NITTE,16,ba,BA,low,KEEP_INACTIVE,low,"Known institution, but this specific program is not supported by the reviewed source/program rule; keep inactive.",,legacy_seed_mapping_without_explicit_signal
833,NITTE,13,bcom,B.Com,low,PROMOTE,medium,"Official NITTE/NSAMFGC programme pages support B.Com, B.Sc, BBA and BCA; NITTE MBA page supports MBA.",https://nitte.edu.in/nsamfgcn/,official_catalog_match
833,NITTE,22,bsc,B.Sc,low,PROMOTE,medium,"Official NITTE/NSAMFGC programme pages support B.Com, B.Sc, BBA and BCA; NITTE MBA page supports MBA.",https://nitte.edu.in/nsamfgcn/,official_catalog_match
833,NITTE,9,bba,BBA,low,PROMOTE,medium,"Official NITTE/NSAMFGC programme pages support B.Com, B.Sc, BBA and BCA; NITTE MBA page supports MBA.",https://nitte.edu.in/nsamfgcn/,official_catalog_match
833,NITTE,46,bca,BCA,low,PROMOTE,medium,"Official NITTE/NSAMFGC programme pages support B.Com, B.Sc, BBA and BCA; NITTE MBA page supports MBA.",https://nitte.edu.in/nsamfgcn/,official_catalog_match
833,NITTE,7,mba,MBA,low,PROMOTE,medium,"Official NITTE/NSAMFGC programme pages support B.Com, B.Sc, BBA and BCA; NITTE MBA page supports MBA.",https://nitte.edu.in/nsamfgcn/,official_catalog_match
840,NMIMS University Mumbai,16,ba,BA,low,KEEP_INACTIVE,low,Ambiguous generic institution/program pairing; no sufficiently strong evidence in this pass.,,legacy_seed_mapping_without_explicit_signal
842,North East Frontier Technical University,1,btech,B.Tech,low,PROMOTE,medium,Explicit technical-university identity; promoted conservatively.,,strong_institutional_identity
842,North East Frontier Technical University,2,be,B.E.,low,KEEP_INACTIVE,low,"Known institution, but this specific program is not supported by the reviewed source/program rule; keep inactive.",,legacy_seed_mapping_without_explicit_signal
842,North East Frontier Technical University,3,mtech,M.Tech,low,PROMOTE,medium,Explicit technical-university identity; promoted conservatively.,,strong_institutional_identity
842,North East Frontier Technical University,4,me,M.E.,low,KEEP_INACTIVE,low,"Known institution, but this specific program is not supported by the reviewed source/program rule; keep inactive.",,legacy_seed_mapping_without_explicit_signal
844,North-Eastern Hill University,1,btech,B.Tech,low,KEEP_INACTIVE,low,Ambiguous generic institution/program pairing; no sufficiently strong evidence in this pass.,,legacy_seed_mapping_without_explicit_signal
844,North-Eastern Hill University,2,be,B.E.,low,KEEP_INACTIVE,low,Ambiguous generic institution/program pairing; no sufficiently strong evidence in this pass.,,legacy_seed_mapping_without_explicit_signal
844,North-Eastern Hill University,3,mtech,M.Tech,low,KEEP_INACTIVE,low,Ambiguous generic institution/program pairing; no sufficiently strong evidence in this pass.,,legacy_seed_mapping_without_explicit_signal
844,North-Eastern Hill University,4,me,M.E.,low,KEEP_INACTIVE,low,Ambiguous generic institution/program pairing; no sufficiently strong evidence in this pass.,,legacy_seed_mapping_without_explicit_signal
847,NSUT Delhi,16,ba,BA,low,KEEP_INACTIVE,low,"Known institution, but this specific program is not supported by the reviewed source/program rule; keep inactive.",,legacy_seed_mapping_without_explicit_signal
847,NSUT Delhi,13,bcom,B.Com,low,KEEP_INACTIVE,low,"Known institution, but this specific program is not supported by the reviewed source/program rule; keep inactive.",,legacy_seed_mapping_without_explicit_signal
847,NSUT Delhi,22,bsc,B.Sc,low,KEEP_INACTIVE,low,"Known institution, but this specific program is not supported by the reviewed source/program rule; keep inactive.",,legacy_seed_mapping_without_explicit_signal
847,NSUT Delhi,9,bba,BBA,low,PROMOTE,high,Official NSUT academic regulations explicitly include BBA and MBA.,https://nsut.ac.in/en/educational-programmes,official_catalog_match
847,NSUT Delhi,46,bca,BCA,low,KEEP_INACTIVE,low,"Known institution, but this specific program is not supported by the reviewed source/program rule; keep inactive.",,legacy_seed_mapping_without_explicit_signal
847,NSUT Delhi,7,mba,MBA,low,PROMOTE,high,Official NSUT academic regulations explicitly include BBA and MBA.,https://nsut.ac.in/en/educational-programmes,official_catalog_match
850,OP Jindal Global University,16,ba,BA,low,KEEP_INACTIVE,low,Ambiguous generic institution/program pairing; no sufficiently strong evidence in this pass.,,legacy_seed_mapping_without_explicit_signal
851,OP Jindal University,1,btech,B.Tech,low,KEEP_INACTIVE,low,Ambiguous generic institution/program pairing; no sufficiently strong evidence in this pass.,,legacy_seed_mapping_without_explicit_signal
851,OP Jindal University,2,be,B.E.,low,KEEP_INACTIVE,low,Ambiguous generic institution/program pairing; no sufficiently strong evidence in this pass.,,legacy_seed_mapping_without_explicit_signal
851,OP Jindal University,3,mtech,M.Tech,low,KEEP_INACTIVE,low,Ambiguous generic institution/program pairing; no sufficiently strong evidence in this pass.,,legacy_seed_mapping_without_explicit_signal
851,OP Jindal University,4,me,M.E.,low,KEEP_INACTIVE,low,Ambiguous generic institution/program pairing; no sufficiently strong evidence in this pass.,,legacy_seed_mapping_without_explicit_signal
852,"OPJS University, Churu",1,btech,B.Tech,low,KEEP_INACTIVE,low,Ambiguous generic institution/program pairing; no sufficiently strong evidence in this pass.,,legacy_seed_mapping_without_explicit_signal
852,"OPJS University, Churu",2,be,B.E.,low,KEEP_INACTIVE,low,Ambiguous generic institution/program pairing; no sufficiently strong evidence in this pass.,,legacy_seed_mapping_without_explicit_signal
852,"OPJS University, Churu",3,mtech,M.Tech,low,KEEP_INACTIVE,low,Ambiguous generic institution/program pairing; no sufficiently strong evidence in this pass.,,legacy_seed_mapping_without_explicit_signal
852,"OPJS University, Churu",4,me,M.E.,low,KEEP_INACTIVE,low,Ambiguous generic institution/program pairing; no sufficiently strong evidence in this pass.,,legacy_seed_mapping_without_explicit_signal
853,Oriental University,1,btech,B.Tech,low,KEEP_INACTIVE,low,Ambiguous generic institution/program pairing; no sufficiently strong evidence in this pass.,,legacy_seed_mapping_without_explicit_signal
853,Oriental University,2,be,B.E.,low,KEEP_INACTIVE,low,Ambiguous generic institution/program pairing; no sufficiently strong evidence in this pass.,,legacy_seed_mapping_without_explicit_signal
853,Oriental University,3,mtech,M.Tech,low,KEEP_INACTIVE,low,Ambiguous generic institution/program pairing; no sufficiently strong evidence in this pass.,,legacy_seed_mapping_without_explicit_signal
853,Oriental University,4,me,M.E.,low,KEEP_INACTIVE,low,Ambiguous generic institution/program pairing; no sufficiently strong evidence in this pass.,,legacy_seed_mapping_without_explicit_signal
855,Osmania University,16,ba,BA,low,PROMOTE,high,"Official 2026 academic information and programme documents explicitly support BA, B.Com, B.Sc, BBA, BCA and MBA.",https://osmania.ac.in/academic-information.php,official_catalog_match
855,Osmania University,13,bcom,B.Com,low,PROMOTE,high,"Official 2026 academic information and programme documents explicitly support BA, B.Com, B.Sc, BBA, BCA and MBA.",https://osmania.ac.in/academic-information.php,official_catalog_match
855,Osmania University,22,bsc,B.Sc,low,PROMOTE,high,"Official 2026 academic information and programme documents explicitly support BA, B.Com, B.Sc, BBA, BCA and MBA.",https://osmania.ac.in/academic-information.php,official_catalog_match
855,Osmania University,9,bba,BBA,low,PROMOTE,high,"Official 2026 academic information and programme documents explicitly support BA, B.Com, B.Sc, BBA, BCA and MBA.",https://osmania.ac.in/academic-information.php,official_catalog_match
855,Osmania University,46,bca,BCA,low,PROMOTE,high,"Official 2026 academic information and programme documents explicitly support BA, B.Com, B.Sc, BBA, BCA and MBA.",https://osmania.ac.in/academic-information.php,official_catalog_match
855,Osmania University,7,mba,MBA,low,PROMOTE,high,"Official 2026 academic information and programme documents explicitly support BA, B.Com, B.Sc, BBA, BCA and MBA.",https://osmania.ac.in/academic-information.php,official_catalog_match
856,P.P. Savani University,16,ba,BA,low,KEEP_INACTIVE,low,Ambiguous generic institution/program pairing; no sufficiently strong evidence in this pass.,,legacy_seed_mapping_without_explicit_signal
857,"P.P. Savani University, Surat",1,btech,B.Tech,low,KEEP_INACTIVE,low,Ambiguous generic institution/program pairing; no sufficiently strong evidence in this pass.,,legacy_seed_mapping_without_explicit_signal
857,"P.P. Savani University, Surat",2,be,B.E.,low,KEEP_INACTIVE,low,Ambiguous generic institution/program pairing; no sufficiently strong evidence in this pass.,,legacy_seed_mapping_without_explicit_signal
857,"P.P. Savani University, Surat",3,mtech,M.Tech,low,KEEP_INACTIVE,low,Ambiguous generic institution/program pairing; no sufficiently strong evidence in this pass.,,legacy_seed_mapping_without_explicit_signal
857,"P.P. Savani University, Surat",4,me,M.E.,low,KEEP_INACTIVE,low,Ambiguous generic institution/program pairing; no sufficiently strong evidence in this pass.,,legacy_seed_mapping_without_explicit_signal
858,P.U. Swami Sarvanand Giri Regional Centre,16,ba,BA,low,KEEP_INACTIVE,low,Ambiguous generic institution/program pairing; no sufficiently strong evidence in this pass.,,legacy_seed_mapping_without_explicit_signal
859,"Pacific University, Udaipur",1,btech,B.Tech,low,KEEP_INACTIVE,low,Ambiguous generic institution/program pairing; no sufficiently strong evidence in this pass.,,legacy_seed_mapping_without_explicit_signal
859,"Pacific University, Udaipur",2,be,B.E.,low,KEEP_INACTIVE,low,Ambiguous generic institution/program pairing; no sufficiently strong evidence in this pass.,,legacy_seed_mapping_without_explicit_signal
859,"Pacific University, Udaipur",3,mtech,M.Tech,low,KEEP_INACTIVE,low,Ambiguous generic institution/program pairing; no sufficiently strong evidence in this pass.,,legacy_seed_mapping_without_explicit_signal
859,"Pacific University, Udaipur",4,me,M.E.,low,KEEP_INACTIVE,low,Ambiguous generic institution/program pairing; no sufficiently strong evidence in this pass.,,legacy_seed_mapping_without_explicit_signal
861,Pandit Bhagwat Dayal Sharma University of Health Sciences,16,ba,BA,low,KEEP_INACTIVE,low,BA mapping conflicts with a stronger institution-domain signal.,,legacy_seed_mapping_without_explicit_signal
863,Pandit Deendayal Petroleum University / (Energy,1,btech,B.Tech,low,KEEP_INACTIVE,low,Ambiguous generic institution/program pairing; no sufficiently strong evidence in this pass.,,legacy_seed_mapping_without_explicit_signal
863,Pandit Deendayal Petroleum University / (Energy,2,be,B.E.,low,KEEP_INACTIVE,low,Ambiguous generic institution/program pairing; no sufficiently strong evidence in this pass.,,legacy_seed_mapping_without_explicit_signal
863,Pandit Deendayal Petroleum University / (Energy,3,mtech,M.Tech,low,KEEP_INACTIVE,low,Ambiguous generic institution/program pairing; no sufficiently strong evidence in this pass.,,legacy_seed_mapping_without_explicit_signal
863,Pandit Deendayal Petroleum University / (Energy,4,me,M.E.,low,KEEP_INACTIVE,low,Ambiguous generic institution/program pairing; no sufficiently strong evidence in this pass.,,legacy_seed_mapping_without_explicit_signal
866,Panjab University,16,ba,BA,low,KEEP_INACTIVE,low,Ambiguous generic institution/program pairing; no sufficiently strong evidence in this pass.,,legacy_seed_mapping_without_explicit_signal
866,Panjab University,13,bcom,B.Com,low,KEEP_INACTIVE,low,Ambiguous generic institution/program pairing; no sufficiently strong evidence in this pass.,,legacy_seed_mapping_without_explicit_signal
866,Panjab University,22,bsc,B.Sc,low,KEEP_INACTIVE,low,Ambiguous generic institution/program pairing; no sufficiently strong evidence in this pass.,,legacy_seed_mapping_without_explicit_signal
866,Panjab University,9,bba,BBA,low,KEEP_INACTIVE,low,Ambiguous generic institution/program pairing; no sufficiently strong evidence in this pass.,,legacy_seed_mapping_without_explicit_signal
866,Panjab University,46,bca,BCA,low,KEEP_INACTIVE,low,Ambiguous generic institution/program pairing; no sufficiently strong evidence in this pass.,,legacy_seed_mapping_without_explicit_signal
866,Panjab University,7,mba,MBA,low,KEEP_INACTIVE,low,Ambiguous generic institution/program pairing; no sufficiently strong evidence in this pass.,,legacy_seed_mapping_without_explicit_signal
868,Parul University,16,ba,BA,low,KEEP_INACTIVE,low,Ambiguous generic institution/program pairing; no sufficiently strong evidence in this pass.,,legacy_seed_mapping_without_explicit_signal
871,Patna University,16,ba,BA,low,PROMOTE,high,"Official Patna University bachelor programme page explicitly lists BA, B.Com, B.Sc and BBA.",https://pup.ac.in/Bachelordegree.aspx,official_catalog_match
871,Patna University,13,bcom,B.Com,low,PROMOTE,high,"Official Patna University bachelor programme page explicitly lists BA, B.Com, B.Sc and BBA.",https://pup.ac.in/Bachelordegree.aspx,official_catalog_match
871,Patna University,22,bsc,B.Sc,low,PROMOTE,high,"Official Patna University bachelor programme page explicitly lists BA, B.Com, B.Sc and BBA.",https://pup.ac.in/Bachelordegree.aspx,official_catalog_match
871,Patna University,9,bba,BBA,low,PROMOTE,high,"Official Patna University bachelor programme page explicitly lists BA, B.Com, B.Sc and BBA.",https://pup.ac.in/Bachelordegree.aspx,official_catalog_match
871,Patna University,46,bca,BCA,low,KEEP_INACTIVE,low,"Known institution, but this specific program is not supported by the reviewed source/program rule; keep inactive.",,legacy_seed_mapping_without_explicit_signal
871,Patna University,7,mba,MBA,low,KEEP_INACTIVE,low,"Known institution, but this specific program is not supported by the reviewed source/program rule; keep inactive.",,legacy_seed_mapping_without_explicit_signal
872,"PDM University, Bahadurgarh, Bahadurgarh",1,btech,B.Tech,low,KEEP_INACTIVE,low,Ambiguous generic institution/program pairing; no sufficiently strong evidence in this pass.,,legacy_seed_mapping_without_explicit_signal
872,"PDM University, Bahadurgarh, Bahadurgarh",2,be,B.E.,low,KEEP_INACTIVE,low,Ambiguous generic institution/program pairing; no sufficiently strong evidence in this pass.,,legacy_seed_mapping_without_explicit_signal
872,"PDM University, Bahadurgarh, Bahadurgarh",3,mtech,M.Tech,low,KEEP_INACTIVE,low,Ambiguous generic institution/program pairing; no sufficiently strong evidence in this pass.,,legacy_seed_mapping_without_explicit_signal
872,"PDM University, Bahadurgarh, Bahadurgarh",4,me,M.E.,low,KEEP_INACTIVE,low,Ambiguous generic institution/program pairing; no sufficiently strong evidence in this pass.,,legacy_seed_mapping_without_explicit_signal
873,Periyar University,16,ba,BA,low,PROMOTE,high,Official Periyar University programme list explicitly includes all six programme families.,https://www.periyaruniversity.ac.in/Programmes_offered_college.php,official_catalog_match
873,Periyar University,13,bcom,B.Com,low,PROMOTE,high,Official Periyar University programme list explicitly includes all six programme families.,https://www.periyaruniversity.ac.in/Programmes_offered_college.php,official_catalog_match
873,Periyar University,22,bsc,B.Sc,low,PROMOTE,high,Official Periyar University programme list explicitly includes all six programme families.,https://www.periyaruniversity.ac.in/Programmes_offered_college.php,official_catalog_match
873,Periyar University,9,bba,BBA,low,PROMOTE,high,Official Periyar University programme list explicitly includes all six programme families.,https://www.periyaruniversity.ac.in/Programmes_offered_college.php,official_catalog_match
873,Periyar University,46,bca,BCA,low,PROMOTE,high,Official Periyar University programme list explicitly includes all six programme families.,https://www.periyaruniversity.ac.in/Programmes_offered_college.php,official_catalog_match
873,Periyar University,7,mba,MBA,low,PROMOTE,high,Official Periyar University programme list explicitly includes all six programme families.,https://www.periyaruniversity.ac.in/Programmes_offered_college.php,official_catalog_match
876,"PG Government College for Girls, Chandigarh",1,btech,B.Tech,low,KEEP_INACTIVE,low,Ambiguous generic institution/program pairing; no sufficiently strong evidence in this pass.,,legacy_seed_mapping_without_explicit_signal
876,"PG Government College for Girls, Chandigarh",2,be,B.E.,low,KEEP_INACTIVE,low,Ambiguous generic institution/program pairing; no sufficiently strong evidence in this pass.,,legacy_seed_mapping_without_explicit_signal
876,"PG Government College for Girls, Chandigarh",3,mtech,M.Tech,low,KEEP_INACTIVE,low,Ambiguous generic institution/program pairing; no sufficiently strong evidence in this pass.,,legacy_seed_mapping_without_explicit_signal
876,"PG Government College for Girls, Chandigarh",4,me,M.E.,low,KEEP_INACTIVE,low,Ambiguous generic institution/program pairing; no sufficiently strong evidence in this pass.,,legacy_seed_mapping_without_explicit_signal
878,Plaksha University,16,ba,BA,low,KEEP_INACTIVE,low,Ambiguous generic institution/program pairing; no sufficiently strong evidence in this pass.,,legacy_seed_mapping_without_explicit_signal
879,"Plaksha, Mohali",1,btech,B.Tech,low,KEEP_INACTIVE,low,Ambiguous generic institution/program pairing; no sufficiently strong evidence in this pass.,,legacy_seed_mapping_without_explicit_signal
879,"Plaksha, Mohali",2,be,B.E.,low,KEEP_INACTIVE,low,Ambiguous generic institution/program pairing; no sufficiently strong evidence in this pass.,,legacy_seed_mapping_without_explicit_signal
879,"Plaksha, Mohali",3,mtech,M.Tech,low,KEEP_INACTIVE,low,Ambiguous generic institution/program pairing; no sufficiently strong evidence in this pass.,,legacy_seed_mapping_without_explicit_signal
879,"Plaksha, Mohali",4,me,M.E.,low,KEEP_INACTIVE,low,Ambiguous generic institution/program pairing; no sufficiently strong evidence in this pass.,,legacy_seed_mapping_without_explicit_signal
880,"Plastindia International University, Dadra & Nagar Haveli",1,btech,B.Tech,low,KEEP_INACTIVE,low,Ambiguous generic institution/program pairing; no sufficiently strong evidence in this pass.,,legacy_seed_mapping_without_explicit_signal
880,"Plastindia International University, Dadra & Nagar Haveli",2,be,B.E.,low,KEEP_INACTIVE,low,Ambiguous generic institution/program pairing; no sufficiently strong evidence in this pass.,,legacy_seed_mapping_without_explicit_signal
880,"Plastindia International University, Dadra & Nagar Haveli",3,mtech,M.Tech,low,KEEP_INACTIVE,low,Ambiguous generic institution/program pairing; no sufficiently strong evidence in this pass.,,legacy_seed_mapping_without_explicit_signal
880,"Plastindia International University, Dadra & Nagar Haveli",4,me,M.E.,low,KEEP_INACTIVE,low,Ambiguous generic institution/program pairing; no sufficiently strong evidence in this pass.,,legacy_seed_mapping_without_explicit_signal
881,Pondicherry University,16,ba,BA,low,KEEP_INACTIVE,low,Ambiguous generic institution/program pairing; no sufficiently strong evidence in this pass.,,legacy_seed_mapping_without_explicit_signal
881,Pondicherry University,13,bcom,B.Com,low,KEEP_INACTIVE,low,Ambiguous generic institution/program pairing; no sufficiently strong evidence in this pass.,,legacy_seed_mapping_without_explicit_signal
881,Pondicherry University,22,bsc,B.Sc,low,KEEP_INACTIVE,low,Ambiguous generic institution/program pairing; no sufficiently strong evidence in this pass.,,legacy_seed_mapping_without_explicit_signal
881,Pondicherry University,9,bba,BBA,low,KEEP_INACTIVE,low,Ambiguous generic institution/program pairing; no sufficiently strong evidence in this pass.,,legacy_seed_mapping_without_explicit_signal
881,Pondicherry University,46,bca,BCA,low,KEEP_INACTIVE,low,Ambiguous generic institution/program pairing; no sufficiently strong evidence in this pass.,,legacy_seed_mapping_without_explicit_signal
881,Pondicherry University,7,mba,MBA,low,KEEP_INACTIVE,low,Ambiguous generic institution/program pairing; no sufficiently strong evidence in this pass.,,legacy_seed_mapping_without_explicit_signal
883,Post Graduate Government College for Girls,16,ba,BA,low,KEEP_INACTIVE,low,Ambiguous generic institution/program pairing; no sufficiently strong evidence in this pass.,,legacy_seed_mapping_without_explicit_signal
885,"Pragjyotish College, Guwahati",1,btech,B.Tech,low,KEEP_INACTIVE,low,Ambiguous generic institution/program pairing; no sufficiently strong evidence in this pass.,,legacy_seed_mapping_without_explicit_signal
885,"Pragjyotish College, Guwahati",2,be,B.E.,low,KEEP_INACTIVE,low,Ambiguous generic institution/program pairing; no sufficiently strong evidence in this pass.,,legacy_seed_mapping_without_explicit_signal
885,"Pragjyotish College, Guwahati",3,mtech,M.Tech,low,KEEP_INACTIVE,low,Ambiguous generic institution/program pairing; no sufficiently strong evidence in this pass.,,legacy_seed_mapping_without_explicit_signal
885,"Pragjyotish College, Guwahati",4,me,M.E.,low,KEEP_INACTIVE,low,Ambiguous generic institution/program pairing; no sufficiently strong evidence in this pass.,,legacy_seed_mapping_without_explicit_signal
887,Presidency University Kolkata,16,ba,BA,low,KEEP_INACTIVE,low,Ambiguous generic institution/program pairing; no sufficiently strong evidence in this pass.,,legacy_seed_mapping_without_explicit_signal
887,Presidency University Kolkata,13,bcom,B.Com,low,KEEP_INACTIVE,low,Ambiguous generic institution/program pairing; no sufficiently strong evidence in this pass.,,legacy_seed_mapping_without_explicit_signal
887,Presidency University Kolkata,22,bsc,B.Sc,low,KEEP_INACTIVE,low,Ambiguous generic institution/program pairing; no sufficiently strong evidence in this pass.,,legacy_seed_mapping_without_explicit_signal
887,Presidency University Kolkata,9,bba,BBA,low,KEEP_INACTIVE,low,Ambiguous generic institution/program pairing; no sufficiently strong evidence in this pass.,,legacy_seed_mapping_without_explicit_signal
887,Presidency University Kolkata,46,bca,BCA,low,KEEP_INACTIVE,low,Ambiguous generic institution/program pairing; no sufficiently strong evidence in this pass.,,legacy_seed_mapping_without_explicit_signal
887,Presidency University Kolkata,7,mba,MBA,low,KEEP_INACTIVE,low,Ambiguous generic institution/program pairing; no sufficiently strong evidence in this pass.,,legacy_seed_mapping_without_explicit_signal
888,"Presidency University, Bangalore",1,btech,B.Tech,low,KEEP_INACTIVE,low,Ambiguous generic institution/program pairing; no sufficiently strong evidence in this pass.,,legacy_seed_mapping_without_explicit_signal
888,"Presidency University, Bangalore",2,be,B.E.,low,KEEP_INACTIVE,low,Ambiguous generic institution/program pairing; no sufficiently strong evidence in this pass.,,legacy_seed_mapping_without_explicit_signal
888,"Presidency University, Bangalore",3,mtech,M.Tech,low,KEEP_INACTIVE,low,Ambiguous generic institution/program pairing; no sufficiently strong evidence in this pass.,,legacy_seed_mapping_without_explicit_signal
888,"Presidency University, Bangalore",4,me,M.E.,low,KEEP_INACTIVE,low,Ambiguous generic institution/program pairing; no sufficiently strong evidence in this pass.,,legacy_seed_mapping_without_explicit_signal
894,Pune University SPPU,16,ba,BA,low,KEEP_INACTIVE,low,Ambiguous generic institution/program pairing; no sufficiently strong evidence in this pass.,,legacy_seed_mapping_without_explicit_signal
894,Pune University SPPU,13,bcom,B.Com,low,KEEP_INACTIVE,low,Ambiguous generic institution/program pairing; no sufficiently strong evidence in this pass.,,legacy_seed_mapping_without_explicit_signal
894,Pune University SPPU,22,bsc,B.Sc,low,KEEP_INACTIVE,low,Ambiguous generic institution/program pairing; no sufficiently strong evidence in this pass.,,legacy_seed_mapping_without_explicit_signal
894,Pune University SPPU,9,bba,BBA,low,KEEP_INACTIVE,low,Ambiguous generic institution/program pairing; no sufficiently strong evidence in this pass.,,legacy_seed_mapping_without_explicit_signal
894,Pune University SPPU,46,bca,BCA,low,KEEP_INACTIVE,low,Ambiguous generic institution/program pairing; no sufficiently strong evidence in this pass.,,legacy_seed_mapping_without_explicit_signal
894,Pune University SPPU,7,mba,MBA,low,KEEP_INACTIVE,low,Ambiguous generic institution/program pairing; no sufficiently strong evidence in this pass.,,legacy_seed_mapping_without_explicit_signal
895,Punjab Agricultural University,16,ba,BA,low,KEEP_INACTIVE,low,Ambiguous generic institution/program pairing; no sufficiently strong evidence in this pass.,,legacy_seed_mapping_without_explicit_signal
895,Punjab Agricultural University,13,bcom,B.Com,low,KEEP_INACTIVE,low,Ambiguous generic institution/program pairing; no sufficiently strong evidence in this pass.,,legacy_seed_mapping_without_explicit_signal
895,Punjab Agricultural University,22,bsc,B.Sc,low,KEEP_INACTIVE,low,Ambiguous generic institution/program pairing; no sufficiently strong evidence in this pass.,,legacy_seed_mapping_without_explicit_signal
895,Punjab Agricultural University,9,bba,BBA,low,KEEP_INACTIVE,low,Ambiguous generic institution/program pairing; no sufficiently strong evidence in this pass.,,legacy_seed_mapping_without_explicit_signal
895,Punjab Agricultural University,46,bca,BCA,low,KEEP_INACTIVE,low,Ambiguous generic institution/program pairing; no sufficiently strong evidence in this pass.,,legacy_seed_mapping_without_explicit_signal
895,Punjab Agricultural University,7,mba,MBA,low,KEEP_INACTIVE,low,Ambiguous generic institution/program pairing; no sufficiently strong evidence in this pass.,,legacy_seed_mapping_without_explicit_signal
899,Quantum University,16,ba,BA,low,KEEP_INACTIVE,low,Ambiguous generic institution/program pairing; no sufficiently strong evidence in this pass.,,legacy_seed_mapping_without_explicit_signal
900,Quest Group of Institutions,16,ba,BA,low,KEEP_INACTIVE,low,Ambiguous generic institution/program pairing; no sufficiently strong evidence in this pass.,,legacy_seed_mapping_without_explicit_signal
904,Radha Govind University,1,btech,B.Tech,low,KEEP_INACTIVE,low,Ambiguous generic institution/program pairing; no sufficiently strong evidence in this pass.,,legacy_seed_mapping_without_explicit_signal
904,Radha Govind University,2,be,B.E.,low,KEEP_INACTIVE,low,Ambiguous generic institution/program pairing; no sufficiently strong evidence in this pass.,,legacy_seed_mapping_without_explicit_signal
904,Radha Govind University,3,mtech,M.Tech,low,KEEP_INACTIVE,low,Ambiguous generic institution/program pairing; no sufficiently strong evidence in this pass.,,legacy_seed_mapping_without_explicit_signal
904,Radha Govind University,4,me,M.E.,low,KEEP_INACTIVE,low,Ambiguous generic institution/program pairing; no sufficiently strong evidence in this pass.,,legacy_seed_mapping_without_explicit_signal
909,Rajasthan University,16,ba,BA,low,KEEP_INACTIVE,low,Ambiguous generic institution/program pairing; no sufficiently strong evidence in this pass.,,legacy_seed_mapping_without_explicit_signal
909,Rajasthan University,13,bcom,B.Com,low,KEEP_INACTIVE,low,Ambiguous generic institution/program pairing; no sufficiently strong evidence in this pass.,,legacy_seed_mapping_without_explicit_signal
909,Rajasthan University,22,bsc,B.Sc,low,KEEP_INACTIVE,low,Ambiguous generic institution/program pairing; no sufficiently strong evidence in this pass.,,legacy_seed_mapping_without_explicit_signal
909,Rajasthan University,9,bba,BBA,low,KEEP_INACTIVE,low,Ambiguous generic institution/program pairing; no sufficiently strong evidence in this pass.,,legacy_seed_mapping_without_explicit_signal
909,Rajasthan University,46,bca,BCA,low,KEEP_INACTIVE,low,Ambiguous generic institution/program pairing; no sufficiently strong evidence in this pass.,,legacy_seed_mapping_without_explicit_signal
909,Rajasthan University,7,mba,MBA,low,KEEP_INACTIVE,low,Ambiguous generic institution/program pairing; no sufficiently strong evidence in this pass.,,legacy_seed_mapping_without_explicit_signal
910,Rajasthan University of Health Sciences,16,ba,BA,low,KEEP_INACTIVE,low,BA mapping conflicts with a stronger institution-domain signal.,,legacy_seed_mapping_without_explicit_signal
918,Rajiv Gandhi Proudyogiki Vishwavidyalaya,16,ba,BA,low,KEEP_INACTIVE,low,Ambiguous generic institution/program pairing; no sufficiently strong evidence in this pass.,,legacy_seed_mapping_without_explicit_signal
919,Rajiv Gandhi University,1,btech,B.Tech,low,KEEP_INACTIVE,low,Ambiguous generic institution/program pairing; no sufficiently strong evidence in this pass.,,legacy_seed_mapping_without_explicit_signal
919,Rajiv Gandhi University,2,be,B.E.,low,KEEP_INACTIVE,low,Ambiguous generic institution/program pairing; no sufficiently strong evidence in this pass.,,legacy_seed_mapping_without_explicit_signal
919,Rajiv Gandhi University,3,mtech,M.Tech,low,KEEP_INACTIVE,low,Ambiguous generic institution/program pairing; no sufficiently strong evidence in this pass.,,legacy_seed_mapping_without_explicit_signal
919,Rajiv Gandhi University,4,me,M.E.,low,KEEP_INACTIVE,low,Ambiguous generic institution/program pairing; no sufficiently strong evidence in this pass.,,legacy_seed_mapping_without_explicit_signal
920,"Rajiv Gandhi University of Knowledge Technologies,",1,btech,B.Tech,low,KEEP_INACTIVE,low,Ambiguous generic institution/program pairing; no sufficiently strong evidence in this pass.,,legacy_seed_mapping_without_explicit_signal
920,"Rajiv Gandhi University of Knowledge Technologies,",2,be,B.E.,low,KEEP_INACTIVE,low,Ambiguous generic institution/program pairing; no sufficiently strong evidence in this pass.,,legacy_seed_mapping_without_explicit_signal
920,"Rajiv Gandhi University of Knowledge Technologies,",3,mtech,M.Tech,low,KEEP_INACTIVE,low,Ambiguous generic institution/program pairing; no sufficiently strong evidence in this pass.,,legacy_seed_mapping_without_explicit_signal
920,"Rajiv Gandhi University of Knowledge Technologies,",4,me,M.E.,low,KEEP_INACTIVE,low,Ambiguous generic institution/program pairing; no sufficiently strong evidence in this pass.,,legacy_seed_mapping_without_explicit_signal
921,"Rama University, Kanpur",1,btech,B.Tech,low,KEEP_INACTIVE,low,Ambiguous generic institution/program pairing; no sufficiently strong evidence in this pass.,,legacy_seed_mapping_without_explicit_signal
921,"Rama University, Kanpur",2,be,B.E.,low,KEEP_INACTIVE,low,Ambiguous generic institution/program pairing; no sufficiently strong evidence in this pass.,,legacy_seed_mapping_without_explicit_signal
921,"Rama University, Kanpur",3,mtech,M.Tech,low,KEEP_INACTIVE,low,Ambiguous generic institution/program pairing; no sufficiently strong evidence in this pass.,,legacy_seed_mapping_without_explicit_signal
921,"Rama University, Kanpur",4,me,M.E.,low,KEEP_INACTIVE,low,Ambiguous generic institution/program pairing; no sufficiently strong evidence in this pass.,,legacy_seed_mapping_without_explicit_signal
927,Ras Bihari Bose Subharti University,16,ba,BA,low,KEEP_INACTIVE,low,Ambiguous generic institution/program pairing; no sufficiently strong evidence in this pass.,,legacy_seed_mapping_without_explicit_signal
929,Rashtrasant Tukadoji Maharaj Nagpur University,1,btech,B.Tech,low,KEEP_INACTIVE,low,Ambiguous generic institution/program pairing; no sufficiently strong evidence in this pass.,,legacy_seed_mapping_without_explicit_signal
929,Rashtrasant Tukadoji Maharaj Nagpur University,2,be,B.E.,low,KEEP_INACTIVE,low,Ambiguous generic institution/program pairing; no sufficiently strong evidence in this pass.,,legacy_seed_mapping_without_explicit_signal
929,Rashtrasant Tukadoji Maharaj Nagpur University,3,mtech,M.Tech,low,KEEP_INACTIVE,low,Ambiguous generic institution/program pairing; no sufficiently strong evidence in this pass.,,legacy_seed_mapping_without_explicit_signal
929,Rashtrasant Tukadoji Maharaj Nagpur University,4,me,M.E.,low,KEEP_INACTIVE,low,Ambiguous generic institution/program pairing; no sufficiently strong evidence in this pass.,,legacy_seed_mapping_without_explicit_signal
930,"Rayat Bahra University, Mohali",1,btech,B.Tech,low,KEEP_INACTIVE,low,Ambiguous generic institution/program pairing; no sufficiently strong evidence in this pass.,,legacy_seed_mapping_without_explicit_signal
930,"Rayat Bahra University, Mohali",2,be,B.E.,low,KEEP_INACTIVE,low,Ambiguous generic institution/program pairing; no sufficiently strong evidence in this pass.,,legacy_seed_mapping_without_explicit_signal
930,"Rayat Bahra University, Mohali",3,mtech,M.Tech,low,KEEP_INACTIVE,low,Ambiguous generic institution/program pairing; no sufficiently strong evidence in this pass.,,legacy_seed_mapping_without_explicit_signal
930,"Rayat Bahra University, Mohali",4,me,M.E.,low,KEEP_INACTIVE,low,Ambiguous generic institution/program pairing; no sufficiently strong evidence in this pass.,,legacy_seed_mapping_without_explicit_signal
934,"REVA University, Bangalore",1,btech,B.Tech,low,KEEP_INACTIVE,low,Ambiguous generic institution/program pairing; no sufficiently strong evidence in this pass.,,legacy_seed_mapping_without_explicit_signal
934,"REVA University, Bangalore",2,be,B.E.,low,KEEP_INACTIVE,low,Ambiguous generic institution/program pairing; no sufficiently strong evidence in this pass.,,legacy_seed_mapping_without_explicit_signal
934,"REVA University, Bangalore",3,mtech,M.Tech,low,KEEP_INACTIVE,low,Ambiguous generic institution/program pairing; no sufficiently strong evidence in this pass.,,legacy_seed_mapping_without_explicit_signal
934,"REVA University, Bangalore",4,me,M.E.,low,KEEP_INACTIVE,low,Ambiguous generic institution/program pairing; no sufficiently strong evidence in this pass.,,legacy_seed_mapping_without_explicit_signal
936,RIMT University,16,ba,BA,low,KEEP_INACTIVE,low,Ambiguous generic institution/program pairing; no sufficiently strong evidence in this pass.,,legacy_seed_mapping_without_explicit_signal
937,"RIMT University, Gobindgarh",1,btech,B.Tech,low,KEEP_INACTIVE,low,Ambiguous generic institution/program pairing; no sufficiently strong evidence in this pass.,,legacy_seed_mapping_without_explicit_signal
937,"RIMT University, Gobindgarh",2,be,B.E.,low,KEEP_INACTIVE,low,Ambiguous generic institution/program pairing; no sufficiently strong evidence in this pass.,,legacy_seed_mapping_without_explicit_signal
937,"RIMT University, Gobindgarh",3,mtech,M.Tech,low,KEEP_INACTIVE,low,Ambiguous generic institution/program pairing; no sufficiently strong evidence in this pass.,,legacy_seed_mapping_without_explicit_signal
937,"RIMT University, Gobindgarh",4,me,M.E.,low,KEEP_INACTIVE,low,Ambiguous generic institution/program pairing; no sufficiently strong evidence in this pass.,,legacy_seed_mapping_without_explicit_signal
938,RK University,1,btech,B.Tech,low,KEEP_INACTIVE,low,Ambiguous generic institution/program pairing; no sufficiently strong evidence in this pass.,,legacy_seed_mapping_without_explicit_signal
938,RK University,2,be,B.E.,low,KEEP_INACTIVE,low,Ambiguous generic institution/program pairing; no sufficiently strong evidence in this pass.,,legacy_seed_mapping_without_explicit_signal
938,RK University,3,mtech,M.Tech,low,KEEP_INACTIVE,low,Ambiguous generic institution/program pairing; no sufficiently strong evidence in this pass.,,legacy_seed_mapping_without_explicit_signal
938,RK University,4,me,M.E.,low,KEEP_INACTIVE,low,Ambiguous generic institution/program pairing; no sufficiently strong evidence in this pass.,,legacy_seed_mapping_without_explicit_signal
939,"RKDF University, Bhopal",1,btech,B.Tech,low,KEEP_INACTIVE,low,Ambiguous generic institution/program pairing; no sufficiently strong evidence in this pass.,,legacy_seed_mapping_without_explicit_signal
939,"RKDF University, Bhopal",2,be,B.E.,low,KEEP_INACTIVE,low,Ambiguous generic institution/program pairing; no sufficiently strong evidence in this pass.,,legacy_seed_mapping_without_explicit_signal
939,"RKDF University, Bhopal",3,mtech,M.Tech,low,KEEP_INACTIVE,low,Ambiguous generic institution/program pairing; no sufficiently strong evidence in this pass.,,legacy_seed_mapping_without_explicit_signal
939,"RKDF University, Bhopal",4,me,M.E.,low,KEEP_INACTIVE,low,Ambiguous generic institution/program pairing; no sufficiently strong evidence in this pass.,,legacy_seed_mapping_without_explicit_signal
940,"RKDF University, Ranchi",1,btech,B.Tech,low,KEEP_INACTIVE,low,Ambiguous generic institution/program pairing; no sufficiently strong evidence in this pass.,,legacy_seed_mapping_without_explicit_signal
940,"RKDF University, Ranchi",2,be,B.E.,low,KEEP_INACTIVE,low,Ambiguous generic institution/program pairing; no sufficiently strong evidence in this pass.,,legacy_seed_mapping_without_explicit_signal
940,"RKDF University, Ranchi",3,mtech,M.Tech,low,KEEP_INACTIVE,low,Ambiguous generic institution/program pairing; no sufficiently strong evidence in this pass.,,legacy_seed_mapping_without_explicit_signal
940,"RKDF University, Ranchi",4,me,M.E.,low,KEEP_INACTIVE,low,Ambiguous generic institution/program pairing; no sufficiently strong evidence in this pass.,,legacy_seed_mapping_without_explicit_signal
943,Royal Global University,1,btech,B.Tech,low,KEEP_INACTIVE,low,Ambiguous generic institution/program pairing; no sufficiently strong evidence in this pass.,,legacy_seed_mapping_without_explicit_signal
943,Royal Global University,2,be,B.E.,low,KEEP_INACTIVE,low,Ambiguous generic institution/program pairing; no sufficiently strong evidence in this pass.,,legacy_seed_mapping_without_explicit_signal
943,Royal Global University,3,mtech,M.Tech,low,KEEP_INACTIVE,low,Ambiguous generic institution/program pairing; no sufficiently strong evidence in this pass.,,legacy_seed_mapping_without_explicit_signal
943,Royal Global University,4,me,M.E.,low,KEEP_INACTIVE,low,Ambiguous generic institution/program pairing; no sufficiently strong evidence in this pass.,,legacy_seed_mapping_without_explicit_signal
948,RTM Nagpur University,16,ba,BA,low,KEEP_INACTIVE,low,Ambiguous generic institution/program pairing; no sufficiently strong evidence in this pass.,,legacy_seed_mapping_without_explicit_signal
948,RTM Nagpur University,13,bcom,B.Com,low,KEEP_INACTIVE,low,Ambiguous generic institution/program pairing; no sufficiently strong evidence in this pass.,,legacy_seed_mapping_without_explicit_signal
948,RTM Nagpur University,22,bsc,B.Sc,low,KEEP_INACTIVE,low,Ambiguous generic institution/program pairing; no sufficiently strong evidence in this pass.,,legacy_seed_mapping_without_explicit_signal
948,RTM Nagpur University,9,bba,BBA,low,KEEP_INACTIVE,low,Ambiguous generic institution/program pairing; no sufficiently strong evidence in this pass.,,legacy_seed_mapping_without_explicit_signal
948,RTM Nagpur University,46,bca,BCA,low,KEEP_INACTIVE,low,Ambiguous generic institution/program pairing; no sufficiently strong evidence in this pass.,,legacy_seed_mapping_without_explicit_signal
948,RTM Nagpur University,7,mba,MBA,low,KEEP_INACTIVE,low,Ambiguous generic institution/program pairing; no sufficiently strong evidence in this pass.,,legacy_seed_mapping_without_explicit_signal
957,Sahibzada Ajit Singh Group of Institutions,16,ba,BA,low,KEEP_INACTIVE,low,Ambiguous generic institution/program pairing; no sufficiently strong evidence in this pass.,,legacy_seed_mapping_without_explicit_signal
959,"Sai Nath University, Ranchi",1,btech,B.Tech,low,KEEP_INACTIVE,low,Ambiguous generic institution/program pairing; no sufficiently strong evidence in this pass.,,legacy_seed_mapping_without_explicit_signal
959,"Sai Nath University, Ranchi",2,be,B.E.,low,KEEP_INACTIVE,low,Ambiguous generic institution/program pairing; no sufficiently strong evidence in this pass.,,legacy_seed_mapping_without_explicit_signal
959,"Sai Nath University, Ranchi",3,mtech,M.Tech,low,KEEP_INACTIVE,low,Ambiguous generic institution/program pairing; no sufficiently strong evidence in this pass.,,legacy_seed_mapping_without_explicit_signal
959,"Sai Nath University, Ranchi",4,me,M.E.,low,KEEP_INACTIVE,low,Ambiguous generic institution/program pairing; no sufficiently strong evidence in this pass.,,legacy_seed_mapping_without_explicit_signal
962,"Sandip University, Madhuban",1,btech,B.Tech,low,KEEP_INACTIVE,low,Ambiguous generic institution/program pairing; no sufficiently strong evidence in this pass.,,legacy_seed_mapping_without_explicit_signal
962,"Sandip University, Madhuban",2,be,B.E.,low,KEEP_INACTIVE,low,Ambiguous generic institution/program pairing; no sufficiently strong evidence in this pass.,,legacy_seed_mapping_without_explicit_signal
962,"Sandip University, Madhuban",3,mtech,M.Tech,low,KEEP_INACTIVE,low,Ambiguous generic institution/program pairing; no sufficiently strong evidence in this pass.,,legacy_seed_mapping_without_explicit_signal
962,"Sandip University, Madhuban",4,me,M.E.,low,KEEP_INACTIVE,low,Ambiguous generic institution/program pairing; no sufficiently strong evidence in this pass.,,legacy_seed_mapping_without_explicit_signal
965,Sanskriti University,1,btech,B.Tech,low,KEEP_INACTIVE,low,Ambiguous generic institution/program pairing; no sufficiently strong evidence in this pass.,,legacy_seed_mapping_without_explicit_signal
965,Sanskriti University,2,be,B.E.,low,KEEP_INACTIVE,low,Ambiguous generic institution/program pairing; no sufficiently strong evidence in this pass.,,legacy_seed_mapping_without_explicit_signal
965,Sanskriti University,3,mtech,M.Tech,low,KEEP_INACTIVE,low,Ambiguous generic institution/program pairing; no sufficiently strong evidence in this pass.,,legacy_seed_mapping_without_explicit_signal
965,Sanskriti University,4,me,M.E.,low,KEEP_INACTIVE,low,Ambiguous generic institution/program pairing; no sufficiently strong evidence in this pass.,,legacy_seed_mapping_without_explicit_signal
966,Sant Baba Bhag Singh University,16,ba,BA,low,KEEP_INACTIVE,low,Ambiguous generic institution/program pairing; no sufficiently strong evidence in this pass.,,legacy_seed_mapping_without_explicit_signal
968,Sarala Birla University,1,btech,B.Tech,low,KEEP_INACTIVE,low,Ambiguous generic institution/program pairing; no sufficiently strong evidence in this pass.,,legacy_seed_mapping_without_explicit_signal
968,Sarala Birla University,2,be,B.E.,low,KEEP_INACTIVE,low,Ambiguous generic institution/program pairing; no sufficiently strong evidence in this pass.,,legacy_seed_mapping_without_explicit_signal
968,Sarala Birla University,3,mtech,M.Tech,low,KEEP_INACTIVE,low,Ambiguous generic institution/program pairing; no sufficiently strong evidence in this pass.,,legacy_seed_mapping_without_explicit_signal
968,Sarala Birla University,4,me,M.E.,low,KEEP_INACTIVE,low,Ambiguous generic institution/program pairing; no sufficiently strong evidence in this pass.,,legacy_seed_mapping_without_explicit_signal
970,Sardar Patel University,16,ba,BA,low,KEEP_INACTIVE,low,Ambiguous generic institution/program pairing; no sufficiently strong evidence in this pass.,,legacy_seed_mapping_without_explicit_signal
973,Sarvajanik University,16,ba,BA,low,KEEP_INACTIVE,low,Ambiguous generic institution/program pairing; no sufficiently strong evidence in this pass.,,legacy_seed_mapping_without_explicit_signal
974,SASTRA University,16,ba,BA,low,KEEP_INACTIVE,low,Ambiguous generic institution/program pairing; no sufficiently strong evidence in this pass.,,legacy_seed_mapping_without_explicit_signal
975,"SASTRA University, Thanjavur",1,btech,B.Tech,low,KEEP_INACTIVE,low,Ambiguous generic institution/program pairing; no sufficiently strong evidence in this pass.,,legacy_seed_mapping_without_explicit_signal
975,"SASTRA University, Thanjavur",2,be,B.E.,low,KEEP_INACTIVE,low,Ambiguous generic institution/program pairing; no sufficiently strong evidence in this pass.,,legacy_seed_mapping_without_explicit_signal
975,"SASTRA University, Thanjavur",3,mtech,M.Tech,low,KEEP_INACTIVE,low,Ambiguous generic institution/program pairing; no sufficiently strong evidence in this pass.,,legacy_seed_mapping_without_explicit_signal
975,"SASTRA University, Thanjavur",4,me,M.E.,low,KEEP_INACTIVE,low,Ambiguous generic institution/program pairing; no sufficiently strong evidence in this pass.,,legacy_seed_mapping_without_explicit_signal
977,Saurashtra University,16,ba,BA,low,KEEP_INACTIVE,low,Ambiguous generic institution/program pairing; no sufficiently strong evidence in this pass.,,legacy_seed_mapping_without_explicit_signal
980,Savitribai Phule Pune University,16,ba,BA,low,KEEP_INACTIVE,low,Ambiguous generic institution/program pairing; no sufficiently strong evidence in this pass.,,legacy_seed_mapping_without_explicit_signal
980,Savitribai Phule Pune University,13,bcom,B.Com,low,KEEP_INACTIVE,low,Ambiguous generic institution/program pairing; no sufficiently strong evidence in this pass.,,legacy_seed_mapping_without_explicit_signal
980,Savitribai Phule Pune University,22,bsc,B.Sc,low,KEEP_INACTIVE,low,Ambiguous generic institution/program pairing; no sufficiently strong evidence in this pass.,,legacy_seed_mapping_without_explicit_signal
980,Savitribai Phule Pune University,9,bba,BBA,low,KEEP_INACTIVE,low,Ambiguous generic institution/program pairing; no sufficiently strong evidence in this pass.,,legacy_seed_mapping_without_explicit_signal
980,Savitribai Phule Pune University,46,bca,BCA,low,KEEP_INACTIVE,low,Ambiguous generic institution/program pairing; no sufficiently strong evidence in this pass.,,legacy_seed_mapping_without_explicit_signal
980,Savitribai Phule Pune University,7,mba,MBA,low,KEEP_INACTIVE,low,Ambiguous generic institution/program pairing; no sufficiently strong evidence in this pass.,,legacy_seed_mapping_without_explicit_signal
981,SCD Government College,16,ba,BA,low,KEEP_INACTIVE,low,Ambiguous generic institution/program pairing; no sufficiently strong evidence in this pass.,,legacy_seed_mapping_without_explicit_signal
986,Seacom Skills University,1,btech,B.Tech,low,KEEP_INACTIVE,low,Ambiguous generic institution/program pairing; no sufficiently strong evidence in this pass.,,legacy_seed_mapping_without_explicit_signal
986,Seacom Skills University,2,be,B.E.,low,KEEP_INACTIVE,low,Ambiguous generic institution/program pairing; no sufficiently strong evidence in this pass.,,legacy_seed_mapping_without_explicit_signal
986,Seacom Skills University,3,mtech,M.Tech,low,KEEP_INACTIVE,low,Ambiguous generic institution/program pairing; no sufficiently strong evidence in this pass.,,legacy_seed_mapping_without_explicit_signal
986,Seacom Skills University,4,me,M.E.,low,KEEP_INACTIVE,low,Ambiguous generic institution/program pairing; no sufficiently strong evidence in this pass.,,legacy_seed_mapping_without_explicit_signal
988,Seth Jai Parkash Mukand Lal Institute of,1,btech,B.Tech,low,KEEP_INACTIVE,low,Ambiguous generic institution/program pairing; no sufficiently strong evidence in this pass.,,legacy_seed_mapping_without_explicit_signal
988,Seth Jai Parkash Mukand Lal Institute of,2,be,B.E.,low,KEEP_INACTIVE,low,Ambiguous generic institution/program pairing; no sufficiently strong evidence in this pass.,,legacy_seed_mapping_without_explicit_signal
988,Seth Jai Parkash Mukand Lal Institute of,3,mtech,M.Tech,low,KEEP_INACTIVE,low,Ambiguous generic institution/program pairing; no sufficiently strong evidence in this pass.,,legacy_seed_mapping_without_explicit_signal
988,Seth Jai Parkash Mukand Lal Institute of,4,me,M.E.,low,KEEP_INACTIVE,low,Ambiguous generic institution/program pairing; no sufficiently strong evidence in this pass.,,legacy_seed_mapping_without_explicit_signal
989,Shaheed Bhagat Singh Evening College,16,ba,BA,low,KEEP_INACTIVE,low,Ambiguous generic institution/program pairing; no sufficiently strong evidence in this pass.,,legacy_seed_mapping_without_explicit_signal
991,Sharda University,16,ba,BA,low,KEEP_INACTIVE,low,Ambiguous generic institution/program pairing; no sufficiently strong evidence in this pass.,,legacy_seed_mapping_without_explicit_signal
999,Shiv Nadar University,16,ba,BA,low,KEEP_INACTIVE,low,Ambiguous generic institution/program pairing; no sufficiently strong evidence in this pass.,,legacy_seed_mapping_without_explicit_signal
1000,"Shiva Group of Institutions, Bilaspur",1,btech,B.Tech,low,KEEP_INACTIVE,low,Ambiguous generic institution/program pairing; no sufficiently strong evidence in this pass.,,legacy_seed_mapping_without_explicit_signal
1000,"Shiva Group of Institutions, Bilaspur",2,be,B.E.,low,KEEP_INACTIVE,low,Ambiguous generic institution/program pairing; no sufficiently strong evidence in this pass.,,legacy_seed_mapping_without_explicit_signal
1000,"Shiva Group of Institutions, Bilaspur",3,mtech,M.Tech,low,KEEP_INACTIVE,low,Ambiguous generic institution/program pairing; no sufficiently strong evidence in this pass.,,legacy_seed_mapping_without_explicit_signal
1000,"Shiva Group of Institutions, Bilaspur",4,me,M.E.,low,KEEP_INACTIVE,low,Ambiguous generic institution/program pairing; no sufficiently strong evidence in this pass.,,legacy_seed_mapping_without_explicit_signal
1001,Shivaji College,16,ba,BA,low,KEEP_INACTIVE,low,Ambiguous generic institution/program pairing; no sufficiently strong evidence in this pass.,,legacy_seed_mapping_without_explicit_signal
1003,"Shobhit University, Meerut",1,btech,B.Tech,low,KEEP_INACTIVE,low,Ambiguous generic institution/program pairing; no sufficiently strong evidence in this pass.,,legacy_seed_mapping_without_explicit_signal
1003,"Shobhit University, Meerut",2,be,B.E.,low,KEEP_INACTIVE,low,Ambiguous generic institution/program pairing; no sufficiently strong evidence in this pass.,,legacy_seed_mapping_without_explicit_signal
1003,"Shobhit University, Meerut",3,mtech,M.Tech,low,KEEP_INACTIVE,low,Ambiguous generic institution/program pairing; no sufficiently strong evidence in this pass.,,legacy_seed_mapping_without_explicit_signal
1003,"Shobhit University, Meerut",4,me,M.E.,low,KEEP_INACTIVE,low,Ambiguous generic institution/program pairing; no sufficiently strong evidence in this pass.,,legacy_seed_mapping_without_explicit_signal
1004,Shoolini University,16,ba,BA,low,KEEP_INACTIVE,low,Ambiguous generic institution/program pairing; no sufficiently strong evidence in this pass.,,legacy_seed_mapping_without_explicit_signal
1008,Shri Govind Guru University,16,ba,BA,low,KEEP_INACTIVE,low,Ambiguous generic institution/program pairing; no sufficiently strong evidence in this pass.,,legacy_seed_mapping_without_explicit_signal
1011,Shri Guru Ram Rai University,16,ba,BA,low,KEEP_INACTIVE,low,Ambiguous generic institution/program pairing; no sufficiently strong evidence in this pass.,,legacy_seed_mapping_without_explicit_signal
1014,Shri Mata Vaishno Devi University,16,ba,BA,low,KEEP_INACTIVE,low,Ambiguous generic institution/program pairing; no sufficiently strong evidence in this pass.,,legacy_seed_mapping_without_explicit_signal
1017,Shri Rawatpura Sarkar University,1,btech,B.Tech,low,KEEP_INACTIVE,low,Ambiguous generic institution/program pairing; no sufficiently strong evidence in this pass.,,legacy_seed_mapping_without_explicit_signal
1017,Shri Rawatpura Sarkar University,2,be,B.E.,low,KEEP_INACTIVE,low,Ambiguous generic institution/program pairing; no sufficiently strong evidence in this pass.,,legacy_seed_mapping_without_explicit_signal
1017,Shri Rawatpura Sarkar University,3,mtech,M.Tech,low,KEEP_INACTIVE,low,Ambiguous generic institution/program pairing; no sufficiently strong evidence in this pass.,,legacy_seed_mapping_without_explicit_signal
1017,Shri Rawatpura Sarkar University,4,me,M.E.,low,KEEP_INACTIVE,low,Ambiguous generic institution/program pairing; no sufficiently strong evidence in this pass.,,legacy_seed_mapping_without_explicit_signal
1018,Shri Shankaracharya Group of Institutions,1,btech,B.Tech,low,KEEP_INACTIVE,low,Ambiguous generic institution/program pairing; no sufficiently strong evidence in this pass.,,legacy_seed_mapping_without_explicit_signal
1018,Shri Shankaracharya Group of Institutions,2,be,B.E.,low,KEEP_INACTIVE,low,Ambiguous generic institution/program pairing; no sufficiently strong evidence in this pass.,,legacy_seed_mapping_without_explicit_signal
1018,Shri Shankaracharya Group of Institutions,3,mtech,M.Tech,low,KEEP_INACTIVE,low,Ambiguous generic institution/program pairing; no sufficiently strong evidence in this pass.,,legacy_seed_mapping_without_explicit_signal
1018,Shri Shankaracharya Group of Institutions,4,me,M.E.,low,KEEP_INACTIVE,low,Ambiguous generic institution/program pairing; no sufficiently strong evidence in this pass.,,legacy_seed_mapping_without_explicit_signal
1022,"Shridhar University, Pilani",1,btech,B.Tech,low,KEEP_INACTIVE,low,Ambiguous generic institution/program pairing; no sufficiently strong evidence in this pass.,,legacy_seed_mapping_without_explicit_signal
1022,"Shridhar University, Pilani",2,be,B.E.,low,KEEP_INACTIVE,low,Ambiguous generic institution/program pairing; no sufficiently strong evidence in this pass.,,legacy_seed_mapping_without_explicit_signal
1022,"Shridhar University, Pilani",3,mtech,M.Tech,low,KEEP_INACTIVE,low,Ambiguous generic institution/program pairing; no sufficiently strong evidence in this pass.,,legacy_seed_mapping_without_explicit_signal
1022,"Shridhar University, Pilani",4,me,M.E.,low,KEEP_INACTIVE,low,Ambiguous generic institution/program pairing; no sufficiently strong evidence in this pass.,,legacy_seed_mapping_without_explicit_signal
1025,Sikkim Manipal University,1,btech,B.Tech,low,KEEP_INACTIVE,low,Ambiguous generic institution/program pairing; no sufficiently strong evidence in this pass.,,legacy_seed_mapping_without_explicit_signal
1025,Sikkim Manipal University,2,be,B.E.,low,KEEP_INACTIVE,low,Ambiguous generic institution/program pairing; no sufficiently strong evidence in this pass.,,legacy_seed_mapping_without_explicit_signal
1025,Sikkim Manipal University,3,mtech,M.Tech,low,KEEP_INACTIVE,low,Ambiguous generic institution/program pairing; no sufficiently strong evidence in this pass.,,legacy_seed_mapping_without_explicit_signal
1025,Sikkim Manipal University,4,me,M.E.,low,KEEP_INACTIVE,low,Ambiguous generic institution/program pairing; no sufficiently strong evidence in this pass.,,legacy_seed_mapping_without_explicit_signal
1026,Siksha `O` Anusandhan,16,ba,BA,low,KEEP_INACTIVE,low,Ambiguous generic institution/program pairing; no sufficiently strong evidence in this pass.,,legacy_seed_mapping_without_explicit_signal
1026,Siksha `O` Anusandhan,13,bcom,B.Com,low,KEEP_INACTIVE,low,Ambiguous generic institution/program pairing; no sufficiently strong evidence in this pass.,,legacy_seed_mapping_without_explicit_signal
1026,Siksha `O` Anusandhan,22,bsc,B.Sc,low,KEEP_INACTIVE,low,Ambiguous generic institution/program pairing; no sufficiently strong evidence in this pass.,,legacy_seed_mapping_without_explicit_signal
1026,Siksha `O` Anusandhan,9,bba,BBA,low,KEEP_INACTIVE,low,Ambiguous generic institution/program pairing; no sufficiently strong evidence in this pass.,,legacy_seed_mapping_without_explicit_signal
1026,Siksha `O` Anusandhan,46,bca,BCA,low,KEEP_INACTIVE,low,Ambiguous generic institution/program pairing; no sufficiently strong evidence in this pass.,,legacy_seed_mapping_without_explicit_signal
1026,Siksha `O` Anusandhan,7,mba,MBA,low,KEEP_INACTIVE,low,Ambiguous generic institution/program pairing; no sufficiently strong evidence in this pass.,,legacy_seed_mapping_without_explicit_signal
1029,"Singhania University, Jhunjhunu",1,btech,B.Tech,low,KEEP_INACTIVE,low,Ambiguous generic institution/program pairing; no sufficiently strong evidence in this pass.,,legacy_seed_mapping_without_explicit_signal
1029,"Singhania University, Jhunjhunu",2,be,B.E.,low,KEEP_INACTIVE,low,Ambiguous generic institution/program pairing; no sufficiently strong evidence in this pass.,,legacy_seed_mapping_without_explicit_signal
1029,"Singhania University, Jhunjhunu",3,mtech,M.Tech,low,KEEP_INACTIVE,low,Ambiguous generic institution/program pairing; no sufficiently strong evidence in this pass.,,legacy_seed_mapping_without_explicit_signal
1029,"Singhania University, Jhunjhunu",4,me,M.E.,low,KEEP_INACTIVE,low,Ambiguous generic institution/program pairing; no sufficiently strong evidence in this pass.,,legacy_seed_mapping_without_explicit_signal
1030,Sister Nivedita University,1,btech,B.Tech,low,KEEP_INACTIVE,low,Ambiguous generic institution/program pairing; no sufficiently strong evidence in this pass.,,legacy_seed_mapping_without_explicit_signal
1030,Sister Nivedita University,2,be,B.E.,low,KEEP_INACTIVE,low,Ambiguous generic institution/program pairing; no sufficiently strong evidence in this pass.,,legacy_seed_mapping_without_explicit_signal
1030,Sister Nivedita University,3,mtech,M.Tech,low,KEEP_INACTIVE,low,Ambiguous generic institution/program pairing; no sufficiently strong evidence in this pass.,,legacy_seed_mapping_without_explicit_signal
1030,Sister Nivedita University,4,me,M.E.,low,KEEP_INACTIVE,low,Ambiguous generic institution/program pairing; no sufficiently strong evidence in this pass.,,legacy_seed_mapping_without_explicit_signal
1038,SRCC Delhi,16,ba,BA,low,KEEP_INACTIVE,low,Ambiguous generic institution/program pairing; no sufficiently strong evidence in this pass.,,legacy_seed_mapping_without_explicit_signal
1044,"Sri Chakra Maritime College, Pondicherry",1,btech,B.Tech,low,KEEP_INACTIVE,low,Engineering-family mapping conflicts with a non-engineering/research/training domain signal.,,legacy_seed_mapping_without_explicit_signal
1044,"Sri Chakra Maritime College, Pondicherry",2,be,B.E.,low,KEEP_INACTIVE,low,Engineering-family mapping conflicts with a non-engineering/research/training domain signal.,,legacy_seed_mapping_without_explicit_signal
1044,"Sri Chakra Maritime College, Pondicherry",3,mtech,M.Tech,low,KEEP_INACTIVE,low,Engineering-family mapping conflicts with a non-engineering/research/training domain signal.,,legacy_seed_mapping_without_explicit_signal
1044,"Sri Chakra Maritime College, Pondicherry",4,me,M.E.,low,KEEP_INACTIVE,low,Engineering-family mapping conflicts with a non-engineering/research/training domain signal.,,legacy_seed_mapping_without_explicit_signal
1045,Sri Guru Granth Sahib World University,16,ba,BA,low,KEEP_INACTIVE,low,Ambiguous generic institution/program pairing; no sufficiently strong evidence in this pass.,,legacy_seed_mapping_without_explicit_signal
1047,Sri Guru Ram Das University of Health Sciences,16,ba,BA,low,KEEP_INACTIVE,low,BA mapping conflicts with a stronger institution-domain signal.,,legacy_seed_mapping_without_explicit_signal
1055,Sri Sai University,1,btech,B.Tech,low,KEEP_INACTIVE,low,Ambiguous generic institution/program pairing; no sufficiently strong evidence in this pass.,,legacy_seed_mapping_without_explicit_signal
1055,Sri Sai University,2,be,B.E.,low,KEEP_INACTIVE,low,Ambiguous generic institution/program pairing; no sufficiently strong evidence in this pass.,,legacy_seed_mapping_without_explicit_signal
1055,Sri Sai University,3,mtech,M.Tech,low,KEEP_INACTIVE,low,Ambiguous generic institution/program pairing; no sufficiently strong evidence in this pass.,,legacy_seed_mapping_without_explicit_signal
1055,Sri Sai University,4,me,M.E.,low,KEEP_INACTIVE,low,Ambiguous generic institution/program pairing; no sufficiently strong evidence in this pass.,,legacy_seed_mapping_without_explicit_signal
1058,Sri Venkateswara University,16,ba,BA,low,KEEP_INACTIVE,low,Ambiguous generic institution/program pairing; no sufficiently strong evidence in this pass.,,legacy_seed_mapping_without_explicit_signal
1058,Sri Venkateswara University,13,bcom,B.Com,low,KEEP_INACTIVE,low,Ambiguous generic institution/program pairing; no sufficiently strong evidence in this pass.,,legacy_seed_mapping_without_explicit_signal
1058,Sri Venkateswara University,22,bsc,B.Sc,low,KEEP_INACTIVE,low,Ambiguous generic institution/program pairing; no sufficiently strong evidence in this pass.,,legacy_seed_mapping_without_explicit_signal
1058,Sri Venkateswara University,9,bba,BBA,low,KEEP_INACTIVE,low,Ambiguous generic institution/program pairing; no sufficiently strong evidence in this pass.,,legacy_seed_mapping_without_explicit_signal
1058,Sri Venkateswara University,46,bca,BCA,low,KEEP_INACTIVE,low,Ambiguous generic institution/program pairing; no sufficiently strong evidence in this pass.,,legacy_seed_mapping_without_explicit_signal
1058,Sri Venkateswara University,7,mba,MBA,low,KEEP_INACTIVE,low,Ambiguous generic institution/program pairing; no sufficiently strong evidence in this pass.,,legacy_seed_mapping_without_explicit_signal
1062,SRM University AP Amaravati,16,ba,BA,low,KEEP_INACTIVE,low,Ambiguous generic institution/program pairing; no sufficiently strong evidence in this pass.,,legacy_seed_mapping_without_explicit_signal
1063,"SRM University Delhi NCR, Sonepat",1,btech,B.Tech,low,PROMOTE,high,Official 2026 programme page explicitly lists multiple B.Tech and M.Tech programmes.,https://srmuniversity.ac.in/admissions/,official_catalog_match
1063,"SRM University Delhi NCR, Sonepat",2,be,B.E.,low,KEEP_INACTIVE,low,"Known institution, but this specific program is not supported by the reviewed source/program rule; keep inactive.",,legacy_seed_mapping_without_explicit_signal
1063,"SRM University Delhi NCR, Sonepat",3,mtech,M.Tech,low,PROMOTE,high,Official 2026 programme page explicitly lists multiple B.Tech and M.Tech programmes.,https://srmuniversity.ac.in/admissions/,official_catalog_match
1063,"SRM University Delhi NCR, Sonepat",4,me,M.E.,low,KEEP_INACTIVE,low,"Known institution, but this specific program is not supported by the reviewed source/program rule; keep inactive.",,legacy_seed_mapping_without_explicit_signal
1064,"SRM University Sikkim, Gangtok",1,btech,B.Tech,low,KEEP_INACTIVE,low,Ambiguous generic institution/program pairing; no sufficiently strong evidence in this pass.,,legacy_seed_mapping_without_explicit_signal
1064,"SRM University Sikkim, Gangtok",2,be,B.E.,low,KEEP_INACTIVE,low,Ambiguous generic institution/program pairing; no sufficiently strong evidence in this pass.,,legacy_seed_mapping_without_explicit_signal
1064,"SRM University Sikkim, Gangtok",3,mtech,M.Tech,low,KEEP_INACTIVE,low,Ambiguous generic institution/program pairing; no sufficiently strong evidence in this pass.,,legacy_seed_mapping_without_explicit_signal
1064,"SRM University Sikkim, Gangtok",4,me,M.E.,low,KEEP_INACTIVE,low,Ambiguous generic institution/program pairing; no sufficiently strong evidence in this pass.,,legacy_seed_mapping_without_explicit_signal
1065,SS Jain Subodh PG College,16,ba,BA,low,KEEP_INACTIVE,low,Ambiguous generic institution/program pairing; no sufficiently strong evidence in this pass.,,legacy_seed_mapping_without_explicit_signal
1068,St Aloysius College,16,ba,BA,low,KEEP_INACTIVE,low,Ambiguous generic institution/program pairing; no sufficiently strong evidence in this pass.,,legacy_seed_mapping_without_explicit_signal
1069,St Bede's College,16,ba,BA,low,KEEP_INACTIVE,low,Ambiguous generic institution/program pairing; no sufficiently strong evidence in this pass.,,legacy_seed_mapping_without_explicit_signal
1070,St Joseph's University,16,ba,BA,low,KEEP_INACTIVE,low,Ambiguous generic institution/program pairing; no sufficiently strong evidence in this pass.,,legacy_seed_mapping_without_explicit_signal
1072,St Wilfred's PG College,16,ba,BA,low,KEEP_INACTIVE,low,Ambiguous generic institution/program pairing; no sufficiently strong evidence in this pass.,,legacy_seed_mapping_without_explicit_signal
1077,"St.Joseph University, Dimapur",1,btech,B.Tech,low,KEEP_INACTIVE,low,Ambiguous generic institution/program pairing; no sufficiently strong evidence in this pass.,,legacy_seed_mapping_without_explicit_signal
1077,"St.Joseph University, Dimapur",2,be,B.E.,low,KEEP_INACTIVE,low,Ambiguous generic institution/program pairing; no sufficiently strong evidence in this pass.,,legacy_seed_mapping_without_explicit_signal
1077,"St.Joseph University, Dimapur",3,mtech,M.Tech,low,KEEP_INACTIVE,low,Ambiguous generic institution/program pairing; no sufficiently strong evidence in this pass.,,legacy_seed_mapping_without_explicit_signal
1077,"St.Joseph University, Dimapur",4,me,M.E.,low,KEEP_INACTIVE,low,Ambiguous generic institution/program pairing; no sufficiently strong evidence in this pass.,,legacy_seed_mapping_without_explicit_signal
1078,"Starex University, Gurgaon",1,btech,B.Tech,low,KEEP_INACTIVE,low,Ambiguous generic institution/program pairing; no sufficiently strong evidence in this pass.,,legacy_seed_mapping_without_explicit_signal
1078,"Starex University, Gurgaon",2,be,B.E.,low,KEEP_INACTIVE,low,Ambiguous generic institution/program pairing; no sufficiently strong evidence in this pass.,,legacy_seed_mapping_without_explicit_signal
1078,"Starex University, Gurgaon",3,mtech,M.Tech,low,KEEP_INACTIVE,low,Ambiguous generic institution/program pairing; no sufficiently strong evidence in this pass.,,legacy_seed_mapping_without_explicit_signal
1078,"Starex University, Gurgaon",4,me,M.E.,low,KEEP_INACTIVE,low,Ambiguous generic institution/program pairing; no sufficiently strong evidence in this pass.,,legacy_seed_mapping_without_explicit_signal
1079,Sumandeep Vidyapeeth,16,ba,BA,low,KEEP_INACTIVE,low,Ambiguous generic institution/program pairing; no sufficiently strong evidence in this pass.,,legacy_seed_mapping_without_explicit_signal
1080,SunRise University,1,btech,B.Tech,low,KEEP_INACTIVE,low,Ambiguous generic institution/program pairing; no sufficiently strong evidence in this pass.,,legacy_seed_mapping_without_explicit_signal
1080,SunRise University,2,be,B.E.,low,KEEP_INACTIVE,low,Ambiguous generic institution/program pairing; no sufficiently strong evidence in this pass.,,legacy_seed_mapping_without_explicit_signal
1080,SunRise University,3,mtech,M.Tech,low,KEEP_INACTIVE,low,Ambiguous generic institution/program pairing; no sufficiently strong evidence in this pass.,,legacy_seed_mapping_without_explicit_signal
1080,SunRise University,4,me,M.E.,low,KEEP_INACTIVE,low,Ambiguous generic institution/program pairing; no sufficiently strong evidence in this pass.,,legacy_seed_mapping_without_explicit_signal
1082,Suresh Gyan Vihar University,1,btech,B.Tech,low,KEEP_INACTIVE,low,Ambiguous generic institution/program pairing; no sufficiently strong evidence in this pass.,,legacy_seed_mapping_without_explicit_signal
1082,Suresh Gyan Vihar University,2,be,B.E.,low,KEEP_INACTIVE,low,Ambiguous generic institution/program pairing; no sufficiently strong evidence in this pass.,,legacy_seed_mapping_without_explicit_signal
1082,Suresh Gyan Vihar University,3,mtech,M.Tech,low,KEEP_INACTIVE,low,Ambiguous generic institution/program pairing; no sufficiently strong evidence in this pass.,,legacy_seed_mapping_without_explicit_signal
1082,Suresh Gyan Vihar University,4,me,M.E.,low,KEEP_INACTIVE,low,Ambiguous generic institution/program pairing; no sufficiently strong evidence in this pass.,,legacy_seed_mapping_without_explicit_signal
1083,"Sushant University / Ansal University, Gurgaon",1,btech,B.Tech,low,KEEP_INACTIVE,low,Ambiguous generic institution/program pairing; no sufficiently strong evidence in this pass.,,legacy_seed_mapping_without_explicit_signal
1083,"Sushant University / Ansal University, Gurgaon",2,be,B.E.,low,KEEP_INACTIVE,low,Ambiguous generic institution/program pairing; no sufficiently strong evidence in this pass.,,legacy_seed_mapping_without_explicit_signal
1083,"Sushant University / Ansal University, Gurgaon",3,mtech,M.Tech,low,KEEP_INACTIVE,low,Ambiguous generic institution/program pairing; no sufficiently strong evidence in this pass.,,legacy_seed_mapping_without_explicit_signal
1083,"Sushant University / Ansal University, Gurgaon",4,me,M.E.,low,KEEP_INACTIVE,low,Ambiguous generic institution/program pairing; no sufficiently strong evidence in this pass.,,legacy_seed_mapping_without_explicit_signal
1086,Swami Rama Himalayan University,1,btech,B.Tech,low,KEEP_INACTIVE,low,Ambiguous generic institution/program pairing; no sufficiently strong evidence in this pass.,,legacy_seed_mapping_without_explicit_signal
1086,Swami Rama Himalayan University,2,be,B.E.,low,KEEP_INACTIVE,low,Ambiguous generic institution/program pairing; no sufficiently strong evidence in this pass.,,legacy_seed_mapping_without_explicit_signal
1086,Swami Rama Himalayan University,3,mtech,M.Tech,low,KEEP_INACTIVE,low,Ambiguous generic institution/program pairing; no sufficiently strong evidence in this pass.,,legacy_seed_mapping_without_explicit_signal
1086,Swami Rama Himalayan University,4,me,M.E.,low,KEEP_INACTIVE,low,Ambiguous generic institution/program pairing; no sufficiently strong evidence in this pass.,,legacy_seed_mapping_without_explicit_signal
1087,Swami Vishwatamanand Saraswati Degree College,16,ba,BA,low,KEEP_INACTIVE,low,Ambiguous generic institution/program pairing; no sufficiently strong evidence in this pass.,,legacy_seed_mapping_without_explicit_signal
1088,Swami Vivekanand Group Of Institutes,1,btech,B.Tech,low,KEEP_INACTIVE,low,Ambiguous generic institution/program pairing; no sufficiently strong evidence in this pass.,,legacy_seed_mapping_without_explicit_signal
1088,Swami Vivekanand Group Of Institutes,2,be,B.E.,low,KEEP_INACTIVE,low,Ambiguous generic institution/program pairing; no sufficiently strong evidence in this pass.,,legacy_seed_mapping_without_explicit_signal
1088,Swami Vivekanand Group Of Institutes,3,mtech,M.Tech,low,KEEP_INACTIVE,low,Ambiguous generic institution/program pairing; no sufficiently strong evidence in this pass.,,legacy_seed_mapping_without_explicit_signal
1088,Swami Vivekanand Group Of Institutes,4,me,M.E.,low,KEEP_INACTIVE,low,Ambiguous generic institution/program pairing; no sufficiently strong evidence in this pass.,,legacy_seed_mapping_without_explicit_signal
1089,Swami Vivekanand Industrial Training Centre,1,btech,B.Tech,low,KEEP_INACTIVE,low,Engineering-family mapping conflicts with a non-engineering/research/training domain signal.,,legacy_seed_mapping_without_explicit_signal
1089,Swami Vivekanand Industrial Training Centre,2,be,B.E.,low,KEEP_INACTIVE,low,Engineering-family mapping conflicts with a non-engineering/research/training domain signal.,,legacy_seed_mapping_without_explicit_signal
1089,Swami Vivekanand Industrial Training Centre,3,mtech,M.Tech,low,KEEP_INACTIVE,low,Engineering-family mapping conflicts with a non-engineering/research/training domain signal.,,legacy_seed_mapping_without_explicit_signal
1089,Swami Vivekanand Industrial Training Centre,4,me,M.E.,low,KEEP_INACTIVE,low,Engineering-family mapping conflicts with a non-engineering/research/training domain signal.,,legacy_seed_mapping_without_explicit_signal
1092,"Swami Vivekanand University, Sagar",1,btech,B.Tech,low,KEEP_INACTIVE,low,Ambiguous generic institution/program pairing; no sufficiently strong evidence in this pass.,,legacy_seed_mapping_without_explicit_signal
1092,"Swami Vivekanand University, Sagar",2,be,B.E.,low,KEEP_INACTIVE,low,Ambiguous generic institution/program pairing; no sufficiently strong evidence in this pass.,,legacy_seed_mapping_without_explicit_signal
1092,"Swami Vivekanand University, Sagar",3,mtech,M.Tech,low,KEEP_INACTIVE,low,Ambiguous generic institution/program pairing; no sufficiently strong evidence in this pass.,,legacy_seed_mapping_without_explicit_signal
1092,"Swami Vivekanand University, Sagar",4,me,M.E.,low,KEEP_INACTIVE,low,Ambiguous generic institution/program pairing; no sufficiently strong evidence in this pass.,,legacy_seed_mapping_without_explicit_signal
1093,Symbiosis International,16,ba,BA,low,KEEP_INACTIVE,low,Ambiguous generic institution/program pairing; no sufficiently strong evidence in this pass.,,legacy_seed_mapping_without_explicit_signal
1093,Symbiosis International,13,bcom,B.Com,low,KEEP_INACTIVE,low,Ambiguous generic institution/program pairing; no sufficiently strong evidence in this pass.,,legacy_seed_mapping_without_explicit_signal
1093,Symbiosis International,22,bsc,B.Sc,low,KEEP_INACTIVE,low,Ambiguous generic institution/program pairing; no sufficiently strong evidence in this pass.,,legacy_seed_mapping_without_explicit_signal
1093,Symbiosis International,9,bba,BBA,low,KEEP_INACTIVE,low,Ambiguous generic institution/program pairing; no sufficiently strong evidence in this pass.,,legacy_seed_mapping_without_explicit_signal
1093,Symbiosis International,46,bca,BCA,low,KEEP_INACTIVE,low,Ambiguous generic institution/program pairing; no sufficiently strong evidence in this pass.,,legacy_seed_mapping_without_explicit_signal
1093,Symbiosis International,7,mba,MBA,low,KEEP_INACTIVE,low,Ambiguous generic institution/program pairing; no sufficiently strong evidence in this pass.,,legacy_seed_mapping_without_explicit_signal
1094,Tamil Nadu Agricultural University,16,ba,BA,low,KEEP_INACTIVE,low,Ambiguous generic institution/program pairing; no sufficiently strong evidence in this pass.,,legacy_seed_mapping_without_explicit_signal
1094,Tamil Nadu Agricultural University,13,bcom,B.Com,low,KEEP_INACTIVE,low,Ambiguous generic institution/program pairing; no sufficiently strong evidence in this pass.,,legacy_seed_mapping_without_explicit_signal
1094,Tamil Nadu Agricultural University,22,bsc,B.Sc,low,KEEP_INACTIVE,low,Ambiguous generic institution/program pairing; no sufficiently strong evidence in this pass.,,legacy_seed_mapping_without_explicit_signal
1094,Tamil Nadu Agricultural University,9,bba,BBA,low,KEEP_INACTIVE,low,Ambiguous generic institution/program pairing; no sufficiently strong evidence in this pass.,,legacy_seed_mapping_without_explicit_signal
1094,Tamil Nadu Agricultural University,46,bca,BCA,low,KEEP_INACTIVE,low,Ambiguous generic institution/program pairing; no sufficiently strong evidence in this pass.,,legacy_seed_mapping_without_explicit_signal
1094,Tamil Nadu Agricultural University,7,mba,MBA,low,KEEP_INACTIVE,low,Ambiguous generic institution/program pairing; no sufficiently strong evidence in this pass.,,legacy_seed_mapping_without_explicit_signal
1095,Tamil Nadu Veterinary and Animal Sciences University,1,btech,B.Tech,low,KEEP_INACTIVE,low,Ambiguous generic institution/program pairing; no sufficiently strong evidence in this pass.,,legacy_seed_mapping_without_explicit_signal
1095,Tamil Nadu Veterinary and Animal Sciences University,2,be,B.E.,low,KEEP_INACTIVE,low,Ambiguous generic institution/program pairing; no sufficiently strong evidence in this pass.,,legacy_seed_mapping_without_explicit_signal
1095,Tamil Nadu Veterinary and Animal Sciences University,3,mtech,M.Tech,low,KEEP_INACTIVE,low,Ambiguous generic institution/program pairing; no sufficiently strong evidence in this pass.,,legacy_seed_mapping_without_explicit_signal
1095,Tamil Nadu Veterinary and Animal Sciences University,4,me,M.E.,low,KEEP_INACTIVE,low,Ambiguous generic institution/program pairing; no sufficiently strong evidence in this pass.,,legacy_seed_mapping_without_explicit_signal
1096,"Tantia University, Sriganganagar",1,btech,B.Tech,low,KEEP_INACTIVE,low,Ambiguous generic institution/program pairing; no sufficiently strong evidence in this pass.,,legacy_seed_mapping_without_explicit_signal
1096,"Tantia University, Sriganganagar",2,be,B.E.,low,KEEP_INACTIVE,low,Ambiguous generic institution/program pairing; no sufficiently strong evidence in this pass.,,legacy_seed_mapping_without_explicit_signal
1096,"Tantia University, Sriganganagar",3,mtech,M.Tech,low,KEEP_INACTIVE,low,Ambiguous generic institution/program pairing; no sufficiently strong evidence in this pass.,,legacy_seed_mapping_without_explicit_signal
1096,"Tantia University, Sriganganagar",4,me,M.E.,low,KEEP_INACTIVE,low,Ambiguous generic institution/program pairing; no sufficiently strong evidence in this pass.,,legacy_seed_mapping_without_explicit_signal
1097,Tata Institute of Social Sciences,16,ba,BA,low,KEEP_INACTIVE,low,Ambiguous generic institution/program pairing; no sufficiently strong evidence in this pass.,,legacy_seed_mapping_without_explicit_signal
1097,Tata Institute of Social Sciences,13,bcom,B.Com,low,KEEP_INACTIVE,low,Ambiguous generic institution/program pairing; no sufficiently strong evidence in this pass.,,legacy_seed_mapping_without_explicit_signal
1097,Tata Institute of Social Sciences,22,bsc,B.Sc,low,KEEP_INACTIVE,low,Ambiguous generic institution/program pairing; no sufficiently strong evidence in this pass.,,legacy_seed_mapping_without_explicit_signal
1097,Tata Institute of Social Sciences,9,bba,BBA,low,KEEP_INACTIVE,low,Ambiguous generic institution/program pairing; no sufficiently strong evidence in this pass.,,legacy_seed_mapping_without_explicit_signal
1097,Tata Institute of Social Sciences,46,bca,BCA,low,KEEP_INACTIVE,low,Ambiguous generic institution/program pairing; no sufficiently strong evidence in this pass.,,legacy_seed_mapping_without_explicit_signal
1097,Tata Institute of Social Sciences,7,mba,MBA,low,KEEP_INACTIVE,low,Ambiguous generic institution/program pairing; no sufficiently strong evidence in this pass.,,legacy_seed_mapping_without_explicit_signal
1100,"Techno India Salt Lake, Kolkata",1,btech,B.Tech,low,KEEP_INACTIVE,low,Ambiguous generic institution/program pairing; no sufficiently strong evidence in this pass.,,legacy_seed_mapping_without_explicit_signal
1100,"Techno India Salt Lake, Kolkata",2,be,B.E.,low,KEEP_INACTIVE,low,Ambiguous generic institution/program pairing; no sufficiently strong evidence in this pass.,,legacy_seed_mapping_without_explicit_signal
1100,"Techno India Salt Lake, Kolkata",3,mtech,M.Tech,low,KEEP_INACTIVE,low,Ambiguous generic institution/program pairing; no sufficiently strong evidence in this pass.,,legacy_seed_mapping_without_explicit_signal
1100,"Techno India Salt Lake, Kolkata",4,me,M.E.,low,KEEP_INACTIVE,low,Ambiguous generic institution/program pairing; no sufficiently strong evidence in this pass.,,legacy_seed_mapping_without_explicit_signal
1101,"Techno India University, Kolkata",1,btech,B.Tech,low,PROMOTE,high,Official Techno India University course page explicitly lists B.Tech and M.Tech.,https://www.technoindiauniversity.ac.in/engineeringstreams/me/me.php,official_catalog_match
1101,"Techno India University, Kolkata",2,be,B.E.,low,KEEP_INACTIVE,low,"Known institution, but this specific program is not supported by the reviewed source/program rule; keep inactive.",,legacy_seed_mapping_without_explicit_signal
1101,"Techno India University, Kolkata",3,mtech,M.Tech,low,PROMOTE,high,Official Techno India University course page explicitly lists B.Tech and M.Tech.,https://www.technoindiauniversity.ac.in/engineeringstreams/me/me.php,official_catalog_match
1101,"Techno India University, Kolkata",4,me,M.E.,low,KEEP_INACTIVE,low,"Known institution, but this specific program is not supported by the reviewed source/program rule; keep inactive.",,legacy_seed_mapping_without_explicit_signal
1103,Tezpur University,16,ba,BA,low,KEEP_INACTIVE,low,Ambiguous generic institution/program pairing; no sufficiently strong evidence in this pass.,,legacy_seed_mapping_without_explicit_signal
1103,Tezpur University,13,bcom,B.Com,low,KEEP_INACTIVE,low,Ambiguous generic institution/program pairing; no sufficiently strong evidence in this pass.,,legacy_seed_mapping_without_explicit_signal
1103,Tezpur University,22,bsc,B.Sc,low,KEEP_INACTIVE,low,Ambiguous generic institution/program pairing; no sufficiently strong evidence in this pass.,,legacy_seed_mapping_without_explicit_signal
1103,Tezpur University,9,bba,BBA,low,KEEP_INACTIVE,low,Ambiguous generic institution/program pairing; no sufficiently strong evidence in this pass.,,legacy_seed_mapping_without_explicit_signal
1103,Tezpur University,46,bca,BCA,low,KEEP_INACTIVE,low,Ambiguous generic institution/program pairing; no sufficiently strong evidence in this pass.,,legacy_seed_mapping_without_explicit_signal
1103,Tezpur University,7,mba,MBA,low,KEEP_INACTIVE,low,Ambiguous generic institution/program pairing; no sufficiently strong evidence in this pass.,,legacy_seed_mapping_without_explicit_signal
1109,The Global Open University,1,btech,B.Tech,low,KEEP_INACTIVE,low,Ambiguous generic institution/program pairing; no sufficiently strong evidence in this pass.,,legacy_seed_mapping_without_explicit_signal
1109,The Global Open University,2,be,B.E.,low,KEEP_INACTIVE,low,Ambiguous generic institution/program pairing; no sufficiently strong evidence in this pass.,,legacy_seed_mapping_without_explicit_signal
1109,The Global Open University,3,mtech,M.Tech,low,KEEP_INACTIVE,low,Ambiguous generic institution/program pairing; no sufficiently strong evidence in this pass.,,legacy_seed_mapping_without_explicit_signal
1109,The Global Open University,4,me,M.E.,low,KEEP_INACTIVE,low,Ambiguous generic institution/program pairing; no sufficiently strong evidence in this pass.,,legacy_seed_mapping_without_explicit_signal
1110,"The Global University, Itanagar",1,btech,B.Tech,low,KEEP_INACTIVE,low,Ambiguous generic institution/program pairing; no sufficiently strong evidence in this pass.,,legacy_seed_mapping_without_explicit_signal
1110,"The Global University, Itanagar",2,be,B.E.,low,KEEP_INACTIVE,low,Ambiguous generic institution/program pairing; no sufficiently strong evidence in this pass.,,legacy_seed_mapping_without_explicit_signal
1110,"The Global University, Itanagar",3,mtech,M.Tech,low,KEEP_INACTIVE,low,Ambiguous generic institution/program pairing; no sufficiently strong evidence in this pass.,,legacy_seed_mapping_without_explicit_signal
1110,"The Global University, Itanagar",4,me,M.E.,low,KEEP_INACTIVE,low,Ambiguous generic institution/program pairing; no sufficiently strong evidence in this pass.,,legacy_seed_mapping_without_explicit_signal
1112,The Neotia University,1,btech,B.Tech,low,KEEP_INACTIVE,low,Ambiguous generic institution/program pairing; no sufficiently strong evidence in this pass.,,legacy_seed_mapping_without_explicit_signal
1112,The Neotia University,2,be,B.E.,low,KEEP_INACTIVE,low,Ambiguous generic institution/program pairing; no sufficiently strong evidence in this pass.,,legacy_seed_mapping_without_explicit_signal
1112,The Neotia University,3,mtech,M.Tech,low,KEEP_INACTIVE,low,Ambiguous generic institution/program pairing; no sufficiently strong evidence in this pass.,,legacy_seed_mapping_without_explicit_signal
1112,The Neotia University,4,me,M.E.,low,KEEP_INACTIVE,low,Ambiguous generic institution/program pairing; no sufficiently strong evidence in this pass.,,legacy_seed_mapping_without_explicit_signal
1121,"Tripura University, West Tripura",1,btech,B.Tech,low,KEEP_INACTIVE,low,Ambiguous generic institution/program pairing; no sufficiently strong evidence in this pass.,,legacy_seed_mapping_without_explicit_signal
1121,"Tripura University, West Tripura",2,be,B.E.,low,KEEP_INACTIVE,low,Ambiguous generic institution/program pairing; no sufficiently strong evidence in this pass.,,legacy_seed_mapping_without_explicit_signal
1121,"Tripura University, West Tripura",3,mtech,M.Tech,low,KEEP_INACTIVE,low,Ambiguous generic institution/program pairing; no sufficiently strong evidence in this pass.,,legacy_seed_mapping_without_explicit_signal
1121,"Tripura University, West Tripura",4,me,M.E.,low,KEEP_INACTIVE,low,Ambiguous generic institution/program pairing; no sufficiently strong evidence in this pass.,,legacy_seed_mapping_without_explicit_signal
1123,Tula's Institute,16,ba,BA,low,KEEP_INACTIVE,low,Ambiguous generic institution/program pairing; no sufficiently strong evidence in this pass.,,legacy_seed_mapping_without_explicit_signal
1124,"Tula's Institute, Dehradun",1,btech,B.Tech,low,KEEP_INACTIVE,low,Ambiguous generic institution/program pairing; no sufficiently strong evidence in this pass.,,legacy_seed_mapping_without_explicit_signal
1124,"Tula's Institute, Dehradun",2,be,B.E.,low,KEEP_INACTIVE,low,Ambiguous generic institution/program pairing; no sufficiently strong evidence in this pass.,,legacy_seed_mapping_without_explicit_signal
1124,"Tula's Institute, Dehradun",3,mtech,M.Tech,low,KEEP_INACTIVE,low,Ambiguous generic institution/program pairing; no sufficiently strong evidence in this pass.,,legacy_seed_mapping_without_explicit_signal
1124,"Tula's Institute, Dehradun",4,me,M.E.,low,KEEP_INACTIVE,low,Ambiguous generic institution/program pairing; no sufficiently strong evidence in this pass.,,legacy_seed_mapping_without_explicit_signal
1126,UEI Global,16,ba,BA,low,KEEP_INACTIVE,low,Ambiguous generic institution/program pairing; no sufficiently strong evidence in this pass.,,legacy_seed_mapping_without_explicit_signal
1128,"Uka Tarsadia University, Bardoli",1,btech,B.Tech,low,KEEP_INACTIVE,low,Ambiguous generic institution/program pairing; no sufficiently strong evidence in this pass.,,legacy_seed_mapping_without_explicit_signal
1128,"Uka Tarsadia University, Bardoli",2,be,B.E.,low,KEEP_INACTIVE,low,Ambiguous generic institution/program pairing; no sufficiently strong evidence in this pass.,,legacy_seed_mapping_without_explicit_signal
1128,"Uka Tarsadia University, Bardoli",3,mtech,M.Tech,low,KEEP_INACTIVE,low,Ambiguous generic institution/program pairing; no sufficiently strong evidence in this pass.,,legacy_seed_mapping_without_explicit_signal
1128,"Uka Tarsadia University, Bardoli",4,me,M.E.,low,KEEP_INACTIVE,low,Ambiguous generic institution/program pairing; no sufficiently strong evidence in this pass.,,legacy_seed_mapping_without_explicit_signal
1129,UNIRAJ- University of Rajasthan,16,ba,BA,low,KEEP_INACTIVE,low,Ambiguous generic institution/program pairing; no sufficiently strong evidence in this pass.,,legacy_seed_mapping_without_explicit_signal
1135,"University Institute of Legal Studies, Panjab University",16,ba,BA,low,KEEP_INACTIVE,low,BA mapping conflicts with a stronger institution-domain signal.,,legacy_seed_mapping_without_explicit_signal
1139,University of Agricultural Sciences,16,ba,BA,low,KEEP_INACTIVE,low,Ambiguous generic institution/program pairing; no sufficiently strong evidence in this pass.,,legacy_seed_mapping_without_explicit_signal
1139,University of Agricultural Sciences,13,bcom,B.Com,low,KEEP_INACTIVE,low,Ambiguous generic institution/program pairing; no sufficiently strong evidence in this pass.,,legacy_seed_mapping_without_explicit_signal
1139,University of Agricultural Sciences,22,bsc,B.Sc,low,KEEP_INACTIVE,low,Ambiguous generic institution/program pairing; no sufficiently strong evidence in this pass.,,legacy_seed_mapping_without_explicit_signal
1139,University of Agricultural Sciences,9,bba,BBA,low,KEEP_INACTIVE,low,Ambiguous generic institution/program pairing; no sufficiently strong evidence in this pass.,,legacy_seed_mapping_without_explicit_signal
1139,University of Agricultural Sciences,46,bca,BCA,low,KEEP_INACTIVE,low,Ambiguous generic institution/program pairing; no sufficiently strong evidence in this pass.,,legacy_seed_mapping_without_explicit_signal
1139,University of Agricultural Sciences,7,mba,MBA,low,KEEP_INACTIVE,low,Ambiguous generic institution/program pairing; no sufficiently strong evidence in this pass.,,legacy_seed_mapping_without_explicit_signal
1140,University of Delhi,16,ba,BA,low,PROMOTE,medium,"Official University of Delhi/SOL catalogue lists BA, B.Com, B.Sc and BBA.",https://sol.du.ac.in/,official_catalog_match
1140,University of Delhi,13,bcom,B.Com,low,PROMOTE,medium,"Official University of Delhi/SOL catalogue lists BA, B.Com, B.Sc and BBA.",https://sol.du.ac.in/,official_catalog_match
1140,University of Delhi,22,bsc,B.Sc,low,PROMOTE,medium,"Official University of Delhi/SOL catalogue lists BA, B.Com, B.Sc and BBA.",https://sol.du.ac.in/,official_catalog_match
1140,University of Delhi,9,bba,BBA,low,PROMOTE,medium,"Official University of Delhi/SOL catalogue lists BA, B.Com, B.Sc and BBA.",https://sol.du.ac.in/,official_catalog_match
1140,University of Delhi,46,bca,BCA,low,KEEP_INACTIVE,low,"Known institution, but this specific program is not supported by the reviewed source/program rule; keep inactive.",,legacy_seed_mapping_without_explicit_signal
1140,University of Delhi,7,mba,MBA,low,KEEP_INACTIVE,low,"Known institution, but this specific program is not supported by the reviewed source/program rule; keep inactive.",,legacy_seed_mapping_without_explicit_signal
1141,"University of Delhi, Department of Financial Studies",16,ba,BA,low,KEEP_INACTIVE,low,Ambiguous generic institution/program pairing; no sufficiently strong evidence in this pass.,,legacy_seed_mapping_without_explicit_signal
1142,University of Hyderabad,16,ba,BA,low,KEEP_INACTIVE,low,Ambiguous generic institution/program pairing; no sufficiently strong evidence in this pass.,,legacy_seed_mapping_without_explicit_signal
1142,University of Hyderabad,13,bcom,B.Com,low,KEEP_INACTIVE,low,Ambiguous generic institution/program pairing; no sufficiently strong evidence in this pass.,,legacy_seed_mapping_without_explicit_signal
1142,University of Hyderabad,22,bsc,B.Sc,low,KEEP_INACTIVE,low,Ambiguous generic institution/program pairing; no sufficiently strong evidence in this pass.,,legacy_seed_mapping_without_explicit_signal
1142,University of Hyderabad,9,bba,BBA,low,KEEP_INACTIVE,low,Ambiguous generic institution/program pairing; no sufficiently strong evidence in this pass.,,legacy_seed_mapping_without_explicit_signal
1142,University of Hyderabad,46,bca,BCA,low,KEEP_INACTIVE,low,Ambiguous generic institution/program pairing; no sufficiently strong evidence in this pass.,,legacy_seed_mapping_without_explicit_signal
1142,University of Hyderabad,7,mba,MBA,low,KEEP_INACTIVE,low,Ambiguous generic institution/program pairing; no sufficiently strong evidence in this pass.,,legacy_seed_mapping_without_explicit_signal
1143,University of Jammu,16,ba,BA,low,PROMOTE,medium,"Official University of Jammu programme list and 2026 admissions materials support BA, B.Com, BBA and BCA.",https://www.jammuuniversity.ac.in/student/programs,official_catalog_match
1143,University of Jammu,13,bcom,B.Com,low,PROMOTE,medium,"Official University of Jammu programme list and 2026 admissions materials support BA, B.Com, BBA and BCA.",https://www.jammuuniversity.ac.in/student/programs,official_catalog_match
1143,University of Jammu,22,bsc,B.Sc,low,KEEP_INACTIVE,low,"Known institution, but this specific program is not supported by the reviewed source/program rule; keep inactive.",,legacy_seed_mapping_without_explicit_signal
1143,University of Jammu,9,bba,BBA,low,PROMOTE,medium,"Official University of Jammu programme list and 2026 admissions materials support BA, B.Com, BBA and BCA.",https://www.jammuuniversity.ac.in/student/programs,official_catalog_match
1143,University of Jammu,46,bca,BCA,low,PROMOTE,medium,"Official University of Jammu programme list and 2026 admissions materials support BA, B.Com, BBA and BCA.",https://www.jammuuniversity.ac.in/student/programs,official_catalog_match
1143,University of Jammu,7,mba,MBA,low,KEEP_INACTIVE,low,"Known institution, but this specific program is not supported by the reviewed source/program rule; keep inactive.",,legacy_seed_mapping_without_explicit_signal
1144,University of Kashmir,16,ba,BA,low,PROMOTE,medium,Official University of Kashmir programme structure explicitly lists BA and BBA.,https://egov.uok.edu.in/Academic/Syllabus/ListAll,official_catalog_match
1144,University of Kashmir,13,bcom,B.Com,low,KEEP_INACTIVE,low,"Known institution, but this specific program is not supported by the reviewed source/program rule; keep inactive.",,legacy_seed_mapping_without_explicit_signal
1144,University of Kashmir,22,bsc,B.Sc,low,KEEP_INACTIVE,low,"Known institution, but this specific program is not supported by the reviewed source/program rule; keep inactive.",,legacy_seed_mapping_without_explicit_signal
1144,University of Kashmir,9,bba,BBA,low,PROMOTE,medium,Official University of Kashmir programme structure explicitly lists BA and BBA.,https://egov.uok.edu.in/Academic/Syllabus/ListAll,official_catalog_match
1144,University of Kashmir,46,bca,BCA,low,KEEP_INACTIVE,low,"Known institution, but this specific program is not supported by the reviewed source/program rule; keep inactive.",,legacy_seed_mapping_without_explicit_signal
1144,University of Kashmir,7,mba,MBA,low,KEEP_INACTIVE,low,"Known institution, but this specific program is not supported by the reviewed source/program rule; keep inactive.",,legacy_seed_mapping_without_explicit_signal
1145,University of Lucknow,16,ba,BA,low,PROMOTE,high,"Official University of Lucknow undergraduate admissions catalogue explicitly lists BA, B.Com, B.Sc, BBA and BCA.",https://lkouniv.ac.in/en/article/click-here-online-form-for-undergraduate-programmes-session-2024-25,official_catalog_match
1145,University of Lucknow,13,bcom,B.Com,low,PROMOTE,high,"Official University of Lucknow undergraduate admissions catalogue explicitly lists BA, B.Com, B.Sc, BBA and BCA.",https://lkouniv.ac.in/en/article/click-here-online-form-for-undergraduate-programmes-session-2024-25,official_catalog_match
1145,University of Lucknow,22,bsc,B.Sc,low,PROMOTE,high,"Official University of Lucknow undergraduate admissions catalogue explicitly lists BA, B.Com, B.Sc, BBA and BCA.",https://lkouniv.ac.in/en/article/click-here-online-form-for-undergraduate-programmes-session-2024-25,official_catalog_match
1145,University of Lucknow,9,bba,BBA,low,PROMOTE,high,"Official University of Lucknow undergraduate admissions catalogue explicitly lists BA, B.Com, B.Sc, BBA and BCA.",https://lkouniv.ac.in/en/article/click-here-online-form-for-undergraduate-programmes-session-2024-25,official_catalog_match
1145,University of Lucknow,46,bca,BCA,low,PROMOTE,high,"Official University of Lucknow undergraduate admissions catalogue explicitly lists BA, B.Com, B.Sc, BBA and BCA.",https://lkouniv.ac.in/en/article/click-here-online-form-for-undergraduate-programmes-session-2024-25,official_catalog_match
1145,University of Lucknow,7,mba,MBA,low,KEEP_INACTIVE,low,"Known institution, but this specific program is not supported by the reviewed source/program rule; keep inactive.",,legacy_seed_mapping_without_explicit_signal
1146,University of Madras,16,ba,BA,low,KEEP_INACTIVE,low,Ambiguous generic institution/program pairing; no sufficiently strong evidence in this pass.,,legacy_seed_mapping_without_explicit_signal
1146,University of Madras,13,bcom,B.Com,low,KEEP_INACTIVE,low,Ambiguous generic institution/program pairing; no sufficiently strong evidence in this pass.,,legacy_seed_mapping_without_explicit_signal
1146,University of Madras,22,bsc,B.Sc,low,KEEP_INACTIVE,low,Ambiguous generic institution/program pairing; no sufficiently strong evidence in this pass.,,legacy_seed_mapping_without_explicit_signal
1146,University of Madras,9,bba,BBA,low,KEEP_INACTIVE,low,Ambiguous generic institution/program pairing; no sufficiently strong evidence in this pass.,,legacy_seed_mapping_without_explicit_signal
1146,University of Madras,46,bca,BCA,low,KEEP_INACTIVE,low,Ambiguous generic institution/program pairing; no sufficiently strong evidence in this pass.,,legacy_seed_mapping_without_explicit_signal
1146,University of Madras,7,mba,MBA,low,KEEP_INACTIVE,low,Ambiguous generic institution/program pairing; no sufficiently strong evidence in this pass.,,legacy_seed_mapping_without_explicit_signal
1147,University of Petroleum and Energy Studies,1,btech,B.Tech,low,PROMOTE,high,Official UPES admissions material explicitly lists B.Tech routes and M.Tech programmes.,https://www.upes.ac.in/admissions/mtech,official_catalog_match
1147,University of Petroleum and Energy Studies,2,be,B.E.,low,KEEP_INACTIVE,low,"Known institution, but this specific program is not supported by the reviewed source/program rule; keep inactive.",,legacy_seed_mapping_without_explicit_signal
1147,University of Petroleum and Energy Studies,3,mtech,M.Tech,low,PROMOTE,high,Official UPES admissions material explicitly lists B.Tech routes and M.Tech programmes.,https://www.upes.ac.in/admissions/mtech,official_catalog_match
1147,University of Petroleum and Energy Studies,4,me,M.E.,low,KEEP_INACTIVE,low,"Known institution, but this specific program is not supported by the reviewed source/program rule; keep inactive.",,legacy_seed_mapping_without_explicit_signal
1149,UPES,16,ba,BA,low,KEEP_INACTIVE,low,Ambiguous generic institution/program pairing; no sufficiently strong evidence in this pass.,,legacy_seed_mapping_without_explicit_signal
1149,UPES,13,bcom,B.Com,low,KEEP_INACTIVE,low,Ambiguous generic institution/program pairing; no sufficiently strong evidence in this pass.,,legacy_seed_mapping_without_explicit_signal
1149,UPES,22,bsc,B.Sc,low,KEEP_INACTIVE,low,Ambiguous generic institution/program pairing; no sufficiently strong evidence in this pass.,,legacy_seed_mapping_without_explicit_signal
1149,UPES,9,bba,BBA,low,KEEP_INACTIVE,low,Ambiguous generic institution/program pairing; no sufficiently strong evidence in this pass.,,legacy_seed_mapping_without_explicit_signal
1149,UPES,46,bca,BCA,low,KEEP_INACTIVE,low,Ambiguous generic institution/program pairing; no sufficiently strong evidence in this pass.,,legacy_seed_mapping_without_explicit_signal
1149,UPES,7,mba,MBA,low,KEEP_INACTIVE,low,Ambiguous generic institution/program pairing; no sufficiently strong evidence in this pass.,,legacy_seed_mapping_without_explicit_signal
1150,UPES Dehradun,16,ba,BA,low,KEEP_INACTIVE,low,Ambiguous generic institution/program pairing; no sufficiently strong evidence in this pass.,,legacy_seed_mapping_without_explicit_signal
1151,"UPES, School of Business",16,ba,BA,low,KEEP_INACTIVE,low,BA mapping conflicts with a stronger institution-domain signal.,,legacy_seed_mapping_without_explicit_signal
1153,Uttaranchal University,16,ba,BA,low,KEEP_INACTIVE,low,Ambiguous generic institution/program pairing; no sufficiently strong evidence in this pass.,,legacy_seed_mapping_without_explicit_signal
1155,Vallurupalli Nageswara Rao Vignana Jyothi Institute of,1,btech,B.Tech,low,KEEP_INACTIVE,low,Ambiguous generic institution/program pairing; no sufficiently strong evidence in this pass.,,legacy_seed_mapping_without_explicit_signal
1155,Vallurupalli Nageswara Rao Vignana Jyothi Institute of,2,be,B.E.,low,KEEP_INACTIVE,low,Ambiguous generic institution/program pairing; no sufficiently strong evidence in this pass.,,legacy_seed_mapping_without_explicit_signal
1155,Vallurupalli Nageswara Rao Vignana Jyothi Institute of,3,mtech,M.Tech,low,KEEP_INACTIVE,low,Ambiguous generic institution/program pairing; no sufficiently strong evidence in this pass.,,legacy_seed_mapping_without_explicit_signal
1155,Vallurupalli Nageswara Rao Vignana Jyothi Institute of,4,me,M.E.,low,KEEP_INACTIVE,low,Ambiguous generic institution/program pairing; no sufficiently strong evidence in this pass.,,legacy_seed_mapping_without_explicit_signal
1161,Veer Narmad South Gujarat University,16,ba,BA,low,KEEP_INACTIVE,low,Ambiguous generic institution/program pairing; no sufficiently strong evidence in this pass.,,legacy_seed_mapping_without_explicit_signal
1165,"VEL Tech, Chennai",1,btech,B.Tech,low,KEEP_INACTIVE,low,Ambiguous generic institution/program pairing; no sufficiently strong evidence in this pass.,,legacy_seed_mapping_without_explicit_signal
1165,"VEL Tech, Chennai",2,be,B.E.,low,KEEP_INACTIVE,low,Ambiguous generic institution/program pairing; no sufficiently strong evidence in this pass.,,legacy_seed_mapping_without_explicit_signal
1165,"VEL Tech, Chennai",3,mtech,M.Tech,low,KEEP_INACTIVE,low,Ambiguous generic institution/program pairing; no sufficiently strong evidence in this pass.,,legacy_seed_mapping_without_explicit_signal
1165,"VEL Tech, Chennai",4,me,M.E.,low,KEEP_INACTIVE,low,Ambiguous generic institution/program pairing; no sufficiently strong evidence in this pass.,,legacy_seed_mapping_without_explicit_signal
1168,Venkateshwara Open University,1,btech,B.Tech,low,KEEP_INACTIVE,low,Ambiguous generic institution/program pairing; no sufficiently strong evidence in this pass.,,legacy_seed_mapping_without_explicit_signal
1168,Venkateshwara Open University,2,be,B.E.,low,KEEP_INACTIVE,low,Ambiguous generic institution/program pairing; no sufficiently strong evidence in this pass.,,legacy_seed_mapping_without_explicit_signal
1168,Venkateshwara Open University,3,mtech,M.Tech,low,KEEP_INACTIVE,low,Ambiguous generic institution/program pairing; no sufficiently strong evidence in this pass.,,legacy_seed_mapping_without_explicit_signal
1168,Venkateshwara Open University,4,me,M.E.,low,KEEP_INACTIVE,low,Ambiguous generic institution/program pairing; no sufficiently strong evidence in this pass.,,legacy_seed_mapping_without_explicit_signal
1174,Vinayaka Missions Sikkim University,1,btech,B.Tech,low,KEEP_INACTIVE,low,Ambiguous generic institution/program pairing; no sufficiently strong evidence in this pass.,,legacy_seed_mapping_without_explicit_signal
1174,Vinayaka Missions Sikkim University,2,be,B.E.,low,KEEP_INACTIVE,low,Ambiguous generic institution/program pairing; no sufficiently strong evidence in this pass.,,legacy_seed_mapping_without_explicit_signal
1174,Vinayaka Missions Sikkim University,3,mtech,M.Tech,low,KEEP_INACTIVE,low,Ambiguous generic institution/program pairing; no sufficiently strong evidence in this pass.,,legacy_seed_mapping_without_explicit_signal
1174,Vinayaka Missions Sikkim University,4,me,M.E.,low,KEEP_INACTIVE,low,Ambiguous generic institution/program pairing; no sufficiently strong evidence in this pass.,,legacy_seed_mapping_without_explicit_signal
1180,VIT AP Amaravati,16,ba,BA,low,KEEP_INACTIVE,low,Ambiguous generic institution/program pairing; no sufficiently strong evidence in this pass.,,legacy_seed_mapping_without_explicit_signal
1181,VIT Bhopal,16,ba,BA,low,KEEP_INACTIVE,low,Ambiguous generic institution/program pairing; no sufficiently strong evidence in this pass.,,legacy_seed_mapping_without_explicit_signal
1182,"VIT Bhopal University, Bhopal",1,btech,B.Tech,low,PROMOTE,medium,Official VIT Bhopal page confirms B.Tech + M.Tech integrated technical programmes; mapping is kept at medium confidence because the catalogue row is broader than the integrated structure.,https://admissions.vit.ac.in/integrated-mtech-2026-applications/index.jsp,official_catalog_match
1182,"VIT Bhopal University, Bhopal",2,be,B.E.,low,KEEP_INACTIVE,low,"Known institution, but this specific program is not supported by the reviewed source/program rule; keep inactive.",,legacy_seed_mapping_without_explicit_signal
1182,"VIT Bhopal University, Bhopal",3,mtech,M.Tech,low,PROMOTE,medium,Official VIT Bhopal page confirms B.Tech + M.Tech integrated technical programmes; mapping is kept at medium confidence because the catalogue row is broader than the integrated structure.,https://admissions.vit.ac.in/integrated-mtech-2026-applications/index.jsp,official_catalog_match
1182,"VIT Bhopal University, Bhopal",4,me,M.E.,low,KEEP_INACTIVE,low,"Known institution, but this specific program is not supported by the reviewed source/program rule; keep inactive.",,legacy_seed_mapping_without_explicit_signal
1183,VIT Chennai,16,ba,BA,low,KEEP_INACTIVE,low,Ambiguous generic institution/program pairing; no sufficiently strong evidence in this pass.,,legacy_seed_mapping_without_explicit_signal
1184,VIT University,1,btech,B.Tech,low,PROMOTE,medium,Strong VIT institutional identity signal; promoted conservatively for the core engineering UG/PG families.,,strong_institutional_identity
1184,VIT University,2,be,B.E.,low,KEEP_INACTIVE,low,"Known institution, but this specific program is not supported by the reviewed source/program rule; keep inactive.",,legacy_seed_mapping_without_explicit_signal
1184,VIT University,3,mtech,M.Tech,low,PROMOTE,medium,Strong VIT institutional identity signal; promoted conservatively for the core engineering UG/PG families.,,strong_institutional_identity
1184,VIT University,4,me,M.E.,low,KEEP_INACTIVE,low,"Known institution, but this specific program is not supported by the reviewed source/program rule; keep inactive.",,legacy_seed_mapping_without_explicit_signal
1185,VIT Vellore,16,ba,BA,low,KEEP_INACTIVE,low,Ambiguous generic institution/program pairing; no sufficiently strong evidence in this pass.,,legacy_seed_mapping_without_explicit_signal
1186,Vivekananda Global University,16,ba,BA,low,KEEP_INACTIVE,low,Ambiguous generic institution/program pairing; no sufficiently strong evidence in this pass.,,legacy_seed_mapping_without_explicit_signal
1187,VJTI Mumbai,16,ba,BA,low,KEEP_INACTIVE,low,Ambiguous generic institution/program pairing; no sufficiently strong evidence in this pass.,,legacy_seed_mapping_without_explicit_signal
1189,Wildlife Institute of India,16,ba,BA,low,KEEP_INACTIVE,low,Ambiguous generic institution/program pairing; no sufficiently strong evidence in this pass.,,legacy_seed_mapping_without_explicit_signal
1190,William Carey University,1,btech,B.Tech,low,KEEP_INACTIVE,low,Ambiguous generic institution/program pairing; no sufficiently strong evidence in this pass.,,legacy_seed_mapping_without_explicit_signal
1190,William Carey University,2,be,B.E.,low,KEEP_INACTIVE,low,Ambiguous generic institution/program pairing; no sufficiently strong evidence in this pass.,,legacy_seed_mapping_without_explicit_signal
1190,William Carey University,3,mtech,M.Tech,low,KEEP_INACTIVE,low,Ambiguous generic institution/program pairing; no sufficiently strong evidence in this pass.,,legacy_seed_mapping_without_explicit_signal
1190,William Carey University,4,me,M.E.,low,KEEP_INACTIVE,low,Ambiguous generic institution/program pairing; no sufficiently strong evidence in this pass.,,legacy_seed_mapping_without_explicit_signal
1194,Woxsen University,16,ba,BA,low,KEEP_INACTIVE,low,Ambiguous generic institution/program pairing; no sufficiently strong evidence in this pass.,,legacy_seed_mapping_without_explicit_signal
1195,Xavier University,1,btech,B.Tech,low,KEEP_INACTIVE,low,Ambiguous generic institution/program pairing; no sufficiently strong evidence in this pass.,,legacy_seed_mapping_without_explicit_signal
1195,Xavier University,2,be,B.E.,low,KEEP_INACTIVE,low,Ambiguous generic institution/program pairing; no sufficiently strong evidence in this pass.,,legacy_seed_mapping_without_explicit_signal
1195,Xavier University,3,mtech,M.Tech,low,KEEP_INACTIVE,low,Ambiguous generic institution/program pairing; no sufficiently strong evidence in this pass.,,legacy_seed_mapping_without_explicit_signal
1195,Xavier University,4,me,M.E.,low,KEEP_INACTIVE,low,Ambiguous generic institution/program pairing; no sufficiently strong evidence in this pass.,,legacy_seed_mapping_without_explicit_signal
1197,XLRI Jamshedpur,16,ba,BA,low,KEEP_INACTIVE,low,Ambiguous generic institution/program pairing; no sufficiently strong evidence in this pass.,,legacy_seed_mapping_without_explicit_signal
1198,YBN University,1,btech,B.Tech,low,KEEP_INACTIVE,low,Ambiguous generic institution/program pairing; no sufficiently strong evidence in this pass.,,legacy_seed_mapping_without_explicit_signal
1198,YBN University,2,be,B.E.,low,KEEP_INACTIVE,low,Ambiguous generic institution/program pairing; no sufficiently strong evidence in this pass.,,legacy_seed_mapping_without_explicit_signal
1198,YBN University,3,mtech,M.Tech,low,KEEP_INACTIVE,low,Ambiguous generic institution/program pairing; no sufficiently strong evidence in this pass.,,legacy_seed_mapping_without_explicit_signal
1198,YBN University,4,me,M.E.,low,KEEP_INACTIVE,low,Ambiguous generic institution/program pairing; no sufficiently strong evidence in this pass.,,legacy_seed_mapping_without_explicit_signal
1199,Yenepoya University,16,ba,BA,low,KEEP_INACTIVE,low,Ambiguous generic institution/program pairing; no sufficiently strong evidence in this pass.,,legacy_seed_mapping_without_explicit_signal
1199,Yenepoya University,13,bcom,B.Com,low,KEEP_INACTIVE,low,Ambiguous generic institution/program pairing; no sufficiently strong evidence in this pass.,,legacy_seed_mapping_without_explicit_signal
1199,Yenepoya University,22,bsc,B.Sc,low,KEEP_INACTIVE,low,Ambiguous generic institution/program pairing; no sufficiently strong evidence in this pass.,,legacy_seed_mapping_without_explicit_signal
1199,Yenepoya University,9,bba,BBA,low,KEEP_INACTIVE,low,Ambiguous generic institution/program pairing; no sufficiently strong evidence in this pass.,,legacy_seed_mapping_without_explicit_signal
1199,Yenepoya University,46,bca,BCA,low,KEEP_INACTIVE,low,Ambiguous generic institution/program pairing; no sufficiently strong evidence in this pass.,,legacy_seed_mapping_without_explicit_signal
1199,Yenepoya University,7,mba,MBA,low,KEEP_INACTIVE,low,Ambiguous generic institution/program pairing; no sufficiently strong evidence in this pass.,,legacy_seed_mapping_without_explicit_signal
1202,Zakir Husain Delhi College,16,ba,BA,low,KEEP_INACTIVE,low,Ambiguous generic institution/program pairing; no sufficiently strong evidence in this pass.,,legacy_seed_mapping_without_explicit_signal
