id,college_id,year,average_package_lpa,median_package_lpa,highest_package_lpa,placement_rate_pct,source_status,source_type,source_url,source_checked_at,verification_status,notes
1,1,,12.0,,,,source,public_dataset,,,reviewed,Average package imported from supplied india_colleges.csv; exact placement-year/source is not specified in the base dataset.
2,2,,12.0,,,,source,public_dataset,,,reviewed,Average package imported from supplied india_colleges.csv; exact placement-year/source is not specified in the base dataset.
3,3,,20.0,,,,source,public_dataset,,,reviewed,Average package imported from supplied india_colleges.csv; exact placement-year/source is not specified in the base dataset.
4,4,,14.0,,,,source,public_dataset,,,reviewed,Average package imported from supplied india_colleges.csv; exact placement-year/source is not specified in the base dataset.
5,5,,19.6,,,,source,public_dataset,,,reviewed,Average package imported from supplied india_colleges.csv; exact placement-year/source is not specified in the base dataset.
6,6,,19.1,,,,source,public_dataset,,,reviewed,Average package imported from supplied india_colleges.csv; exact placement-year/source is not specified in the base dataset.
7,7,,11.6,,,,source,public_dataset,,,reviewed,Average package imported from supplied india_colleges.csv; exact placement-year/source is not specified in the base dataset.
8,8,,14.0,,,,source,public_dataset,,,reviewed,Average package imported from supplied india_colleges.csv; exact placement-year/source is not specified in the base dataset.
9,9,,13.0,,,,source,public_dataset,,,reviewed,Average package imported from supplied india_colleges.csv; exact placement-year/source is not specified in the base dataset.
10,10,,21.6,,,,source,public_dataset,,,reviewed,Average package imported from supplied india_colleges.csv; exact placement-year/source is not specified in the base dataset.
11,11,,21.0,,,,source,public_dataset,,,reviewed,Average package imported from supplied india_colleges.csv; exact placement-year/source is not specified in the base dataset.
12,12,,19.5,,,,source,public_dataset,,,reviewed,Average package imported from supplied india_colleges.csv; exact placement-year/source is not specified in the base dataset.
13,13,,53.0,,,,source,public_dataset,,,reviewed,Average package imported from supplied india_colleges.csv; exact placement-year/source is not specified in the base dataset.
14,14,,53.0,,,,source,public_dataset,,,reviewed,Average package imported from supplied india_colleges.csv; exact placement-year/source is not specified in the base dataset.
15,15,,24.0,,,,source,public_dataset,,,reviewed,Average package imported from supplied india_colleges.csv; exact placement-year/source is not specified in the base dataset.
16,16,,15.0,,,,source,public_dataset,,,reviewed,Average package imported from supplied india_colleges.csv; exact placement-year/source is not specified in the base dataset.
17,17,,17.5,,,,source,public_dataset,,,reviewed,Average package imported from supplied india_colleges.csv; exact placement-year/source is not specified in the base dataset.
18,18,,18.5,,,,source,public_dataset,,,reviewed,Average package imported from supplied india_colleges.csv; exact placement-year/source is not specified in the base dataset.
19,19,,12.0,,,,source,public_dataset,,,reviewed,Average package imported from supplied india_colleges.csv; exact placement-year/source is not specified in the base dataset.
20,20,,19.0,,,,source,public_dataset,,,reviewed,Average package imported from supplied india_colleges.csv; exact placement-year/source is not specified in the base dataset.
21,21,,17.0,,,,source,public_dataset,,,reviewed,Average package imported from supplied india_colleges.csv; exact placement-year/source is not specified in the base dataset.
22,22,,17.0,,,,source,public_dataset,,,reviewed,Average package imported from supplied india_colleges.csv; exact placement-year/source is not specified in the base dataset.
23,23,,11.0,,,,source,public_dataset,,,reviewed,Average package imported from supplied india_colleges.csv; exact placement-year/source is not specified in the base dataset.
24,24,,10.7,,,,source,public_dataset,,,reviewed,Average package imported from supplied india_colleges.csv; exact placement-year/source is not specified in the base dataset.
25,25,,11.0,,,,source,public_dataset,,,reviewed,Average package imported from supplied india_colleges.csv; exact placement-year/source is not specified in the base dataset.
26,26,,12.0,,,,source,public_dataset,,,reviewed,Average package imported from supplied india_colleges.csv; exact placement-year/source is not specified in the base dataset.
27,27,,13.0,,,,source,public_dataset,,,reviewed,Average package imported from supplied india_colleges.csv; exact placement-year/source is not specified in the base dataset.
28,28,,7.0,,,,source,public_dataset,,,reviewed,Average package imported from supplied india_colleges.csv; exact placement-year/source is not specified in the base dataset.
29,29,,7.6,,,,source,public_dataset,,,reviewed,Average package imported from supplied india_colleges.csv; exact placement-year/source is not specified in the base dataset.
30,30,,8.1,,,,source,public_dataset,,,reviewed,Average package imported from supplied india_colleges.csv; exact placement-year/source is not specified in the base dataset.
31,31,,12.5,,,,source,public_dataset,,,reviewed,Average package imported from supplied india_colleges.csv; exact placement-year/source is not specified in the base dataset.
32,32,,15.9,,,,source,public_dataset,,,reviewed,Average package imported from supplied india_colleges.csv; exact placement-year/source is not specified in the base dataset.
33,33,,11.2,,,,source,public_dataset,,,reviewed,Average package imported from supplied india_colleges.csv; exact placement-year/source is not specified in the base dataset.
34,34,,7.2,,,,source,public_dataset,,,reviewed,Average package imported from supplied india_colleges.csv; exact placement-year/source is not specified in the base dataset.
35,35,,10.5,,,,source,public_dataset,,,reviewed,Average package imported from supplied india_colleges.csv; exact placement-year/source is not specified in the base dataset.
36,36,,7.9,,,,source,public_dataset,,,reviewed,Average package imported from supplied india_colleges.csv; exact placement-year/source is not specified in the base dataset.
37,37,,10.8,,,,source,public_dataset,,,reviewed,Average package imported from supplied india_colleges.csv; exact placement-year/source is not specified in the base dataset.
38,38,,9.0,,,,source,public_dataset,,,reviewed,Average package imported from supplied india_colleges.csv; exact placement-year/source is not specified in the base dataset.
39,39,,7.5,,,,source,public_dataset,,,reviewed,Average package imported from supplied india_colleges.csv; exact placement-year/source is not specified in the base dataset.
40,40,,10.5,,,,source,public_dataset,,,reviewed,Average package imported from supplied india_colleges.csv; exact placement-year/source is not specified in the base dataset.
41,41,,7.2,,,,source,public_dataset,,,reviewed,Average package imported from supplied india_colleges.csv; exact placement-year/source is not specified in the base dataset.
42,42,,7.0,,,,source,public_dataset,,,reviewed,Average package imported from supplied india_colleges.csv; exact placement-year/source is not specified in the base dataset.
43,43,,7.0,,,,source,public_dataset,,,reviewed,Average package imported from supplied india_colleges.csv; exact placement-year/source is not specified in the base dataset.
44,44,,8.5,,,,source,public_dataset,,,reviewed,Average package imported from supplied india_colleges.csv; exact placement-year/source is not specified in the base dataset.
45,45,,15.2,,,,source,public_dataset,,,reviewed,Average package imported from supplied india_colleges.csv; exact placement-year/source is not specified in the base dataset.
46,46,,8.2,,,,source,public_dataset,,,reviewed,Average package imported from supplied india_colleges.csv; exact placement-year/source is not specified in the base dataset.
47,47,,11.0,,,,source,public_dataset,,,reviewed,Average package imported from supplied india_colleges.csv; exact placement-year/source is not specified in the base dataset.
48,48,,11.0,,,,source,public_dataset,,,reviewed,Average package imported from supplied india_colleges.csv; exact placement-year/source is not specified in the base dataset.
49,49,,14.0,,,,source,public_dataset,,,reviewed,Average package imported from supplied india_colleges.csv; exact placement-year/source is not specified in the base dataset.
50,50,,14.3,,,,source,public_dataset,,,reviewed,Average package imported from supplied india_colleges.csv; exact placement-year/source is not specified in the base dataset.
51,51,,8.8,,,,source,public_dataset,,,reviewed,Average package imported from supplied india_colleges.csv; exact placement-year/source is not specified in the base dataset.
52,52,,9.5,,,,source,public_dataset,,,reviewed,Average package imported from supplied india_colleges.csv; exact placement-year/source is not specified in the base dataset.
53,53,,14.2,,,,source,public_dataset,,,reviewed,Average package imported from supplied india_colleges.csv; exact placement-year/source is not specified in the base dataset.
54,54,,9.0,,,,source,public_dataset,,,reviewed,Average package imported from supplied india_colleges.csv; exact placement-year/source is not specified in the base dataset.
55,55,,18.5,,,,source,public_dataset,,,reviewed,Average package imported from supplied india_colleges.csv; exact placement-year/source is not specified in the base dataset.
56,56,,20.0,,,,source,public_dataset,,,reviewed,Average package imported from supplied india_colleges.csv; exact placement-year/source is not specified in the base dataset.
57,57,,11.0,,,,source,public_dataset,,,reviewed,Average package imported from supplied india_colleges.csv; exact placement-year/source is not specified in the base dataset.
58,58,,11.0,,,,source,public_dataset,,,reviewed,Average package imported from supplied india_colleges.csv; exact placement-year/source is not specified in the base dataset.
59,59,,22.0,,,,source,public_dataset,,,reviewed,Average package imported from supplied india_colleges.csv; exact placement-year/source is not specified in the base dataset.
60,60,,22.0,,,,source,public_dataset,,,reviewed,Average package imported from supplied india_colleges.csv; exact placement-year/source is not specified in the base dataset.
61,61,,25.0,,,,source,public_dataset,,,reviewed,Average package imported from supplied india_colleges.csv; exact placement-year/source is not specified in the base dataset.
62,62,,16.5,,,,source,public_dataset,,,reviewed,Average package imported from supplied india_colleges.csv; exact placement-year/source is not specified in the base dataset.
63,63,,10.0,,,,source,public_dataset,,,reviewed,Average package imported from supplied india_colleges.csv; exact placement-year/source is not specified in the base dataset.
64,64,,12.0,,,,source,public_dataset,,,reviewed,Average package imported from supplied india_colleges.csv; exact placement-year/source is not specified in the base dataset.
65,65,,10.0,,,,source,public_dataset,,,reviewed,Average package imported from supplied india_colleges.csv; exact placement-year/source is not specified in the base dataset.
66,66,,12.0,,,,source,public_dataset,,,reviewed,Average package imported from supplied india_colleges.csv; exact placement-year/source is not specified in the base dataset.
67,67,,11.0,,,,source,public_dataset,,,reviewed,Average package imported from supplied india_colleges.csv; exact placement-year/source is not specified in the base dataset.
68,68,,16.8,,,,source,public_dataset,,,reviewed,Average package imported from supplied india_colleges.csv; exact placement-year/source is not specified in the base dataset.
69,69,,10.0,,,,source,public_dataset,,,reviewed,Average package imported from supplied india_colleges.csv; exact placement-year/source is not specified in the base dataset.
70,70,,10.0,,,,source,public_dataset,,,reviewed,Average package imported from supplied india_colleges.csv; exact placement-year/source is not specified in the base dataset.
71,71,,11.0,,,,source,public_dataset,,,reviewed,Average package imported from supplied india_colleges.csv; exact placement-year/source is not specified in the base dataset.
72,72,,10.0,,,,source,public_dataset,,,reviewed,Average package imported from supplied india_colleges.csv; exact placement-year/source is not specified in the base dataset.
73,73,,9.5,,,,source,public_dataset,,,reviewed,Average package imported from supplied india_colleges.csv; exact placement-year/source is not specified in the base dataset.
74,74,,10.0,,,,source,public_dataset,,,reviewed,Average package imported from supplied india_colleges.csv; exact placement-year/source is not specified in the base dataset.
75,75,,35.2,,,,source,public_dataset,,,reviewed,Average package imported from supplied india_colleges.csv; exact placement-year/source is not specified in the base dataset.
76,76,,28.0,,,,source,public_dataset,,,reviewed,Average package imported from supplied india_colleges.csv; exact placement-year/source is not specified in the base dataset.
77,77,,34.9,,,,source,public_dataset,,,reviewed,Average package imported from supplied india_colleges.csv; exact placement-year/source is not specified in the base dataset.
78,78,,14.5,,,,source,public_dataset,,,reviewed,Average package imported from supplied india_colleges.csv; exact placement-year/source is not specified in the base dataset.
79,79,,34.2,,,,source,public_dataset,,,reviewed,Average package imported from supplied india_colleges.csv; exact placement-year/source is not specified in the base dataset.
80,80,,27.0,,,,source,public_dataset,,,reviewed,Average package imported from supplied india_colleges.csv; exact placement-year/source is not specified in the base dataset.
81,81,,15.5,,,,source,public_dataset,,,reviewed,Average package imported from supplied india_colleges.csv; exact placement-year/source is not specified in the base dataset.
82,82,,18.5,,,,source,public_dataset,,,reviewed,Average package imported from supplied india_colleges.csv; exact placement-year/source is not specified in the base dataset.
83,83,,28.1,,,,source,public_dataset,,,reviewed,Average package imported from supplied india_colleges.csv; exact placement-year/source is not specified in the base dataset.
84,84,,32.3,,,,source,public_dataset,,,reviewed,Average package imported from supplied india_colleges.csv; exact placement-year/source is not specified in the base dataset.
85,85,,25.0,,,,source,public_dataset,,,reviewed,Average package imported from supplied india_colleges.csv; exact placement-year/source is not specified in the base dataset.
86,86,,17.5,,,,source,public_dataset,,,reviewed,Average package imported from supplied india_colleges.csv; exact placement-year/source is not specified in the base dataset.
87,87,,18.0,,,,source,public_dataset,,,reviewed,Average package imported from supplied india_colleges.csv; exact placement-year/source is not specified in the base dataset.
88,88,,19.7,,,,source,public_dataset,,,reviewed,Average package imported from supplied india_colleges.csv; exact placement-year/source is not specified in the base dataset.
89,89,,36.0,,,,source,public_dataset,,,reviewed,Average package imported from supplied india_colleges.csv; exact placement-year/source is not specified in the base dataset.
90,90,,16.0,,,,source,public_dataset,,,reviewed,Average package imported from supplied india_colleges.csv; exact placement-year/source is not specified in the base dataset.
91,91,,26.4,,,,source,public_dataset,,,reviewed,Average package imported from supplied india_colleges.csv; exact placement-year/source is not specified in the base dataset.
92,92,,14.0,,,,source,public_dataset,,,reviewed,Average package imported from supplied india_colleges.csv; exact placement-year/source is not specified in the base dataset.
93,93,,21.0,,,,source,public_dataset,,,reviewed,Average package imported from supplied india_colleges.csv; exact placement-year/source is not specified in the base dataset.
94,94,,19.0,,,,source,public_dataset,,,reviewed,Average package imported from supplied india_colleges.csv; exact placement-year/source is not specified in the base dataset.
95,95,,16.6,,,,source,public_dataset,,,reviewed,Average package imported from supplied india_colleges.csv; exact placement-year/source is not specified in the base dataset.
96,96,,22.0,,,,source,public_dataset,,,reviewed,Average package imported from supplied india_colleges.csv; exact placement-year/source is not specified in the base dataset.
97,97,,21.0,,,,source,public_dataset,,,reviewed,Average package imported from supplied india_colleges.csv; exact placement-year/source is not specified in the base dataset.
98,98,,25.0,,,,source,public_dataset,,,reviewed,Average package imported from supplied india_colleges.csv; exact placement-year/source is not specified in the base dataset.
99,99,,8.0,,,,source,public_dataset,,,reviewed,Average package imported from supplied india_colleges.csv; exact placement-year/source is not specified in the base dataset.
100,100,,8.0,,,,source,public_dataset,,,reviewed,Average package imported from supplied india_colleges.csv; exact placement-year/source is not specified in the base dataset.
101,101,,12.0,,,,source,public_dataset,,,reviewed,Average package imported from supplied india_colleges.csv; exact placement-year/source is not specified in the base dataset.
102,102,,7.0,,,,source,public_dataset,,,reviewed,Average package imported from supplied india_colleges.csv; exact placement-year/source is not specified in the base dataset.
103,103,,8.5,,,,source,public_dataset,,,reviewed,Average package imported from supplied india_colleges.csv; exact placement-year/source is not specified in the base dataset.
104,104,,7.0,,,,source,public_dataset,,,reviewed,Average package imported from supplied india_colleges.csv; exact placement-year/source is not specified in the base dataset.
105,105,,7.0,,,,source,public_dataset,,,reviewed,Average package imported from supplied india_colleges.csv; exact placement-year/source is not specified in the base dataset.
106,106,,7.5,,,,source,public_dataset,,,reviewed,Average package imported from supplied india_colleges.csv; exact placement-year/source is not specified in the base dataset.
107,107,,7.5,,,,source,public_dataset,,,reviewed,Average package imported from supplied india_colleges.csv; exact placement-year/source is not specified in the base dataset.
108,108,,7.5,,,,source,public_dataset,,,reviewed,Average package imported from supplied india_colleges.csv; exact placement-year/source is not specified in the base dataset.
109,109,,9.0,,,,source,public_dataset,,,reviewed,Average package imported from supplied india_colleges.csv; exact placement-year/source is not specified in the base dataset.
110,110,,6.0,,,,source,public_dataset,,,reviewed,Average package imported from supplied india_colleges.csv; exact placement-year/source is not specified in the base dataset.
111,111,,7.8,,,,source,public_dataset,,,reviewed,Average package imported from supplied india_colleges.csv; exact placement-year/source is not specified in the base dataset.
112,112,,4.0,,,,source,public_dataset,,,reviewed,Average package imported from supplied india_colleges.csv; exact placement-year/source is not specified in the base dataset.
113,113,,5.4,,,,source,public_dataset,,,reviewed,Average package imported from supplied india_colleges.csv; exact placement-year/source is not specified in the base dataset.
114,114,,7.0,,,,source,public_dataset,,,reviewed,Average package imported from supplied india_colleges.csv; exact placement-year/source is not specified in the base dataset.
115,115,,6.5,,,,source,public_dataset,,,reviewed,Average package imported from supplied india_colleges.csv; exact placement-year/source is not specified in the base dataset.
116,116,,6.5,,,,source,public_dataset,,,reviewed,Average package imported from supplied india_colleges.csv; exact placement-year/source is not specified in the base dataset.
117,117,,10.5,,,,source,public_dataset,,,reviewed,Average package imported from supplied india_colleges.csv; exact placement-year/source is not specified in the base dataset.
118,118,,8.6,,,,source,public_dataset,,,reviewed,Average package imported from supplied india_colleges.csv; exact placement-year/source is not specified in the base dataset.
119,119,,8.0,,,,source,public_dataset,,,reviewed,Average package imported from supplied india_colleges.csv; exact placement-year/source is not specified in the base dataset.
120,120,,7.8,,,,source,public_dataset,,,reviewed,Average package imported from supplied india_colleges.csv; exact placement-year/source is not specified in the base dataset.
121,121,,7.4,,,,source,public_dataset,,,reviewed,Average package imported from supplied india_colleges.csv; exact placement-year/source is not specified in the base dataset.
122,122,,6.0,,,,source,public_dataset,,,reviewed,Average package imported from supplied india_colleges.csv; exact placement-year/source is not specified in the base dataset.
123,123,,6.5,,,,source,public_dataset,,,reviewed,Average package imported from supplied india_colleges.csv; exact placement-year/source is not specified in the base dataset.
124,124,,33.8,,,,source,public_dataset,,,reviewed,Average package imported from supplied india_colleges.csv; exact placement-year/source is not specified in the base dataset.
125,125,,7.0,,,,source,public_dataset,,,reviewed,Average package imported from supplied india_colleges.csv; exact placement-year/source is not specified in the base dataset.
126,126,,6.9,,,,source,public_dataset,,,reviewed,Average package imported from supplied india_colleges.csv; exact placement-year/source is not specified in the base dataset.
127,127,,7.0,,,,source,public_dataset,,,reviewed,Average package imported from supplied india_colleges.csv; exact placement-year/source is not specified in the base dataset.
128,128,,9.0,,,,source,public_dataset,,,reviewed,Average package imported from supplied india_colleges.csv; exact placement-year/source is not specified in the base dataset.
129,129,,6.5,,,,source,public_dataset,,,reviewed,Average package imported from supplied india_colleges.csv; exact placement-year/source is not specified in the base dataset.
130,130,,7.0,,,,source,public_dataset,,,reviewed,Average package imported from supplied india_colleges.csv; exact placement-year/source is not specified in the base dataset.
131,131,,6.5,,,,source,public_dataset,,,reviewed,Average package imported from supplied india_colleges.csv; exact placement-year/source is not specified in the base dataset.
132,132,,7.6,,,,source,public_dataset,,,reviewed,Average package imported from supplied india_colleges.csv; exact placement-year/source is not specified in the base dataset.
133,133,,3.8,,,,source,public_dataset,,,reviewed,Average package imported from supplied india_colleges.csv; exact placement-year/source is not specified in the base dataset.
134,134,,6.9,,,,source,public_dataset,,,reviewed,Average package imported from supplied india_colleges.csv; exact placement-year/source is not specified in the base dataset.
135,135,,6.5,,,,source,public_dataset,,,reviewed,Average package imported from supplied india_colleges.csv; exact placement-year/source is not specified in the base dataset.
136,136,,6.5,,,,source,public_dataset,,,reviewed,Average package imported from supplied india_colleges.csv; exact placement-year/source is not specified in the base dataset.
137,137,,6.5,,,,source,public_dataset,,,reviewed,Average package imported from supplied india_colleges.csv; exact placement-year/source is not specified in the base dataset.
138,138,,6.5,,,,source,public_dataset,,,reviewed,Average package imported from supplied india_colleges.csv; exact placement-year/source is not specified in the base dataset.
139,139,,26.3,,,,source,public_dataset,,,reviewed,Average package imported from supplied india_colleges.csv; exact placement-year/source is not specified in the base dataset.
140,140,,17.0,,,,source,public_dataset,,,reviewed,Average package imported from supplied india_colleges.csv; exact placement-year/source is not specified in the base dataset.
141,141,,35.9,,,,source,public_dataset,,,reviewed,Average package imported from supplied india_colleges.csv; exact placement-year/source is not specified in the base dataset.
142,142,,6.0,,,,source,public_dataset,,,reviewed,Average package imported from supplied india_colleges.csv; exact placement-year/source is not specified in the base dataset.
143,143,,7.0,,,,source,public_dataset,,,reviewed,Average package imported from supplied india_colleges.csv; exact placement-year/source is not specified in the base dataset.
144,144,,7.0,,,,source,public_dataset,,,reviewed,Average package imported from supplied india_colleges.csv; exact placement-year/source is not specified in the base dataset.
145,145,,7.0,,,,source,public_dataset,,,reviewed,Average package imported from supplied india_colleges.csv; exact placement-year/source is not specified in the base dataset.
146,146,,7.0,,,,source,public_dataset,,,reviewed,Average package imported from supplied india_colleges.csv; exact placement-year/source is not specified in the base dataset.
147,147,,7.0,,,,source,public_dataset,,,reviewed,Average package imported from supplied india_colleges.csv; exact placement-year/source is not specified in the base dataset.
148,148,,6.0,,,,source,public_dataset,,,reviewed,Average package imported from supplied india_colleges.csv; exact placement-year/source is not specified in the base dataset.
149,149,,8.0,,,,source,public_dataset,,,reviewed,Average package imported from supplied india_colleges.csv; exact placement-year/source is not specified in the base dataset.
150,150,,7.8,,,,source,public_dataset,,,reviewed,Average package imported from supplied india_colleges.csv; exact placement-year/source is not specified in the base dataset.
151,151,,6.3,,,,source,public_dataset,,,reviewed,Average package imported from supplied india_colleges.csv; exact placement-year/source is not specified in the base dataset.
152,152,,7.0,,,,source,public_dataset,,,reviewed,Average package imported from supplied india_colleges.csv; exact placement-year/source is not specified in the base dataset.
153,153,,7.5,,,,source,public_dataset,,,reviewed,Average package imported from supplied india_colleges.csv; exact placement-year/source is not specified in the base dataset.
154,154,,40.0,,,,source,public_dataset,,,reviewed,Average package imported from supplied india_colleges.csv; exact placement-year/source is not specified in the base dataset.
155,155,,6.5,,,,source,public_dataset,,,reviewed,Average package imported from supplied india_colleges.csv; exact placement-year/source is not specified in the base dataset.
156,156,,6.5,,,,source,public_dataset,,,reviewed,Average package imported from supplied india_colleges.csv; exact placement-year/source is not specified in the base dataset.
157,157,,7.2,,,,source,public_dataset,,,reviewed,Average package imported from supplied india_colleges.csv; exact placement-year/source is not specified in the base dataset.
158,158,,8.3,,,,source,public_dataset,,,reviewed,Average package imported from supplied india_colleges.csv; exact placement-year/source is not specified in the base dataset.
159,159,,6.5,,,,source,public_dataset,,,reviewed,Average package imported from supplied india_colleges.csv; exact placement-year/source is not specified in the base dataset.
160,160,,8.0,,,,source,public_dataset,,,reviewed,Average package imported from supplied india_colleges.csv; exact placement-year/source is not specified in the base dataset.
161,161,,6.0,,,,source,public_dataset,,,reviewed,Average package imported from supplied india_colleges.csv; exact placement-year/source is not specified in the base dataset.
162,162,,7.5,,,,source,public_dataset,,,reviewed,Average package imported from supplied india_colleges.csv; exact placement-year/source is not specified in the base dataset.
163,163,,25.7,,,,source,public_dataset,,,reviewed,Average package imported from supplied india_colleges.csv; exact placement-year/source is not specified in the base dataset.
164,164,,7.5,,,,source,public_dataset,,,reviewed,Average package imported from supplied india_colleges.csv; exact placement-year/source is not specified in the base dataset.
165,165,,7.5,,,,source,public_dataset,,,reviewed,Average package imported from supplied india_colleges.csv; exact placement-year/source is not specified in the base dataset.
166,166,,6.5,,,,source,public_dataset,,,reviewed,Average package imported from supplied india_colleges.csv; exact placement-year/source is not specified in the base dataset.
167,167,,16.1,,,,source,public_dataset,,,reviewed,Average package imported from supplied india_colleges.csv; exact placement-year/source is not specified in the base dataset.
168,168,,8.7,,,,source,public_dataset,,,reviewed,Average package imported from supplied india_colleges.csv; exact placement-year/source is not specified in the base dataset.
169,169,,6.5,,,,source,public_dataset,,,reviewed,Average package imported from supplied india_colleges.csv; exact placement-year/source is not specified in the base dataset.
170,170,,7.7,,,,source,public_dataset,,,reviewed,Average package imported from supplied india_colleges.csv; exact placement-year/source is not specified in the base dataset.
171,171,,6.0,,,,source,public_dataset,,,reviewed,Average package imported from supplied india_colleges.csv; exact placement-year/source is not specified in the base dataset.
172,172,,8.2,,,,source,public_dataset,,,reviewed,Average package imported from supplied india_colleges.csv; exact placement-year/source is not specified in the base dataset.
173,173,,7.5,,,,source,public_dataset,,,reviewed,Average package imported from supplied india_colleges.csv; exact placement-year/source is not specified in the base dataset.
174,174,,12.0,,,,source,public_dataset,,,reviewed,Average package imported from supplied india_colleges.csv; exact placement-year/source is not specified in the base dataset.
175,175,,6.5,,,,source,public_dataset,,,reviewed,Average package imported from supplied india_colleges.csv; exact placement-year/source is not specified in the base dataset.
176,176,,7.6,,,,source,public_dataset,,,reviewed,Average package imported from supplied india_colleges.csv; exact placement-year/source is not specified in the base dataset.
177,177,,6.5,,,,source,public_dataset,,,reviewed,Average package imported from supplied india_colleges.csv; exact placement-year/source is not specified in the base dataset.
178,178,,12.0,,,,source,public_dataset,,,reviewed,Average package imported from supplied india_colleges.csv; exact placement-year/source is not specified in the base dataset.
179,179,,6.4,,,,source,public_dataset,,,reviewed,Average package imported from supplied india_colleges.csv; exact placement-year/source is not specified in the base dataset.
180,180,,7.8,,,,source,public_dataset,,,reviewed,Average package imported from supplied india_colleges.csv; exact placement-year/source is not specified in the base dataset.
181,181,,7.0,,,,source,public_dataset,,,reviewed,Average package imported from supplied india_colleges.csv; exact placement-year/source is not specified in the base dataset.
182,182,,6.6,,,,source,public_dataset,,,reviewed,Average package imported from supplied india_colleges.csv; exact placement-year/source is not specified in the base dataset.
183,183,,7.7,,,,source,public_dataset,,,reviewed,Average package imported from supplied india_colleges.csv; exact placement-year/source is not specified in the base dataset.
184,184,,6.5,,,,source,public_dataset,,,reviewed,Average package imported from supplied india_colleges.csv; exact placement-year/source is not specified in the base dataset.
185,185,,6.5,,,,source,public_dataset,,,reviewed,Average package imported from supplied india_colleges.csv; exact placement-year/source is not specified in the base dataset.
186,186,,6.5,,,,source,public_dataset,,,reviewed,Average package imported from supplied india_colleges.csv; exact placement-year/source is not specified in the base dataset.
187,187,,7.2,,,,source,public_dataset,,,reviewed,Average package imported from supplied india_colleges.csv; exact placement-year/source is not specified in the base dataset.
188,188,,9.5,,,,source,public_dataset,,,reviewed,Average package imported from supplied india_colleges.csv; exact placement-year/source is not specified in the base dataset.
189,189,,6.0,,,,source,public_dataset,,,reviewed,Average package imported from supplied india_colleges.csv; exact placement-year/source is not specified in the base dataset.
190,190,,6.5,,,,source,public_dataset,,,reviewed,Average package imported from supplied india_colleges.csv; exact placement-year/source is not specified in the base dataset.
191,191,,6.5,,,,source,public_dataset,,,reviewed,Average package imported from supplied india_colleges.csv; exact placement-year/source is not specified in the base dataset.
192,192,,5.8,,,,source,public_dataset,,,reviewed,Average package imported from supplied india_colleges.csv; exact placement-year/source is not specified in the base dataset.
193,193,,6.5,,,,source,public_dataset,,,reviewed,Average package imported from supplied india_colleges.csv; exact placement-year/source is not specified in the base dataset.
194,194,,7.7,,,,source,public_dataset,,,reviewed,Average package imported from supplied india_colleges.csv; exact placement-year/source is not specified in the base dataset.
195,195,,6.5,,,,source,public_dataset,,,reviewed,Average package imported from supplied india_colleges.csv; exact placement-year/source is not specified in the base dataset.
196,196,,7.0,,,,source,public_dataset,,,reviewed,Average package imported from supplied india_colleges.csv; exact placement-year/source is not specified in the base dataset.
197,197,,12.0,,,,source,public_dataset,,,reviewed,Average package imported from supplied india_colleges.csv; exact placement-year/source is not specified in the base dataset.
198,198,,6.5,,,,source,public_dataset,,,reviewed,Average package imported from supplied india_colleges.csv; exact placement-year/source is not specified in the base dataset.
199,199,,6.5,,,,source,public_dataset,,,reviewed,Average package imported from supplied india_colleges.csv; exact placement-year/source is not specified in the base dataset.
200,200,,5.9,,,,source,public_dataset,,,reviewed,Average package imported from supplied india_colleges.csv; exact placement-year/source is not specified in the base dataset.
201,201,,6.5,,,,source,public_dataset,,,reviewed,Average package imported from supplied india_colleges.csv; exact placement-year/source is not specified in the base dataset.
202,202,,7.5,,,,source,public_dataset,,,reviewed,Average package imported from supplied india_colleges.csv; exact placement-year/source is not specified in the base dataset.
203,203,,6.5,,,,source,public_dataset,,,reviewed,Average package imported from supplied india_colleges.csv; exact placement-year/source is not specified in the base dataset.
204,204,,6.5,,,,source,public_dataset,,,reviewed,Average package imported from supplied india_colleges.csv; exact placement-year/source is not specified in the base dataset.
205,205,,6.5,,,,source,public_dataset,,,reviewed,Average package imported from supplied india_colleges.csv; exact placement-year/source is not specified in the base dataset.
206,206,,6.5,,,,source,public_dataset,,,reviewed,Average package imported from supplied india_colleges.csv; exact placement-year/source is not specified in the base dataset.
207,207,,11.1,,,,source,public_dataset,,,reviewed,Average package imported from supplied india_colleges.csv; exact placement-year/source is not specified in the base dataset.
208,208,,6.5,,,,source,public_dataset,,,reviewed,Average package imported from supplied india_colleges.csv; exact placement-year/source is not specified in the base dataset.
209,209,,7.9,,,,source,public_dataset,,,reviewed,Average package imported from supplied india_colleges.csv; exact placement-year/source is not specified in the base dataset.
210,210,,6.5,,,,source,public_dataset,,,reviewed,Average package imported from supplied india_colleges.csv; exact placement-year/source is not specified in the base dataset.
211,211,,8.0,,,,source,public_dataset,,,reviewed,Average package imported from supplied india_colleges.csv; exact placement-year/source is not specified in the base dataset.
212,212,,8.1,,,,source,public_dataset,,,reviewed,Average package imported from supplied india_colleges.csv; exact placement-year/source is not specified in the base dataset.
213,213,,6.5,,,,source,public_dataset,,,reviewed,Average package imported from supplied india_colleges.csv; exact placement-year/source is not specified in the base dataset.
214,214,,4.6,,,,source,public_dataset,,,reviewed,Average package imported from supplied india_colleges.csv; exact placement-year/source is not specified in the base dataset.
215,215,,6.6,,,,source,public_dataset,,,reviewed,Average package imported from supplied india_colleges.csv; exact placement-year/source is not specified in the base dataset.
216,216,,6.5,,,,source,public_dataset,,,reviewed,Average package imported from supplied india_colleges.csv; exact placement-year/source is not specified in the base dataset.
217,217,,6.5,,,,source,public_dataset,,,reviewed,Average package imported from supplied india_colleges.csv; exact placement-year/source is not specified in the base dataset.
218,218,,4.0,,,,source,public_dataset,,,reviewed,Average package imported from supplied india_colleges.csv; exact placement-year/source is not specified in the base dataset.
219,219,,5.1,,,,source,public_dataset,,,reviewed,Average package imported from supplied india_colleges.csv; exact placement-year/source is not specified in the base dataset.
220,220,,7.0,,,,source,public_dataset,,,reviewed,Average package imported from supplied india_colleges.csv; exact placement-year/source is not specified in the base dataset.
221,221,,8.3,,,,source,public_dataset,,,reviewed,Average package imported from supplied india_colleges.csv; exact placement-year/source is not specified in the base dataset.
222,222,,7.1,,,,source,public_dataset,,,reviewed,Average package imported from supplied india_colleges.csv; exact placement-year/source is not specified in the base dataset.
223,223,,13.0,,,,source,public_dataset,,,reviewed,Average package imported from supplied india_colleges.csv; exact placement-year/source is not specified in the base dataset.
224,224,,6.5,,,,source,public_dataset,,,reviewed,Average package imported from supplied india_colleges.csv; exact placement-year/source is not specified in the base dataset.
225,225,,7.0,,,,source,public_dataset,,,reviewed,Average package imported from supplied india_colleges.csv; exact placement-year/source is not specified in the base dataset.
226,226,,7.5,,,,source,public_dataset,,,reviewed,Average package imported from supplied india_colleges.csv; exact placement-year/source is not specified in the base dataset.
227,227,,7.0,,,,source,public_dataset,,,reviewed,Average package imported from supplied india_colleges.csv; exact placement-year/source is not specified in the base dataset.
228,228,,4.5,,,,source,public_dataset,,,reviewed,Average package imported from supplied india_colleges.csv; exact placement-year/source is not specified in the base dataset.
229,229,,8.0,,,,source,public_dataset,,,reviewed,Average package imported from supplied india_colleges.csv; exact placement-year/source is not specified in the base dataset.
230,230,,7.7,,,,source,public_dataset,,,reviewed,Average package imported from supplied india_colleges.csv; exact placement-year/source is not specified in the base dataset.
231,231,,6.0,,,,source,public_dataset,,,reviewed,Average package imported from supplied india_colleges.csv; exact placement-year/source is not specified in the base dataset.
232,232,,6.5,,,,source,public_dataset,,,reviewed,Average package imported from supplied india_colleges.csv; exact placement-year/source is not specified in the base dataset.
233,233,,6.5,,,,source,public_dataset,,,reviewed,Average package imported from supplied india_colleges.csv; exact placement-year/source is not specified in the base dataset.
234,234,,6.5,,,,source,public_dataset,,,reviewed,Average package imported from supplied india_colleges.csv; exact placement-year/source is not specified in the base dataset.
235,235,,6.4,,,,source,public_dataset,,,reviewed,Average package imported from supplied india_colleges.csv; exact placement-year/source is not specified in the base dataset.
236,236,,6.5,,,,source,public_dataset,,,reviewed,Average package imported from supplied india_colleges.csv; exact placement-year/source is not specified in the base dataset.
237,237,,8.0,,,,source,public_dataset,,,reviewed,Average package imported from supplied india_colleges.csv; exact placement-year/source is not specified in the base dataset.
238,238,,7.3,,,,source,public_dataset,,,reviewed,Average package imported from supplied india_colleges.csv; exact placement-year/source is not specified in the base dataset.
239,239,,4.8,,,,source,public_dataset,,,reviewed,Average package imported from supplied india_colleges.csv; exact placement-year/source is not specified in the base dataset.
240,240,,7.2,,,,source,public_dataset,,,reviewed,Average package imported from supplied india_colleges.csv; exact placement-year/source is not specified in the base dataset.
241,241,,4.6,,,,source,public_dataset,,,reviewed,Average package imported from supplied india_colleges.csv; exact placement-year/source is not specified in the base dataset.
242,242,,6.0,,,,source,public_dataset,,,reviewed,Average package imported from supplied india_colleges.csv; exact placement-year/source is not specified in the base dataset.
243,243,,9.1,,,,source,public_dataset,,,reviewed,Average package imported from supplied india_colleges.csv; exact placement-year/source is not specified in the base dataset.
244,244,,25.0,,,,source,public_dataset,,,reviewed,Average package imported from supplied india_colleges.csv; exact placement-year/source is not specified in the base dataset.
245,245,,8.0,,,,source,public_dataset,,,reviewed,Average package imported from supplied india_colleges.csv; exact placement-year/source is not specified in the base dataset.
246,246,,12.0,,,,source,public_dataset,,,reviewed,Average package imported from supplied india_colleges.csv; exact placement-year/source is not specified in the base dataset.
247,247,,7.2,,,,source,public_dataset,,,reviewed,Average package imported from supplied india_colleges.csv; exact placement-year/source is not specified in the base dataset.
248,248,,6.5,,,,source,public_dataset,,,reviewed,Average package imported from supplied india_colleges.csv; exact placement-year/source is not specified in the base dataset.
249,249,,18.0,,,,source,public_dataset,,,reviewed,Average package imported from supplied india_colleges.csv; exact placement-year/source is not specified in the base dataset.
250,250,,7.9,,,,source,public_dataset,,,reviewed,Average package imported from supplied india_colleges.csv; exact placement-year/source is not specified in the base dataset.
251,251,,6.5,,,,source,public_dataset,,,reviewed,Average package imported from supplied india_colleges.csv; exact placement-year/source is not specified in the base dataset.
252,252,,6.5,,,,source,public_dataset,,,reviewed,Average package imported from supplied india_colleges.csv; exact placement-year/source is not specified in the base dataset.
253,253,,6.2,,,,source,public_dataset,,,reviewed,Average package imported from supplied india_colleges.csv; exact placement-year/source is not specified in the base dataset.
254,254,,6.5,,,,source,public_dataset,,,reviewed,Average package imported from supplied india_colleges.csv; exact placement-year/source is not specified in the base dataset.
255,255,,8.4,,,,source,public_dataset,,,reviewed,Average package imported from supplied india_colleges.csv; exact placement-year/source is not specified in the base dataset.
256,256,,7.4,,,,source,public_dataset,,,reviewed,Average package imported from supplied india_colleges.csv; exact placement-year/source is not specified in the base dataset.
257,257,,7.5,,,,source,public_dataset,,,reviewed,Average package imported from supplied india_colleges.csv; exact placement-year/source is not specified in the base dataset.
258,258,,8.0,,,,source,public_dataset,,,reviewed,Average package imported from supplied india_colleges.csv; exact placement-year/source is not specified in the base dataset.
259,259,,7.0,,,,source,public_dataset,,,reviewed,Average package imported from supplied india_colleges.csv; exact placement-year/source is not specified in the base dataset.
260,260,,4.8,,,,source,public_dataset,,,reviewed,Average package imported from supplied india_colleges.csv; exact placement-year/source is not specified in the base dataset.
261,261,,8.1,,,,source,public_dataset,,,reviewed,Average package imported from supplied india_colleges.csv; exact placement-year/source is not specified in the base dataset.
262,262,,6.5,,,,source,public_dataset,,,reviewed,Average package imported from supplied india_colleges.csv; exact placement-year/source is not specified in the base dataset.
263,263,,6.5,,,,source,public_dataset,,,reviewed,Average package imported from supplied india_colleges.csv; exact placement-year/source is not specified in the base dataset.
264,264,,6.8,,,,source,public_dataset,,,reviewed,Average package imported from supplied india_colleges.csv; exact placement-year/source is not specified in the base dataset.
265,265,,7.5,,,,source,public_dataset,,,reviewed,Average package imported from supplied india_colleges.csv; exact placement-year/source is not specified in the base dataset.
266,266,,5.3,,,,source,public_dataset,,,reviewed,Average package imported from supplied india_colleges.csv; exact placement-year/source is not specified in the base dataset.
267,267,,6.5,,,,source,public_dataset,,,reviewed,Average package imported from supplied india_colleges.csv; exact placement-year/source is not specified in the base dataset.
268,268,,6.5,,,,source,public_dataset,,,reviewed,Average package imported from supplied india_colleges.csv; exact placement-year/source is not specified in the base dataset.
269,269,,6.5,,,,source,public_dataset,,,reviewed,Average package imported from supplied india_colleges.csv; exact placement-year/source is not specified in the base dataset.
270,270,,10.0,,,,source,public_dataset,,,reviewed,Average package imported from supplied india_colleges.csv; exact placement-year/source is not specified in the base dataset.
271,271,,7.3,,,,source,public_dataset,,,reviewed,Average package imported from supplied india_colleges.csv; exact placement-year/source is not specified in the base dataset.
272,272,,6.5,,,,source,public_dataset,,,reviewed,Average package imported from supplied india_colleges.csv; exact placement-year/source is not specified in the base dataset.
273,273,,7.5,,,,source,public_dataset,,,reviewed,Average package imported from supplied india_colleges.csv; exact placement-year/source is not specified in the base dataset.
274,274,,7.0,,,,source,public_dataset,,,reviewed,Average package imported from supplied india_colleges.csv; exact placement-year/source is not specified in the base dataset.
275,275,,6.5,,,,source,public_dataset,,,reviewed,Average package imported from supplied india_colleges.csv; exact placement-year/source is not specified in the base dataset.
276,276,,7.4,,,,source,public_dataset,,,reviewed,Average package imported from supplied india_colleges.csv; exact placement-year/source is not specified in the base dataset.
277,277,,8.1,,,,source,public_dataset,,,reviewed,Average package imported from supplied india_colleges.csv; exact placement-year/source is not specified in the base dataset.
278,278,,6.5,,,,source,public_dataset,,,reviewed,Average package imported from supplied india_colleges.csv; exact placement-year/source is not specified in the base dataset.
279,279,,6.4,,,,source,public_dataset,,,reviewed,Average package imported from supplied india_colleges.csv; exact placement-year/source is not specified in the base dataset.
280,280,,8.6,,,,source,public_dataset,,,reviewed,Average package imported from supplied india_colleges.csv; exact placement-year/source is not specified in the base dataset.
281,281,,50.0,,,,source,public_dataset,,,reviewed,Average package imported from supplied india_colleges.csv; exact placement-year/source is not specified in the base dataset.
282,282,,45.5,,,,source,public_dataset,,,reviewed,Average package imported from supplied india_colleges.csv; exact placement-year/source is not specified in the base dataset.
283,283,,8.6,,,,source,public_dataset,,,reviewed,Average package imported from supplied india_colleges.csv; exact placement-year/source is not specified in the base dataset.
284,284,,50.0,,,,source,public_dataset,,,reviewed,Average package imported from supplied india_colleges.csv; exact placement-year/source is not specified in the base dataset.
285,285,,6.5,,,,source,public_dataset,,,reviewed,Average package imported from supplied india_colleges.csv; exact placement-year/source is not specified in the base dataset.
286,286,,6.7,,,,source,public_dataset,,,reviewed,Average package imported from supplied india_colleges.csv; exact placement-year/source is not specified in the base dataset.
287,287,,6.5,,,,source,public_dataset,,,reviewed,Average package imported from supplied india_colleges.csv; exact placement-year/source is not specified in the base dataset.
288,288,,16.4,,,,source,public_dataset,,,reviewed,Average package imported from supplied india_colleges.csv; exact placement-year/source is not specified in the base dataset.
289,289,,15.4,,,,source,public_dataset,,,reviewed,Average package imported from supplied india_colleges.csv; exact placement-year/source is not specified in the base dataset.
290,290,,6.5,,,,source,public_dataset,,,reviewed,Average package imported from supplied india_colleges.csv; exact placement-year/source is not specified in the base dataset.
291,291,,6.5,,,,source,public_dataset,,,reviewed,Average package imported from supplied india_colleges.csv; exact placement-year/source is not specified in the base dataset.
292,292,,7.0,,,,source,public_dataset,,,reviewed,Average package imported from supplied india_colleges.csv; exact placement-year/source is not specified in the base dataset.
293,293,,6.9,,,,source,public_dataset,,,reviewed,Average package imported from supplied india_colleges.csv; exact placement-year/source is not specified in the base dataset.
294,294,,5.0,,,,source,public_dataset,,,reviewed,Average package imported from supplied india_colleges.csv; exact placement-year/source is not specified in the base dataset.
295,295,,8.1,,,,source,public_dataset,,,reviewed,Average package imported from supplied india_colleges.csv; exact placement-year/source is not specified in the base dataset.
296,296,,6.5,,,,source,public_dataset,,,reviewed,Average package imported from supplied india_colleges.csv; exact placement-year/source is not specified in the base dataset.
297,297,,6.5,,,,source,public_dataset,,,reviewed,Average package imported from supplied india_colleges.csv; exact placement-year/source is not specified in the base dataset.
298,298,,8.0,,,,source,public_dataset,,,reviewed,Average package imported from supplied india_colleges.csv; exact placement-year/source is not specified in the base dataset.
299,299,,6.5,,,,source,public_dataset,,,reviewed,Average package imported from supplied india_colleges.csv; exact placement-year/source is not specified in the base dataset.
300,300,,8.0,,,,source,public_dataset,,,reviewed,Average package imported from supplied india_colleges.csv; exact placement-year/source is not specified in the base dataset.
301,301,,6.5,,,,source,public_dataset,,,reviewed,Average package imported from supplied india_colleges.csv; exact placement-year/source is not specified in the base dataset.
302,302,,6.5,,,,source,public_dataset,,,reviewed,Average package imported from supplied india_colleges.csv; exact placement-year/source is not specified in the base dataset.
303,303,,8.8,,,,source,public_dataset,,,reviewed,Average package imported from supplied india_colleges.csv; exact placement-year/source is not specified in the base dataset.
304,304,,7.0,,,,source,public_dataset,,,reviewed,Average package imported from supplied india_colleges.csv; exact placement-year/source is not specified in the base dataset.
305,305,,6.5,,,,source,public_dataset,,,reviewed,Average package imported from supplied india_colleges.csv; exact placement-year/source is not specified in the base dataset.
306,306,,5.0,,,,source,public_dataset,,,reviewed,Average package imported from supplied india_colleges.csv; exact placement-year/source is not specified in the base dataset.
307,307,,7.0,,,,source,public_dataset,,,reviewed,Average package imported from supplied india_colleges.csv; exact placement-year/source is not specified in the base dataset.
308,308,,5.8,,,,source,public_dataset,,,reviewed,Average package imported from supplied india_colleges.csv; exact placement-year/source is not specified in the base dataset.
309,309,,6.5,,,,source,public_dataset,,,reviewed,Average package imported from supplied india_colleges.csv; exact placement-year/source is not specified in the base dataset.
310,310,,10.0,,,,source,public_dataset,,,reviewed,Average package imported from supplied india_colleges.csv; exact placement-year/source is not specified in the base dataset.
311,311,,6.9,,,,source,public_dataset,,,reviewed,Average package imported from supplied india_colleges.csv; exact placement-year/source is not specified in the base dataset.
312,312,,6.5,,,,source,public_dataset,,,reviewed,Average package imported from supplied india_colleges.csv; exact placement-year/source is not specified in the base dataset.
313,313,,7.2,,,,source,public_dataset,,,reviewed,Average package imported from supplied india_colleges.csv; exact placement-year/source is not specified in the base dataset.
314,314,,8.0,,,,source,public_dataset,,,reviewed,Average package imported from supplied india_colleges.csv; exact placement-year/source is not specified in the base dataset.
315,315,,8.2,,,,source,public_dataset,,,reviewed,Average package imported from supplied india_colleges.csv; exact placement-year/source is not specified in the base dataset.
316,316,,9.0,,,,source,public_dataset,,,reviewed,Average package imported from supplied india_colleges.csv; exact placement-year/source is not specified in the base dataset.
317,317,,9.5,,,,source,public_dataset,,,reviewed,Average package imported from supplied india_colleges.csv; exact placement-year/source is not specified in the base dataset.
318,318,,8.2,,,,source,public_dataset,,,reviewed,Average package imported from supplied india_colleges.csv; exact placement-year/source is not specified in the base dataset.
319,319,,8.0,,,,source,public_dataset,,,reviewed,Average package imported from supplied india_colleges.csv; exact placement-year/source is not specified in the base dataset.
320,320,,8.4,,,,source,public_dataset,,,reviewed,Average package imported from supplied india_colleges.csv; exact placement-year/source is not specified in the base dataset.
321,321,,6.6,,,,source,public_dataset,,,reviewed,Average package imported from supplied india_colleges.csv; exact placement-year/source is not specified in the base dataset.
322,322,,6.6,,,,source,public_dataset,,,reviewed,Average package imported from supplied india_colleges.csv; exact placement-year/source is not specified in the base dataset.
323,323,,8.4,,,,source,public_dataset,,,reviewed,Average package imported from supplied india_colleges.csv; exact placement-year/source is not specified in the base dataset.
324,324,,6.0,,,,source,public_dataset,,,reviewed,Average package imported from supplied india_colleges.csv; exact placement-year/source is not specified in the base dataset.
325,325,,6.0,,,,source,public_dataset,,,reviewed,Average package imported from supplied india_colleges.csv; exact placement-year/source is not specified in the base dataset.
326,326,,23.1,,,,source,public_dataset,,,reviewed,Average package imported from supplied india_colleges.csv; exact placement-year/source is not specified in the base dataset.
327,327,,8.7,,,,source,public_dataset,,,reviewed,Average package imported from supplied india_colleges.csv; exact placement-year/source is not specified in the base dataset.
328,328,,7.3,,,,source,public_dataset,,,reviewed,Average package imported from supplied india_colleges.csv; exact placement-year/source is not specified in the base dataset.
329,329,,6.5,,,,source,public_dataset,,,reviewed,Average package imported from supplied india_colleges.csv; exact placement-year/source is not specified in the base dataset.
330,330,,6.5,,,,source,public_dataset,,,reviewed,Average package imported from supplied india_colleges.csv; exact placement-year/source is not specified in the base dataset.
331,331,,8.6,,,,source,public_dataset,,,reviewed,Average package imported from supplied india_colleges.csv; exact placement-year/source is not specified in the base dataset.
332,332,,13.0,,,,source,public_dataset,,,reviewed,Average package imported from supplied india_colleges.csv; exact placement-year/source is not specified in the base dataset.
333,333,,17.4,,,,source,public_dataset,,,reviewed,Average package imported from supplied india_colleges.csv; exact placement-year/source is not specified in the base dataset.
334,334,,6.5,,,,source,public_dataset,,,reviewed,Average package imported from supplied india_colleges.csv; exact placement-year/source is not specified in the base dataset.
335,335,,7.0,,,,source,public_dataset,,,reviewed,Average package imported from supplied india_colleges.csv; exact placement-year/source is not specified in the base dataset.
336,336,,23.1,,,,source,public_dataset,,,reviewed,Average package imported from supplied india_colleges.csv; exact placement-year/source is not specified in the base dataset.
337,337,,6.5,,,,source,public_dataset,,,reviewed,Average package imported from supplied india_colleges.csv; exact placement-year/source is not specified in the base dataset.
338,338,,6.5,,,,source,public_dataset,,,reviewed,Average package imported from supplied india_colleges.csv; exact placement-year/source is not specified in the base dataset.
339,339,,6.5,,,,source,public_dataset,,,reviewed,Average package imported from supplied india_colleges.csv; exact placement-year/source is not specified in the base dataset.
340,340,,32.0,,,,source,public_dataset,,,reviewed,Average package imported from supplied india_colleges.csv; exact placement-year/source is not specified in the base dataset.
341,341,,8.0,,,,source,public_dataset,,,reviewed,Average package imported from supplied india_colleges.csv; exact placement-year/source is not specified in the base dataset.
342,342,,6.5,,,,source,public_dataset,,,reviewed,Average package imported from supplied india_colleges.csv; exact placement-year/source is not specified in the base dataset.
343,343,,8.2,,,,source,public_dataset,,,reviewed,Average package imported from supplied india_colleges.csv; exact placement-year/source is not specified in the base dataset.
344,344,,6.5,,,,source,public_dataset,,,reviewed,Average package imported from supplied india_colleges.csv; exact placement-year/source is not specified in the base dataset.
345,345,,6.5,,,,source,public_dataset,,,reviewed,Average package imported from supplied india_colleges.csv; exact placement-year/source is not specified in the base dataset.
346,346,,7.7,,,,source,public_dataset,,,reviewed,Average package imported from supplied india_colleges.csv; exact placement-year/source is not specified in the base dataset.
347,347,,24.0,,,,source,public_dataset,,,reviewed,Average package imported from supplied india_colleges.csv; exact placement-year/source is not specified in the base dataset.
348,348,,6.5,,,,source,public_dataset,,,reviewed,Average package imported from supplied india_colleges.csv; exact placement-year/source is not specified in the base dataset.
349,349,,8.6,,,,source,public_dataset,,,reviewed,Average package imported from supplied india_colleges.csv; exact placement-year/source is not specified in the base dataset.
350,350,,26.5,,,,source,public_dataset,,,reviewed,Average package imported from supplied india_colleges.csv; exact placement-year/source is not specified in the base dataset.
351,351,,8.2,,,,source,public_dataset,,,reviewed,Average package imported from supplied india_colleges.csv; exact placement-year/source is not specified in the base dataset.
352,352,,15.8,,,,source,public_dataset,,,reviewed,Average package imported from supplied india_colleges.csv; exact placement-year/source is not specified in the base dataset.
353,353,,24.8,,,,source,public_dataset,,,reviewed,Average package imported from supplied india_colleges.csv; exact placement-year/source is not specified in the base dataset.
354,354,,6.5,,,,source,public_dataset,,,reviewed,Average package imported from supplied india_colleges.csv; exact placement-year/source is not specified in the base dataset.
355,355,,24.0,,,,source,public_dataset,,,reviewed,Average package imported from supplied india_colleges.csv; exact placement-year/source is not specified in the base dataset.
356,356,,24.0,,,,source,public_dataset,,,reviewed,Average package imported from supplied india_colleges.csv; exact placement-year/source is not specified in the base dataset.
357,357,,16.0,,,,source,public_dataset,,,reviewed,Average package imported from supplied india_colleges.csv; exact placement-year/source is not specified in the base dataset.
358,358,,27.0,,,,source,public_dataset,,,reviewed,Average package imported from supplied india_colleges.csv; exact placement-year/source is not specified in the base dataset.
359,359,,7.5,,,,source,public_dataset,,,reviewed,Average package imported from supplied india_colleges.csv; exact placement-year/source is not specified in the base dataset.
360,360,,40.0,,,,source,public_dataset,,,reviewed,Average package imported from supplied india_colleges.csv; exact placement-year/source is not specified in the base dataset.
361,361,,6.5,,,,source,public_dataset,,,reviewed,Average package imported from supplied india_colleges.csv; exact placement-year/source is not specified in the base dataset.
362,362,,25.0,,,,source,public_dataset,,,reviewed,Average package imported from supplied india_colleges.csv; exact placement-year/source is not specified in the base dataset.
363,363,,9.2,,,,source,public_dataset,,,reviewed,Average package imported from supplied india_colleges.csv; exact placement-year/source is not specified in the base dataset.
364,364,,1.0,,,,source,public_dataset,,,reviewed,Average package imported from supplied india_colleges.csv; exact placement-year/source is not specified in the base dataset.
365,365,,6.5,,,,source,public_dataset,,,reviewed,Average package imported from supplied india_colleges.csv; exact placement-year/source is not specified in the base dataset.
366,366,,6.5,,,,source,public_dataset,,,reviewed,Average package imported from supplied india_colleges.csv; exact placement-year/source is not specified in the base dataset.
367,367,,5.6,,,,source,public_dataset,,,reviewed,Average package imported from supplied india_colleges.csv; exact placement-year/source is not specified in the base dataset.
368,368,,6.3,,,,source,public_dataset,,,reviewed,Average package imported from supplied india_colleges.csv; exact placement-year/source is not specified in the base dataset.
369,369,,58.0,,,,source,public_dataset,,,reviewed,Average package imported from supplied india_colleges.csv; exact placement-year/source is not specified in the base dataset.
370,370,,9.5,,,,source,public_dataset,,,reviewed,Average package imported from supplied india_colleges.csv; exact placement-year/source is not specified in the base dataset.
371,371,,41.1,,,,source,public_dataset,,,reviewed,Average package imported from supplied india_colleges.csv; exact placement-year/source is not specified in the base dataset.
372,372,,6.5,,,,source,public_dataset,,,reviewed,Average package imported from supplied india_colleges.csv; exact placement-year/source is not specified in the base dataset.
373,373,,6.5,,,,source,public_dataset,,,reviewed,Average package imported from supplied india_colleges.csv; exact placement-year/source is not specified in the base dataset.
374,374,,6.5,,,,source,public_dataset,,,reviewed,Average package imported from supplied india_colleges.csv; exact placement-year/source is not specified in the base dataset.
375,375,,7.3,,,,source,public_dataset,,,reviewed,Average package imported from supplied india_colleges.csv; exact placement-year/source is not specified in the base dataset.
376,376,,6.5,,,,source,public_dataset,,,reviewed,Average package imported from supplied india_colleges.csv; exact placement-year/source is not specified in the base dataset.
377,377,,6.3,,,,source,public_dataset,,,reviewed,Average package imported from supplied india_colleges.csv; exact placement-year/source is not specified in the base dataset.
378,378,,6.5,,,,source,public_dataset,,,reviewed,Average package imported from supplied india_colleges.csv; exact placement-year/source is not specified in the base dataset.
379,379,,6.5,,,,source,public_dataset,,,reviewed,Average package imported from supplied india_colleges.csv; exact placement-year/source is not specified in the base dataset.
380,380,,52.0,,,,source,public_dataset,,,reviewed,Average package imported from supplied india_colleges.csv; exact placement-year/source is not specified in the base dataset.
381,381,,6.5,,,,source,public_dataset,,,reviewed,Average package imported from supplied india_colleges.csv; exact placement-year/source is not specified in the base dataset.
382,382,,6.5,,,,source,public_dataset,,,reviewed,Average package imported from supplied india_colleges.csv; exact placement-year/source is not specified in the base dataset.
383,383,,6.5,,,,source,public_dataset,,,reviewed,Average package imported from supplied india_colleges.csv; exact placement-year/source is not specified in the base dataset.
384,384,,6.5,,,,source,public_dataset,,,reviewed,Average package imported from supplied india_colleges.csv; exact placement-year/source is not specified in the base dataset.
385,385,,6.5,,,,source,public_dataset,,,reviewed,Average package imported from supplied india_colleges.csv; exact placement-year/source is not specified in the base dataset.
386,386,,6.7,,,,source,public_dataset,,,reviewed,Average package imported from supplied india_colleges.csv; exact placement-year/source is not specified in the base dataset.
387,387,,6.0,,,,source,public_dataset,,,reviewed,Average package imported from supplied india_colleges.csv; exact placement-year/source is not specified in the base dataset.
388,388,,6.0,,,,source,public_dataset,,,reviewed,Average package imported from supplied india_colleges.csv; exact placement-year/source is not specified in the base dataset.
389,389,,7.2,,,,source,public_dataset,,,reviewed,Average package imported from supplied india_colleges.csv; exact placement-year/source is not specified in the base dataset.
390,390,,9.0,,,,source,public_dataset,,,reviewed,Average package imported from supplied india_colleges.csv; exact placement-year/source is not specified in the base dataset.
391,391,,6.5,,,,source,public_dataset,,,reviewed,Average package imported from supplied india_colleges.csv; exact placement-year/source is not specified in the base dataset.
392,392,,8.0,,,,source,public_dataset,,,reviewed,Average package imported from supplied india_colleges.csv; exact placement-year/source is not specified in the base dataset.
393,393,,4.2,,,,source,public_dataset,,,reviewed,Average package imported from supplied india_colleges.csv; exact placement-year/source is not specified in the base dataset.
394,394,,6.5,,,,source,public_dataset,,,reviewed,Average package imported from supplied india_colleges.csv; exact placement-year/source is not specified in the base dataset.
395,395,,6.5,,,,source,public_dataset,,,reviewed,Average package imported from supplied india_colleges.csv; exact placement-year/source is not specified in the base dataset.
396,396,,6.5,,,,source,public_dataset,,,reviewed,Average package imported from supplied india_colleges.csv; exact placement-year/source is not specified in the base dataset.
397,397,,7.1,,,,source,public_dataset,,,reviewed,Average package imported from supplied india_colleges.csv; exact placement-year/source is not specified in the base dataset.
398,398,,6.5,,,,source,public_dataset,,,reviewed,Average package imported from supplied india_colleges.csv; exact placement-year/source is not specified in the base dataset.
399,399,,6.5,,,,source,public_dataset,,,reviewed,Average package imported from supplied india_colleges.csv; exact placement-year/source is not specified in the base dataset.
400,400,,6.0,,,,source,public_dataset,,,reviewed,Average package imported from supplied india_colleges.csv; exact placement-year/source is not specified in the base dataset.
401,401,,15.8,,,,source,public_dataset,,,reviewed,Average package imported from supplied india_colleges.csv; exact placement-year/source is not specified in the base dataset.
402,402,,8.7,,,,source,public_dataset,,,reviewed,Average package imported from supplied india_colleges.csv; exact placement-year/source is not specified in the base dataset.
403,403,,8.3,,,,source,public_dataset,,,reviewed,Average package imported from supplied india_colleges.csv; exact placement-year/source is not specified in the base dataset.
404,404,,23.5,,,,source,public_dataset,,,reviewed,Average package imported from supplied india_colleges.csv; exact placement-year/source is not specified in the base dataset.
405,405,,6.5,,,,source,public_dataset,,,reviewed,Average package imported from supplied india_colleges.csv; exact placement-year/source is not specified in the base dataset.
406,406,,6.5,,,,source,public_dataset,,,reviewed,Average package imported from supplied india_colleges.csv; exact placement-year/source is not specified in the base dataset.
407,407,,3.0,,,,source,public_dataset,,,reviewed,Average package imported from supplied india_colleges.csv; exact placement-year/source is not specified in the base dataset.
408,408,,7.7,,,,source,public_dataset,,,reviewed,Average package imported from supplied india_colleges.csv; exact placement-year/source is not specified in the base dataset.
409,409,,42.0,,,,source,public_dataset,,,reviewed,Average package imported from supplied india_colleges.csv; exact placement-year/source is not specified in the base dataset.
410,410,,6.5,,,,source,public_dataset,,,reviewed,Average package imported from supplied india_colleges.csv; exact placement-year/source is not specified in the base dataset.
411,411,,6.5,,,,source,public_dataset,,,reviewed,Average package imported from supplied india_colleges.csv; exact placement-year/source is not specified in the base dataset.
412,412,,6.5,,,,source,public_dataset,,,reviewed,Average package imported from supplied india_colleges.csv; exact placement-year/source is not specified in the base dataset.
413,413,,8.3,,,,source,public_dataset,,,reviewed,Average package imported from supplied india_colleges.csv; exact placement-year/source is not specified in the base dataset.
414,414,,11.0,,,,source,public_dataset,,,reviewed,Average package imported from supplied india_colleges.csv; exact placement-year/source is not specified in the base dataset.
415,415,,8.0,,,,source,public_dataset,,,reviewed,Average package imported from supplied india_colleges.csv; exact placement-year/source is not specified in the base dataset.
416,416,,6.5,,,,source,public_dataset,,,reviewed,Average package imported from supplied india_colleges.csv; exact placement-year/source is not specified in the base dataset.
417,417,,34.1,,,,source,public_dataset,,,reviewed,Average package imported from supplied india_colleges.csv; exact placement-year/source is not specified in the base dataset.
418,418,,34.1,,,,source,public_dataset,,,reviewed,Average package imported from supplied india_colleges.csv; exact placement-year/source is not specified in the base dataset.
419,419,,29.0,,,,source,public_dataset,,,reviewed,Average package imported from supplied india_colleges.csv; exact placement-year/source is not specified in the base dataset.
420,420,,6.5,,,,source,public_dataset,,,reviewed,Average package imported from supplied india_colleges.csv; exact placement-year/source is not specified in the base dataset.
421,421,,8.2,,,,source,public_dataset,,,reviewed,Average package imported from supplied india_colleges.csv; exact placement-year/source is not specified in the base dataset.
422,422,,7.0,,,,source,public_dataset,,,reviewed,Average package imported from supplied india_colleges.csv; exact placement-year/source is not specified in the base dataset.
423,423,,6.5,,,,source,public_dataset,,,reviewed,Average package imported from supplied india_colleges.csv; exact placement-year/source is not specified in the base dataset.
424,424,,39.0,,,,source,public_dataset,,,reviewed,Average package imported from supplied india_colleges.csv; exact placement-year/source is not specified in the base dataset.
425,425,,6.6,,,,source,public_dataset,,,reviewed,Average package imported from supplied india_colleges.csv; exact placement-year/source is not specified in the base dataset.
426,426,,6.5,,,,source,public_dataset,,,reviewed,Average package imported from supplied india_colleges.csv; exact placement-year/source is not specified in the base dataset.
427,427,,12.0,,,,source,public_dataset,,,reviewed,Average package imported from supplied india_colleges.csv; exact placement-year/source is not specified in the base dataset.
428,428,,7.0,,,,source,public_dataset,,,reviewed,Average package imported from supplied india_colleges.csv; exact placement-year/source is not specified in the base dataset.
429,429,,22.0,,,,source,public_dataset,,,reviewed,Average package imported from supplied india_colleges.csv; exact placement-year/source is not specified in the base dataset.
430,430,,7.5,,,,source,public_dataset,,,reviewed,Average package imported from supplied india_colleges.csv; exact placement-year/source is not specified in the base dataset.
431,431,,5.3,,,,source,public_dataset,,,reviewed,Average package imported from supplied india_colleges.csv; exact placement-year/source is not specified in the base dataset.
432,432,,8.1,,,,source,public_dataset,,,reviewed,Average package imported from supplied india_colleges.csv; exact placement-year/source is not specified in the base dataset.
433,433,,9.0,,,,source,public_dataset,,,reviewed,Average package imported from supplied india_colleges.csv; exact placement-year/source is not specified in the base dataset.
434,434,,8.0,,,,source,public_dataset,,,reviewed,Average package imported from supplied india_colleges.csv; exact placement-year/source is not specified in the base dataset.
435,435,,12.0,,,,source,public_dataset,,,reviewed,Average package imported from supplied india_colleges.csv; exact placement-year/source is not specified in the base dataset.
436,436,,4.0,,,,source,public_dataset,,,reviewed,Average package imported from supplied india_colleges.csv; exact placement-year/source is not specified in the base dataset.
437,437,,6.5,,,,source,public_dataset,,,reviewed,Average package imported from supplied india_colleges.csv; exact placement-year/source is not specified in the base dataset.
438,438,,6.4,,,,source,public_dataset,,,reviewed,Average package imported from supplied india_colleges.csv; exact placement-year/source is not specified in the base dataset.
439,439,,8.3,,,,source,public_dataset,,,reviewed,Average package imported from supplied india_colleges.csv; exact placement-year/source is not specified in the base dataset.
440,440,,23.0,,,,source,public_dataset,,,reviewed,Average package imported from supplied india_colleges.csv; exact placement-year/source is not specified in the base dataset.
441,441,,6.5,,,,source,public_dataset,,,reviewed,Average package imported from supplied india_colleges.csv; exact placement-year/source is not specified in the base dataset.
442,442,,8.2,,,,source,public_dataset,,,reviewed,Average package imported from supplied india_colleges.csv; exact placement-year/source is not specified in the base dataset.
443,443,,30.0,,,,source,public_dataset,,,reviewed,Average package imported from supplied india_colleges.csv; exact placement-year/source is not specified in the base dataset.
444,444,,7.9,,,,source,public_dataset,,,reviewed,Average package imported from supplied india_colleges.csv; exact placement-year/source is not specified in the base dataset.
445,445,,7.2,,,,source,public_dataset,,,reviewed,Average package imported from supplied india_colleges.csv; exact placement-year/source is not specified in the base dataset.
446,446,,30.5,,,,source,public_dataset,,,reviewed,Average package imported from supplied india_colleges.csv; exact placement-year/source is not specified in the base dataset.
447,447,,14.0,,,,source,public_dataset,,,reviewed,Average package imported from supplied india_colleges.csv; exact placement-year/source is not specified in the base dataset.
448,448,,6.7,,,,source,public_dataset,,,reviewed,Average package imported from supplied india_colleges.csv; exact placement-year/source is not specified in the base dataset.
449,449,,8.0,,,,source,public_dataset,,,reviewed,Average package imported from supplied india_colleges.csv; exact placement-year/source is not specified in the base dataset.
450,450,,8.1,,,,source,public_dataset,,,reviewed,Average package imported from supplied india_colleges.csv; exact placement-year/source is not specified in the base dataset.
451,451,,6.5,,,,source,public_dataset,,,reviewed,Average package imported from supplied india_colleges.csv; exact placement-year/source is not specified in the base dataset.
452,452,,6.5,,,,source,public_dataset,,,reviewed,Average package imported from supplied india_colleges.csv; exact placement-year/source is not specified in the base dataset.
453,453,,6.5,,,,source,public_dataset,,,reviewed,Average package imported from supplied india_colleges.csv; exact placement-year/source is not specified in the base dataset.
454,454,,6.5,,,,source,public_dataset,,,reviewed,Average package imported from supplied india_colleges.csv; exact placement-year/source is not specified in the base dataset.
455,455,,8.0,,,,source,public_dataset,,,reviewed,Average package imported from supplied india_colleges.csv; exact placement-year/source is not specified in the base dataset.
456,456,,5.1,,,,source,public_dataset,,,reviewed,Average package imported from supplied india_colleges.csv; exact placement-year/source is not specified in the base dataset.
457,457,,6.5,,,,source,public_dataset,,,reviewed,Average package imported from supplied india_colleges.csv; exact placement-year/source is not specified in the base dataset.
458,458,,6.5,,,,source,public_dataset,,,reviewed,Average package imported from supplied india_colleges.csv; exact placement-year/source is not specified in the base dataset.
459,459,,5.3,,,,source,public_dataset,,,reviewed,Average package imported from supplied india_colleges.csv; exact placement-year/source is not specified in the base dataset.
460,460,,6.5,,,,source,public_dataset,,,reviewed,Average package imported from supplied india_colleges.csv; exact placement-year/source is not specified in the base dataset.
461,461,,6.5,,,,source,public_dataset,,,reviewed,Average package imported from supplied india_colleges.csv; exact placement-year/source is not specified in the base dataset.
462,462,,6.5,,,,source,public_dataset,,,reviewed,Average package imported from supplied india_colleges.csv; exact placement-year/source is not specified in the base dataset.
463,463,,6.5,,,,source,public_dataset,,,reviewed,Average package imported from supplied india_colleges.csv; exact placement-year/source is not specified in the base dataset.
464,464,,6.0,,,,source,public_dataset,,,reviewed,Average package imported from supplied india_colleges.csv; exact placement-year/source is not specified in the base dataset.
465,465,,6.5,,,,source,public_dataset,,,reviewed,Average package imported from supplied india_colleges.csv; exact placement-year/source is not specified in the base dataset.
466,466,,6.5,,,,source,public_dataset,,,reviewed,Average package imported from supplied india_colleges.csv; exact placement-year/source is not specified in the base dataset.
467,467,,6.5,,,,source,public_dataset,,,reviewed,Average package imported from supplied india_colleges.csv; exact placement-year/source is not specified in the base dataset.
468,468,,6.5,,,,source,public_dataset,,,reviewed,Average package imported from supplied india_colleges.csv; exact placement-year/source is not specified in the base dataset.
469,469,,6.5,,,,source,public_dataset,,,reviewed,Average package imported from supplied india_colleges.csv; exact placement-year/source is not specified in the base dataset.
470,470,,6.5,,,,source,public_dataset,,,reviewed,Average package imported from supplied india_colleges.csv; exact placement-year/source is not specified in the base dataset.
471,471,,6.0,,,,source,public_dataset,,,reviewed,Average package imported from supplied india_colleges.csv; exact placement-year/source is not specified in the base dataset.
472,472,,6.0,,,,source,public_dataset,,,reviewed,Average package imported from supplied india_colleges.csv; exact placement-year/source is not specified in the base dataset.
473,473,,6.0,,,,source,public_dataset,,,reviewed,Average package imported from supplied india_colleges.csv; exact placement-year/source is not specified in the base dataset.
474,474,,6.0,,,,source,public_dataset,,,reviewed,Average package imported from supplied india_colleges.csv; exact placement-year/source is not specified in the base dataset.
475,475,,6.0,,,,source,public_dataset,,,reviewed,Average package imported from supplied india_colleges.csv; exact placement-year/source is not specified in the base dataset.
476,476,,6.0,,,,source,public_dataset,,,reviewed,Average package imported from supplied india_colleges.csv; exact placement-year/source is not specified in the base dataset.
477,477,,6.0,,,,source,public_dataset,,,reviewed,Average package imported from supplied india_colleges.csv; exact placement-year/source is not specified in the base dataset.
478,478,,6.0,,,,source,public_dataset,,,reviewed,Average package imported from supplied india_colleges.csv; exact placement-year/source is not specified in the base dataset.
479,479,,6.0,,,,source,public_dataset,,,reviewed,Average package imported from supplied india_colleges.csv; exact placement-year/source is not specified in the base dataset.
480,480,,6.0,,,,source,public_dataset,,,reviewed,Average package imported from supplied india_colleges.csv; exact placement-year/source is not specified in the base dataset.
481,481,,6.0,,,,source,public_dataset,,,reviewed,Average package imported from supplied india_colleges.csv; exact placement-year/source is not specified in the base dataset.
482,482,,6.0,,,,source,public_dataset,,,reviewed,Average package imported from supplied india_colleges.csv; exact placement-year/source is not specified in the base dataset.
483,483,,6.0,,,,source,public_dataset,,,reviewed,Average package imported from supplied india_colleges.csv; exact placement-year/source is not specified in the base dataset.
484,484,,6.0,,,,source,public_dataset,,,reviewed,Average package imported from supplied india_colleges.csv; exact placement-year/source is not specified in the base dataset.
485,485,,6.0,,,,source,public_dataset,,,reviewed,Average package imported from supplied india_colleges.csv; exact placement-year/source is not specified in the base dataset.
486,486,,6.0,,,,source,public_dataset,,,reviewed,Average package imported from supplied india_colleges.csv; exact placement-year/source is not specified in the base dataset.
487,487,,6.0,,,,source,public_dataset,,,reviewed,Average package imported from supplied india_colleges.csv; exact placement-year/source is not specified in the base dataset.
488,488,,6.0,,,,source,public_dataset,,,reviewed,Average package imported from supplied india_colleges.csv; exact placement-year/source is not specified in the base dataset.
489,489,,6.0,,,,source,public_dataset,,,reviewed,Average package imported from supplied india_colleges.csv; exact placement-year/source is not specified in the base dataset.
490,490,,6.0,,,,source,public_dataset,,,reviewed,Average package imported from supplied india_colleges.csv; exact placement-year/source is not specified in the base dataset.
491,491,,5.1,,,,source,public_dataset,,,reviewed,Average package imported from supplied india_colleges.csv; exact placement-year/source is not specified in the base dataset.
492,492,,6.5,,,,source,public_dataset,,,reviewed,Average package imported from supplied india_colleges.csv; exact placement-year/source is not specified in the base dataset.
493,493,,6.5,,,,source,public_dataset,,,reviewed,Average package imported from supplied india_colleges.csv; exact placement-year/source is not specified in the base dataset.
494,494,,5.5,,,,source,public_dataset,,,reviewed,Average package imported from supplied india_colleges.csv; exact placement-year/source is not specified in the base dataset.
495,495,,4.2,,,,source,public_dataset,,,reviewed,Average package imported from supplied india_colleges.csv; exact placement-year/source is not specified in the base dataset.
496,496,,47.9,,,,source,public_dataset,,,reviewed,Average package imported from supplied india_colleges.csv; exact placement-year/source is not specified in the base dataset.
497,497,,47.9,,,,source,public_dataset,,,reviewed,Average package imported from supplied india_colleges.csv; exact placement-year/source is not specified in the base dataset.
498,498,,8.5,,,,source,public_dataset,,,reviewed,Average package imported from supplied india_colleges.csv; exact placement-year/source is not specified in the base dataset.
499,499,,8.8,,,,source,public_dataset,,,reviewed,Average package imported from supplied india_colleges.csv; exact placement-year/source is not specified in the base dataset.
500,500,,22.5,,,,source,public_dataset,,,reviewed,Average package imported from supplied india_colleges.csv; exact placement-year/source is not specified in the base dataset.
501,501,,4.4,,,,source,public_dataset,,,reviewed,Average package imported from supplied india_colleges.csv; exact placement-year/source is not specified in the base dataset.
502,502,,7.9,,,,source,public_dataset,,,reviewed,Average package imported from supplied india_colleges.csv; exact placement-year/source is not specified in the base dataset.
503,503,,6.5,,,,source,public_dataset,,,reviewed,Average package imported from supplied india_colleges.csv; exact placement-year/source is not specified in the base dataset.
504,504,,7.5,,,,source,public_dataset,,,reviewed,Average package imported from supplied india_colleges.csv; exact placement-year/source is not specified in the base dataset.
505,505,,11.0,,,,source,public_dataset,,,reviewed,Average package imported from supplied india_colleges.csv; exact placement-year/source is not specified in the base dataset.
506,506,,7.5,,,,source,public_dataset,,,reviewed,Average package imported from supplied india_colleges.csv; exact placement-year/source is not specified in the base dataset.
507,507,,17.0,,,,source,public_dataset,,,reviewed,Average package imported from supplied india_colleges.csv; exact placement-year/source is not specified in the base dataset.
508,508,,10.0,,,,source,public_dataset,,,reviewed,Average package imported from supplied india_colleges.csv; exact placement-year/source is not specified in the base dataset.
509,509,,6.5,,,,source,public_dataset,,,reviewed,Average package imported from supplied india_colleges.csv; exact placement-year/source is not specified in the base dataset.
510,510,,7.2,,,,source,public_dataset,,,reviewed,Average package imported from supplied india_colleges.csv; exact placement-year/source is not specified in the base dataset.
511,511,,10.0,,,,source,public_dataset,,,reviewed,Average package imported from supplied india_colleges.csv; exact placement-year/source is not specified in the base dataset.
512,512,,6.5,,,,source,public_dataset,,,reviewed,Average package imported from supplied india_colleges.csv; exact placement-year/source is not specified in the base dataset.
513,513,,8.0,,,,source,public_dataset,,,reviewed,Average package imported from supplied india_colleges.csv; exact placement-year/source is not specified in the base dataset.
514,514,,2.0,,,,source,public_dataset,,,reviewed,Average package imported from supplied india_colleges.csv; exact placement-year/source is not specified in the base dataset.
515,515,,6.5,,,,source,public_dataset,,,reviewed,Average package imported from supplied india_colleges.csv; exact placement-year/source is not specified in the base dataset.
516,516,,7.2,,,,source,public_dataset,,,reviewed,Average package imported from supplied india_colleges.csv; exact placement-year/source is not specified in the base dataset.
517,517,,7.8,,,,source,public_dataset,,,reviewed,Average package imported from supplied india_colleges.csv; exact placement-year/source is not specified in the base dataset.
518,518,,0.3,,,,source,public_dataset,,,reviewed,Average package imported from supplied india_colleges.csv; exact placement-year/source is not specified in the base dataset.
519,519,,6.5,,,,source,public_dataset,,,reviewed,Average package imported from supplied india_colleges.csv; exact placement-year/source is not specified in the base dataset.
520,520,,6.5,,,,source,public_dataset,,,reviewed,Average package imported from supplied india_colleges.csv; exact placement-year/source is not specified in the base dataset.
521,521,,7.6,,,,source,public_dataset,,,reviewed,Average package imported from supplied india_colleges.csv; exact placement-year/source is not specified in the base dataset.
522,522,,6.5,,,,source,public_dataset,,,reviewed,Average package imported from supplied india_colleges.csv; exact placement-year/source is not specified in the base dataset.
523,523,,6.5,,,,source,public_dataset,,,reviewed,Average package imported from supplied india_colleges.csv; exact placement-year/source is not specified in the base dataset.
524,524,,6.5,,,,source,public_dataset,,,reviewed,Average package imported from supplied india_colleges.csv; exact placement-year/source is not specified in the base dataset.
525,525,,20.0,,,,source,public_dataset,,,reviewed,Average package imported from supplied india_colleges.csv; exact placement-year/source is not specified in the base dataset.
526,526,,8.2,,,,source,public_dataset,,,reviewed,Average package imported from supplied india_colleges.csv; exact placement-year/source is not specified in the base dataset.
527,527,,6.5,,,,source,public_dataset,,,reviewed,Average package imported from supplied india_colleges.csv; exact placement-year/source is not specified in the base dataset.
528,528,,8.1,,,,source,public_dataset,,,reviewed,Average package imported from supplied india_colleges.csv; exact placement-year/source is not specified in the base dataset.
529,529,,7.7,,,,source,public_dataset,,,reviewed,Average package imported from supplied india_colleges.csv; exact placement-year/source is not specified in the base dataset.
530,530,,8.0,,,,source,public_dataset,,,reviewed,Average package imported from supplied india_colleges.csv; exact placement-year/source is not specified in the base dataset.
531,531,,18.0,,,,source,public_dataset,,,reviewed,Average package imported from supplied india_colleges.csv; exact placement-year/source is not specified in the base dataset.
532,532,,6.5,,,,source,public_dataset,,,reviewed,Average package imported from supplied india_colleges.csv; exact placement-year/source is not specified in the base dataset.
533,533,,9.0,,,,source,public_dataset,,,reviewed,Average package imported from supplied india_colleges.csv; exact placement-year/source is not specified in the base dataset.
534,534,,6.5,,,,source,public_dataset,,,reviewed,Average package imported from supplied india_colleges.csv; exact placement-year/source is not specified in the base dataset.
535,535,,15.0,,,,source,public_dataset,,,reviewed,Average package imported from supplied india_colleges.csv; exact placement-year/source is not specified in the base dataset.
536,536,,10.7,,,,source,public_dataset,,,reviewed,Average package imported from supplied india_colleges.csv; exact placement-year/source is not specified in the base dataset.
537,537,,6.5,,,,source,public_dataset,,,reviewed,Average package imported from supplied india_colleges.csv; exact placement-year/source is not specified in the base dataset.
538,538,,8.0,,,,source,public_dataset,,,reviewed,Average package imported from supplied india_colleges.csv; exact placement-year/source is not specified in the base dataset.
539,539,,7.3,,,,source,public_dataset,,,reviewed,Average package imported from supplied india_colleges.csv; exact placement-year/source is not specified in the base dataset.
540,540,,8.6,,,,source,public_dataset,,,reviewed,Average package imported from supplied india_colleges.csv; exact placement-year/source is not specified in the base dataset.
541,541,,7.6,,,,source,public_dataset,,,reviewed,Average package imported from supplied india_colleges.csv; exact placement-year/source is not specified in the base dataset.
542,542,,6.5,,,,source,public_dataset,,,reviewed,Average package imported from supplied india_colleges.csv; exact placement-year/source is not specified in the base dataset.
543,543,,8.0,,,,source,public_dataset,,,reviewed,Average package imported from supplied india_colleges.csv; exact placement-year/source is not specified in the base dataset.
544,544,,6.8,,,,source,public_dataset,,,reviewed,Average package imported from supplied india_colleges.csv; exact placement-year/source is not specified in the base dataset.
545,545,,6.0,,,,source,public_dataset,,,reviewed,Average package imported from supplied india_colleges.csv; exact placement-year/source is not specified in the base dataset.
546,546,,10.0,,,,source,public_dataset,,,reviewed,Average package imported from supplied india_colleges.csv; exact placement-year/source is not specified in the base dataset.
547,547,,27.3,,,,source,public_dataset,,,reviewed,Average package imported from supplied india_colleges.csv; exact placement-year/source is not specified in the base dataset.
548,548,,35.6,,,,source,public_dataset,,,reviewed,Average package imported from supplied india_colleges.csv; exact placement-year/source is not specified in the base dataset.
549,549,,10.0,,,,source,public_dataset,,,reviewed,Average package imported from supplied india_colleges.csv; exact placement-year/source is not specified in the base dataset.
550,550,,8.6,,,,source,public_dataset,,,reviewed,Average package imported from supplied india_colleges.csv; exact placement-year/source is not specified in the base dataset.
551,551,,7.9,,,,source,public_dataset,,,reviewed,Average package imported from supplied india_colleges.csv; exact placement-year/source is not specified in the base dataset.
552,552,,26.4,,,,source,public_dataset,,,reviewed,Average package imported from supplied india_colleges.csv; exact placement-year/source is not specified in the base dataset.
553,553,,14.0,,,,source,public_dataset,,,reviewed,Average package imported from supplied india_colleges.csv; exact placement-year/source is not specified in the base dataset.
554,554,,41.6,,,,source,public_dataset,,,reviewed,Average package imported from supplied india_colleges.csv; exact placement-year/source is not specified in the base dataset.
555,555,,41.5,,,,source,public_dataset,,,reviewed,Average package imported from supplied india_colleges.csv; exact placement-year/source is not specified in the base dataset.
556,556,,8.0,,,,source,public_dataset,,,reviewed,Average package imported from supplied india_colleges.csv; exact placement-year/source is not specified in the base dataset.
557,557,,7.7,,,,source,public_dataset,,,reviewed,Average package imported from supplied india_colleges.csv; exact placement-year/source is not specified in the base dataset.
558,558,,20.5,,,,source,public_dataset,,,reviewed,Average package imported from supplied india_colleges.csv; exact placement-year/source is not specified in the base dataset.
559,559,,8.6,,,,source,public_dataset,,,reviewed,Average package imported from supplied india_colleges.csv; exact placement-year/source is not specified in the base dataset.
560,560,,7.2,,,,source,public_dataset,,,reviewed,Average package imported from supplied india_colleges.csv; exact placement-year/source is not specified in the base dataset.
561,561,,6.5,,,,source,public_dataset,,,reviewed,Average package imported from supplied india_colleges.csv; exact placement-year/source is not specified in the base dataset.
562,562,,7.3,,,,source,public_dataset,,,reviewed,Average package imported from supplied india_colleges.csv; exact placement-year/source is not specified in the base dataset.
563,563,,56.3,,,,source,public_dataset,,,reviewed,Average package imported from supplied india_colleges.csv; exact placement-year/source is not specified in the base dataset.
564,564,,5.0,,,,source,public_dataset,,,reviewed,Average package imported from supplied india_colleges.csv; exact placement-year/source is not specified in the base dataset.
565,565,,26.4,,,,source,public_dataset,,,reviewed,Average package imported from supplied india_colleges.csv; exact placement-year/source is not specified in the base dataset.
566,566,,7.0,,,,source,public_dataset,,,reviewed,Average package imported from supplied india_colleges.csv; exact placement-year/source is not specified in the base dataset.
567,567,,37.5,,,,source,public_dataset,,,reviewed,Average package imported from supplied india_colleges.csv; exact placement-year/source is not specified in the base dataset.
568,568,,7.7,,,,source,public_dataset,,,reviewed,Average package imported from supplied india_colleges.csv; exact placement-year/source is not specified in the base dataset.
569,569,,33.2,,,,source,public_dataset,,,reviewed,Average package imported from supplied india_colleges.csv; exact placement-year/source is not specified in the base dataset.
570,570,,8.3,,,,source,public_dataset,,,reviewed,Average package imported from supplied india_colleges.csv; exact placement-year/source is not specified in the base dataset.
571,571,,6.5,,,,source,public_dataset,,,reviewed,Average package imported from supplied india_colleges.csv; exact placement-year/source is not specified in the base dataset.
572,572,,6.7,,,,source,public_dataset,,,reviewed,Average package imported from supplied india_colleges.csv; exact placement-year/source is not specified in the base dataset.
573,573,,6.5,,,,source,public_dataset,,,reviewed,Average package imported from supplied india_colleges.csv; exact placement-year/source is not specified in the base dataset.
574,574,,9.0,,,,source,public_dataset,,,reviewed,Average package imported from supplied india_colleges.csv; exact placement-year/source is not specified in the base dataset.
575,575,,6.0,,,,source,public_dataset,,,reviewed,Average package imported from supplied india_colleges.csv; exact placement-year/source is not specified in the base dataset.
576,576,,6.5,,,,source,public_dataset,,,reviewed,Average package imported from supplied india_colleges.csv; exact placement-year/source is not specified in the base dataset.
577,577,,9.0,,,,source,public_dataset,,,reviewed,Average package imported from supplied india_colleges.csv; exact placement-year/source is not specified in the base dataset.
578,578,,49.0,,,,source,public_dataset,,,reviewed,Average package imported from supplied india_colleges.csv; exact placement-year/source is not specified in the base dataset.
579,579,,8.7,,,,source,public_dataset,,,reviewed,Average package imported from supplied india_colleges.csv; exact placement-year/source is not specified in the base dataset.
580,580,,6.5,,,,source,public_dataset,,,reviewed,Average package imported from supplied india_colleges.csv; exact placement-year/source is not specified in the base dataset.
581,581,,6.5,,,,source,public_dataset,,,reviewed,Average package imported from supplied india_colleges.csv; exact placement-year/source is not specified in the base dataset.
582,582,,30.0,,,,source,public_dataset,,,reviewed,Average package imported from supplied india_colleges.csv; exact placement-year/source is not specified in the base dataset.
583,583,,6.8,,,,source,public_dataset,,,reviewed,Average package imported from supplied india_colleges.csv; exact placement-year/source is not specified in the base dataset.
584,584,,7.5,,,,source,public_dataset,,,reviewed,Average package imported from supplied india_colleges.csv; exact placement-year/source is not specified in the base dataset.
585,585,,8.0,,,,source,public_dataset,,,reviewed,Average package imported from supplied india_colleges.csv; exact placement-year/source is not specified in the base dataset.
586,586,,6.5,,,,source,public_dataset,,,reviewed,Average package imported from supplied india_colleges.csv; exact placement-year/source is not specified in the base dataset.
587,587,,12.0,,,,source,public_dataset,,,reviewed,Average package imported from supplied india_colleges.csv; exact placement-year/source is not specified in the base dataset.
588,588,,6.0,,,,source,public_dataset,,,reviewed,Average package imported from supplied india_colleges.csv; exact placement-year/source is not specified in the base dataset.
589,589,,6.5,,,,source,public_dataset,,,reviewed,Average package imported from supplied india_colleges.csv; exact placement-year/source is not specified in the base dataset.
590,590,,57.0,,,,source,public_dataset,,,reviewed,Average package imported from supplied india_colleges.csv; exact placement-year/source is not specified in the base dataset.
591,591,,3.6,,,,source,public_dataset,,,reviewed,Average package imported from supplied india_colleges.csv; exact placement-year/source is not specified in the base dataset.
592,592,,6.5,,,,source,public_dataset,,,reviewed,Average package imported from supplied india_colleges.csv; exact placement-year/source is not specified in the base dataset.
593,593,,6.5,,,,source,public_dataset,,,reviewed,Average package imported from supplied india_colleges.csv; exact placement-year/source is not specified in the base dataset.
594,594,,8.5,,,,source,public_dataset,,,reviewed,Average package imported from supplied india_colleges.csv; exact placement-year/source is not specified in the base dataset.
595,595,,6.5,,,,source,public_dataset,,,reviewed,Average package imported from supplied india_colleges.csv; exact placement-year/source is not specified in the base dataset.
596,596,,19.5,,,,source,public_dataset,,,reviewed,Average package imported from supplied india_colleges.csv; exact placement-year/source is not specified in the base dataset.
597,597,,23.5,,,,source,public_dataset,,,reviewed,Average package imported from supplied india_colleges.csv; exact placement-year/source is not specified in the base dataset.
598,598,,6.5,,,,source,public_dataset,,,reviewed,Average package imported from supplied india_colleges.csv; exact placement-year/source is not specified in the base dataset.
599,599,,31.2,,,,source,public_dataset,,,reviewed,Average package imported from supplied india_colleges.csv; exact placement-year/source is not specified in the base dataset.
600,600,,8.3,,,,source,public_dataset,,,reviewed,Average package imported from supplied india_colleges.csv; exact placement-year/source is not specified in the base dataset.
601,601,,8.0,,,,source,public_dataset,,,reviewed,Average package imported from supplied india_colleges.csv; exact placement-year/source is not specified in the base dataset.
602,602,,6.5,,,,source,public_dataset,,,reviewed,Average package imported from supplied india_colleges.csv; exact placement-year/source is not specified in the base dataset.
603,603,,9.1,,,,source,public_dataset,,,reviewed,Average package imported from supplied india_colleges.csv; exact placement-year/source is not specified in the base dataset.
604,604,,6.5,,,,source,public_dataset,,,reviewed,Average package imported from supplied india_colleges.csv; exact placement-year/source is not specified in the base dataset.
605,605,,25.0,,,,source,public_dataset,,,reviewed,Average package imported from supplied india_colleges.csv; exact placement-year/source is not specified in the base dataset.
606,606,,6.5,,,,source,public_dataset,,,reviewed,Average package imported from supplied india_colleges.csv; exact placement-year/source is not specified in the base dataset.
607,607,,5.0,,,,source,public_dataset,,,reviewed,Average package imported from supplied india_colleges.csv; exact placement-year/source is not specified in the base dataset.
608,608,,18.0,,,,source,public_dataset,,,reviewed,Average package imported from supplied india_colleges.csv; exact placement-year/source is not specified in the base dataset.
609,609,,6.5,,,,source,public_dataset,,,reviewed,Average package imported from supplied india_colleges.csv; exact placement-year/source is not specified in the base dataset.
610,610,,7.2,,,,source,public_dataset,,,reviewed,Average package imported from supplied india_colleges.csv; exact placement-year/source is not specified in the base dataset.
611,611,,45.0,,,,source,public_dataset,,,reviewed,Average package imported from supplied india_colleges.csv; exact placement-year/source is not specified in the base dataset.
612,612,,7.7,,,,source,public_dataset,,,reviewed,Average package imported from supplied india_colleges.csv; exact placement-year/source is not specified in the base dataset.
613,613,,47.0,,,,source,public_dataset,,,reviewed,Average package imported from supplied india_colleges.csv; exact placement-year/source is not specified in the base dataset.
614,614,,8.2,,,,source,public_dataset,,,reviewed,Average package imported from supplied india_colleges.csv; exact placement-year/source is not specified in the base dataset.
615,615,,7.0,,,,source,public_dataset,,,reviewed,Average package imported from supplied india_colleges.csv; exact placement-year/source is not specified in the base dataset.
616,616,,8.0,,,,source,public_dataset,,,reviewed,Average package imported from supplied india_colleges.csv; exact placement-year/source is not specified in the base dataset.
617,617,,6.9,,,,source,public_dataset,,,reviewed,Average package imported from supplied india_colleges.csv; exact placement-year/source is not specified in the base dataset.
618,618,,12.0,,,,source,public_dataset,,,reviewed,Average package imported from supplied india_colleges.csv; exact placement-year/source is not specified in the base dataset.
619,619,,6.5,,,,source,public_dataset,,,reviewed,Average package imported from supplied india_colleges.csv; exact placement-year/source is not specified in the base dataset.
620,620,,6.5,,,,source,public_dataset,,,reviewed,Average package imported from supplied india_colleges.csv; exact placement-year/source is not specified in the base dataset.
621,621,,8.0,,,,source,public_dataset,,,reviewed,Average package imported from supplied india_colleges.csv; exact placement-year/source is not specified in the base dataset.
622,622,,8.1,,,,source,public_dataset,,,reviewed,Average package imported from supplied india_colleges.csv; exact placement-year/source is not specified in the base dataset.
623,623,,6.7,,,,source,public_dataset,,,reviewed,Average package imported from supplied india_colleges.csv; exact placement-year/source is not specified in the base dataset.
624,624,,36.6,,,,source,public_dataset,,,reviewed,Average package imported from supplied india_colleges.csv; exact placement-year/source is not specified in the base dataset.
625,625,,7.3,,,,source,public_dataset,,,reviewed,Average package imported from supplied india_colleges.csv; exact placement-year/source is not specified in the base dataset.
626,626,,8.0,,,,source,public_dataset,,,reviewed,Average package imported from supplied india_colleges.csv; exact placement-year/source is not specified in the base dataset.
627,627,,9.0,,,,source,public_dataset,,,reviewed,Average package imported from supplied india_colleges.csv; exact placement-year/source is not specified in the base dataset.
628,628,,7.2,,,,source,public_dataset,,,reviewed,Average package imported from supplied india_colleges.csv; exact placement-year/source is not specified in the base dataset.
629,629,,6.5,,,,source,public_dataset,,,reviewed,Average package imported from supplied india_colleges.csv; exact placement-year/source is not specified in the base dataset.
630,630,,6.5,,,,source,public_dataset,,,reviewed,Average package imported from supplied india_colleges.csv; exact placement-year/source is not specified in the base dataset.
631,631,,6.5,,,,source,public_dataset,,,reviewed,Average package imported from supplied india_colleges.csv; exact placement-year/source is not specified in the base dataset.
632,632,,6.5,,,,source,public_dataset,,,reviewed,Average package imported from supplied india_colleges.csv; exact placement-year/source is not specified in the base dataset.
633,633,,6.5,,,,source,public_dataset,,,reviewed,Average package imported from supplied india_colleges.csv; exact placement-year/source is not specified in the base dataset.
634,634,,7.1,,,,source,public_dataset,,,reviewed,Average package imported from supplied india_colleges.csv; exact placement-year/source is not specified in the base dataset.
635,635,,8.5,,,,source,public_dataset,,,reviewed,Average package imported from supplied india_colleges.csv; exact placement-year/source is not specified in the base dataset.
636,636,,11.0,,,,source,public_dataset,,,reviewed,Average package imported from supplied india_colleges.csv; exact placement-year/source is not specified in the base dataset.
637,637,,7.4,,,,source,public_dataset,,,reviewed,Average package imported from supplied india_colleges.csv; exact placement-year/source is not specified in the base dataset.
638,638,,8.1,,,,source,public_dataset,,,reviewed,Average package imported from supplied india_colleges.csv; exact placement-year/source is not specified in the base dataset.
639,639,,6.5,,,,source,public_dataset,,,reviewed,Average package imported from supplied india_colleges.csv; exact placement-year/source is not specified in the base dataset.
640,640,,6.9,,,,source,public_dataset,,,reviewed,Average package imported from supplied india_colleges.csv; exact placement-year/source is not specified in the base dataset.
641,641,,11.0,,,,source,public_dataset,,,reviewed,Average package imported from supplied india_colleges.csv; exact placement-year/source is not specified in the base dataset.
642,642,,7.8,,,,source,public_dataset,,,reviewed,Average package imported from supplied india_colleges.csv; exact placement-year/source is not specified in the base dataset.
643,643,,5.0,,,,source,public_dataset,,,reviewed,Average package imported from supplied india_colleges.csv; exact placement-year/source is not specified in the base dataset.
644,644,,6.3,,,,source,public_dataset,,,reviewed,Average package imported from supplied india_colleges.csv; exact placement-year/source is not specified in the base dataset.
645,645,,8.5,,,,source,public_dataset,,,reviewed,Average package imported from supplied india_colleges.csv; exact placement-year/source is not specified in the base dataset.
646,646,,7.0,,,,source,public_dataset,,,reviewed,Average package imported from supplied india_colleges.csv; exact placement-year/source is not specified in the base dataset.
647,647,,7.1,,,,source,public_dataset,,,reviewed,Average package imported from supplied india_colleges.csv; exact placement-year/source is not specified in the base dataset.
648,648,,6.0,,,,source,public_dataset,,,reviewed,Average package imported from supplied india_colleges.csv; exact placement-year/source is not specified in the base dataset.
649,649,,8.0,,,,source,public_dataset,,,reviewed,Average package imported from supplied india_colleges.csv; exact placement-year/source is not specified in the base dataset.
650,650,,8.0,,,,source,public_dataset,,,reviewed,Average package imported from supplied india_colleges.csv; exact placement-year/source is not specified in the base dataset.
651,651,,8.3,,,,source,public_dataset,,,reviewed,Average package imported from supplied india_colleges.csv; exact placement-year/source is not specified in the base dataset.
652,652,,8.0,,,,source,public_dataset,,,reviewed,Average package imported from supplied india_colleges.csv; exact placement-year/source is not specified in the base dataset.
653,653,,56.6,,,,source,public_dataset,,,reviewed,Average package imported from supplied india_colleges.csv; exact placement-year/source is not specified in the base dataset.
654,654,,7.9,,,,source,public_dataset,,,reviewed,Average package imported from supplied india_colleges.csv; exact placement-year/source is not specified in the base dataset.
655,655,,6.5,,,,source,public_dataset,,,reviewed,Average package imported from supplied india_colleges.csv; exact placement-year/source is not specified in the base dataset.
656,656,,8.5,,,,source,public_dataset,,,reviewed,Average package imported from supplied india_colleges.csv; exact placement-year/source is not specified in the base dataset.
657,657,,6.5,,,,source,public_dataset,,,reviewed,Average package imported from supplied india_colleges.csv; exact placement-year/source is not specified in the base dataset.
658,658,,7.4,,,,source,public_dataset,,,reviewed,Average package imported from supplied india_colleges.csv; exact placement-year/source is not specified in the base dataset.
659,659,,6.5,,,,source,public_dataset,,,reviewed,Average package imported from supplied india_colleges.csv; exact placement-year/source is not specified in the base dataset.
660,660,,6.5,,,,source,public_dataset,,,reviewed,Average package imported from supplied india_colleges.csv; exact placement-year/source is not specified in the base dataset.
661,661,,6.0,,,,source,public_dataset,,,reviewed,Average package imported from supplied india_colleges.csv; exact placement-year/source is not specified in the base dataset.
662,662,,7.5,,,,source,public_dataset,,,reviewed,Average package imported from supplied india_colleges.csv; exact placement-year/source is not specified in the base dataset.
663,663,,7.0,,,,source,public_dataset,,,reviewed,Average package imported from supplied india_colleges.csv; exact placement-year/source is not specified in the base dataset.
664,664,,6.5,,,,source,public_dataset,,,reviewed,Average package imported from supplied india_colleges.csv; exact placement-year/source is not specified in the base dataset.
665,665,,7.0,,,,source,public_dataset,,,reviewed,Average package imported from supplied india_colleges.csv; exact placement-year/source is not specified in the base dataset.
666,666,,6.5,,,,source,public_dataset,,,reviewed,Average package imported from supplied india_colleges.csv; exact placement-year/source is not specified in the base dataset.
667,667,,7.2,,,,source,public_dataset,,,reviewed,Average package imported from supplied india_colleges.csv; exact placement-year/source is not specified in the base dataset.
668,668,,6.5,,,,source,public_dataset,,,reviewed,Average package imported from supplied india_colleges.csv; exact placement-year/source is not specified in the base dataset.
669,669,,6.5,,,,source,public_dataset,,,reviewed,Average package imported from supplied india_colleges.csv; exact placement-year/source is not specified in the base dataset.
670,670,,7.5,,,,source,public_dataset,,,reviewed,Average package imported from supplied india_colleges.csv; exact placement-year/source is not specified in the base dataset.
671,671,,9.0,,,,source,public_dataset,,,reviewed,Average package imported from supplied india_colleges.csv; exact placement-year/source is not specified in the base dataset.
672,672,,6.5,,,,source,public_dataset,,,reviewed,Average package imported from supplied india_colleges.csv; exact placement-year/source is not specified in the base dataset.
673,673,,6.0,,,,source,public_dataset,,,reviewed,Average package imported from supplied india_colleges.csv; exact placement-year/source is not specified in the base dataset.
674,674,,6.5,,,,source,public_dataset,,,reviewed,Average package imported from supplied india_colleges.csv; exact placement-year/source is not specified in the base dataset.
675,675,,8.5,,,,source,public_dataset,,,reviewed,Average package imported from supplied india_colleges.csv; exact placement-year/source is not specified in the base dataset.
676,676,,11.0,,,,source,public_dataset,,,reviewed,Average package imported from supplied india_colleges.csv; exact placement-year/source is not specified in the base dataset.
677,677,,7.0,,,,source,public_dataset,,,reviewed,Average package imported from supplied india_colleges.csv; exact placement-year/source is not specified in the base dataset.
678,678,,6.0,,,,source,public_dataset,,,reviewed,Average package imported from supplied india_colleges.csv; exact placement-year/source is not specified in the base dataset.
679,679,,4.7,,,,source,public_dataset,,,reviewed,Average package imported from supplied india_colleges.csv; exact placement-year/source is not specified in the base dataset.
680,680,,8.0,,,,source,public_dataset,,,reviewed,Average package imported from supplied india_colleges.csv; exact placement-year/source is not specified in the base dataset.
681,681,,6.5,,,,source,public_dataset,,,reviewed,Average package imported from supplied india_colleges.csv; exact placement-year/source is not specified in the base dataset.
682,682,,6.5,,,,source,public_dataset,,,reviewed,Average package imported from supplied india_colleges.csv; exact placement-year/source is not specified in the base dataset.
683,683,,8.4,,,,source,public_dataset,,,reviewed,Average package imported from supplied india_colleges.csv; exact placement-year/source is not specified in the base dataset.
684,684,,5.7,,,,source,public_dataset,,,reviewed,Average package imported from supplied india_colleges.csv; exact placement-year/source is not specified in the base dataset.
685,685,,8.0,,,,source,public_dataset,,,reviewed,Average package imported from supplied india_colleges.csv; exact placement-year/source is not specified in the base dataset.
686,686,,8.3,,,,source,public_dataset,,,reviewed,Average package imported from supplied india_colleges.csv; exact placement-year/source is not specified in the base dataset.
687,687,,10.0,,,,source,public_dataset,,,reviewed,Average package imported from supplied india_colleges.csv; exact placement-year/source is not specified in the base dataset.
688,688,,6.6,,,,source,public_dataset,,,reviewed,Average package imported from supplied india_colleges.csv; exact placement-year/source is not specified in the base dataset.
689,689,,4.9,,,,source,public_dataset,,,reviewed,Average package imported from supplied india_colleges.csv; exact placement-year/source is not specified in the base dataset.
690,690,,7.9,,,,source,public_dataset,,,reviewed,Average package imported from supplied india_colleges.csv; exact placement-year/source is not specified in the base dataset.
691,691,,6.5,,,,source,public_dataset,,,reviewed,Average package imported from supplied india_colleges.csv; exact placement-year/source is not specified in the base dataset.
692,692,,10.0,,,,source,public_dataset,,,reviewed,Average package imported from supplied india_colleges.csv; exact placement-year/source is not specified in the base dataset.
693,693,,6.5,,,,source,public_dataset,,,reviewed,Average package imported from supplied india_colleges.csv; exact placement-year/source is not specified in the base dataset.
694,694,,5.1,,,,source,public_dataset,,,reviewed,Average package imported from supplied india_colleges.csv; exact placement-year/source is not specified in the base dataset.
695,695,,12.0,,,,source,public_dataset,,,reviewed,Average package imported from supplied india_colleges.csv; exact placement-year/source is not specified in the base dataset.
696,696,,5.0,,,,source,public_dataset,,,reviewed,Average package imported from supplied india_colleges.csv; exact placement-year/source is not specified in the base dataset.
697,697,,6.5,,,,source,public_dataset,,,reviewed,Average package imported from supplied india_colleges.csv; exact placement-year/source is not specified in the base dataset.
698,698,,7.3,,,,source,public_dataset,,,reviewed,Average package imported from supplied india_colleges.csv; exact placement-year/source is not specified in the base dataset.
699,699,,15.0,,,,source,public_dataset,,,reviewed,Average package imported from supplied india_colleges.csv; exact placement-year/source is not specified in the base dataset.
700,700,,6.5,,,,source,public_dataset,,,reviewed,Average package imported from supplied india_colleges.csv; exact placement-year/source is not specified in the base dataset.
701,701,,6.5,,,,source,public_dataset,,,reviewed,Average package imported from supplied india_colleges.csv; exact placement-year/source is not specified in the base dataset.
702,702,,24.8,,,,source,public_dataset,,,reviewed,Average package imported from supplied india_colleges.csv; exact placement-year/source is not specified in the base dataset.
703,703,,6.5,,,,source,public_dataset,,,reviewed,Average package imported from supplied india_colleges.csv; exact placement-year/source is not specified in the base dataset.
704,704,,6.3,,,,source,public_dataset,,,reviewed,Average package imported from supplied india_colleges.csv; exact placement-year/source is not specified in the base dataset.
705,705,,6.0,,,,source,public_dataset,,,reviewed,Average package imported from supplied india_colleges.csv; exact placement-year/source is not specified in the base dataset.
706,706,,7.0,,,,source,public_dataset,,,reviewed,Average package imported from supplied india_colleges.csv; exact placement-year/source is not specified in the base dataset.
707,707,,7.2,,,,source,public_dataset,,,reviewed,Average package imported from supplied india_colleges.csv; exact placement-year/source is not specified in the base dataset.
708,708,,8.0,,,,source,public_dataset,,,reviewed,Average package imported from supplied india_colleges.csv; exact placement-year/source is not specified in the base dataset.
709,709,,6.0,,,,source,public_dataset,,,reviewed,Average package imported from supplied india_colleges.csv; exact placement-year/source is not specified in the base dataset.
710,710,,5.0,,,,source,public_dataset,,,reviewed,Average package imported from supplied india_colleges.csv; exact placement-year/source is not specified in the base dataset.
711,711,,9.0,,,,source,public_dataset,,,reviewed,Average package imported from supplied india_colleges.csv; exact placement-year/source is not specified in the base dataset.
712,712,,7.3,,,,source,public_dataset,,,reviewed,Average package imported from supplied india_colleges.csv; exact placement-year/source is not specified in the base dataset.
713,713,,6.5,,,,source,public_dataset,,,reviewed,Average package imported from supplied india_colleges.csv; exact placement-year/source is not specified in the base dataset.
714,714,,7.0,,,,source,public_dataset,,,reviewed,Average package imported from supplied india_colleges.csv; exact placement-year/source is not specified in the base dataset.
715,715,,6.5,,,,source,public_dataset,,,reviewed,Average package imported from supplied india_colleges.csv; exact placement-year/source is not specified in the base dataset.
716,716,,7.5,,,,source,public_dataset,,,reviewed,Average package imported from supplied india_colleges.csv; exact placement-year/source is not specified in the base dataset.
717,717,,8.1,,,,source,public_dataset,,,reviewed,Average package imported from supplied india_colleges.csv; exact placement-year/source is not specified in the base dataset.
718,718,,6.5,,,,source,public_dataset,,,reviewed,Average package imported from supplied india_colleges.csv; exact placement-year/source is not specified in the base dataset.
719,719,,7.7,,,,source,public_dataset,,,reviewed,Average package imported from supplied india_colleges.csv; exact placement-year/source is not specified in the base dataset.
720,720,,6.5,,,,source,public_dataset,,,reviewed,Average package imported from supplied india_colleges.csv; exact placement-year/source is not specified in the base dataset.
721,721,,7.9,,,,source,public_dataset,,,reviewed,Average package imported from supplied india_colleges.csv; exact placement-year/source is not specified in the base dataset.
722,722,,6.5,,,,source,public_dataset,,,reviewed,Average package imported from supplied india_colleges.csv; exact placement-year/source is not specified in the base dataset.
723,723,,7.0,,,,source,public_dataset,,,reviewed,Average package imported from supplied india_colleges.csv; exact placement-year/source is not specified in the base dataset.
724,724,,6.5,,,,source,public_dataset,,,reviewed,Average package imported from supplied india_colleges.csv; exact placement-year/source is not specified in the base dataset.
725,725,,4.0,,,,source,public_dataset,,,reviewed,Average package imported from supplied india_colleges.csv; exact placement-year/source is not specified in the base dataset.
726,726,,6.5,,,,source,public_dataset,,,reviewed,Average package imported from supplied india_colleges.csv; exact placement-year/source is not specified in the base dataset.
727,727,,6.5,,,,source,public_dataset,,,reviewed,Average package imported from supplied india_colleges.csv; exact placement-year/source is not specified in the base dataset.
728,728,,7.3,,,,source,public_dataset,,,reviewed,Average package imported from supplied india_colleges.csv; exact placement-year/source is not specified in the base dataset.
729,729,,6.5,,,,source,public_dataset,,,reviewed,Average package imported from supplied india_colleges.csv; exact placement-year/source is not specified in the base dataset.
730,730,,7.8,,,,source,public_dataset,,,reviewed,Average package imported from supplied india_colleges.csv; exact placement-year/source is not specified in the base dataset.
731,731,,12.0,,,,source,public_dataset,,,reviewed,Average package imported from supplied india_colleges.csv; exact placement-year/source is not specified in the base dataset.
732,732,,7.1,,,,source,public_dataset,,,reviewed,Average package imported from supplied india_colleges.csv; exact placement-year/source is not specified in the base dataset.
733,733,,7.5,,,,source,public_dataset,,,reviewed,Average package imported from supplied india_colleges.csv; exact placement-year/source is not specified in the base dataset.
734,734,,6.5,,,,source,public_dataset,,,reviewed,Average package imported from supplied india_colleges.csv; exact placement-year/source is not specified in the base dataset.
735,735,,6.5,,,,source,public_dataset,,,reviewed,Average package imported from supplied india_colleges.csv; exact placement-year/source is not specified in the base dataset.
736,736,,7.0,,,,source,public_dataset,,,reviewed,Average package imported from supplied india_colleges.csv; exact placement-year/source is not specified in the base dataset.
737,737,,7.3,,,,source,public_dataset,,,reviewed,Average package imported from supplied india_colleges.csv; exact placement-year/source is not specified in the base dataset.
738,738,,34.0,,,,source,public_dataset,,,reviewed,Average package imported from supplied india_colleges.csv; exact placement-year/source is not specified in the base dataset.
739,739,,6.4,,,,source,public_dataset,,,reviewed,Average package imported from supplied india_colleges.csv; exact placement-year/source is not specified in the base dataset.
740,740,,7.8,,,,source,public_dataset,,,reviewed,Average package imported from supplied india_colleges.csv; exact placement-year/source is not specified in the base dataset.
741,741,,10.5,,,,source,public_dataset,,,reviewed,Average package imported from supplied india_colleges.csv; exact placement-year/source is not specified in the base dataset.
742,742,,10.5,,,,source,public_dataset,,,reviewed,Average package imported from supplied india_colleges.csv; exact placement-year/source is not specified in the base dataset.
743,743,,8.0,,,,source,public_dataset,,,reviewed,Average package imported from supplied india_colleges.csv; exact placement-year/source is not specified in the base dataset.
744,744,,6.0,,,,source,public_dataset,,,reviewed,Average package imported from supplied india_colleges.csv; exact placement-year/source is not specified in the base dataset.
745,745,,7.2,,,,source,public_dataset,,,reviewed,Average package imported from supplied india_colleges.csv; exact placement-year/source is not specified in the base dataset.
746,746,,6.5,,,,source,public_dataset,,,reviewed,Average package imported from supplied india_colleges.csv; exact placement-year/source is not specified in the base dataset.
747,747,,8.1,,,,source,public_dataset,,,reviewed,Average package imported from supplied india_colleges.csv; exact placement-year/source is not specified in the base dataset.
748,748,,7.9,,,,source,public_dataset,,,reviewed,Average package imported from supplied india_colleges.csv; exact placement-year/source is not specified in the base dataset.
749,749,,7.0,,,,source,public_dataset,,,reviewed,Average package imported from supplied india_colleges.csv; exact placement-year/source is not specified in the base dataset.
750,750,,6.3,,,,source,public_dataset,,,reviewed,Average package imported from supplied india_colleges.csv; exact placement-year/source is not specified in the base dataset.
751,751,,6.0,,,,source,public_dataset,,,reviewed,Average package imported from supplied india_colleges.csv; exact placement-year/source is not specified in the base dataset.
752,752,,18.0,,,,source,public_dataset,,,reviewed,Average package imported from supplied india_colleges.csv; exact placement-year/source is not specified in the base dataset.
753,753,,6.5,,,,source,public_dataset,,,reviewed,Average package imported from supplied india_colleges.csv; exact placement-year/source is not specified in the base dataset.
754,754,,6.5,,,,source,public_dataset,,,reviewed,Average package imported from supplied india_colleges.csv; exact placement-year/source is not specified in the base dataset.
755,755,,7.0,,,,source,public_dataset,,,reviewed,Average package imported from supplied india_colleges.csv; exact placement-year/source is not specified in the base dataset.
756,756,,7.7,,,,source,public_dataset,,,reviewed,Average package imported from supplied india_colleges.csv; exact placement-year/source is not specified in the base dataset.
757,757,,3.5,,,,source,public_dataset,,,reviewed,Average package imported from supplied india_colleges.csv; exact placement-year/source is not specified in the base dataset.
758,758,,6.5,,,,source,public_dataset,,,reviewed,Average package imported from supplied india_colleges.csv; exact placement-year/source is not specified in the base dataset.
759,759,,43.6,,,,source,public_dataset,,,reviewed,Average package imported from supplied india_colleges.csv; exact placement-year/source is not specified in the base dataset.
760,760,,6.5,,,,source,public_dataset,,,reviewed,Average package imported from supplied india_colleges.csv; exact placement-year/source is not specified in the base dataset.
761,761,,3.8,,,,source,public_dataset,,,reviewed,Average package imported from supplied india_colleges.csv; exact placement-year/source is not specified in the base dataset.
762,762,,26.2,,,,source,public_dataset,,,reviewed,Average package imported from supplied india_colleges.csv; exact placement-year/source is not specified in the base dataset.
763,763,,6.6,,,,source,public_dataset,,,reviewed,Average package imported from supplied india_colleges.csv; exact placement-year/source is not specified in the base dataset.
764,764,,6.5,,,,source,public_dataset,,,reviewed,Average package imported from supplied india_colleges.csv; exact placement-year/source is not specified in the base dataset.
765,765,,5.0,,,,source,public_dataset,,,reviewed,Average package imported from supplied india_colleges.csv; exact placement-year/source is not specified in the base dataset.
766,766,,7.9,,,,source,public_dataset,,,reviewed,Average package imported from supplied india_colleges.csv; exact placement-year/source is not specified in the base dataset.
767,767,,40.9,,,,source,public_dataset,,,reviewed,Average package imported from supplied india_colleges.csv; exact placement-year/source is not specified in the base dataset.
768,768,,5.5,,,,source,public_dataset,,,reviewed,Average package imported from supplied india_colleges.csv; exact placement-year/source is not specified in the base dataset.
769,769,,4.5,,,,source,public_dataset,,,reviewed,Average package imported from supplied india_colleges.csv; exact placement-year/source is not specified in the base dataset.
770,770,,7.7,,,,source,public_dataset,,,reviewed,Average package imported from supplied india_colleges.csv; exact placement-year/source is not specified in the base dataset.
771,771,,6.0,,,,source,public_dataset,,,reviewed,Average package imported from supplied india_colleges.csv; exact placement-year/source is not specified in the base dataset.
772,772,,5.5,,,,source,public_dataset,,,reviewed,Average package imported from supplied india_colleges.csv; exact placement-year/source is not specified in the base dataset.
773,773,,5.5,,,,source,public_dataset,,,reviewed,Average package imported from supplied india_colleges.csv; exact placement-year/source is not specified in the base dataset.
774,774,,9.0,,,,source,public_dataset,,,reviewed,Average package imported from supplied india_colleges.csv; exact placement-year/source is not specified in the base dataset.
775,775,,8.0,,,,source,public_dataset,,,reviewed,Average package imported from supplied india_colleges.csv; exact placement-year/source is not specified in the base dataset.
776,776,,18.0,,,,source,public_dataset,,,reviewed,Average package imported from supplied india_colleges.csv; exact placement-year/source is not specified in the base dataset.
777,777,,6.8,,,,source,public_dataset,,,reviewed,Average package imported from supplied india_colleges.csv; exact placement-year/source is not specified in the base dataset.
778,778,,32.9,,,,source,public_dataset,,,reviewed,Average package imported from supplied india_colleges.csv; exact placement-year/source is not specified in the base dataset.
779,779,,8.2,,,,source,public_dataset,,,reviewed,Average package imported from supplied india_colleges.csv; exact placement-year/source is not specified in the base dataset.
780,780,,8.5,,,,source,public_dataset,,,reviewed,Average package imported from supplied india_colleges.csv; exact placement-year/source is not specified in the base dataset.
781,781,,6.5,,,,source,public_dataset,,,reviewed,Average package imported from supplied india_colleges.csv; exact placement-year/source is not specified in the base dataset.
782,782,,8.0,,,,source,public_dataset,,,reviewed,Average package imported from supplied india_colleges.csv; exact placement-year/source is not specified in the base dataset.
783,783,,6.5,,,,source,public_dataset,,,reviewed,Average package imported from supplied india_colleges.csv; exact placement-year/source is not specified in the base dataset.
784,784,,5.5,,,,source,public_dataset,,,reviewed,Average package imported from supplied india_colleges.csv; exact placement-year/source is not specified in the base dataset.
785,785,,6.5,,,,source,public_dataset,,,reviewed,Average package imported from supplied india_colleges.csv; exact placement-year/source is not specified in the base dataset.
786,786,,6.0,,,,source,public_dataset,,,reviewed,Average package imported from supplied india_colleges.csv; exact placement-year/source is not specified in the base dataset.
787,787,,21.5,,,,source,public_dataset,,,reviewed,Average package imported from supplied india_colleges.csv; exact placement-year/source is not specified in the base dataset.
788,788,,10.0,,,,source,public_dataset,,,reviewed,Average package imported from supplied india_colleges.csv; exact placement-year/source is not specified in the base dataset.
789,789,,8.1,,,,source,public_dataset,,,reviewed,Average package imported from supplied india_colleges.csv; exact placement-year/source is not specified in the base dataset.
790,790,,9.0,,,,source,public_dataset,,,reviewed,Average package imported from supplied india_colleges.csv; exact placement-year/source is not specified in the base dataset.
791,791,,9.0,,,,source,public_dataset,,,reviewed,Average package imported from supplied india_colleges.csv; exact placement-year/source is not specified in the base dataset.
792,792,,7.0,,,,source,public_dataset,,,reviewed,Average package imported from supplied india_colleges.csv; exact placement-year/source is not specified in the base dataset.
793,793,,7.8,,,,source,public_dataset,,,reviewed,Average package imported from supplied india_colleges.csv; exact placement-year/source is not specified in the base dataset.
794,794,,8.6,,,,source,public_dataset,,,reviewed,Average package imported from supplied india_colleges.csv; exact placement-year/source is not specified in the base dataset.
795,795,,6.5,,,,source,public_dataset,,,reviewed,Average package imported from supplied india_colleges.csv; exact placement-year/source is not specified in the base dataset.
796,796,,18.0,,,,source,public_dataset,,,reviewed,Average package imported from supplied india_colleges.csv; exact placement-year/source is not specified in the base dataset.
797,797,,6.5,,,,source,public_dataset,,,reviewed,Average package imported from supplied india_colleges.csv; exact placement-year/source is not specified in the base dataset.
798,798,,6.5,,,,source,public_dataset,,,reviewed,Average package imported from supplied india_colleges.csv; exact placement-year/source is not specified in the base dataset.
799,799,,6.5,,,,source,public_dataset,,,reviewed,Average package imported from supplied india_colleges.csv; exact placement-year/source is not specified in the base dataset.
800,800,,20.0,,,,source,public_dataset,,,reviewed,Average package imported from supplied india_colleges.csv; exact placement-year/source is not specified in the base dataset.
801,801,,22.0,,,,source,public_dataset,,,reviewed,Average package imported from supplied india_colleges.csv; exact placement-year/source is not specified in the base dataset.
802,802,,7.8,,,,source,public_dataset,,,reviewed,Average package imported from supplied india_colleges.csv; exact placement-year/source is not specified in the base dataset.
803,803,,6.0,,,,source,public_dataset,,,reviewed,Average package imported from supplied india_colleges.csv; exact placement-year/source is not specified in the base dataset.
804,804,,6.5,,,,source,public_dataset,,,reviewed,Average package imported from supplied india_colleges.csv; exact placement-year/source is not specified in the base dataset.
805,805,,8.8,,,,source,public_dataset,,,reviewed,Average package imported from supplied india_colleges.csv; exact placement-year/source is not specified in the base dataset.
806,806,,6.5,,,,source,public_dataset,,,reviewed,Average package imported from supplied india_colleges.csv; exact placement-year/source is not specified in the base dataset.
807,807,,6.5,,,,source,public_dataset,,,reviewed,Average package imported from supplied india_colleges.csv; exact placement-year/source is not specified in the base dataset.
808,808,,8.5,,,,source,public_dataset,,,reviewed,Average package imported from supplied india_colleges.csv; exact placement-year/source is not specified in the base dataset.
809,809,,8.8,,,,source,public_dataset,,,reviewed,Average package imported from supplied india_colleges.csv; exact placement-year/source is not specified in the base dataset.
810,810,,9.3,,,,source,public_dataset,,,reviewed,Average package imported from supplied india_colleges.csv; exact placement-year/source is not specified in the base dataset.
811,811,,6.5,,,,source,public_dataset,,,reviewed,Average package imported from supplied india_colleges.csv; exact placement-year/source is not specified in the base dataset.
812,812,,8.3,,,,source,public_dataset,,,reviewed,Average package imported from supplied india_colleges.csv; exact placement-year/source is not specified in the base dataset.
813,813,,6.5,,,,source,public_dataset,,,reviewed,Average package imported from supplied india_colleges.csv; exact placement-year/source is not specified in the base dataset.
814,814,,7.8,,,,source,public_dataset,,,reviewed,Average package imported from supplied india_colleges.csv; exact placement-year/source is not specified in the base dataset.
815,815,,7.7,,,,source,public_dataset,,,reviewed,Average package imported from supplied india_colleges.csv; exact placement-year/source is not specified in the base dataset.
816,816,,6.5,,,,source,public_dataset,,,reviewed,Average package imported from supplied india_colleges.csv; exact placement-year/source is not specified in the base dataset.
817,817,,12.5,,,,source,public_dataset,,,reviewed,Average package imported from supplied india_colleges.csv; exact placement-year/source is not specified in the base dataset.
818,818,,18.0,,,,source,public_dataset,,,reviewed,Average package imported from supplied india_colleges.csv; exact placement-year/source is not specified in the base dataset.
819,819,,14.0,,,,source,public_dataset,,,reviewed,Average package imported from supplied india_colleges.csv; exact placement-year/source is not specified in the base dataset.
820,820,,7.2,,,,source,public_dataset,,,reviewed,Average package imported from supplied india_colleges.csv; exact placement-year/source is not specified in the base dataset.
821,821,,6.5,,,,source,public_dataset,,,reviewed,Average package imported from supplied india_colleges.csv; exact placement-year/source is not specified in the base dataset.
822,822,,6.5,,,,source,public_dataset,,,reviewed,Average package imported from supplied india_colleges.csv; exact placement-year/source is not specified in the base dataset.
823,823,,6.5,,,,source,public_dataset,,,reviewed,Average package imported from supplied india_colleges.csv; exact placement-year/source is not specified in the base dataset.
824,824,,8.5,,,,source,public_dataset,,,reviewed,Average package imported from supplied india_colleges.csv; exact placement-year/source is not specified in the base dataset.
825,825,,6.5,,,,source,public_dataset,,,reviewed,Average package imported from supplied india_colleges.csv; exact placement-year/source is not specified in the base dataset.
826,826,,7.0,,,,source,public_dataset,,,reviewed,Average package imported from supplied india_colleges.csv; exact placement-year/source is not specified in the base dataset.
827,827,,7.8,,,,source,public_dataset,,,reviewed,Average package imported from supplied india_colleges.csv; exact placement-year/source is not specified in the base dataset.
828,828,,6.5,,,,source,public_dataset,,,reviewed,Average package imported from supplied india_colleges.csv; exact placement-year/source is not specified in the base dataset.
829,829,,6.5,,,,source,public_dataset,,,reviewed,Average package imported from supplied india_colleges.csv; exact placement-year/source is not specified in the base dataset.
830,830,,6.0,,,,source,public_dataset,,,reviewed,Average package imported from supplied india_colleges.csv; exact placement-year/source is not specified in the base dataset.
831,831,,6.0,,,,source,public_dataset,,,reviewed,Average package imported from supplied india_colleges.csv; exact placement-year/source is not specified in the base dataset.
832,832,,10.0,,,,source,public_dataset,,,reviewed,Average package imported from supplied india_colleges.csv; exact placement-year/source is not specified in the base dataset.
833,833,,8.0,,,,source,public_dataset,,,reviewed,Average package imported from supplied india_colleges.csv; exact placement-year/source is not specified in the base dataset.
834,834,,7.6,,,,source,public_dataset,,,reviewed,Average package imported from supplied india_colleges.csv; exact placement-year/source is not specified in the base dataset.
835,835,,11.0,,,,source,public_dataset,,,reviewed,Average package imported from supplied india_colleges.csv; exact placement-year/source is not specified in the base dataset.
836,836,,16.0,,,,source,public_dataset,,,reviewed,Average package imported from supplied india_colleges.csv; exact placement-year/source is not specified in the base dataset.
837,837,,21.0,,,,source,public_dataset,,,reviewed,Average package imported from supplied india_colleges.csv; exact placement-year/source is not specified in the base dataset.
838,838,,12.0,,,,source,public_dataset,,,reviewed,Average package imported from supplied india_colleges.csv; exact placement-year/source is not specified in the base dataset.
839,839,,7.5,,,,source,public_dataset,,,reviewed,Average package imported from supplied india_colleges.csv; exact placement-year/source is not specified in the base dataset.
840,840,,23.0,,,,source,public_dataset,,,reviewed,Average package imported from supplied india_colleges.csv; exact placement-year/source is not specified in the base dataset.
841,841,,7.8,,,,source,public_dataset,,,reviewed,Average package imported from supplied india_colleges.csv; exact placement-year/source is not specified in the base dataset.
842,842,,8.7,,,,source,public_dataset,,,reviewed,Average package imported from supplied india_colleges.csv; exact placement-year/source is not specified in the base dataset.
843,843,,5.1,,,,source,public_dataset,,,reviewed,Average package imported from supplied india_colleges.csv; exact placement-year/source is not specified in the base dataset.
844,844,,6.6,,,,source,public_dataset,,,reviewed,Average package imported from supplied india_colleges.csv; exact placement-year/source is not specified in the base dataset.
845,845,,6.5,,,,source,public_dataset,,,reviewed,Average package imported from supplied india_colleges.csv; exact placement-year/source is not specified in the base dataset.
846,846,,8.2,,,,source,public_dataset,,,reviewed,Average package imported from supplied india_colleges.csv; exact placement-year/source is not specified in the base dataset.
847,847,,14.0,,,,source,public_dataset,,,reviewed,Average package imported from supplied india_colleges.csv; exact placement-year/source is not specified in the base dataset.
848,848,,16.0,,,,source,public_dataset,,,reviewed,Average package imported from supplied india_colleges.csv; exact placement-year/source is not specified in the base dataset.
849,849,,18.0,,,,source,public_dataset,,,reviewed,Average package imported from supplied india_colleges.csv; exact placement-year/source is not specified in the base dataset.
850,850,,18.0,,,,source,public_dataset,,,reviewed,Average package imported from supplied india_colleges.csv; exact placement-year/source is not specified in the base dataset.
851,851,,8.4,,,,source,public_dataset,,,reviewed,Average package imported from supplied india_colleges.csv; exact placement-year/source is not specified in the base dataset.
852,852,,6.3,,,,source,public_dataset,,,reviewed,Average package imported from supplied india_colleges.csv; exact placement-year/source is not specified in the base dataset.
853,853,,7.1,,,,source,public_dataset,,,reviewed,Average package imported from supplied india_colleges.csv; exact placement-year/source is not specified in the base dataset.
854,854,,7.3,,,,source,public_dataset,,,reviewed,Average package imported from supplied india_colleges.csv; exact placement-year/source is not specified in the base dataset.
855,855,,8.4,,,,source,public_dataset,,,reviewed,Average package imported from supplied india_colleges.csv; exact placement-year/source is not specified in the base dataset.
856,856,,6.5,,,,source,public_dataset,,,reviewed,Average package imported from supplied india_colleges.csv; exact placement-year/source is not specified in the base dataset.
857,857,,8.7,,,,source,public_dataset,,,reviewed,Average package imported from supplied india_colleges.csv; exact placement-year/source is not specified in the base dataset.
858,858,,6.5,,,,source,public_dataset,,,reviewed,Average package imported from supplied india_colleges.csv; exact placement-year/source is not specified in the base dataset.
859,859,,7.2,,,,source,public_dataset,,,reviewed,Average package imported from supplied india_colleges.csv; exact placement-year/source is not specified in the base dataset.
860,860,,6.8,,,,source,public_dataset,,,reviewed,Average package imported from supplied india_colleges.csv; exact placement-year/source is not specified in the base dataset.
861,861,,6.5,,,,source,public_dataset,,,reviewed,Average package imported from supplied india_colleges.csv; exact placement-year/source is not specified in the base dataset.
862,862,,42.0,,,,source,public_dataset,,,reviewed,Average package imported from supplied india_colleges.csv; exact placement-year/source is not specified in the base dataset.
863,863,,8.1,,,,source,public_dataset,,,reviewed,Average package imported from supplied india_colleges.csv; exact placement-year/source is not specified in the base dataset.
864,864,,7.9,,,,source,public_dataset,,,reviewed,Average package imported from supplied india_colleges.csv; exact placement-year/source is not specified in the base dataset.
865,865,,6.5,,,,source,public_dataset,,,reviewed,Average package imported from supplied india_colleges.csv; exact placement-year/source is not specified in the base dataset.
866,866,,8.0,,,,source,public_dataset,,,reviewed,Average package imported from supplied india_colleges.csv; exact placement-year/source is not specified in the base dataset.
867,867,,5.7,,,,source,public_dataset,,,reviewed,Average package imported from supplied india_colleges.csv; exact placement-year/source is not specified in the base dataset.
868,868,,46.0,,,,source,public_dataset,,,reviewed,Average package imported from supplied india_colleges.csv; exact placement-year/source is not specified in the base dataset.
869,869,,6.5,,,,source,public_dataset,,,reviewed,Average package imported from supplied india_colleges.csv; exact placement-year/source is not specified in the base dataset.
870,870,,6.5,,,,source,public_dataset,,,reviewed,Average package imported from supplied india_colleges.csv; exact placement-year/source is not specified in the base dataset.
871,871,,6.5,,,,source,public_dataset,,,reviewed,Average package imported from supplied india_colleges.csv; exact placement-year/source is not specified in the base dataset.
872,872,,7.1,,,,source,public_dataset,,,reviewed,Average package imported from supplied india_colleges.csv; exact placement-year/source is not specified in the base dataset.
873,873,,6.5,,,,source,public_dataset,,,reviewed,Average package imported from supplied india_colleges.csv; exact placement-year/source is not specified in the base dataset.
874,874,,8.0,,,,source,public_dataset,,,reviewed,Average package imported from supplied india_colleges.csv; exact placement-year/source is not specified in the base dataset.
875,875,,7.3,,,,source,public_dataset,,,reviewed,Average package imported from supplied india_colleges.csv; exact placement-year/source is not specified in the base dataset.
876,876,,8.2,,,,source,public_dataset,,,reviewed,Average package imported from supplied india_colleges.csv; exact placement-year/source is not specified in the base dataset.
877,877,,8.6,,,,source,public_dataset,,,reviewed,Average package imported from supplied india_colleges.csv; exact placement-year/source is not specified in the base dataset.
878,878,,15.0,,,,source,public_dataset,,,reviewed,Average package imported from supplied india_colleges.csv; exact placement-year/source is not specified in the base dataset.
879,879,,6.0,,,,source,public_dataset,,,reviewed,Average package imported from supplied india_colleges.csv; exact placement-year/source is not specified in the base dataset.
880,880,,6.0,,,,source,public_dataset,,,reviewed,Average package imported from supplied india_colleges.csv; exact placement-year/source is not specified in the base dataset.
881,881,,8.0,,,,source,public_dataset,,,reviewed,Average package imported from supplied india_colleges.csv; exact placement-year/source is not specified in the base dataset.
882,882,,7.6,,,,source,public_dataset,,,reviewed,Average package imported from supplied india_colleges.csv; exact placement-year/source is not specified in the base dataset.
883,883,,6.5,,,,source,public_dataset,,,reviewed,Average package imported from supplied india_colleges.csv; exact placement-year/source is not specified in the base dataset.
884,884,,6.5,,,,source,public_dataset,,,reviewed,Average package imported from supplied india_colleges.csv; exact placement-year/source is not specified in the base dataset.
885,885,,4.3,,,,source,public_dataset,,,reviewed,Average package imported from supplied india_colleges.csv; exact placement-year/source is not specified in the base dataset.
886,886,,7.9,,,,source,public_dataset,,,reviewed,Average package imported from supplied india_colleges.csv; exact placement-year/source is not specified in the base dataset.
887,887,,7.5,,,,source,public_dataset,,,reviewed,Average package imported from supplied india_colleges.csv; exact placement-year/source is not specified in the base dataset.
888,888,,8.2,,,,source,public_dataset,,,reviewed,Average package imported from supplied india_colleges.csv; exact placement-year/source is not specified in the base dataset.
889,889,,32.0,,,,source,public_dataset,,,reviewed,Average package imported from supplied india_colleges.csv; exact placement-year/source is not specified in the base dataset.
890,890,,7.5,,,,source,public_dataset,,,reviewed,Average package imported from supplied india_colleges.csv; exact placement-year/source is not specified in the base dataset.
891,891,,5.0,,,,source,public_dataset,,,reviewed,Average package imported from supplied india_colleges.csv; exact placement-year/source is not specified in the base dataset.
892,892,,6.5,,,,source,public_dataset,,,reviewed,Average package imported from supplied india_colleges.csv; exact placement-year/source is not specified in the base dataset.
893,893,,6.5,,,,source,public_dataset,,,reviewed,Average package imported from supplied india_colleges.csv; exact placement-year/source is not specified in the base dataset.
894,894,,9.0,,,,source,public_dataset,,,reviewed,Average package imported from supplied india_colleges.csv; exact placement-year/source is not specified in the base dataset.
895,895,,7.0,,,,source,public_dataset,,,reviewed,Average package imported from supplied india_colleges.csv; exact placement-year/source is not specified in the base dataset.
896,896,,52.0,,,,source,public_dataset,,,reviewed,Average package imported from supplied india_colleges.csv; exact placement-year/source is not specified in the base dataset.
897,897,,6.5,,,,source,public_dataset,,,reviewed,Average package imported from supplied india_colleges.csv; exact placement-year/source is not specified in the base dataset.
898,898,,6.0,,,,source,public_dataset,,,reviewed,Average package imported from supplied india_colleges.csv; exact placement-year/source is not specified in the base dataset.
899,899,,33.5,,,,source,public_dataset,,,reviewed,Average package imported from supplied india_colleges.csv; exact placement-year/source is not specified in the base dataset.
900,900,,6.5,,,,source,public_dataset,,,reviewed,Average package imported from supplied india_colleges.csv; exact placement-year/source is not specified in the base dataset.
901,901,,9.0,,,,source,public_dataset,,,reviewed,Average package imported from supplied india_colleges.csv; exact placement-year/source is not specified in the base dataset.
902,902,,6.0,,,,source,public_dataset,,,reviewed,Average package imported from supplied india_colleges.csv; exact placement-year/source is not specified in the base dataset.
903,903,,6.5,,,,source,public_dataset,,,reviewed,Average package imported from supplied india_colleges.csv; exact placement-year/source is not specified in the base dataset.
904,904,,8.4,,,,source,public_dataset,,,reviewed,Average package imported from supplied india_colleges.csv; exact placement-year/source is not specified in the base dataset.
905,905,,8.5,,,,source,public_dataset,,,reviewed,Average package imported from supplied india_colleges.csv; exact placement-year/source is not specified in the base dataset.
906,906,,8.0,,,,source,public_dataset,,,reviewed,Average package imported from supplied india_colleges.csv; exact placement-year/source is not specified in the base dataset.
907,907,,8.6,,,,source,public_dataset,,,reviewed,Average package imported from supplied india_colleges.csv; exact placement-year/source is not specified in the base dataset.
908,908,,8.3,,,,source,public_dataset,,,reviewed,Average package imported from supplied india_colleges.csv; exact placement-year/source is not specified in the base dataset.
909,909,,6.0,,,,source,public_dataset,,,reviewed,Average package imported from supplied india_colleges.csv; exact placement-year/source is not specified in the base dataset.
910,910,,6.5,,,,source,public_dataset,,,reviewed,Average package imported from supplied india_colleges.csv; exact placement-year/source is not specified in the base dataset.
911,911,,6.2,,,,source,public_dataset,,,reviewed,Average package imported from supplied india_colleges.csv; exact placement-year/source is not specified in the base dataset.
912,912,,6.9,,,,source,public_dataset,,,reviewed,Average package imported from supplied india_colleges.csv; exact placement-year/source is not specified in the base dataset.
913,913,,6.0,,,,source,public_dataset,,,reviewed,Average package imported from supplied india_colleges.csv; exact placement-year/source is not specified in the base dataset.
914,914,,6.0,,,,source,public_dataset,,,reviewed,Average package imported from supplied india_colleges.csv; exact placement-year/source is not specified in the base dataset.
915,915,,5.6,,,,source,public_dataset,,,reviewed,Average package imported from supplied india_colleges.csv; exact placement-year/source is not specified in the base dataset.
916,916,,24.0,,,,source,public_dataset,,,reviewed,Average package imported from supplied india_colleges.csv; exact placement-year/source is not specified in the base dataset.
917,917,,10.0,,,,source,public_dataset,,,reviewed,Average package imported from supplied india_colleges.csv; exact placement-year/source is not specified in the base dataset.
918,918,,18.0,,,,source,public_dataset,,,reviewed,Average package imported from supplied india_colleges.csv; exact placement-year/source is not specified in the base dataset.
919,919,,5.4,,,,source,public_dataset,,,reviewed,Average package imported from supplied india_colleges.csv; exact placement-year/source is not specified in the base dataset.
920,920,,7.7,,,,source,public_dataset,,,reviewed,Average package imported from supplied india_colleges.csv; exact placement-year/source is not specified in the base dataset.
921,921,,6.6,,,,source,public_dataset,,,reviewed,Average package imported from supplied india_colleges.csv; exact placement-year/source is not specified in the base dataset.
922,922,,8.3,,,,source,public_dataset,,,reviewed,Average package imported from supplied india_colleges.csv; exact placement-year/source is not specified in the base dataset.
923,923,,7.0,,,,source,public_dataset,,,reviewed,Average package imported from supplied india_colleges.csv; exact placement-year/source is not specified in the base dataset.
924,924,,4.6,,,,source,public_dataset,,,reviewed,Average package imported from supplied india_colleges.csv; exact placement-year/source is not specified in the base dataset.
925,925,,2.5,,,,source,public_dataset,,,reviewed,Average package imported from supplied india_colleges.csv; exact placement-year/source is not specified in the base dataset.
926,926,,8.7,,,,source,public_dataset,,,reviewed,Average package imported from supplied india_colleges.csv; exact placement-year/source is not specified in the base dataset.
927,927,,6.5,,,,source,public_dataset,,,reviewed,Average package imported from supplied india_colleges.csv; exact placement-year/source is not specified in the base dataset.
928,928,,4.7,,,,source,public_dataset,,,reviewed,Average package imported from supplied india_colleges.csv; exact placement-year/source is not specified in the base dataset.
929,929,,6.9,,,,source,public_dataset,,,reviewed,Average package imported from supplied india_colleges.csv; exact placement-year/source is not specified in the base dataset.
930,930,,7.4,,,,source,public_dataset,,,reviewed,Average package imported from supplied india_colleges.csv; exact placement-year/source is not specified in the base dataset.
931,931,,6.5,,,,source,public_dataset,,,reviewed,Average package imported from supplied india_colleges.csv; exact placement-year/source is not specified in the base dataset.
932,932,,4.4,,,,source,public_dataset,,,reviewed,Average package imported from supplied india_colleges.csv; exact placement-year/source is not specified in the base dataset.
933,933,,7.0,,,,source,public_dataset,,,reviewed,Average package imported from supplied india_colleges.csv; exact placement-year/source is not specified in the base dataset.
934,934,,7.8,,,,source,public_dataset,,,reviewed,Average package imported from supplied india_colleges.csv; exact placement-year/source is not specified in the base dataset.
935,935,,6.0,,,,source,public_dataset,,,reviewed,Average package imported from supplied india_colleges.csv; exact placement-year/source is not specified in the base dataset.
936,936,,6.0,,,,source,public_dataset,,,reviewed,Average package imported from supplied india_colleges.csv; exact placement-year/source is not specified in the base dataset.
937,937,,6.7,,,,source,public_dataset,,,reviewed,Average package imported from supplied india_colleges.csv; exact placement-year/source is not specified in the base dataset.
938,938,,7.8,,,,source,public_dataset,,,reviewed,Average package imported from supplied india_colleges.csv; exact placement-year/source is not specified in the base dataset.
939,939,,6.5,,,,source,public_dataset,,,reviewed,Average package imported from supplied india_colleges.csv; exact placement-year/source is not specified in the base dataset.
940,940,,6.0,,,,source,public_dataset,,,reviewed,Average package imported from supplied india_colleges.csv; exact placement-year/source is not specified in the base dataset.
941,941,,6.5,,,,source,public_dataset,,,reviewed,Average package imported from supplied india_colleges.csv; exact placement-year/source is not specified in the base dataset.
942,942,,18.0,,,,source,public_dataset,,,reviewed,Average package imported from supplied india_colleges.csv; exact placement-year/source is not specified in the base dataset.
943,943,,6.5,,,,source,public_dataset,,,reviewed,Average package imported from supplied india_colleges.csv; exact placement-year/source is not specified in the base dataset.
944,944,,4.0,,,,source,public_dataset,,,reviewed,Average package imported from supplied india_colleges.csv; exact placement-year/source is not specified in the base dataset.
945,945,,5.1,,,,source,public_dataset,,,reviewed,Average package imported from supplied india_colleges.csv; exact placement-year/source is not specified in the base dataset.
946,946,,7.3,,,,source,public_dataset,,,reviewed,Average package imported from supplied india_colleges.csv; exact placement-year/source is not specified in the base dataset.
947,947,,7.4,,,,source,public_dataset,,,reviewed,Average package imported from supplied india_colleges.csv; exact placement-year/source is not specified in the base dataset.
948,948,,7.0,,,,source,public_dataset,,,reviewed,Average package imported from supplied india_colleges.csv; exact placement-year/source is not specified in the base dataset.
949,949,,6.5,,,,source,public_dataset,,,reviewed,Average package imported from supplied india_colleges.csv; exact placement-year/source is not specified in the base dataset.
950,950,,8.2,,,,source,public_dataset,,,reviewed,Average package imported from supplied india_colleges.csv; exact placement-year/source is not specified in the base dataset.
951,951,,6.5,,,,source,public_dataset,,,reviewed,Average package imported from supplied india_colleges.csv; exact placement-year/source is not specified in the base dataset.
952,952,,8.0,,,,source,public_dataset,,,reviewed,Average package imported from supplied india_colleges.csv; exact placement-year/source is not specified in the base dataset.
953,953,,7.5,,,,source,public_dataset,,,reviewed,Average package imported from supplied india_colleges.csv; exact placement-year/source is not specified in the base dataset.
954,954,,7.6,,,,source,public_dataset,,,reviewed,Average package imported from supplied india_colleges.csv; exact placement-year/source is not specified in the base dataset.
955,955,,8.2,,,,source,public_dataset,,,reviewed,Average package imported from supplied india_colleges.csv; exact placement-year/source is not specified in the base dataset.
956,956,,6.0,,,,source,public_dataset,,,reviewed,Average package imported from supplied india_colleges.csv; exact placement-year/source is not specified in the base dataset.
957,957,,6.5,,,,source,public_dataset,,,reviewed,Average package imported from supplied india_colleges.csv; exact placement-year/source is not specified in the base dataset.
958,958,,6.6,,,,source,public_dataset,,,reviewed,Average package imported from supplied india_colleges.csv; exact placement-year/source is not specified in the base dataset.
959,959,,6.9,,,,source,public_dataset,,,reviewed,Average package imported from supplied india_colleges.csv; exact placement-year/source is not specified in the base dataset.
960,960,,7.8,,,,source,public_dataset,,,reviewed,Average package imported from supplied india_colleges.csv; exact placement-year/source is not specified in the base dataset.
961,961,,6.5,,,,source,public_dataset,,,reviewed,Average package imported from supplied india_colleges.csv; exact placement-year/source is not specified in the base dataset.
962,962,,8.2,,,,source,public_dataset,,,reviewed,Average package imported from supplied india_colleges.csv; exact placement-year/source is not specified in the base dataset.
963,963,,6.5,,,,source,public_dataset,,,reviewed,Average package imported from supplied india_colleges.csv; exact placement-year/source is not specified in the base dataset.
964,964,,6.5,,,,source,public_dataset,,,reviewed,Average package imported from supplied india_colleges.csv; exact placement-year/source is not specified in the base dataset.
965,965,,6.9,,,,source,public_dataset,,,reviewed,Average package imported from supplied india_colleges.csv; exact placement-year/source is not specified in the base dataset.
966,966,,7.0,,,,source,public_dataset,,,reviewed,Average package imported from supplied india_colleges.csv; exact placement-year/source is not specified in the base dataset.
967,967,,8.5,,,,source,public_dataset,,,reviewed,Average package imported from supplied india_colleges.csv; exact placement-year/source is not specified in the base dataset.
968,968,,8.4,,,,source,public_dataset,,,reviewed,Average package imported from supplied india_colleges.csv; exact placement-year/source is not specified in the base dataset.
969,969,,6.5,,,,source,public_dataset,,,reviewed,Average package imported from supplied india_colleges.csv; exact placement-year/source is not specified in the base dataset.
970,970,,6.0,,,,source,public_dataset,,,reviewed,Average package imported from supplied india_colleges.csv; exact placement-year/source is not specified in the base dataset.
971,971,,10.2,,,,source,public_dataset,,,reviewed,Average package imported from supplied india_colleges.csv; exact placement-year/source is not specified in the base dataset.
972,972,,6.5,,,,source,public_dataset,,,reviewed,Average package imported from supplied india_colleges.csv; exact placement-year/source is not specified in the base dataset.
973,973,,23.0,,,,source,public_dataset,,,reviewed,Average package imported from supplied india_colleges.csv; exact placement-year/source is not specified in the base dataset.
974,974,,7.5,,,,source,public_dataset,,,reviewed,Average package imported from supplied india_colleges.csv; exact placement-year/source is not specified in the base dataset.
975,975,,8.7,,,,source,public_dataset,,,reviewed,Average package imported from supplied india_colleges.csv; exact placement-year/source is not specified in the base dataset.
976,976,,6.5,,,,source,public_dataset,,,reviewed,Average package imported from supplied india_colleges.csv; exact placement-year/source is not specified in the base dataset.
977,977,,6.5,,,,source,public_dataset,,,reviewed,Average package imported from supplied india_colleges.csv; exact placement-year/source is not specified in the base dataset.
978,978,,7.7,,,,source,public_dataset,,,reviewed,Average package imported from supplied india_colleges.csv; exact placement-year/source is not specified in the base dataset.
979,979,,7.0,,,,source,public_dataset,,,reviewed,Average package imported from supplied india_colleges.csv; exact placement-year/source is not specified in the base dataset.
980,980,,9.0,,,,source,public_dataset,,,reviewed,Average package imported from supplied india_colleges.csv; exact placement-year/source is not specified in the base dataset.
981,981,,6.5,,,,source,public_dataset,,,reviewed,Average package imported from supplied india_colleges.csv; exact placement-year/source is not specified in the base dataset.
982,982,,3.0,,,,source,public_dataset,,,reviewed,Average package imported from supplied india_colleges.csv; exact placement-year/source is not specified in the base dataset.
983,983,,6.0,,,,source,public_dataset,,,reviewed,Average package imported from supplied india_colleges.csv; exact placement-year/source is not specified in the base dataset.
984,984,,6.5,,,,source,public_dataset,,,reviewed,Average package imported from supplied india_colleges.csv; exact placement-year/source is not specified in the base dataset.
985,985,,6.5,,,,source,public_dataset,,,reviewed,Average package imported from supplied india_colleges.csv; exact placement-year/source is not specified in the base dataset.
986,986,,6.7,,,,source,public_dataset,,,reviewed,Average package imported from supplied india_colleges.csv; exact placement-year/source is not specified in the base dataset.
987,987,,7.0,,,,source,public_dataset,,,reviewed,Average package imported from supplied india_colleges.csv; exact placement-year/source is not specified in the base dataset.
988,988,,6.8,,,,source,public_dataset,,,reviewed,Average package imported from supplied india_colleges.csv; exact placement-year/source is not specified in the base dataset.
989,989,,6.5,,,,source,public_dataset,,,reviewed,Average package imported from supplied india_colleges.csv; exact placement-year/source is not specified in the base dataset.
990,990,,7.5,,,,source,public_dataset,,,reviewed,Average package imported from supplied india_colleges.csv; exact placement-year/source is not specified in the base dataset.
991,991,,7.0,,,,source,public_dataset,,,reviewed,Average package imported from supplied india_colleges.csv; exact placement-year/source is not specified in the base dataset.
992,992,,6.5,,,,source,public_dataset,,,reviewed,Average package imported from supplied india_colleges.csv; exact placement-year/source is not specified in the base dataset.
993,993,,5.9,,,,source,public_dataset,,,reviewed,Average package imported from supplied india_colleges.csv; exact placement-year/source is not specified in the base dataset.
994,994,,6.5,,,,source,public_dataset,,,reviewed,Average package imported from supplied india_colleges.csv; exact placement-year/source is not specified in the base dataset.
995,995,,6.5,,,,source,public_dataset,,,reviewed,Average package imported from supplied india_colleges.csv; exact placement-year/source is not specified in the base dataset.
996,996,,6.5,,,,source,public_dataset,,,reviewed,Average package imported from supplied india_colleges.csv; exact placement-year/source is not specified in the base dataset.
997,997,,6.5,,,,source,public_dataset,,,reviewed,Average package imported from supplied india_colleges.csv; exact placement-year/source is not specified in the base dataset.
998,998,,6.0,,,,source,public_dataset,,,reviewed,Average package imported from supplied india_colleges.csv; exact placement-year/source is not specified in the base dataset.
999,999,,12.0,,,,source,public_dataset,,,reviewed,Average package imported from supplied india_colleges.csv; exact placement-year/source is not specified in the base dataset.
1000,1000,,3.5,,,,source,public_dataset,,,reviewed,Average package imported from supplied india_colleges.csv; exact placement-year/source is not specified in the base dataset.
1001,1001,,24.0,,,,source,public_dataset,,,reviewed,Average package imported from supplied india_colleges.csv; exact placement-year/source is not specified in the base dataset.
1002,1002,,42.0,,,,source,public_dataset,,,reviewed,Average package imported from supplied india_colleges.csv; exact placement-year/source is not specified in the base dataset.
1003,1003,,7.0,,,,source,public_dataset,,,reviewed,Average package imported from supplied india_colleges.csv; exact placement-year/source is not specified in the base dataset.
1004,1004,,42.0,,,,source,public_dataset,,,reviewed,Average package imported from supplied india_colleges.csv; exact placement-year/source is not specified in the base dataset.
1005,1005,,8.0,,,,source,public_dataset,,,reviewed,Average package imported from supplied india_colleges.csv; exact placement-year/source is not specified in the base dataset.
1006,1006,,6.5,,,,source,public_dataset,,,reviewed,Average package imported from supplied india_colleges.csv; exact placement-year/source is not specified in the base dataset.
1007,1007,,7.2,,,,source,public_dataset,,,reviewed,Average package imported from supplied india_colleges.csv; exact placement-year/source is not specified in the base dataset.
1008,1008,,6.5,,,,source,public_dataset,,,reviewed,Average package imported from supplied india_colleges.csv; exact placement-year/source is not specified in the base dataset.
1009,1009,,7.5,,,,source,public_dataset,,,reviewed,Average package imported from supplied india_colleges.csv; exact placement-year/source is not specified in the base dataset.
1010,1010,,6.5,,,,source,public_dataset,,,reviewed,Average package imported from supplied india_colleges.csv; exact placement-year/source is not specified in the base dataset.
1011,1011,,12.0,,,,source,public_dataset,,,reviewed,Average package imported from supplied india_colleges.csv; exact placement-year/source is not specified in the base dataset.
1012,1012,,6.5,,,,source,public_dataset,,,reviewed,Average package imported from supplied india_colleges.csv; exact placement-year/source is not specified in the base dataset.
1013,1013,,6.5,,,,source,public_dataset,,,reviewed,Average package imported from supplied india_colleges.csv; exact placement-year/source is not specified in the base dataset.
1014,1014,,19.5,,,,source,public_dataset,,,reviewed,Average package imported from supplied india_colleges.csv; exact placement-year/source is not specified in the base dataset.
1015,1015,,35.0,,,,source,public_dataset,,,reviewed,Average package imported from supplied india_colleges.csv; exact placement-year/source is not specified in the base dataset.
1016,1016,,8.3,,,,source,public_dataset,,,reviewed,Average package imported from supplied india_colleges.csv; exact placement-year/source is not specified in the base dataset.
1017,1017,,8.5,,,,source,public_dataset,,,reviewed,Average package imported from supplied india_colleges.csv; exact placement-year/source is not specified in the base dataset.
1018,1018,,7.0,,,,source,public_dataset,,,reviewed,Average package imported from supplied india_colleges.csv; exact placement-year/source is not specified in the base dataset.
1019,1019,,7.7,,,,source,public_dataset,,,reviewed,Average package imported from supplied india_colleges.csv; exact placement-year/source is not specified in the base dataset.
1020,1020,,9.0,,,,source,public_dataset,,,reviewed,Average package imported from supplied india_colleges.csv; exact placement-year/source is not specified in the base dataset.
1021,1021,,8.8,,,,source,public_dataset,,,reviewed,Average package imported from supplied india_colleges.csv; exact placement-year/source is not specified in the base dataset.
1022,1022,,7.3,,,,source,public_dataset,,,reviewed,Average package imported from supplied india_colleges.csv; exact placement-year/source is not specified in the base dataset.
1023,1023,,6.5,,,,source,public_dataset,,,reviewed,Average package imported from supplied india_colleges.csv; exact placement-year/source is not specified in the base dataset.
1024,1024,,8.0,,,,source,public_dataset,,,reviewed,Average package imported from supplied india_colleges.csv; exact placement-year/source is not specified in the base dataset.
1025,1025,,6.8,,,,source,public_dataset,,,reviewed,Average package imported from supplied india_colleges.csv; exact placement-year/source is not specified in the base dataset.
1026,1026,,7.5,,,,source,public_dataset,,,reviewed,Average package imported from supplied india_colleges.csv; exact placement-year/source is not specified in the base dataset.
1027,1027,,7.7,,,,source,public_dataset,,,reviewed,Average package imported from supplied india_colleges.csv; exact placement-year/source is not specified in the base dataset.
1028,1028,,7.2,,,,source,public_dataset,,,reviewed,Average package imported from supplied india_colleges.csv; exact placement-year/source is not specified in the base dataset.
1029,1029,,7.0,,,,source,public_dataset,,,reviewed,Average package imported from supplied india_colleges.csv; exact placement-year/source is not specified in the base dataset.
1030,1030,,7.8,,,,source,public_dataset,,,reviewed,Average package imported from supplied india_colleges.csv; exact placement-year/source is not specified in the base dataset.
1031,1031,,4.7,,,,source,public_dataset,,,reviewed,Average package imported from supplied india_colleges.csv; exact placement-year/source is not specified in the base dataset.
1032,1032,,5.7,,,,source,public_dataset,,,reviewed,Average package imported from supplied india_colleges.csv; exact placement-year/source is not specified in the base dataset.
1033,1033,,6.2,,,,source,public_dataset,,,reviewed,Average package imported from supplied india_colleges.csv; exact placement-year/source is not specified in the base dataset.
1034,1034,,6.5,,,,source,public_dataset,,,reviewed,Average package imported from supplied india_colleges.csv; exact placement-year/source is not specified in the base dataset.
1035,1035,,20.7,,,,source,public_dataset,,,reviewed,Average package imported from supplied india_colleges.csv; exact placement-year/source is not specified in the base dataset.
1036,1036,,7.9,,,,source,public_dataset,,,reviewed,Average package imported from supplied india_colleges.csv; exact placement-year/source is not specified in the base dataset.
1037,1037,,6.5,,,,source,public_dataset,,,reviewed,Average package imported from supplied india_colleges.csv; exact placement-year/source is not specified in the base dataset.
1038,1038,,10.0,,,,source,public_dataset,,,reviewed,Average package imported from supplied india_colleges.csv; exact placement-year/source is not specified in the base dataset.
1039,1039,,8.3,,,,source,public_dataset,,,reviewed,Average package imported from supplied india_colleges.csv; exact placement-year/source is not specified in the base dataset.
1040,1040,,8.4,,,,source,public_dataset,,,reviewed,Average package imported from supplied india_colleges.csv; exact placement-year/source is not specified in the base dataset.
1041,1041,,7.7,,,,source,public_dataset,,,reviewed,Average package imported from supplied india_colleges.csv; exact placement-year/source is not specified in the base dataset.
1042,1042,,6.5,,,,source,public_dataset,,,reviewed,Average package imported from supplied india_colleges.csv; exact placement-year/source is not specified in the base dataset.
1043,1043,,7.0,,,,source,public_dataset,,,reviewed,Average package imported from supplied india_colleges.csv; exact placement-year/source is not specified in the base dataset.
1044,1044,,6.0,,,,source,public_dataset,,,reviewed,Average package imported from supplied india_colleges.csv; exact placement-year/source is not specified in the base dataset.
1045,1045,,13.0,,,,source,public_dataset,,,reviewed,Average package imported from supplied india_colleges.csv; exact placement-year/source is not specified in the base dataset.
1046,1046,,6.5,,,,source,public_dataset,,,reviewed,Average package imported from supplied india_colleges.csv; exact placement-year/source is not specified in the base dataset.
1047,1047,,6.5,,,,source,public_dataset,,,reviewed,Average package imported from supplied india_colleges.csv; exact placement-year/source is not specified in the base dataset.
1048,1048,,8.7,,,,source,public_dataset,,,reviewed,Average package imported from supplied india_colleges.csv; exact placement-year/source is not specified in the base dataset.
1049,1049,,8.2,,,,source,public_dataset,,,reviewed,Average package imported from supplied india_colleges.csv; exact placement-year/source is not specified in the base dataset.
1050,1050,,8.1,,,,source,public_dataset,,,reviewed,Average package imported from supplied india_colleges.csv; exact placement-year/source is not specified in the base dataset.
1051,1051,,6.0,,,,source,public_dataset,,,reviewed,Average package imported from supplied india_colleges.csv; exact placement-year/source is not specified in the base dataset.
1052,1052,,10.0,,,,source,public_dataset,,,reviewed,Average package imported from supplied india_colleges.csv; exact placement-year/source is not specified in the base dataset.
1053,1053,,8.3,,,,source,public_dataset,,,reviewed,Average package imported from supplied india_colleges.csv; exact placement-year/source is not specified in the base dataset.
1054,1054,,6.5,,,,source,public_dataset,,,reviewed,Average package imported from supplied india_colleges.csv; exact placement-year/source is not specified in the base dataset.
1055,1055,,6.8,,,,source,public_dataset,,,reviewed,Average package imported from supplied india_colleges.csv; exact placement-year/source is not specified in the base dataset.
1056,1056,,7.9,,,,source,public_dataset,,,reviewed,Average package imported from supplied india_colleges.csv; exact placement-year/source is not specified in the base dataset.
1057,1057,,7.6,,,,source,public_dataset,,,reviewed,Average package imported from supplied india_colleges.csv; exact placement-year/source is not specified in the base dataset.
1058,1058,,8.1,,,,source,public_dataset,,,reviewed,Average package imported from supplied india_colleges.csv; exact placement-year/source is not specified in the base dataset.
1059,1059,,6.9,,,,source,public_dataset,,,reviewed,Average package imported from supplied india_colleges.csv; exact placement-year/source is not specified in the base dataset.
1060,1060,,7.1,,,,source,public_dataset,,,reviewed,Average package imported from supplied india_colleges.csv; exact placement-year/source is not specified in the base dataset.
1061,1061,,7.6,,,,source,public_dataset,,,reviewed,Average package imported from supplied india_colleges.csv; exact placement-year/source is not specified in the base dataset.
1062,1062,,7.0,,,,source,public_dataset,,,reviewed,Average package imported from supplied india_colleges.csv; exact placement-year/source is not specified in the base dataset.
1063,1063,,7.6,,,,source,public_dataset,,,reviewed,Average package imported from supplied india_colleges.csv; exact placement-year/source is not specified in the base dataset.
1064,1064,,8.3,,,,source,public_dataset,,,reviewed,Average package imported from supplied india_colleges.csv; exact placement-year/source is not specified in the base dataset.
1065,1065,,6.5,,,,source,public_dataset,,,reviewed,Average package imported from supplied india_colleges.csv; exact placement-year/source is not specified in the base dataset.
1066,1066,,6.5,,,,source,public_dataset,,,reviewed,Average package imported from supplied india_colleges.csv; exact placement-year/source is not specified in the base dataset.
1067,1067,,9.0,,,,source,public_dataset,,,reviewed,Average package imported from supplied india_colleges.csv; exact placement-year/source is not specified in the base dataset.
1068,1068,,6.5,,,,source,public_dataset,,,reviewed,Average package imported from supplied india_colleges.csv; exact placement-year/source is not specified in the base dataset.
1069,1069,,6.5,,,,source,public_dataset,,,reviewed,Average package imported from supplied india_colleges.csv; exact placement-year/source is not specified in the base dataset.
1070,1070,,6.5,,,,source,public_dataset,,,reviewed,Average package imported from supplied india_colleges.csv; exact placement-year/source is not specified in the base dataset.
1071,1071,,7.7,,,,source,public_dataset,,,reviewed,Average package imported from supplied india_colleges.csv; exact placement-year/source is not specified in the base dataset.
1072,1072,,6.5,,,,source,public_dataset,,,reviewed,Average package imported from supplied india_colleges.csv; exact placement-year/source is not specified in the base dataset.
1073,1073,,8.6,,,,source,public_dataset,,,reviewed,Average package imported from supplied india_colleges.csv; exact placement-year/source is not specified in the base dataset.
1074,1074,,8.0,,,,source,public_dataset,,,reviewed,Average package imported from supplied india_colleges.csv; exact placement-year/source is not specified in the base dataset.
1075,1075,,30.0,,,,source,public_dataset,,,reviewed,Average package imported from supplied india_colleges.csv; exact placement-year/source is not specified in the base dataset.
1076,1076,,7.8,,,,source,public_dataset,,,reviewed,Average package imported from supplied india_colleges.csv; exact placement-year/source is not specified in the base dataset.
1077,1077,,8.1,,,,source,public_dataset,,,reviewed,Average package imported from supplied india_colleges.csv; exact placement-year/source is not specified in the base dataset.
1078,1078,,8.5,,,,source,public_dataset,,,reviewed,Average package imported from supplied india_colleges.csv; exact placement-year/source is not specified in the base dataset.
1079,1079,,10.0,,,,source,public_dataset,,,reviewed,Average package imported from supplied india_colleges.csv; exact placement-year/source is not specified in the base dataset.
1080,1080,,7.9,,,,source,public_dataset,,,reviewed,Average package imported from supplied india_colleges.csv; exact placement-year/source is not specified in the base dataset.
1081,1081,,6.0,,,,source,public_dataset,,,reviewed,Average package imported from supplied india_colleges.csv; exact placement-year/source is not specified in the base dataset.
1082,1082,,6.3,,,,source,public_dataset,,,reviewed,Average package imported from supplied india_colleges.csv; exact placement-year/source is not specified in the base dataset.
1083,1083,,7.0,,,,source,public_dataset,,,reviewed,Average package imported from supplied india_colleges.csv; exact placement-year/source is not specified in the base dataset.
1084,1084,,18.0,,,,source,public_dataset,,,reviewed,Average package imported from supplied india_colleges.csv; exact placement-year/source is not specified in the base dataset.
1085,1085,,8.0,,,,source,public_dataset,,,reviewed,Average package imported from supplied india_colleges.csv; exact placement-year/source is not specified in the base dataset.
1086,1086,,7.1,,,,source,public_dataset,,,reviewed,Average package imported from supplied india_colleges.csv; exact placement-year/source is not specified in the base dataset.
1087,1087,,6.5,,,,source,public_dataset,,,reviewed,Average package imported from supplied india_colleges.csv; exact placement-year/source is not specified in the base dataset.
1088,1088,,8.1,,,,source,public_dataset,,,reviewed,Average package imported from supplied india_colleges.csv; exact placement-year/source is not specified in the base dataset.
1089,1089,,6.0,,,,source,public_dataset,,,reviewed,Average package imported from supplied india_colleges.csv; exact placement-year/source is not specified in the base dataset.
1090,1090,,60.0,,,,source,public_dataset,,,reviewed,Average package imported from supplied india_colleges.csv; exact placement-year/source is not specified in the base dataset.
1091,1091,,6.0,,,,source,public_dataset,,,reviewed,Average package imported from supplied india_colleges.csv; exact placement-year/source is not specified in the base dataset.
1092,1092,,5.6,,,,source,public_dataset,,,reviewed,Average package imported from supplied india_colleges.csv; exact placement-year/source is not specified in the base dataset.
1093,1093,,12.0,,,,source,public_dataset,,,reviewed,Average package imported from supplied india_colleges.csv; exact placement-year/source is not specified in the base dataset.
1094,1094,,6.5,,,,source,public_dataset,,,reviewed,Average package imported from supplied india_colleges.csv; exact placement-year/source is not specified in the base dataset.
1095,1095,,8.2,,,,source,public_dataset,,,reviewed,Average package imported from supplied india_colleges.csv; exact placement-year/source is not specified in the base dataset.
1096,1096,,7.1,,,,source,public_dataset,,,reviewed,Average package imported from supplied india_colleges.csv; exact placement-year/source is not specified in the base dataset.
1097,1097,,12.0,,,,source,public_dataset,,,reviewed,Average package imported from supplied india_colleges.csv; exact placement-year/source is not specified in the base dataset.
1098,1098,,25.8,,,,source,public_dataset,,,reviewed,Average package imported from supplied india_colleges.csv; exact placement-year/source is not specified in the base dataset.
1099,1099,,7.8,,,,source,public_dataset,,,reviewed,Average package imported from supplied india_colleges.csv; exact placement-year/source is not specified in the base dataset.
1100,1100,,7.6,,,,source,public_dataset,,,reviewed,Average package imported from supplied india_colleges.csv; exact placement-year/source is not specified in the base dataset.
1101,1101,,7.8,,,,source,public_dataset,,,reviewed,Average package imported from supplied india_colleges.csv; exact placement-year/source is not specified in the base dataset.
1102,1102,,6.5,,,,source,public_dataset,,,reviewed,Average package imported from supplied india_colleges.csv; exact placement-year/source is not specified in the base dataset.
1103,1103,,8.0,,,,source,public_dataset,,,reviewed,Average package imported from supplied india_colleges.csv; exact placement-year/source is not specified in the base dataset.
1104,1104,,6.7,,,,source,public_dataset,,,reviewed,Average package imported from supplied india_colleges.csv; exact placement-year/source is not specified in the base dataset.
1105,1105,,7.9,,,,source,public_dataset,,,reviewed,Average package imported from supplied india_colleges.csv; exact placement-year/source is not specified in the base dataset.
1106,1106,,11.2,,,,source,public_dataset,,,reviewed,Average package imported from supplied india_colleges.csv; exact placement-year/source is not specified in the base dataset.
1107,1107,,5.6,,,,source,public_dataset,,,reviewed,Average package imported from supplied india_colleges.csv; exact placement-year/source is not specified in the base dataset.
1108,1108,,6.5,,,,source,public_dataset,,,reviewed,Average package imported from supplied india_colleges.csv; exact placement-year/source is not specified in the base dataset.
1109,1109,,7.3,,,,source,public_dataset,,,reviewed,Average package imported from supplied india_colleges.csv; exact placement-year/source is not specified in the base dataset.
1110,1110,,6.0,,,,source,public_dataset,,,reviewed,Average package imported from supplied india_colleges.csv; exact placement-year/source is not specified in the base dataset.
1111,1111,,12.0,,,,source,public_dataset,,,reviewed,Average package imported from supplied india_colleges.csv; exact placement-year/source is not specified in the base dataset.
1112,1112,,7.8,,,,source,public_dataset,,,reviewed,Average package imported from supplied india_colleges.csv; exact placement-year/source is not specified in the base dataset.
1113,1113,,7.1,,,,source,public_dataset,,,reviewed,Average package imported from supplied india_colleges.csv; exact placement-year/source is not specified in the base dataset.
1114,1114,,8.7,,,,source,public_dataset,,,reviewed,Average package imported from supplied india_colleges.csv; exact placement-year/source is not specified in the base dataset.
1115,1115,,20.0,,,,source,public_dataset,,,reviewed,Average package imported from supplied india_colleges.csv; exact placement-year/source is not specified in the base dataset.
1116,1116,,7.8,,,,source,public_dataset,,,reviewed,Average package imported from supplied india_colleges.csv; exact placement-year/source is not specified in the base dataset.
1117,1117,,6.0,,,,source,public_dataset,,,reviewed,Average package imported from supplied india_colleges.csv; exact placement-year/source is not specified in the base dataset.
1118,1118,,7.9,,,,source,public_dataset,,,reviewed,Average package imported from supplied india_colleges.csv; exact placement-year/source is not specified in the base dataset.
1119,1119,,6.1,,,,source,public_dataset,,,reviewed,Average package imported from supplied india_colleges.csv; exact placement-year/source is not specified in the base dataset.
1120,1120,,6.8,,,,source,public_dataset,,,reviewed,Average package imported from supplied india_colleges.csv; exact placement-year/source is not specified in the base dataset.
1121,1121,,6.0,,,,source,public_dataset,,,reviewed,Average package imported from supplied india_colleges.csv; exact placement-year/source is not specified in the base dataset.
1122,1122,,6.0,,,,source,public_dataset,,,reviewed,Average package imported from supplied india_colleges.csv; exact placement-year/source is not specified in the base dataset.
1123,1123,,36.5,,,,source,public_dataset,,,reviewed,Average package imported from supplied india_colleges.csv; exact placement-year/source is not specified in the base dataset.
1124,1124,,7.4,,,,source,public_dataset,,,reviewed,Average package imported from supplied india_colleges.csv; exact placement-year/source is not specified in the base dataset.
1125,1125,,6.0,,,,source,public_dataset,,,reviewed,Average package imported from supplied india_colleges.csv; exact placement-year/source is not specified in the base dataset.
1126,1126,,24.0,,,,source,public_dataset,,,reviewed,Average package imported from supplied india_colleges.csv; exact placement-year/source is not specified in the base dataset.
1127,1127,,6.4,,,,source,public_dataset,,,reviewed,Average package imported from supplied india_colleges.csv; exact placement-year/source is not specified in the base dataset.
1128,1128,,6.9,,,,source,public_dataset,,,reviewed,Average package imported from supplied india_colleges.csv; exact placement-year/source is not specified in the base dataset.
1129,1129,,6.5,,,,source,public_dataset,,,reviewed,Average package imported from supplied india_colleges.csv; exact placement-year/source is not specified in the base dataset.
1130,1130,,6.0,,,,source,public_dataset,,,reviewed,Average package imported from supplied india_colleges.csv; exact placement-year/source is not specified in the base dataset.
1131,1131,,24.0,,,,source,public_dataset,,,reviewed,Average package imported from supplied india_colleges.csv; exact placement-year/source is not specified in the base dataset.
1132,1132,,6.1,,,,source,public_dataset,,,reviewed,Average package imported from supplied india_colleges.csv; exact placement-year/source is not specified in the base dataset.
1133,1133,,5.7,,,,source,public_dataset,,,reviewed,Average package imported from supplied india_colleges.csv; exact placement-year/source is not specified in the base dataset.
1134,1134,,8.0,,,,source,public_dataset,,,reviewed,Average package imported from supplied india_colleges.csv; exact placement-year/source is not specified in the base dataset.
1135,1135,,6.5,,,,source,public_dataset,,,reviewed,Average package imported from supplied india_colleges.csv; exact placement-year/source is not specified in the base dataset.
1136,1136,,6.3,,,,source,public_dataset,,,reviewed,Average package imported from supplied india_colleges.csv; exact placement-year/source is not specified in the base dataset.
1137,1137,,5.4,,,,source,public_dataset,,,reviewed,Average package imported from supplied india_colleges.csv; exact placement-year/source is not specified in the base dataset.
1138,1138,,25.0,,,,source,public_dataset,,,reviewed,Average package imported from supplied india_colleges.csv; exact placement-year/source is not specified in the base dataset.
1139,1139,,7.0,,,,source,public_dataset,,,reviewed,Average package imported from supplied india_colleges.csv; exact placement-year/source is not specified in the base dataset.
1140,1140,,10.0,,,,source,public_dataset,,,reviewed,Average package imported from supplied india_colleges.csv; exact placement-year/source is not specified in the base dataset.
1141,1141,,32.0,,,,source,public_dataset,,,reviewed,Average package imported from supplied india_colleges.csv; exact placement-year/source is not specified in the base dataset.
1142,1142,,10.0,,,,source,public_dataset,,,reviewed,Average package imported from supplied india_colleges.csv; exact placement-year/source is not specified in the base dataset.
1143,1143,,7.0,,,,source,public_dataset,,,reviewed,Average package imported from supplied india_colleges.csv; exact placement-year/source is not specified in the base dataset.
1144,1144,,7.0,,,,source,public_dataset,,,reviewed,Average package imported from supplied india_colleges.csv; exact placement-year/source is not specified in the base dataset.
1145,1145,,7.5,,,,source,public_dataset,,,reviewed,Average package imported from supplied india_colleges.csv; exact placement-year/source is not specified in the base dataset.
1146,1146,,8.8,,,,source,public_dataset,,,reviewed,Average package imported from supplied india_colleges.csv; exact placement-year/source is not specified in the base dataset.
1147,1147,,7.7,,,,source,public_dataset,,,reviewed,Average package imported from supplied india_colleges.csv; exact placement-year/source is not specified in the base dataset.
1148,1148,,6.5,,,,source,public_dataset,,,reviewed,Average package imported from supplied india_colleges.csv; exact placement-year/source is not specified in the base dataset.
1149,1149,,9.0,,,,source,public_dataset,,,reviewed,Average package imported from supplied india_colleges.csv; exact placement-year/source is not specified in the base dataset.
1150,1150,,9.0,,,,source,public_dataset,,,reviewed,Average package imported from supplied india_colleges.csv; exact placement-year/source is not specified in the base dataset.
1151,1151,,29.0,,,,source,public_dataset,,,reviewed,Average package imported from supplied india_colleges.csv; exact placement-year/source is not specified in the base dataset.
1152,1152,,9.0,,,,source,public_dataset,,,reviewed,Average package imported from supplied india_colleges.csv; exact placement-year/source is not specified in the base dataset.
1153,1153,,6.5,,,,source,public_dataset,,,reviewed,Average package imported from supplied india_colleges.csv; exact placement-year/source is not specified in the base dataset.
1154,1154,,7.5,,,,source,public_dataset,,,reviewed,Average package imported from supplied india_colleges.csv; exact placement-year/source is not specified in the base dataset.
1155,1155,,8.4,,,,source,public_dataset,,,reviewed,Average package imported from supplied india_colleges.csv; exact placement-year/source is not specified in the base dataset.
1156,1156,,8.1,,,,source,public_dataset,,,reviewed,Average package imported from supplied india_colleges.csv; exact placement-year/source is not specified in the base dataset.
1157,1157,,6.5,,,,source,public_dataset,,,reviewed,Average package imported from supplied india_colleges.csv; exact placement-year/source is not specified in the base dataset.
1158,1158,,6.5,,,,source,public_dataset,,,reviewed,Average package imported from supplied india_colleges.csv; exact placement-year/source is not specified in the base dataset.
1159,1159,,8.8,,,,source,public_dataset,,,reviewed,Average package imported from supplied india_colleges.csv; exact placement-year/source is not specified in the base dataset.
1160,1160,,6.5,,,,source,public_dataset,,,reviewed,Average package imported from supplied india_colleges.csv; exact placement-year/source is not specified in the base dataset.
1161,1161,,6.5,,,,source,public_dataset,,,reviewed,Average package imported from supplied india_colleges.csv; exact placement-year/source is not specified in the base dataset.
1162,1162,,7.7,,,,source,public_dataset,,,reviewed,Average package imported from supplied india_colleges.csv; exact placement-year/source is not specified in the base dataset.
1163,1163,,8.7,,,,source,public_dataset,,,reviewed,Average package imported from supplied india_colleges.csv; exact placement-year/source is not specified in the base dataset.
1164,1164,,6.0,,,,source,public_dataset,,,reviewed,Average package imported from supplied india_colleges.csv; exact placement-year/source is not specified in the base dataset.
1165,1165,,8.3,,,,source,public_dataset,,,reviewed,Average package imported from supplied india_colleges.csv; exact placement-year/source is not specified in the base dataset.
1166,1166,,8.2,,,,source,public_dataset,,,reviewed,Average package imported from supplied india_colleges.csv; exact placement-year/source is not specified in the base dataset.
1167,1167,,9.9,,,,source,public_dataset,,,reviewed,Average package imported from supplied india_colleges.csv; exact placement-year/source is not specified in the base dataset.
1168,1168,,7.8,,,,source,public_dataset,,,reviewed,Average package imported from supplied india_colleges.csv; exact placement-year/source is not specified in the base dataset.
1169,1169,,54.0,,,,source,public_dataset,,,reviewed,Average package imported from supplied india_colleges.csv; exact placement-year/source is not specified in the base dataset.
1170,1170,,8.0,,,,source,public_dataset,,,reviewed,Average package imported from supplied india_colleges.csv; exact placement-year/source is not specified in the base dataset.
1171,1171,,6.8,,,,source,public_dataset,,,reviewed,Average package imported from supplied india_colleges.csv; exact placement-year/source is not specified in the base dataset.
1172,1172,,5.9,,,,source,public_dataset,,,reviewed,Average package imported from supplied india_colleges.csv; exact placement-year/source is not specified in the base dataset.
1173,1173,,7.0,,,,source,public_dataset,,,reviewed,Average package imported from supplied india_colleges.csv; exact placement-year/source is not specified in the base dataset.
1174,1174,,7.5,,,,source,public_dataset,,,reviewed,Average package imported from supplied india_colleges.csv; exact placement-year/source is not specified in the base dataset.
1175,1175,,23.0,,,,source,public_dataset,,,reviewed,Average package imported from supplied india_colleges.csv; exact placement-year/source is not specified in the base dataset.
1176,1176,,8.0,,,,source,public_dataset,,,reviewed,Average package imported from supplied india_colleges.csv; exact placement-year/source is not specified in the base dataset.
1177,1177,,7.8,,,,source,public_dataset,,,reviewed,Average package imported from supplied india_colleges.csv; exact placement-year/source is not specified in the base dataset.
1178,1178,,7.7,,,,source,public_dataset,,,reviewed,Average package imported from supplied india_colleges.csv; exact placement-year/source is not specified in the base dataset.
1179,1179,,8.5,,,,source,public_dataset,,,reviewed,Average package imported from supplied india_colleges.csv; exact placement-year/source is not specified in the base dataset.
1180,1180,,9.0,,,,source,public_dataset,,,reviewed,Average package imported from supplied india_colleges.csv; exact placement-year/source is not specified in the base dataset.
1181,1181,,11.0,,,,source,public_dataset,,,reviewed,Average package imported from supplied india_colleges.csv; exact placement-year/source is not specified in the base dataset.
1182,1182,,8.1,,,,source,public_dataset,,,reviewed,Average package imported from supplied india_colleges.csv; exact placement-year/source is not specified in the base dataset.
1183,1183,,9.9,,,,source,public_dataset,,,reviewed,Average package imported from supplied india_colleges.csv; exact placement-year/source is not specified in the base dataset.
1184,1184,,8.4,,,,source,public_dataset,,,reviewed,Average package imported from supplied india_colleges.csv; exact placement-year/source is not specified in the base dataset.
1185,1185,,7.5,,,,source,public_dataset,,,reviewed,Average package imported from supplied india_colleges.csv; exact placement-year/source is not specified in the base dataset.
1186,1186,,46.0,,,,source,public_dataset,,,reviewed,Average package imported from supplied india_colleges.csv; exact placement-year/source is not specified in the base dataset.
1187,1187,,10.0,,,,source,public_dataset,,,reviewed,Average package imported from supplied india_colleges.csv; exact placement-year/source is not specified in the base dataset.
1188,1188,,8.8,,,,source,public_dataset,,,reviewed,Average package imported from supplied india_colleges.csv; exact placement-year/source is not specified in the base dataset.
1189,1189,,6.5,,,,source,public_dataset,,,reviewed,Average package imported from supplied india_colleges.csv; exact placement-year/source is not specified in the base dataset.
1190,1190,,8.1,,,,source,public_dataset,,,reviewed,Average package imported from supplied india_colleges.csv; exact placement-year/source is not specified in the base dataset.
1191,1191,,6.7,,,,source,public_dataset,,,reviewed,Average package imported from supplied india_colleges.csv; exact placement-year/source is not specified in the base dataset.
1192,1192,,6.0,,,,source,public_dataset,,,reviewed,Average package imported from supplied india_colleges.csv; exact placement-year/source is not specified in the base dataset.
1193,1193,,12.5,,,,source,public_dataset,,,reviewed,Average package imported from supplied india_colleges.csv; exact placement-year/source is not specified in the base dataset.
1194,1194,,7.5,,,,source,public_dataset,,,reviewed,Average package imported from supplied india_colleges.csv; exact placement-year/source is not specified in the base dataset.
1195,1195,,6.8,,,,source,public_dataset,,,reviewed,Average package imported from supplied india_colleges.csv; exact placement-year/source is not specified in the base dataset.
1196,1196,,26.2,,,,source,public_dataset,,,reviewed,Average package imported from supplied india_colleges.csv; exact placement-year/source is not specified in the base dataset.
1197,1197,,31.1,,,,source,public_dataset,,,reviewed,Average package imported from supplied india_colleges.csv; exact placement-year/source is not specified in the base dataset.
1198,1198,,8.3,,,,source,public_dataset,,,reviewed,Average package imported from supplied india_colleges.csv; exact placement-year/source is not specified in the base dataset.
1199,1199,,7.0,,,,source,public_dataset,,,reviewed,Average package imported from supplied india_colleges.csv; exact placement-year/source is not specified in the base dataset.
1200,1200,,7.2,,,,source,public_dataset,,,reviewed,Average package imported from supplied india_colleges.csv; exact placement-year/source is not specified in the base dataset.
1201,1201,,6.5,,,,source,public_dataset,,,reviewed,Average package imported from supplied india_colleges.csv; exact placement-year/source is not specified in the base dataset.
1202,1202,,6.5,,,,source,public_dataset,,,reviewed,Average package imported from supplied india_colleges.csv; exact placement-year/source is not specified in the base dataset.
1203,1203,,6.5,,,,source,public_dataset,,,reviewed,Average package imported from supplied india_colleges.csv; exact placement-year/source is not specified in the base dataset.
